{"id":100532,"idMal":36800,"title":{"romaji":"Amanchu! Advance","english":"Amanchu! ~Advance~","native":"あまんちゅ！～あどばんす～","userPreferred":"Amanchu! Advance"},"format":"TV","status":"FINISHED","episodes":12,"description":"The second season of <i>Amanchu!</i><br><br>Hikari Kohinata and Futaba Ooki have together found joy in many things through scuba diving and the most everyday of events. Hikari was born and brought up in a small oceanside town on Izu, and Futaba moved there from Tokyo, but the two polar opposites met at Yumegaoka High and instantly hit it off. The always-reserved Futaba found her perfect foil in the cheery and optimistic Hikari, and their friendship gave her the courage to take the first step and experience many of the smaller joys in life. She also took the Open Water Diver exam and passed, and now she has her sights set on the Advanced Open Water Diver certification.<br><br>(Source: Anime News Network)","startDate":{"year":2018,"month":4,"day":7},"endDate":{"year":2018,"month":6,"day":23},"season":"SPRING","seasonYear":2018,"duration":24,"countryOfOrigin":"JP","isLicensed":true,"source":"MANGA","hashtag":"#あまんちゅ","trailer":"https://www.youtube.com/watch?v=j1nTZwqGz0A","updatedAt":1706267417,"coverImage":{"large":"https://s4.anilist.co/file/anilistcdn/media/anime/cover/large/nx100532-JsnQ0rsV9c5D.jpg","medium":"https://s4.anilist.co/file/anilistcdn/media/anime/cover/medium/nx100532-JsnQ0rsV9c5D.jpg","small":"https://s4.anilist.co/file/anilistcdn/media/anime/cover/small/nx100532-JsnQ0rsV9c5D.jpg","color":"#6b501a"},"bannerImage":"https://s4.anilist.co/file/anilistcdn/media/anime/banner/100532-jNIiT1GR40wk.jpg","genres":["Comedy","Slice of Life"],"synonyms":null,"averageScore":69,"meanScore":69,"favourites":69,"popularity":9346,"trending":0,"tags":[{"id":81,"name":"Iyashikei","isMediaSpoiler":false},{"id":811,"name":"Scuba Diving","isMediaSpoiler":false},{"id":86,"name":"Primarily Female Cast","isMediaSpoiler":false},{"id":1537,"name":"Coastal","isMediaSpoiler":false},{"id":98,"name":"Female Protagonist","isMediaSpoiler":false},{"id":140,"name":"Educational","isMediaSpoiler":false},{"id":29,"name":"Magic","isMediaSpoiler":false},{"id":262,"name":"Outdoor","isMediaSpoiler":false},{"id":84,"name":"School Club","isMediaSpoiler":false},{"id":46,"name":"School","isMediaSpoiler":false},{"id":15,"name":"Demons","isMediaSpoiler":false},{"id":156,"name":"Achronological Order","isMediaSpoiler":false},{"id":1045,"name":"Heterosexual","isMediaSpoiler":false},{"id":56,"name":"Shounen","isMediaSpoiler":false}],"relations":[{"id":21406,"title":{"english":"Amanchu!","native":"あまんちゅ！","romaji":"Amanchu!","userPreferred":"Amanchu!"},"type":"ANIME"},{"id":41061,"title":{"english":null,"native":"あまんちゅ！","romaji":"Amanchu!","userPreferred":"Amanchu!"},"type":"MANGA"}],"characters":[{"id":18057,"name":"Hikari Kohinata"},{"id":27171,"name":"Ai Ninomiya"},{"id":27172,"name":"Makoto Ninomiya"},{"id":19561,"name":"Futaba Ooki"},{"id":28369,"name":"Kino Kohinata"},{"id":19560,"name":"Mato Katori"},{"id":168322,"name":"Kokoro Misaki"},{"id":177348,"name":"Kotori Misaki"},{"id":177349,"name":"Kodama Kohinata"},{"id":177350,"name":"Mamoru Towano"},{"id":28650,"name":"Aria"}],"staff":[{"id":96937,"name":"Kozue Amano"},{"id":99002,"name":"Junichi Satou"},{"id":101064,"name":"Kiyoko Sayama"},{"id":118944,"name":"Hiroko Fukuda"},{"id":120040,"name":"Youko Itou"},{"id":105048,"name":"Gontiti"},{"id":120134,"name":"Minori Suzuki"},{"id":104540,"name":"Hitomi Mieno"},{"id":95090,"name":"Maaya Sakamoto"},{"id":95508,"name":"Youko Kanno"},{"id":155075,"name":"Yuuho Iwasato"},{"id":105048,"name":"Gontiti"},{"id":105048,"name":"Gontiti"},{"id":146246,"name":"Akira Suzuki"},{"id":132889,"name":"Shingo Fukuyo"},{"id":143241,"name":"Hidenori Manaka"},{"id":249860,"name":"Kazuteru Ishikawa"},{"id":149571,"name":"Kouji Okada"},{"id":203705,"name":"Midori Yoshii"},{"id":203705,"name":"Midori Yoshii"},{"id":190749,"name":"Nanami Takahashi"},{"id":199544,"name":"Haruka  Sano "},{"id":199544,"name":"Haruka  Sano "},{"id":187038,"name":"Yuu Okagaki"},{"id":189357,"name":"Ena Nishikawa"}],"studios":[{"id":7,"name":"J.C. Staff","isAnimationStudio":true}],"isFavourite":false,"isAdult":false,"isLocked":false,"nextAiringEpisode":null,"airingSchedule":[{"airingAt":1523109600,"timeUntilAiring":-183191313,"episode":1},{"airingAt":1523714400,"timeUntilAiring":-182586513,"episode":2},{"airingAt":1524319200,"timeUntilAiring":-181981713,"episode":3},{"airingAt":1524924000,"timeUntilAiring":-181376913,"episode":4},{"airingAt":1525528800,"timeUntilAiring":-180772113,"episode":5},{"airingAt":1526133600,"timeUntilAiring":-180167313,"episode":6},{"airingAt":1526738400,"timeUntilAiring":-179562513,"episode":7},{"airingAt":1527343200,"timeUntilAiring":-178957713,"episode":8},{"airingAt":1527948000,"timeUntilAiring":-178352913,"episode":9},{"airingAt":1528552800,"timeUntilAiring":-177748113,"episode":10},{"airingAt":1529157600,"timeUntilAiring":-177143313,"episode":11},{"airingAt":1529762400,"timeUntilAiring":-176538513,"episode":12}],"trends":[{"date":1510585200,"trending":6,"popularity":null,"inProgress":null},{"date":1510671600,"trending":29,"popularity":null,"inProgress":null},{"date":1510758000,"trending":3,"popularity":null,"inProgress":null},{"date":1510844400,"trending":6,"popularity":null,"inProgress":null},{"date":1510930800,"trending":4,"popularity":null,"inProgress":null},{"date":1511017200,"trending":2,"popularity":null,"inProgress":null},{"date":1511103600,"trending":3,"popularity":null,"inProgress":null},{"date":1511190000,"trending":3,"popularity":null,"inProgress":null},{"date":1511276400,"trending":3,"popularity":null,"inProgress":null},{"date":1511362800,"trending":4,"popularity":null,"inProgress":null},{"date":1511622000,"trending":3,"popularity":null,"inProgress":null},{"date":1511708400,"trending":2,"popularity":null,"inProgress":null},{"date":1513350000,"trending":2,"popularity":null,"inProgress":null},{"date":1514041200,"trending":2,"popularity":null,"inProgress":null},{"date":1514386800,"trending":2,"popularity":null,"inProgress":null},{"date":1514905200,"trending":2,"popularity":null,"inProgress":null},{"date":1515164400,"trending":2,"popularity":null,"inProgress":null},{"date":1515250800,"trending":3,"popularity":null,"inProgress":null},{"date":1515682800,"trending":2,"popularity":null,"inProgress":null},{"date":1516460400,"trending":2,"popularity":null,"inProgress":null},{"date":1517929200,"trending":2,"popularity":null,"inProgress":null},{"date":1519225200,"trending":2,"popularity":null,"inProgress":null},{"date":1519398000,"trending":4,"popularity":null,"inProgress":null},{"date":1519484400,"trending":2,"popularity":null,"inProgress":null},{"date":1519570800,"trending":4,"popularity":null,"inProgress":null}],"externalLinks":["http://amanchu-anime.com/","https://twitter.com/amanchu_anime","http://www.crunchyroll.com/amanchu"],"streamingEpisodes":[{"title":"Episode 1 - The Story of the Girl and the Ocean","thumbnail":"https://img1.ak.crunchyroll.com/i/spire1-tmb/8b0ffc9abdfe5a558282b740328b04441467931000_full.jpg","url":"http://www.crunchyroll.com/amanchu/episode-1-the-story-of-the-girl-and-the-ocean-715627","site":"Crunchyroll"},{"title":"Episode 2 - The Story of Doing Something Bad With Hikari","thumbnail":"https://img1.ak.crunchyroll.com/i/spire3-tmb/81c6f96bd3c9c4d68ff557c36733eb061468260987_full.jpg","url":"http://www.crunchyroll.com/amanchu/episode-2-the-story-of-doing-something-bad-with-hikari-715629","site":"Crunchyroll"},{"title":"Episode 3 - The Story of the Secret to Excitement and Happiness","thumbnail":"https://img1.ak.crunchyroll.com/i/spire1-tmb/b152a34efc6e79bb12797204bfe09eaf1468616135_full.jpg","url":"http://www.crunchyroll.com/amanchu/episode-3-the-story-of-the-secret-to-excitement-and-happiness-715631","site":"Crunchyroll"},{"title":"Episode 4 - The Story of Excitement and the Despairing Heart","thumbnail":"https://img1.ak.crunchyroll.com/i/spire1-tmb/2aef4a5949a3d25065a6c26a259a12851469132835_full.jpg","url":"http://www.crunchyroll.com/amanchu/episode-4-the-story-of-excitement-and-the-despairing-heart-715633","site":"Crunchyroll"},{"title":"Episode 5 - The Story of the First Time at Sea with Friends","thumbnail":"https://img1.ak.crunchyroll.com/i/spire4-tmb/a974a7d93beeba28cc175d15f140f41b1470376658_full.jpg","url":"http://www.crunchyroll.com/amanchu/episode-5-the-story-of-the-first-time-at-sea-with-friends-715635","site":"Crunchyroll"},{"title":"Episode 6 - The Story of the False Wish","thumbnail":"https://img1.ak.crunchyroll.com/i/spire1-tmb/f38540765ca601fb71faef684a7458361470679822_full.jpg","url":"http://www.crunchyroll.com/amanchu/episode-6-the-story-of-the-false-wish-715637","site":"Crunchyroll"},{"title":"Episode 7 - The Story of the End of Rain | The Story of the Beginning of Summer","thumbnail":"https://img1.ak.crunchyroll.com/i/spire4-tmb/8267bf31a9b8750f2af33943c6ab5f831470680983_full.jpg","url":"http://www.crunchyroll.com/amanchu/episode-7-the-story-of-the-end-of-rain-the-story-of-the-beginning-of-summer-715639","site":"Crunchyroll"},{"title":"Episode 8 - The Story of the Feelings Yet Hidden | The Story of the Things Yet Unknown","thumbnail":"https://img1.ak.crunchyroll.com/i/spire4-tmb/ca59857e618c8c012d5ea0cadcd114171471654371_full.jpg","url":"http://www.crunchyroll.com/amanchu/episode-8-the-story-of-the-feelings-yet-hidden-the-story-of-the-things-yet-unknown-715641","site":"Crunchyroll"},{"title":"Episode 9 - The Story of the Memories You Can't Erase","thumbnail":"https://img1.ak.crunchyroll.com/i/spire3-tmb/c84a4fecfd2368b90c65df4846b2e9f91472671546_full.jpg","url":"http://www.crunchyroll.com/amanchu/episode-9-the-story-of-the-memories-you-cant-erase-715643","site":"Crunchyroll"},{"title":"Episode 10 - The Story of Losing Your Way In Today","thumbnail":"https://img1.ak.crunchyroll.com/i/spire2-tmb/f05e07d636ceb22ac7b96f66f21044a51473378428_full.jpg","url":"http://www.crunchyroll.com/amanchu/episode-10-the-story-of-losing-your-way-in-today-715645","site":"Crunchyroll"},{"title":"Episode 11 - The Story of the Cat and the Kitten","thumbnail":"https://img1.ak.crunchyroll.com/i/spire4-tmb/5e954646be7b9f1587c061a394b0cb521473882910_full.jpg","url":"http://www.crunchyroll.com/amanchu/episode-11-the-story-of-the-cat-and-the-kitten-715647","site":"Crunchyroll"},{"title":"Episode 12 - The Story of the Blue World","thumbnail":"https://img1.ak.crunchyroll.com/i/spire3-tmb/fca0bbd3f9f2827c2c9059e5228f9a5e1474625676_full.jpg","url":"http://www.crunchyroll.com/amanchu/episode-12-the-story-of-the-blue-world-715649","site":"Crunchyroll"},{"title":"Episode 13 - The Story of the Promised Summer and New Memories","thumbnail":"https://img1.ak.crunchyroll.com/i/spire1-tmb/8dee8d041de84bb28d9a9addab03be101507774419_full.jpg","url":"http://www.crunchyroll.com/amanchu/episode-13-the-story-of-the-promised-summer-and-new-memories-750391","site":"Crunchyroll"}],"rankings":[{"rank":71,"type":"RATED","context":"highest rated","year":2018,"season":null},{"rank":22,"type":"RATED","context":"highest rated","year":2018,"season":"SPRING"}],"mediaListEntry":null,"reviews":[{"id":2813,"score":70,"summary":"If you are not too particular about the inconsistency of its main theme then you can still enjoy at its best.","body":"The main theme of Amanchu is a mix of slice of life and scuba diving. It started off with Teko trying to discover the fun in scuba diving and adapt into new surrounding with new people. And the announce of Season 2 definitely a good addition of the sol series. However, when the time arrives, a lot of fans who first encounter this author's work is questioning the inconsistency of the show's theme, and I am one of them.\n\nBy the end of S2, Teko has gotten her Advance License (I presumed) and which is why the anime is titled Amanchu! Advance. However, to fill in the time gap, either Teko receives more training or explore marine life with the rest of the club. ~!Till date, the octopus episode is one of the best as it present us the mothership of an octopus, a sad ending and a new opening.!~ With that episode, we are introduced with a new character call Kokoro-chan. Kokoro-chan has things going on with Pikari which I will not spoil and in my opinions, some developments shouldn't exist as it does not fit Amanchu. \n\nThis is not the only problem I am facing, the switch between themes is one of the major flaw in Amanchu! Advance, first few episodes are within the topic of scuba diving but the next thing, we witness magic in a dream or dream from magic and it prolongs for more than necessary. While it is different from the usual slice of life series where cute (or not) girls doing cute things in different places, the sudden change in plot doesn't sound too great for me who is looking forward to see more chibi faces from Teko, Pikari and other club members, even our mascot characters are getting lesser screentime.\n\nHowever, they make it up with good sound, animation and emotion, regardless diving or not. Thus, if I watch it in a episodic way, Amanchu! Advance isn't that bad as I first thought. \n\nSo, there are people who likes Amanchu! Advance and there are also people who thinks that season 2 is good enough to wrap up the series. I am more of the previous but I agrees that if they are going to hail from diving content to more fantasy episode, prompt us beforehand so that we can decide to watch or to stop.\n\nLastly, I prefer S1 opening than S2.\n\n..\nI can't save this review because there aren't enough words, thus I shall continue with a semi-ranting by questioning a conclusion which does not give us a complete answer of a certain dream.\n\n~!While I enjoy Amanchu with Flying Witch magical dream episode, I don't appreciate that much when comes to dream from magic episode. A high-school boy name Peter appears out of nowhere in front of the twin tail sister and brings her to his dreamworld. And the diving club advisory knows him, she tries to stop his action but he always disappear after a short conversation. The story continues where a lonely baby in a shrine receives mysterious power from a cat to create an ideal dreamworld, anyone who doesn't want to graduate will be guided by Peter to enjoy his stay. Then it is revealed that the baby at the shrine is abandoned by his mother but picked up again after a short while. Thus, the boy grows up and become a teacher in the school, who is the advisor colleague. Everything is a dream and but the dream is too real to make twin tail sister falls in love and student-zoned immediately. If you need a dream, why not stick to the ocean, at least it will be relevant. And the fact that when Peter and teen advisor meets in real life, when they suppose to develop further, they are back to Teko who is preparing for advance license. So the point is? Fill the episodes.!~\n"}],"siteUrl":"https://anilist.co/anime/100532","autoCreateForumThread":false,"modNotes":null,"stats":{"scoreDistribution":[{"score":10,"amount":32},{"score":20,"amount":21},{"score":30,"amount":49},{"score":40,"amount":113},{"score":50,"amount":274},{"score":60,"amount":617},{"score":70,"amount":1050},{"score":80,"amount":803},{"score":90,"amount":400},{"score":100,"amount":156}],"statusDistribution":[{"status":"CURRENT","amount":666},{"status":"PLANNING","amount":3228},{"status":"COMPLETED","amount":4537},{"status":"DROPPED","amount":463},{"status":"PAUSED","amount":452}]},"isRecommendationBlocked":false,"recommendations":[{"mediaRecommendation":{"id":100922,"title":{"romaji":"Grand Blue","english":"Grand Blue Dreaming","native":"ぐらんぶる","userPreferred":"Grand Blue"},"type":"ANIME"}},{"mediaRecommendation":{"id":477,"title":{"romaji":"ARIA The ANIMATION","english":"ARIA The ANIMATION","native":"ARIA The ANIMATION","userPreferred":"ARIA The ANIMATION"},"type":"ANIME"}},{"mediaRecommendation":{"id":10232,"title":{"romaji":"Tamayura: hitotose","english":"Tamayura: Hitotose","native":"たまゆら～hitotose～","userPreferred":"Tamayura: hitotose"},"type":"ANIME"}},{"mediaRecommendation":{"id":98444,"title":{"romaji":"Yuru Camp△","english":"Laid-Back Camp","native":"ゆるキャン△","userPreferred":"Yuru Camp△"},"type":"ANIME"}},{"mediaRecommendation":{"id":113418,"title":{"romaji":"Super Cub","english":"Super Cub","native":"スーパーカブ","userPreferred":"Super Cub"},"type":"ANIME"}},{"mediaRecommendation":{"id":122148,"title":{"romaji":"Yakunara Mug Cup Mo","english":"Let's Make a Mug Too","native":"やくならマグカップも","userPreferred":"Yakunara Mug Cup Mo"},"type":"ANIME"}},{"mediaRecommendation":{"id":5680,"title":{"romaji":"K-ON!","english":"K-ON!","native":"けいおん!","userPreferred":"K-ON!"},"type":"ANIME"}},{"mediaRecommendation":{"id":14355,"title":{"romaji":"Yama no Susume","english":"Encouragement of Climb","native":"ヤマノススメ","userPreferred":"Yama no Susume"},"type":"ANIME"}},{"mediaRecommendation":{"id":99426,"title":{"romaji":"Sora yori mo Tooi Basho","english":"A Place Further Than the Universe","native":"宇宙よりも遠い場所","userPreferred":"Sora yori mo Tooi Basho"},"type":"ANIME"}},{"mediaRecommendation":{"id":101386,"title":{"romaji":"Hitoribocchi no ○○ Seikatsu","english":"Hitoribocchi no Marumaruseikatsu","native":"ひとりぼっちの○○生活","userPreferred":"Hitoribocchi no ○○ Seikatsu"},"type":"ANIME"}},{"mediaRecommendation":{"id":1852,"title":{"romaji":"Hidamari Sketch","english":"Hidamari Sketch","native":"ひだまりスケッチ","userPreferred":"Hidamari Sketch"},"type":"ANIME"}},{"mediaRecommendation":{"id":20912,"title":{"romaji":"Hibike! Euphonium","english":"Sound! Euphonium","native":"響け！ユーフォニアム","userPreferred":"Hibike! Euphonium"},"type":"ANIME"}},{"mediaRecommendation":{"id":16417,"title":{"romaji":"Tamako Market","english":"Tamako Market","native":"たまこまーけっと","userPreferred":"Tamako Market"},"type":"ANIME"}},{"mediaRecommendation":{"id":4081,"title":{"romaji":"Natsume Yuujinchou","english":"Natsume's Book of Friends","native":"夏目友人帳","userPreferred":"Natsume Yuujinchou"},"type":"ANIME"}},{"mediaRecommendation":{"id":457,"title":{"romaji":"Mushishi","english":"MUSHI-SHI","native":"蟲師","userPreferred":"Mushishi"},"type":"ANIME"}},{"mediaRecommendation":{"id":975,"title":{"romaji":"Yokohama Kaidashi Kikou","english":null,"native":"ヨコハマ買い出し紀行","userPreferred":"Yokohama Kaidashi Kikou"},"type":"ANIME"}},{"mediaRecommendation":{"id":13333,"title":{"romaji":"TARI TARI","english":"Tari Tari","native":"TARI TARI","userPreferred":"TARI TARI"},"type":"ANIME"}},{"mediaRecommendation":{"id":109019,"title":{"romaji":"Houkago Teibou Nisshi","english":"Diary of Our Days at the Breakwater","native":"放課後ていぼう日誌","userPreferred":"Houkago Teibou Nisshi"},"type":"ANIME"}},{"mediaRecommendation":{"id":150972,"title":{"romaji":"Shiro Seijo to Kuro Bokushi","english":"Saint Cecilia & Pastor Lawrence","native":"白聖女と黒牧師","userPreferred":"Shiro Seijo to Kuro Bokushi"},"type":"ANIME"}},{"mediaRecommendation":{"id":165314,"title":{"romaji":"Pon no Michi","english":null,"native":"ぽんのみち","userPreferred":"Pon no Michi"},"type":"ANIME"}}]}