{"id":100876,"idMal":37086,"title":{"romaji":"Kakegurui ××","english":"Kakegurui xx","native":"賭ケグルイ××","userPreferred":"Kakegurui ××"},"format":"TV","status":"FINISHED","episodes":12,"description":"At Hyakkao Private Academy, Yumeko Jabami’s star rises just as the student council’s reputation starts to dim. In the shadows of the council’s dwindling power, discord reigns supreme. In a bold effort to rebalance the social scales, student council president Kirari Momobami intends to place her bet on the election for the council’s next president. Everyone starts with a single chip, and at the end of 30 days, the whoever holds the most becomes the president of the Momobami Clan. But chips aren’t the only things students can wager as they fight tooth and nail to ascend to the council presidency, and Yumeko Jabami intends to clean house no matter the prizes she must risk in the betting pool.<br>\n<br>\n(Source: Sentai Filmworks)","startDate":{"year":2019,"month":1,"day":9},"endDate":{"year":2019,"month":3,"day":27},"season":"WINTER","seasonYear":2019,"duration":24,"countryOfOrigin":"JP","isLicensed":true,"source":"MANGA","hashtag":"#賭ケグルイ","trailer":"https://www.youtube.com/watch?v=8fCIcho7N4k","updatedAt":1706299731,"coverImage":{"large":"https://s4.anilist.co/file/anilistcdn/media/anime/cover/large/bx100876-RfvmpW1B8bDQ.png","medium":"https://s4.anilist.co/file/anilistcdn/media/anime/cover/medium/bx100876-RfvmpW1B8bDQ.png","small":"https://s4.anilist.co/file/anilistcdn/media/anime/cover/small/bx100876-RfvmpW1B8bDQ.png","color":"#8650e4"},"bannerImage":"https://s4.anilist.co/file/anilistcdn/media/anime/banner/n100876-gqt1fZKTubPm.jpg","genres":["Drama","Mystery","Psychological"],"synonyms":["Kakegurui - Compulsive Gambler 2","โคตรเซียนโรงเรียนพนัน  ภาค 2"],"averageScore":70,"meanScore":70,"favourites":1998,"popularity":187023,"trending":2,"tags":[{"id":91,"name":"Gambling","isMediaSpoiler":false},{"id":46,"name":"School","isMediaSpoiler":false},{"id":98,"name":"Female Protagonist","isMediaSpoiler":false},{"id":86,"name":"Primarily Female Cast","isMediaSpoiler":false},{"id":104,"name":"Anti-Hero","isMediaSpoiler":false},{"id":252,"name":"Revenge","isMediaSpoiler":true},{"id":494,"name":"Twins","isMediaSpoiler":true},{"id":1228,"name":"Primarily Teen Cast","isMediaSpoiler":false},{"id":76,"name":"Yuri","isMediaSpoiler":true},{"id":163,"name":"Yandere","isMediaSpoiler":false},{"id":483,"name":"LGBTQ+ Themes","isMediaSpoiler":true},{"id":615,"name":"Death Game","isMediaSpoiler":false},{"id":77,"name":"Gender Bending","isMediaSpoiler":true},{"id":247,"name":"Slavery","isMediaSpoiler":false},{"id":780,"name":"Ojou-sama","isMediaSpoiler":false},{"id":857,"name":"Villainess","isMediaSpoiler":false},{"id":56,"name":"Shounen","isMediaSpoiler":false},{"id":115,"name":"Idol","isMediaSpoiler":false},{"id":84,"name":"School Club","isMediaSpoiler":false}],"relations":[{"id":98314,"title":{"english":"Kakegurui","native":"賭ケグルイ","romaji":"Kakegurui","userPreferred":"Kakegurui"},"type":"ANIME"},{"id":85793,"title":{"english":"Kakegurui: Compulsive Gambler","native":"賭ケグルイ","romaji":"Kakegurui","userPreferred":"Kakegurui"},"type":"MANGA"}],"characters":[{"id":121889,"name":"Yumeko Jabami"},{"id":122687,"name":"Mary Saotome"},{"id":122688,"name":"Ryouta Suzui"},{"id":122690,"name":"Sayaka Igarashi"},{"id":122691,"name":"Midari Ikishima"},{"id":122692,"name":"Kaede Manyuda"},{"id":122693,"name":"Kirari Momobami"},{"id":122694,"name":"Yuriko Nishinotouin"},{"id":122696,"name":"Itsuki Sumeragi"},{"id":122698,"name":"Runa Yomozuki"},{"id":122778,"name":"Yumemi Yumemite"},{"id":122777,"name":"Ririka Momobami"},{"id":134776,"name":"Rei Batsubami"},{"id":136597,"name":"Rin   Obami"},{"id":136598,"name":"Miroslava Honebami"},{"id":136599,"name":"Sumika   Warakubami"},{"id":136608,"name":"Miri   Yobami"},{"id":136605,"name":"Rumia Uru"},{"id":136617,"name":"Nozomi Komabami"},{"id":136602,"name":"Horo  Jomaru"},{"id":136606,"name":"Inaho  Yamato"},{"id":136613,"name":"Saori"},{"id":136601,"name":"Erimi  Mushibami"},{"id":136603,"name":"Terano   Totobami"},{"id":136615,"name":"Miyo  Inbami"}],"staff":[{"id":119000,"name":"Homura Kawamoto"},{"id":103362,"name":"Tooru Naomura"},{"id":123119,"name":"JUNNA"},{"id":144387,"name":" TECHNOBOYS PULCRAFT GREEN-FUND"},{"id":191528,"name":"Guillermo Rojas"},{"id":158729,"name":"Ayako Suenaga"},{"id":142338,"name":"Hiroo Maruyama"},{"id":138323,"name":"Haruka Matsuda"},{"id":203883,"name":"Ryuuji Abe"},{"id":115016,"name":"Yuuichirou Hayashi"},{"id":231871,"name":"Tarou Imafuku"},{"id":128854,"name":"Takashi Yanagida"},{"id":102071,"name":"Yasuko Kobayashi"},{"id":121962,"name":"Manabu Akita"},{"id":119830,"name":"Mutsumi Takemiya"},{"id":99012,"name":"Hiroshi Seko"},{"id":120742,"name":"Kiyoshi Matsuda"},{"id":223832,"name":"Hajime Okunou"},{"id":120742,"name":"Kiyoshi Matsuda"},{"id":128905,"name":"Akiko Nabeiwa"},{"id":148235,"name":"Tetsuya Endou"},{"id":118523,"name":"Takashi Igari"},{"id":142824,"name":"Yasuhiro Geshi"},{"id":219034,"name":"Shouta Komatsu"},{"id":133415,"name":"Hitomi Ezoe"}],"studios":[{"id":569,"name":"MAPPA","isAnimationStudio":true},{"id":6787,"name":"Netflix","isAnimationStudio":false},{"id":6429,"name":"Avex Pictures","isAnimationStudio":false},{"id":460,"name":"KLOCKWORX","isAnimationStudio":false},{"id":53,"name":"Dentsu","isAnimationStudio":false},{"id":6818,"name":"81 Produce","isAnimationStudio":false},{"id":166,"name":"Movic","isAnimationStudio":false},{"id":464,"name":"flying DOG","isAnimationStudio":false},{"id":376,"name":"Sentai Filmworks","isAnimationStudio":false},{"id":58,"name":"Square Enix","isAnimationStudio":false}],"isFavourite":false,"isAdult":false,"isLocked":false,"nextAiringEpisode":null,"airingSchedule":[{"airingAt":1546968600,"timeUntilAiring":-159331556,"episode":1},{"airingAt":1547573400,"timeUntilAiring":-158726756,"episode":2},{"airingAt":1548178200,"timeUntilAiring":-158121956,"episode":3},{"airingAt":1548783000,"timeUntilAiring":-157517156,"episode":4},{"airingAt":1549387800,"timeUntilAiring":-156912356,"episode":5},{"airingAt":1549992600,"timeUntilAiring":-156307556,"episode":6},{"airingAt":1550597400,"timeUntilAiring":-155702756,"episode":7},{"airingAt":1551202200,"timeUntilAiring":-155097956,"episode":8},{"airingAt":1551807000,"timeUntilAiring":-154493156,"episode":9},{"airingAt":1552411800,"timeUntilAiring":-153888356,"episode":10},{"airingAt":1553016600,"timeUntilAiring":-153283556,"episode":11},{"airingAt":1553621400,"timeUntilAiring":-152678756,"episode":12}],"trends":[{"date":1521471600,"trending":1,"popularity":443,"inProgress":9},{"date":1515164400,"trending":28,"popularity":null,"inProgress":null},{"date":1515250800,"trending":40,"popularity":null,"inProgress":null},{"date":1515337200,"trending":24,"popularity":null,"inProgress":null},{"date":1515423600,"trending":20,"popularity":null,"inProgress":null},{"date":1515510000,"trending":12,"popularity":null,"inProgress":null},{"date":1515596400,"trending":10,"popularity":null,"inProgress":null},{"date":1515682800,"trending":5,"popularity":null,"inProgress":null},{"date":1515769200,"trending":4,"popularity":null,"inProgress":null},{"date":1515855600,"trending":2,"popularity":null,"inProgress":null},{"date":1515942000,"trending":4,"popularity":null,"inProgress":null},{"date":1516028400,"trending":4,"popularity":null,"inProgress":null},{"date":1516114800,"trending":2,"popularity":null,"inProgress":null},{"date":1516201200,"trending":3,"popularity":null,"inProgress":null},{"date":1516374000,"trending":4,"popularity":null,"inProgress":null},{"date":1516546800,"trending":2,"popularity":null,"inProgress":null},{"date":1516633200,"trending":2,"popularity":null,"inProgress":null},{"date":1516719600,"trending":3,"popularity":null,"inProgress":null},{"date":1516978800,"trending":3,"popularity":null,"inProgress":null},{"date":1517151600,"trending":2,"popularity":null,"inProgress":null},{"date":1517324400,"trending":3,"popularity":null,"inProgress":null},{"date":1517410800,"trending":2,"popularity":null,"inProgress":null},{"date":1517583600,"trending":5,"popularity":null,"inProgress":null},{"date":1517670000,"trending":6,"popularity":null,"inProgress":null},{"date":1517756400,"trending":5,"popularity":null,"inProgress":null}],"externalLinks":["http://kakegurui-anime.com/","https://twitter.com/kakegurui_anime","https://www.netflix.com/title/80175351"],"streamingEpisodes":[],"rankings":[{"rank":159,"type":"POPULAR","context":"most popular all time","year":null,"season":null},{"rank":57,"type":"RATED","context":"highest rated","year":2019,"season":null},{"rank":16,"type":"POPULAR","context":"most popular","year":2019,"season":null},{"rank":13,"type":"RATED","context":"highest rated","year":2019,"season":"WINTER"},{"rank":7,"type":"POPULAR","context":"most popular","year":2019,"season":"WINTER"}],"mediaListEntry":null,"reviews":[{"id":4295,"score":30,"summary":"I apologize in advance if you like the show.","body":"_“When it comes to gambling, there’s always a risk involved.”_ – No one in particular, __FACTS__ and __LOGIC__ speak for themselves here.\n\nGambling is a concept we should all be able to relate to. Maybe not as the premise of a series or with having ever put one's own money on the line, but wagers are constantly made in our own minds regarding quality when a new show comes around. A mere glance at the seasonal lineup will inevitably lead to first impressions being made despite how little is known about an anime. But make no mistake, this is to our advantage no matter where in the life cycle of anime fandom you lie. Slowly but surely these thoughts act as effective tools to determine whether an anime will be to our liking. However, for this to happen, gambles must be made. From newer fans learning of disappointment for the first time by not ‘dropping shit like it’s hot’, to hardened viewers having learned what garbage lies amongst every season’s dark trenches – we all made bets one time or another, and we all suffered for our ignorance. As Kurt Cobain said: _Nobody dies a virgin, life fucks us all._\n\nKakegurui was one anime that served this purpose for me. I had hopes for the show to be the standout of its time, only for that hope to be taken and buried six feet under its own morally bankrupt excrement, all while the protagonist stared back at me with a smug, crazy-eyed look on her face. Jesus may not have wept when he felt betrayed, but I could not follow his example. I felt the need to release these pent-up emotions; I wanted catharsis and my review on its first season is where you can find it. I detested Kakegurui for the suffering it put me through and have now seen hundreds of anime to have awakened my third eye. So naturally, one may find themselves asking me _\"hurr durr poohead, if you don’t like, why still watch?_ And to that, my answer is simple: I am Jesus, or at least I like to believe such. One value Jesus promoted during his time on Earth was forgiveness, and like Jesus providing us the ability to atone for past sins, I approach Kakegurui in the same fashion. This is Kakegurui’s chance at redemption and despite already disappointing with the title clearly missing one more “X”, it deserves at least that much from me.\n\n__**THIS REVIEW CONTAINS SPOILERS**__\n\nFollowing last season’s anticlimactic finale, Kakegurui x(x)x was put in the awkward position to follow a plot and characters left with practically no conclusions nor a clear sense of direction. Instead of establishing clear intentions of how this season would approach the narrative, no time is wasted introducing viewers back to the main appeal of the series: gambles featuring raunchy females and their sadistic facial expressions. The academy still appears to be lacking in faculty members to ever properly function as an academy, although we are welcomed with new faces. After Yumeko single-handedly decimated the Student Council’s stranglehold over most gambling-related affairs, an election looms over the school for main antagonist Kirari Momobami’s position as president. This causes the emergence of a new threat in the form of the “Momobami clan”, all family member related to Kirari with their objective being to banish Kirari from their family. It’s also revealed that Yumeko is related to the family in some way and also becomes a target of the clan, challenged to a series of gambles throughout this season. It’s an admirable attempt to drastically shake things up and deliver on more creative, unpredictable moments to keep fans invested. Unfortunately, the intentions still fall short as Kakegurui x(x)x comes across more like a rehash of the first season than otherwise, unable to move away from issues that plagued the previous season.\n\nKakegurui x(x)x as a series thrives on its gambles as they are the easiest way for the series to create any sense of thrill and excitement. This season puts a greater emphasis on them specifically by decreasing the number of gambles taking place and in turn increase the amount of time and focus given to each gamble. Most games take two episodes to complete instead of one and do better in allowing more character development and motivations to take centre stage. In theory this should be a more successful way to structure this season compared to last, however these changes manage to come across in practice as a detriment to the show overall from my perspective. Aside from removing the idea of stakes from their gambles almost altogether, using several episodes to explore the inner workings of games is usually effective when the games themselves have a certain level of complexity to them. Here's the problem: barely any games shown in the series thus far have that level of depth purely in their construction, with games like the “Finger Cutting Guillotine” only being effective as a game of chicken. It also does no help for this show that every gamble is extremely predictable in their outcome, with Yumeko only allowing for games to end in her favour, as proven from S1 and is the way of the Mary Sue. For a piece of entertainment, these drawn-out gambles are unable to adequately capitalize on the initial suspense and excitement viewers wish to feel each episode. \n\nBecause Kakegurui x(x)x is always following the almighty Yumeko and her deus ex machina abilities, it’s the other characters who are required to do the show’s heavy lifting. She may be the main character, but their perspectives are the ones always shown when standing opposed to Yumeko and end up changing as a result. In the first season they were barely more than obstacles for Yumeko to swiftly overcome but they still contained something about them that defined them as a character besides their design. Yumemi is an idol singer, Itsuki had a fingernail obsession, even edge-queen Midari had her revolver fetish of all things. In Kakegurui x(x)x, we have a clan full of new characters that we know little to nothing about regarding personality or motives aside from the their clan’s objective. Sorry, but simply having a cool-looking design does not make them any more interesting as characters. They just look cool. Although these new characters do break away from the stereotypes birthed from last season; no longer are all the females psychotic or grotesque, and the introduction of new male characters breaks the idea of males in the show being no more than pathetic beta males. But that’s far from a high positive for the season. So far these new antagonists have been relegated to just fulfilling mandatory roles as Yumeko's opponents. There still lies development present here for secondary characters that is noteworthy, but the way Kakegurui x(x)x treats these characters so sparingly in the narrative does it no benefits. I’m not fond of seeing a side character to return for two episodes looking like Ken Kaneki from Tokyo Ghoul before being pushed to the side again for however long the narrative demands. \n\nWith how the series handles both its plot and characters with such recklessness, Kakegurui x(x)x is the kind of anime one can find easily detestable. Not to say one cannot find enjoyment anywhere here, but when trying to depict characters created clearly immoral as admirable in a story centred around malevolent aspects of gambling, I’m left asking myself serious questions. Who is this being made for? What is this show trying to say? Clearly the show's focus is on addiction – why else would the anime title be translated to “Compulsive Gambler”? It’s not shocking that the characters with the most plot armour are the ones with the worst cases of addiction. But what has the series done so far in 24 episodes to really delve into this theme? Yumeko has yet to show any signs of distress or psychological torment while the punishment for losing is constantly raised to astronomical proportions. Is she a sociopath? If so, how is anyone supposed to know when it’s not even remotely close to a realistic depiction? Kakegurui x(x)x seems to be the kind of show that likes to have its cake and eat it too. It wishes to be a commentary on the dangers of gambling whilst holding the act up proudly on a pedestal, unabashed in sympathising with those clearly contemptible of such deeds. A show that sets up stakes and never follows through with them. Trying to impress with intellect and logic while simultaneously having the Tower of Doors arc end with the loser jumping out the “correct door” because she’s apparently so smart that she SUBCONSCIOUSLY CALCULATED what door was the one that wouldn’t kill her. The show has so many glaring holes, I could probably order it on the menu at Subway. \n\nKakegurui x(x)x from a visual standpoint is likely to either make or break the experience for viewers, and it’s almost solely because of the facial expressions. Once again Studio MAPPA tries to bring out as much insanity from these designs as humanly possible. While it does convey the kind of lunacy viewers are in for when watching characters lose themselves in their games, it’s still far from aesthetically pleasing and will no doubt have its fair share of detractors. Although if you’re already this far into the show I’d assume you can tolerate it. The character designs for the main cast are certainly eye-catching especially compared to new characters. Background art is usually typical and unimaginative but fits perfectly fine during games. The visual effects are still a strong part of the series and CGI usage is improved upon from last season. As for the soundtrack used, it never particularly stood out throughout the season but I was pleasantly surprised with the new opening and ending themes used here. Honestly I found myself preferring both themes over those from S1, despite the first from my perspective working as a better introduction to the comical madness this series indulges in. The voice acting also felt like an improvement, not coming across as off-putting when it came to the crazier parts of the script. They all do a great job in their respective roles, with Yumeko Jabami’s performance by Saori Hayami capturing a wide array of emotions in her voice to match the character’s absurd behaviour.\n\nAt first, I called Kakegurui pretty awful and feeling like it wasted my time. Now having given the series a second chance my thoughts haven’t changed that much. Making a second season that blatantly imitates key events of its predecessor only to fall victim to its shortcomings is not what I had expected or hoped for, but I still found a silver lining to this season. While Kakegurui initially felt more of an insult in what it set out to be, Kakegurui x(x)x has a clearer identity about it that I can respect. Instead of trying to encapsulate far too much in so little time for its own good and as a result failing in every way, this season is more inclined to take a step back from the intensity in order to bring more detail and focus on something grander. Whether this is a significant improvement remains to be seen, but the potential is there, building to something hopefully greater than anything the series has shown us yet. I still dislike the series, but I cannot say that I haven’t developed more respect for what it sets out to be. And for that, I do not consider Kakegurui x(x)x a complete waste of time."},{"id":4323,"score":46,"summary":"A disappointing counterpart to an alright first season.","body":"~~~\n#Summary\nKakegurui xx continues where the previous season left off but this time betting with money is off the table as a presidential election starts and everyone is gambling for votes. This competition also brings about new competitors from Kirari’s clan of the bami families as she also puts the position of house head at stake.\n\n\n\n# Animation\nThe animation honestly doesn't change or improve much from season 1 but is well executed although it doesn’t really stand out too much from the animation of other MAPPA works. \n\n*Score: 15/20*\n\n# Art Style\nThe art style still has the fairly nonstandard more realistic anime style but changing to hyper realistic and grotesque styles at intense moments in the show. I truly think that the change in art style is relied upon too heavily to create the tension in the series when the actual plot falls through and the increase in there more realistic shots in this season compared to last shows that the show hasn’t actually improved in writing quality at all.\n\n*Score: 9/20*\n\n# Voice Acting (Japanese)\nThe voices mostly fit their characters but there does come a point where things can be over exaggerated and Saori Hayami’s performance as Yumeko shows just that. There is some better middle ground but still stand out performances from the show like Yu Serizawa as Yumemi and Mary Udono as Runa but the new additions to the cast lack any exceptional performances.\n\n*Score: 11/20*\n#Characters\nThe main character Yumeko still after 2 seasons has not been given any kind of development or backstory for her character and actions. They do mention that she is part of the bami clan but this does not elaborate on this fact later. The other characters from last season also are not developed further with the exception of Yumemi and Sayaka. The new characters introduced this season have absolutely no personality with the exception of Rei who had a lackluster finale to her character arc anyways.\n\n*Score: 7/20*\n\n#Story\nThe story now spends more time on gambling with that creating the most tension in the show, not the character interactions necessarily. Each gamble now takes about an episode and a half to complete while the other half of the episode is the setup to the next gamble. All of the gambling is connected to the election but without any real grand plans shown to connect them all. \n\n**Vague spoilers below:**\n\nThe ending of the show does not even focus on the election at all rather they finish one characters arc which had not even truly started until the middle of the series and leave Yumeko just gambling at the end with no real purpose.\n\n*Score: 4/20*\n\n#Final Score\n\n*Animation: 15/20\nArt Style: 9/20\nVoice Acting: 11/20\nCharacters: 7/20\nStory: 4/20*\n\n**Overall: 46/100**\n~~~\n"}],"siteUrl":"https://anilist.co/anime/100876","autoCreateForumThread":false,"modNotes":null,"stats":{"scoreDistribution":[{"score":10,"amount":888},{"score":20,"amount":910},{"score":30,"amount":1903},{"score":40,"amount":3177},{"score":50,"amount":6655},{"score":60,"amount":12634},{"score":70,"amount":25764},{"score":80,"amount":23701},{"score":90,"amount":13411},{"score":100,"amount":7533}],"statusDistribution":[{"status":"CURRENT","amount":7828},{"status":"PLANNING","amount":26139},{"status":"COMPLETED","amount":143934},{"status":"DROPPED","amount":5047},{"status":"PAUSED","amount":4075}]},"isRecommendationBlocked":false,"recommendations":[{"mediaRecommendation":{"id":20931,"title":{"romaji":"Death Parade","english":"Death Parade","native":"デス・パレード","userPreferred":"Death Parade"},"type":"ANIME"}},{"mediaRecommendation":{"id":10271,"title":{"romaji":"Gyakkyou Burai Kaiji: Hakairoku-hen","english":"Kaiji - Against All Rules","native":"逆境無頼カイジ 破戒録篇","userPreferred":"Gyakkyou Burai Kaiji: Hakairoku-hen"},"type":"ANIME"}},{"mediaRecommendation":{"id":20807,"title":{"romaji":"Prison School","english":"Prison School","native":"監獄学園〈プリズンスクール〉","userPreferred":"Prison School"},"type":"ANIME"}},{"mediaRecommendation":{"id":98659,"title":{"romaji":"Youkoso Jitsuryoku Shijou Shugi no Kyoushitsu e","english":"Classroom of the Elite","native":"ようこそ実力至上主義の教室へ","userPreferred":"Youkoso Jitsuryoku Shijou Shugi no Kyoushitsu e"},"type":"ANIME"}},{"mediaRecommendation":{"id":141351,"title":{"romaji":"Kakegurui Twin","english":"Kakegurui Twin","native":"賭ケグルイ双","userPreferred":"Kakegurui Twin"},"type":"ANIME"}},{"mediaRecommendation":{"id":141014,"title":{"romaji":"Tomodachi Game","english":"Tomodachi Game","native":"トモダチゲーム","userPreferred":"Tomodachi Game"},"type":"ANIME"}},{"mediaRecommendation":{"id":140830,"title":{"romaji":"BIRDIE WING: Golf Girls' Story","english":"BIRDIE WING -Golf Girls' Story-","native":"BIRDIE WING -Golf Girls' Story-","userPreferred":"BIRDIE WING: Golf Girls' Story"},"type":"ANIME"}},{"mediaRecommendation":{"id":126047,"title":{"romaji":"Deatte 5-byou de Battle","english":"Battle Game in 5 Seconds","native":"出会って5秒でバトル","userPreferred":"Deatte 5-byou de Battle"},"type":"ANIME"}},{"mediaRecommendation":{"id":131863,"title":{"romaji":"Liar Liar","english":"Liar, Liar","native":"ライアー・ライアー","userPreferred":"Liar Liar"},"type":"ANIME"}},{"mediaRecommendation":{"id":20755,"title":{"romaji":"Ansatsu Kyoushitsu","english":"Assassination Classroom","native":"暗殺教室","userPreferred":"Ansatsu Kyoushitsu"},"type":"ANIME"}},{"mediaRecommendation":{"id":165314,"title":{"romaji":"Pon no Michi","english":null,"native":"ぽんのみち","userPreferred":"Pon no Michi"},"type":"ANIME"}}]}