{"id":101367,"idMal":37576,"title":{"romaji":"Majutsushi Orphen Hagure Tabi","english":"Sorcerous Stabber Orphen","native":"魔術士オーフェンはぐれ旅","userPreferred":"Majutsushi Orphen Hagure Tabi"},"format":"TV","status":"FINISHED","episodes":13,"description":"Orphen is a powerful Sorcerer who’s notoriously lazy. But everything changes when he discovers a way to save his sister who was turned into a dragon during their days at the academy. Now he’ll stop at nothing to save her, even if he has to go it alone!<br>\n<br>(Source: Funimation)","startDate":{"year":2020,"month":1,"day":7},"endDate":{"year":2020,"month":3,"day":31},"season":"WINTER","seasonYear":2020,"duration":24,"countryOfOrigin":"JP","isLicensed":true,"source":"LIGHT_NOVEL","hashtag":"#オーフェン","trailer":"https://www.youtube.com/watch?v=WG_Wi6ixBMg","updatedAt":1706294681,"coverImage":{"large":"https://s4.anilist.co/file/anilistcdn/media/anime/cover/large/bx101367-8z688YGVx0C3.jpg","medium":"https://s4.anilist.co/file/anilistcdn/media/anime/cover/medium/bx101367-8z688YGVx0C3.jpg","small":"https://s4.anilist.co/file/anilistcdn/media/anime/cover/small/bx101367-8z688YGVx0C3.jpg","color":"#e4bb5d"},"bannerImage":"https://s4.anilist.co/file/anilistcdn/media/anime/banner/101367-VaO36ryPRywI.jpg","genres":["Action","Adventure","Fantasy"],"synonyms":null,"averageScore":54,"meanScore":54,"favourites":143,"popularity":17648,"trending":1,"tags":[{"id":82,"name":"Male Protagonist","isMediaSpoiler":false},{"id":1310,"name":"Travel","isMediaSpoiler":false},{"id":29,"name":"Magic","isMediaSpoiler":false},{"id":224,"name":"Dragons","isMediaSpoiler":false},{"id":90,"name":"CGI","isMediaSpoiler":false}],"relations":[{"id":1017,"title":{"english":"Orphen","native":"魔術士オーフェン","romaji":"Majutsushi Orphen","userPreferred":"Majutsushi Orphen"},"type":"ANIME"},{"id":69745,"title":{"english":"Sorcerous Stabber Orphen: The Wayward Journey","native":"魔術士オーフェン","romaji":"Majutsushi Orphen","userPreferred":"Majutsushi Orphen"},"type":"MANGA"},{"id":115651,"title":{"english":"Sorcerous Stabber Orphen: Celestial Artifacts","native":"魔術士オーフェンはぐれ旅 天人の遺産 ","romaji":"Majutsushi Orphen Hagure Tabi: Tenjin no Isan","userPreferred":"Majutsushi Orphen Hagure Tabi: Tenjin no Isan"},"type":"ANIME"},{"id":104143,"title":{"english":"Sorcerous Stabber Orphen: Heed My Call, Beast!","native":"魔術士オーフェンはぐれ旅 我が呼び声に応えよ獣","romaji":"Majutsushi Orphen Hagure Tabi: Waga Yobigoe ni Kotae yo, Shishi","userPreferred":"Majutsushi Orphen Hagure Tabi: Waga Yobigoe ni Kotae yo, Shishi"},"type":"MANGA"},{"id":121032,"title":{"english":null,"native":"魔術士オーフェンはぐれ旅 我が命にしたがえ機械（ドール）","romaji":"Majutsushi Orphen Haguretabi: Waga Mei ni Shitagae Doll  ","userPreferred":"Majutsushi Orphen Haguretabi: Waga Mei ni Shitagae Doll  "},"type":"MANGA"},{"id":121033,"title":{"english":null,"native":"魔術士オーフェンはぐれ旅 我が胸で眠れ亡霊","romaji":"Majutsushi Orphen Haguretabi: Waga Mune de Nemure Bourei","userPreferred":"Majutsushi Orphen Haguretabi: Waga Mune de Nemure Bourei"},"type":"MANGA"}],"characters":[{"id":1411,"name":"Orphen"},{"id":1406,"name":"Volkan"},{"id":5758,"name":"Cleao Everlasting"},{"id":1407,"name":"Dortin"},{"id":5656,"name":"Majic Lin"},{"id":40254,"name":"Childman Powderfield"},{"id":5759,"name":"Heartia Allenford"},{"id":9685,"name":"Azalie Cait-Sith"},{"id":10548,"name":"Leticia Macredy"},{"id":152247,"name":"Komikuron"},{"id":152249,"name":"Swain"},{"id":152250,"name":"Hydrant"},{"id":152251,"name":"Uoar Curlaine"},{"id":153415,"name":"Forte Packingham"},{"id":166653,"name":"Tishtiny Everlasting"},{"id":203937,"name":"Mura no Otokotachi"},{"id":229300,"name":"Istersiva"},{"id":229299,"name":"Salua"}],"staff":[{"id":97168,"name":"Yoshinobu Akita"},{"id":97651,"name":"Yuuya Kusaka"},{"id":101952,"name":"Takayuki Hamana"},{"id":101886,"name":"Takahiko Yoshida"},{"id":97076,"name":"Reiko Yoshida"},{"id":117291,"name":"Kazuhiro Arai"},{"id":110943,"name":"Takuya Hiramitsu"},{"id":137912,"name":"Shinyo Kondou"},{"id":129033,"name":"Imari Katsuragi"},{"id":146067,"name":"Keiko Onodera"},{"id":95178,"name":"Shoutarou Morikubo"},{"id":104593,"name":"Mai Fuchigami"},{"id":104593,"name":"Mai Fuchigami"},{"id":160731,"name":"Shinnosuke"},{"id":160730,"name":"buzz☆Vibes"},{"id":160729,"name":"Takurou Tsuchida"},{"id":160731,"name":"Shinnosuke"},{"id":160732,"name":"Masayuki Fukutomi"},{"id":185446,"name":"Keisuke Kawatani"},{"id":160731,"name":"Shinnosuke"},{"id":131189,"name":"Kazunori Ozawa"},{"id":131189,"name":"Kazunori Ozawa"},{"id":156941,"name":"Nio Irisato"},{"id":140271,"name":"Tomoki Yoshikawa"},{"id":136740,"name":"Shuu Sugita"}],"studios":[{"id":37,"name":"Studio DEEN","isAnimationStudio":true},{"id":79,"name":"Genco","isAnimationStudio":false},{"id":104,"name":"Lantis","isAnimationStudio":false}],"isFavourite":false,"isAdult":false,"isLocked":false,"nextAiringEpisode":null,"airingSchedule":[{"airingAt":1578405600,"timeUntilAiring":-127894079,"episode":1},{"airingAt":1579010400,"timeUntilAiring":-127289279,"episode":2},{"airingAt":1579615200,"timeUntilAiring":-126684479,"episode":3},{"airingAt":1580220000,"timeUntilAiring":-126079679,"episode":4},{"airingAt":1580824800,"timeUntilAiring":-125474879,"episode":5},{"airingAt":1581429600,"timeUntilAiring":-124870079,"episode":6},{"airingAt":1582034400,"timeUntilAiring":-124265279,"episode":7},{"airingAt":1582639200,"timeUntilAiring":-123660479,"episode":8},{"airingAt":1583244000,"timeUntilAiring":-123055679,"episode":9},{"airingAt":1583848800,"timeUntilAiring":-122450879,"episode":10},{"airingAt":1584453600,"timeUntilAiring":-121846079,"episode":11},{"airingAt":1585058400,"timeUntilAiring":-121241279,"episode":12},{"airingAt":1585663200,"timeUntilAiring":-120636479,"episode":13}],"trends":[{"date":1521730800,"trending":5,"popularity":0,"inProgress":null},{"date":1521817200,"trending":8,"popularity":0,"inProgress":null},{"date":1521903600,"trending":4,"popularity":13,"inProgress":null},{"date":1522422000,"trending":1,"popularity":15,"inProgress":null},{"date":1523804400,"trending":1,"popularity":18,"inProgress":1},{"date":1523890800,"trending":1,"popularity":18,"inProgress":1},{"date":1524150000,"trending":1,"popularity":20,"inProgress":1},{"date":1524668400,"trending":1,"popularity":21,"inProgress":1},{"date":1525100400,"trending":2,"popularity":22,"inProgress":1},{"date":1527519600,"trending":1,"popularity":23,"inProgress":1},{"date":1527606000,"trending":1,"popularity":24,"inProgress":1},{"date":1527692400,"trending":2,"popularity":25,"inProgress":1},{"date":1527778800,"trending":1,"popularity":25,"inProgress":1},{"date":1527865200,"trending":1,"popularity":28,"inProgress":1},{"date":1527951600,"trending":3,"popularity":30,"inProgress":2},{"date":1528124400,"trending":3,"popularity":35,"inProgress":2},{"date":1528815600,"trending":1,"popularity":37,"inProgress":2},{"date":1528902000,"trending":1,"popularity":38,"inProgress":2},{"date":1529247600,"trending":1,"popularity":40,"inProgress":2},{"date":1529420400,"trending":1,"popularity":40,"inProgress":2},{"date":1529593200,"trending":1,"popularity":41,"inProgress":2},{"date":1529679600,"trending":2,"popularity":42,"inProgress":2},{"date":1529766000,"trending":1,"popularity":44,"inProgress":2},{"date":1529852400,"trending":1,"popularity":45,"inProgress":2},{"date":1530111600,"trending":1,"popularity":46,"inProgress":2}],"externalLinks":["https://ssorphen-anime.com/1st/","https://twitter.com/orphen25_tv","https://www.funimation.com/shows/sorcerous-stabber-orphen/","https://www.hulu.com/sorcerous-stabber-orphen","https://www.youtube.com/playlist?list=PLxSscENEp7JjIwyEPUhDJSbJGzo5IaDD3","https://www.crunchyroll.com/series/GJ0H7QXDW"],"streamingEpisodes":[{"title":"Episode 1 - A Vestige of the Past","thumbnail":"https://img1.ak.crunchyroll.com/i/spire4-tmb/9eee8004240d64b94bd30caa12ec5b091643325606_full.jpg","url":"http://www.crunchyroll.com/sorcerous-stabber-orphen/episode-1-a-vestige-of-the-past-826484","site":"Crunchyroll"},{"title":"Episode 2 - The Tower of Fangs","thumbnail":"https://img1.ak.crunchyroll.com/i/spire2-tmb/44ea48e475cb53ee61cd719720974f481643325668_full.jpg","url":"http://www.crunchyroll.com/sorcerous-stabber-orphen/episode-2-the-tower-of-fangs-826485","site":"Crunchyroll"},{"title":"Episode 3 - HEED MY CALL, BEAST","thumbnail":"https://img1.ak.crunchyroll.com/i/spire1-tmb/d5b23f18ec09f92efe8cda75c8bc490d1643325791_full.jpg","url":"http://www.crunchyroll.com/sorcerous-stabber-orphen/episode-3-heed-my-call-beast-826486","site":"Crunchyroll"},{"title":"Episode 4 - The Chaos Witch and the Successor of the Razor's Edge","thumbnail":"https://img1.ak.crunchyroll.com/i/spire2-tmb/c35d01f7b71696cb6d0c69683cfa59f71643325856_full.jpg","url":"http://www.crunchyroll.com/sorcerous-stabber-orphen/episode-4-the-chaos-witch-and-the-successor-of-the-razors-edge-826488","site":"Crunchyroll"},{"title":"Episode 5 - Deep Dragon","thumbnail":"https://img1.ak.crunchyroll.com/i/spire4-tmb/3e2c344c3a1c2ca142f7c6c57172c07c1643325966_full.jpg","url":"http://www.crunchyroll.com/sorcerous-stabber-orphen/episode-5-deep-dragon-826490","site":"Crunchyroll"},{"title":"Episode 6 - Forest Maiden","thumbnail":"https://img1.ak.crunchyroll.com/i/spire2-tmb/595ad9836d536a78fcb081cefdc539861643326092_full.jpg","url":"http://www.crunchyroll.com/sorcerous-stabber-orphen/episode-6-forest-maiden-826492","site":"Crunchyroll"},{"title":"Episode 7 - GATHER IN MY FOREST, WOLVES","thumbnail":"https://img1.ak.crunchyroll.com/i/spire1-tmb/366f464fb337f7c5ffbf8fb0305bd5e71643326165_full.jpg","url":"http://www.crunchyroll.com/sorcerous-stabber-orphen/episode-7-gather-in-my-forest-wolves-826494","site":"Crunchyroll"},{"title":"Episode 8 - An Unexpected Assassin","thumbnail":"https://img1.ak.crunchyroll.com/i/spire3-tmb/9e9d86a31398d86020c3650443097adc1643326269_full.jpg","url":"http://www.crunchyroll.com/sorcerous-stabber-orphen/episode-8-an-unexpected-assassin-826496","site":"Crunchyroll"},{"title":"Episode 9 - Ghost from the Past","thumbnail":"https://img1.ak.crunchyroll.com/i/spire2-tmb/9a0fe1207608c564a92ed6d8087284521643326327_full.jpg","url":"http://www.crunchyroll.com/sorcerous-stabber-orphen/episode-9-ghost-from-the-past-826498","site":"Crunchyroll"},{"title":"Episode 10 - Make My Past Disappear, Assassin","thumbnail":"https://img1.ak.crunchyroll.com/i/spire3-tmb/139674a9d4cd384d2e4702c0c5b47d471643326445_full.jpg","url":"http://www.crunchyroll.com/sorcerous-stabber-orphen/episode-10-make-my-past-disappear-assassin-826500","site":"Crunchyroll"},{"title":"Episode 11 - The Uoar Class","thumbnail":"https://img1.ak.crunchyroll.com/i/spire3-tmb/4375765d8702ff8448929030a3b48dd41643326571_full.jpg","url":"http://www.crunchyroll.com/sorcerous-stabber-orphen/episode-11-the-uoar-class-826502","site":"Crunchyroll"},{"title":"Episode 12 - Death Keening","thumbnail":"https://img1.ak.crunchyroll.com/i/spire3-tmb/4e5b408b384e7f01511394abc976f6331643326693_full.jpg","url":"http://www.crunchyroll.com/sorcerous-stabber-orphen/episode-12-death-keening-826504","site":"Crunchyroll"},{"title":"Episode 13 - Come to My Tower, Successor","thumbnail":"https://img1.ak.crunchyroll.com/i/spire1-tmb/3d4a0cf99a141b2e8d2cf23dee6185a01643326752_full.jpg","url":"http://www.crunchyroll.com/sorcerous-stabber-orphen/episode-13-come-to-my-tower-successor-826506","site":"Crunchyroll"},{"title":"Episode 14 - Celestial Artifacts","thumbnail":"https://img1.ak.crunchyroll.com/i/spire3-tmb/f70e30021fb9858fb690dd4e9c426df81643326872_full.jpg","url":"http://www.crunchyroll.com/sorcerous-stabber-orphen/episode-14-celestial-artifacts-826508","site":"Crunchyroll"}],"rankings":[{"rank":81,"type":"POPULAR","context":"most popular","year":2020,"season":null},{"rank":30,"type":"RATED","context":"highest rated","year":2020,"season":"WINTER"},{"rank":20,"type":"POPULAR","context":"most popular","year":2020,"season":"WINTER"}],"mediaListEntry":null,"reviews":null,"siteUrl":"https://anilist.co/anime/101367","autoCreateForumThread":false,"modNotes":null,"stats":{"scoreDistribution":[{"score":10,"amount":145},{"score":20,"amount":185},{"score":30,"amount":381},{"score":40,"amount":581},{"score":50,"amount":924},{"score":60,"amount":1027},{"score":70,"amount":831},{"score":80,"amount":362},{"score":90,"amount":164},{"score":100,"amount":104}],"statusDistribution":[{"status":"CURRENT","amount":1675},{"status":"PLANNING","amount":6205},{"status":"COMPLETED","amount":6241},{"status":"DROPPED","amount":2827},{"status":"PAUSED","amount":700}]},"isRecommendationBlocked":false,"recommendations":[{"mediaRecommendation":{"id":21700,"title":{"romaji":"Rokudenashi Majutsu Koushi to Akashic Records","english":"Akashic Records of Bastard Magic Instructor","native":"ロクでなし魔術講師と禁忌教典(アカシックレコード)","userPreferred":"Rokudenashi Majutsu Koushi to Akashic Records"},"type":"ANIME"}},{"mediaRecommendation":{"id":7088,"title":{"romaji":"Ichiban Ushiro no Daimaou","english":"Demon King Daimao","native":"いちばんうしろの大魔王","userPreferred":"Ichiban Ushiro no Daimaou"},"type":"ANIME"}},{"mediaRecommendation":{"id":16011,"title":{"romaji":"Tokyo Ravens","english":"Tokyo Ravens","native":"東京レイヴンズ","userPreferred":"Tokyo Ravens"},"type":"ANIME"}},{"mediaRecommendation":{"id":20592,"title":{"romaji":"Seikoku no Dragonar","english":"Dragonar Academy","native":"星刻の竜騎士","userPreferred":"Seikoku no Dragonar"},"type":"ANIME"}},{"mediaRecommendation":{"id":101168,"title":{"romaji":"Plunderer","english":"Plunderer","native":"プランダラ","userPreferred":"Plunderer"},"type":"ANIME"}}]}