{"id":101505,"idMal":37716,"title":{"romaji":"Beelzebub-jou no Okinimesu mama.","english":"As Miss Beelzebub Likes it.","native":"ベルゼブブ嬢のお気に召すまま。","userPreferred":"Beelzebub-jou no Okinimesu mama."},"format":"TV","status":"FINISHED","episodes":12,"description":"Murin's lands his dream job with the demon king he's always held in awe, but when his tenure begins, it turns out the demon king isn't quite what he expected... <br><br>\n\n(Source: Yen Press)","startDate":{"year":2018,"month":10,"day":11},"endDate":{"year":2018,"month":12,"day":27},"season":"FALL","seasonYear":2018,"duration":24,"countryOfOrigin":"JP","isLicensed":true,"source":"MANGA","hashtag":"#ベルまま","trailer":"https://www.youtube.com/watch?v=R_vTH--y7sg","updatedAt":1706289123,"coverImage":{"large":"https://s4.anilist.co/file/anilistcdn/media/anime/cover/large/bx101505-jhNHjv7Ng3ku.jpg","medium":"https://s4.anilist.co/file/anilistcdn/media/anime/cover/medium/bx101505-jhNHjv7Ng3ku.jpg","small":"https://s4.anilist.co/file/anilistcdn/media/anime/cover/small/bx101505-jhNHjv7Ng3ku.jpg","color":"#ffe4ae"},"bannerImage":"https://s4.anilist.co/file/anilistcdn/media/anime/banner/101505-CryzUUjVYZ54.jpg","genres":["Comedy","Fantasy","Romance","Slice of Life","Supernatural"],"synonyms":null,"averageScore":69,"meanScore":69,"favourites":381,"popularity":23620,"trending":0,"tags":[{"id":15,"name":"Demons","isMediaSpoiler":false},{"id":98,"name":"Female Protagonist","isMediaSpoiler":false},{"id":81,"name":"Iyashikei","isMediaSpoiler":false},{"id":145,"name":"Work","isMediaSpoiler":false},{"id":193,"name":"Episodic","isMediaSpoiler":false},{"id":147,"name":"Afterlife","isMediaSpoiler":false},{"id":82,"name":"Male Protagonist","isMediaSpoiler":false},{"id":164,"name":"Tsundere","isMediaSpoiler":false},{"id":56,"name":"Shounen","isMediaSpoiler":false},{"id":1068,"name":"Angels","isMediaSpoiler":false},{"id":1045,"name":"Heterosexual","isMediaSpoiler":false}],"relations":[{"id":95435,"title":{"english":"As Miss Beelzebub Likes","native":"ベルゼブブ嬢のお気に召すまま。","romaji":"Beelzebub-jou no Okinimesu mama.","userPreferred":"Beelzebub-jou no Okinimesu mama."},"type":"MANGA"}],"characters":[{"id":128780,"name":"Beelzebub"},{"id":128782,"name":"Azazel"},{"id":128785,"name":"Belphegor"},{"id":128784,"name":"Astaroth"},{"id":128781,"name":"Mullin"},{"id":128787,"name":"Sargatanas"},{"id":128810,"name":"Dantalion"},{"id":128811,"name":"Molech"},{"id":128812,"name":"Eurynome"},{"id":131418,"name":"Otis"},{"id":131419,"name":"Gusion"},{"id":36309,"name":"Narrator"}],"staff":[{"id":105352,"name":"Matoba"},{"id":121676,"name":"Etsuko Sumimoto"},{"id":101549,"name":"Satoshi Motoyama"},{"id":121951,"name":"Sangatsu no Phantasia"},{"id":114884,"name":"Saori Oonishi"},{"id":106641,"name":"Misaki Kuno"},{"id":112993,"name":"Naoki Chiba"},{"id":100298,"name":"Kanon Wakeshima"},{"id":113511,"name":"Ai Kakuma"},{"id":131202,"name":"Junko Matsushita"},{"id":124913,"name":"Yoriko Tomita"},{"id":129057,"name":"Hideo Amemiya"},{"id":121676,"name":"Etsuko Sumimoto"},{"id":128739,"name":"Kouhei Honda"},{"id":109789,"name":"Masahiko Yoda"},{"id":157493,"name":"Satoko Kimura"},{"id":121676,"name":"Etsuko Sumimoto"},{"id":128074,"name":"Tsubasa Itou"},{"id":259614,"name":"Ryou Yamamura"},{"id":109789,"name":"Masahiko Yoda"},{"id":149034,"name":"Nobuhiro Nakayama"},{"id":145794,"name":"Eiko Tsunadou"},{"id":211374,"name":"Yoshiki Obata"},{"id":203883,"name":"Ryuuji Abe"},{"id":151980,"name":"Manami Kabashima"}],"studios":[{"id":839,"name":"LIDENFILMS","isAnimationStudio":true},{"id":6297,"name":"Q-Tec","isAnimationStudio":false}],"isFavourite":false,"isAdult":false,"isLocked":false,"nextAiringEpisode":null,"airingSchedule":[{"airingAt":1539193800,"timeUntilAiring":-167107447,"episode":1},{"airingAt":1539798600,"timeUntilAiring":-166502647,"episode":2},{"airingAt":1540403400,"timeUntilAiring":-165897847,"episode":3},{"airingAt":1541008200,"timeUntilAiring":-165293047,"episode":4},{"airingAt":1541613000,"timeUntilAiring":-164688247,"episode":5},{"airingAt":1542217800,"timeUntilAiring":-164083447,"episode":6},{"airingAt":1542822600,"timeUntilAiring":-163478647,"episode":7},{"airingAt":1543427400,"timeUntilAiring":-162873847,"episode":8},{"airingAt":1544032200,"timeUntilAiring":-162269047,"episode":9},{"airingAt":1544637000,"timeUntilAiring":-161664247,"episode":10},{"airingAt":1545241800,"timeUntilAiring":-161059447,"episode":11},{"airingAt":1545846600,"timeUntilAiring":-160454647,"episode":12}],"trends":[{"date":1523372400,"trending":7,"popularity":0,"inProgress":null},{"date":1523458800,"trending":11,"popularity":0,"inProgress":null},{"date":1523545200,"trending":4,"popularity":9,"inProgress":null},{"date":1523718000,"trending":2,"popularity":21,"inProgress":null},{"date":1523804400,"trending":2,"popularity":23,"inProgress":null},{"date":1523890800,"trending":1,"popularity":27,"inProgress":null},{"date":1524063600,"trending":2,"popularity":29,"inProgress":null},{"date":1524236400,"trending":1,"popularity":31,"inProgress":null},{"date":1524582000,"trending":1,"popularity":32,"inProgress":null},{"date":1524754800,"trending":1,"popularity":33,"inProgress":null},{"date":1525100400,"trending":1,"popularity":34,"inProgress":null},{"date":1525186800,"trending":3,"popularity":34,"inProgress":null},{"date":1525273200,"trending":1,"popularity":36,"inProgress":null},{"date":1525618800,"trending":1,"popularity":40,"inProgress":null},{"date":1525705200,"trending":1,"popularity":40,"inProgress":null},{"date":1525791600,"trending":1,"popularity":42,"inProgress":null},{"date":1526137200,"trending":1,"popularity":43,"inProgress":null},{"date":1526310000,"trending":1,"popularity":44,"inProgress":null},{"date":1526482800,"trending":1,"popularity":45,"inProgress":null},{"date":1526914800,"trending":1,"popularity":46,"inProgress":null},{"date":1527087600,"trending":1,"popularity":47,"inProgress":null},{"date":1527260400,"trending":1,"popularity":48,"inProgress":null},{"date":1527346800,"trending":2,"popularity":48,"inProgress":null},{"date":1527519600,"trending":1,"popularity":50,"inProgress":null},{"date":1527692400,"trending":1,"popularity":51,"inProgress":null}],"externalLinks":["http://beelmama.com/","https://twitter.com/beelmama_anime","https://www.crunchyroll.com/as-miss-beelzebub-likes"],"streamingEpisodes":[{"title":"Episode 2 - Brother Tastes Like a Fairy Tale. / She’s Here, Vibration Girl.","thumbnail":"https://img1.ak.crunchyroll.com/i/spire1-tmb/319a09ae2231f63b7e35689ee23e7e051539779932_full.jpg","url":"http://www.crunchyroll.com/as-miss-beelzebub-likes/episode-2-brother-tastes-like-a-fairy-tale-shes-here-vibration-girl-777959","site":"Crunchyroll"},{"title":"Episode 1 - Boy Meets Fluffy Girl. / Her Highness Knows Not Her Assistant's Heart.","thumbnail":"https://img1.ak.crunchyroll.com/i/spire3-tmb/924e865b613e96dc4b37482f6cd66e8c1539260494_full.jpg","url":"http://www.crunchyroll.com/as-miss-beelzebub-likes/episode-1-boy-meets-fluffy-girl-her-highness-knows-not-her-assistants-heart-777958","site":"Crunchyroll"}],"rankings":[{"rank":69,"type":"RATED","context":"highest rated","year":2018,"season":null},{"rank":95,"type":"POPULAR","context":"most popular","year":2018,"season":null},{"rank":18,"type":"RATED","context":"highest rated","year":2018,"season":"FALL"},{"rank":26,"type":"POPULAR","context":"most popular","year":2018,"season":"FALL"}],"mediaListEntry":null,"reviews":null,"siteUrl":"https://anilist.co/anime/101505","autoCreateForumThread":false,"modNotes":null,"stats":{"scoreDistribution":[{"score":10,"amount":73},{"score":20,"amount":61},{"score":30,"amount":130},{"score":40,"amount":259},{"score":50,"amount":653},{"score":60,"amount":1224},{"score":70,"amount":2165},{"score":80,"amount":1671},{"score":90,"amount":914},{"score":100,"amount":485}],"statusDistribution":[{"status":"CURRENT","amount":1503},{"status":"PLANNING","amount":9131},{"status":"COMPLETED","amount":10382},{"status":"DROPPED","amount":1672},{"status":"PAUSED","amount":932}]},"isRecommendationBlocked":false,"recommendations":[{"mediaRecommendation":{"id":99578,"title":{"romaji":"Wotaku ni Koi wa Muzukashii","english":"Wotakoi: Love is Hard for Otaku","native":"ヲタクに恋は難しい","userPreferred":"Wotaku ni Koi wa Muzukashii"},"type":"ANIME"}},{"mediaRecommendation":{"id":106863,"title":{"romaji":"Nekopara","english":"Nekopara","native":"ネコぱら","userPreferred":"Nekopara"},"type":"ANIME"}},{"mediaRecommendation":{"id":12291,"title":{"romaji":"Acchi Kocchi","english":"Place to Place","native":"あっちこっち","userPreferred":"Acchi Kocchi"},"type":"ANIME"}},{"mediaRecommendation":{"id":104647,"title":{"romaji":"Otome Game no Hametsu Flag shika Nai Akuyaku Reijou ni Tensei shiteshimatta…","english":"My Next Life as a Villainess: All Routes Lead to Doom!","native":"乙女ゲームの破滅フラグしかない悪役令嬢に転生してしまった…","userPreferred":"Otome Game no Hametsu Flag shika Nai Akuyaku Reijou ni Tensei shiteshimatta…"},"type":"ANIME"}},{"mediaRecommendation":{"id":98503,"title":{"romaji":"Gakuen Babysitters","english":"School Babysitters","native":"学園ベビーシッターズ","userPreferred":"Gakuen Babysitters"},"type":"ANIME"}},{"mediaRecommendation":{"id":5680,"title":{"romaji":"K-ON!","english":"K-ON!","native":"けいおん!","userPreferred":"K-ON!"},"type":"ANIME"}},{"mediaRecommendation":{"id":21878,"title":{"romaji":"Gabriel Dropout","english":"Gabriel DropOut","native":"ガヴリールドロップアウト","userPreferred":"Gabriel Dropout"},"type":"ANIME"}},{"mediaRecommendation":{"id":100500,"title":{"romaji":"Kakuriyo no Yadomeshi","english":"Kakuriyo -Bed & Breakfast for Spirits-","native":"かくりよの宿飯","userPreferred":"Kakuriyo no Yadomeshi"},"type":"ANIME"}},{"mediaRecommendation":{"id":111428,"title":{"romaji":"Maou-jou de Oyasumi","english":"Sleepy Princess in the Demon Castle","native":"魔王城でおやすみ","userPreferred":"Maou-jou de Oyasumi"},"type":"ANIME"}},{"mediaRecommendation":{"id":97994,"title":{"romaji":"Blend S","english":"BLEND-S","native":"ブレンド・S","userPreferred":"Blend S"},"type":"ANIME"}},{"mediaRecommendation":{"id":117612,"title":{"romaji":"Genjitsu Shugi Yuusha no Oukoku Saikenki","english":"How a Realist Hero Rebuilt the Kingdom","native":"現実主義勇者の王国再建記","userPreferred":"Genjitsu Shugi Yuusha no Oukoku Saikenki"},"type":"ANIME"}},{"mediaRecommendation":{"id":114302,"title":{"romaji":"Cheat Kusushi no Slow Life: Isekai ni Tsukurou Drugstore","english":"Drug Store in Another World - The Slow Life of a Cheat Pharmacist","native":"チート薬師のスローライフ～異世界に作ろうドラッグストア～","userPreferred":"Cheat Kusushi no Slow Life: Isekai ni Tsukurou Drugstore"},"type":"ANIME"}},{"mediaRecommendation":{"id":100855,"title":{"romaji":"Emiya-san Chi no Kyou no Gohan","english":"Today's Menu for the Emiya Family","native":"衛宮さんちの今日のごはん","userPreferred":"Emiya-san Chi no Kyou no Gohan"},"type":"ANIME"}},{"mediaRecommendation":{"id":133965,"title":{"romaji":"Komi-san wa, Komyushou desu.","english":"Komi Can’t Communicate","native":"古見さんは、コミュ症です。","userPreferred":"Komi-san wa, Komyushou desu."},"type":"ANIME"}},{"mediaRecommendation":{"id":137281,"title":{"romaji":"Aharen-san wa Hakarenai","english":"Aharen-san wa Hakarenai","native":"阿波連さんははかれない","userPreferred":"Aharen-san wa Hakarenai"},"type":"ANIME"}},{"mediaRecommendation":{"id":9736,"title":{"romaji":"Astarotte no Omocha!","english":"Astarotte's Toy","native":"アスタロッテのおもちゃ！","userPreferred":"Astarotte no Omocha!"},"type":"ANIME"}},{"mediaRecommendation":{"id":20431,"title":{"romaji":"Hoozuki no Reitetsu","english":"Hozuki's Coolheadedness","native":"鬼灯の冷徹","userPreferred":"Hoozuki no Reitetsu"},"type":"ANIME"}},{"mediaRecommendation":{"id":150972,"title":{"romaji":"Shiro Seijo to Kuro Bokushi","english":"Saint Cecilia & Pastor Lawrence","native":"白聖女と黒牧師","userPreferred":"Shiro Seijo to Kuro Bokushi"},"type":"ANIME"}},{"mediaRecommendation":{"id":154214,"title":{"romaji":"Konyaku Haki sareta Reijou wo Hirotta Ore ga, Ikenai Koto wo Oshiekomu","english":"I'm Giving the Disgraced Noble Lady I Rescued a Crash Course in Naughtiness","native":"婚約破棄された令嬢を拾った俺が、イケナイことを教え込む","userPreferred":"Konyaku Haki sareta Reijou wo Hirotta Ore ga, Ikenai Koto wo Oshiekomu"},"type":"ANIME"}},{"mediaRecommendation":{"id":166522,"title":{"romaji":"Hime-sama, \"Goumon\" no Jikan desu","english":"'Tis Time for \"Torture,\" Princess","native":"姫様“拷問”の時間です","userPreferred":"Hime-sama, \"Goumon\" no Jikan desu"},"type":"ANIME"}},{"mediaRecommendation":{"id":164244,"title":{"romaji":"Oroka na Tenshi wa Akuma to Odoru","english":"The Foolish Angel Dances with the Devil","native":"愚かな天使は悪魔と踊る","userPreferred":"Oroka na Tenshi wa Akuma to Odoru"},"type":"ANIME"}},{"mediaRecommendation":{"id":162002,"title":{"romaji":"Kyuujitsu no Warumono-san","english":"Mr. Villain's Day Off","native":"休日のわるものさん","userPreferred":"Kyuujitsu no Warumono-san"},"type":"ANIME"}}]}