{"id":104198,"idMal":38337,"title":{"romaji":"Gochuumon wa Usagi desu ka? BLOOM","english":"Is the Order a Rabbit? BLOOM","native":"ご注文はうさぎですか？ BLOOM","userPreferred":"Gochuumon wa Usagi desu ka? BLOOM"},"format":"TV","status":"FINISHED","episodes":12,"description":"The third season of <i>Gochuumon wa Usagi desu ka?</i><br>\n<br>\nAs summer turns to autumn, the colorful Rabbit House regulars return to serve up warm treats and tasty drinks at the Rabbit House café — along with a heaping helping of adorable antics and cute capers, of course!<br>\n<br>\n(Source: HIDIVE)","startDate":{"year":2020,"month":10,"day":10},"endDate":{"year":2020,"month":12,"day":26},"season":"FALL","seasonYear":2020,"duration":25,"countryOfOrigin":"JP","isLicensed":true,"source":"MANGA","hashtag":"#gochiusa","trailer":"https://www.youtube.com/watch?v=kRKqzu2RLY8","updatedAt":1706299784,"coverImage":{"large":"https://s4.anilist.co/file/anilistcdn/media/anime/cover/large/bx104198-bT8qBPJWxtiY.jpg","medium":"https://s4.anilist.co/file/anilistcdn/media/anime/cover/medium/bx104198-bT8qBPJWxtiY.jpg","small":"https://s4.anilist.co/file/anilistcdn/media/anime/cover/small/bx104198-bT8qBPJWxtiY.jpg","color":"#e48635"},"bannerImage":"https://s4.anilist.co/file/anilistcdn/media/anime/banner/104198-z44oIGYnR5Zf.jpg","genres":["Comedy","Slice of Life"],"synonyms":["Gochiusa"],"averageScore":78,"meanScore":78,"favourites":406,"popularity":17337,"trending":0,"tags":[{"id":92,"name":"Cute Girls Doing Cute Things","isMediaSpoiler":false},{"id":86,"name":"Primarily Female Cast","isMediaSpoiler":false},{"id":98,"name":"Female Protagonist","isMediaSpoiler":false},{"id":1228,"name":"Primarily Teen Cast","isMediaSpoiler":false},{"id":102,"name":"Coming of Age","isMediaSpoiler":false},{"id":50,"name":"Seinen","isMediaSpoiler":false},{"id":164,"name":"Tsundere","isMediaSpoiler":false},{"id":249,"name":"Maids","isMediaSpoiler":false},{"id":145,"name":"Work","isMediaSpoiler":false},{"id":29,"name":"Magic","isMediaSpoiler":false}],"relations":[{"id":79835,"title":{"english":"Is the order a rabbit?","native":"ご注文はうさぎですか?","romaji":"Gochuumon wa Usagi desu ka?","userPreferred":"Gochuumon wa Usagi desu ka?"},"type":"MANGA"},{"id":21813,"title":{"english":"Is the Order a Rabbit?? ～Dear My Sister～","native":"ご注文はうさぎですか?? ~Dear My Sister~","romaji":"Gochuumon wa Usagi desu ka?? Dear My Sister","userPreferred":"Gochuumon wa Usagi desu ka?? Dear My Sister"},"type":"ANIME"}],"characters":[{"id":88032,"name":"Chino Kafuu"},{"id":88035,"name":"Chiya Ujimatsu"},{"id":88033,"name":"Syaro Kirima"},{"id":88034,"name":"Rize Tedeza"},{"id":89520,"name":"Maya Jouga"},{"id":84491,"name":"Cocoa Hoto"},{"id":89445,"name":"Megumi Natsu"},{"id":190932,"name":"Karin"},{"id":190933,"name":"Kano"},{"id":190934,"name":"Rei"},{"id":190935,"name":"Iinchou"},{"id":190936,"name":"Nacchan"},{"id":190937,"name":"Anzu"},{"id":190938,"name":"Miki"},{"id":89521,"name":"Midori Aoyama"},{"id":89522,"name":"Tippy"},{"id":196310,"name":"Rin Mate"},{"id":89523,"name":"Takahiro Kafuu"},{"id":89519,"name":"Mocha Hoto"},{"id":206902,"name":"Rize no Chichi"},{"id":142176,"name":"Saki Kafuu"}],"staff":[{"id":117309,"name":"Koi"},{"id":118582,"name":"Yousuke Okuda"},{"id":110641,"name":"Kazuyuki Fudeyasu"},{"id":118960,"name":"Hiroyuki Hashimoto"},{"id":110641,"name":"Kazuyuki Fudeyasu"},{"id":106297,"name":"Inori Minase"},{"id":108639,"name":"Maaya Uchida"},{"id":106622,"name":"Ayane Sakura"},{"id":186986,"name":"Petit Rabbit's"},{"id":111135,"name":"Risa Taneda"},{"id":106018,"name":"Aki Hata"},{"id":101560,"name":"Satomi Satou"},{"id":150930,"name":"Kaoru Ookubo"},{"id":150930,"name":"Kaoru Ookubo"},{"id":106361,"name":"Sora Tokui"},{"id":107212,"name":"Rie Murakawa"},{"id":120027,"name":"Tomotaka Oosumi"},{"id":186991,"name":"Chimame-Tai"},{"id":120027,"name":"Tomotaka Oosumi"},{"id":148202,"name":"Kentarou Sonoda"},{"id":148202,"name":"Kentarou Sonoda"},{"id":142615,"name":"Fuminori Yamazaki"},{"id":181024,"name":"Hiroyuki Tajima"},{"id":142377,"name":"Katsuya Nagahata"},{"id":142293,"name":"Asuka Yamazaki"}],"studios":[{"id":354,"name":"Encourage Films","isAnimationStudio":true},{"id":797,"name":"Houbunsha","isAnimationStudio":false},{"id":31,"name":"NBCUniversal Entertainment Japan","isAnimationStudio":false},{"id":837,"name":"I0plus","isAnimationStudio":false},{"id":61,"name":"Frontier Works","isAnimationStudio":false},{"id":777,"name":"Hakuhodo DY Music & Pictures","isAnimationStudio":false},{"id":238,"name":"AT-X","isAnimationStudio":false},{"id":969,"name":"Ray","isAnimationStudio":false},{"id":775,"name":"Bushiroad","isAnimationStudio":false},{"id":376,"name":"Sentai Filmworks","isAnimationStudio":false}],"isFavourite":false,"isAdult":false,"isLocked":false,"nextAiringEpisode":null,"airingSchedule":[{"airingAt":1602333000,"timeUntilAiring":-103967001,"episode":1},{"airingAt":1602937800,"timeUntilAiring":-103362201,"episode":2},{"airingAt":1603542600,"timeUntilAiring":-102757401,"episode":3},{"airingAt":1604147400,"timeUntilAiring":-102152601,"episode":4},{"airingAt":1604752200,"timeUntilAiring":-101547801,"episode":5},{"airingAt":1605357000,"timeUntilAiring":-100943001,"episode":6},{"airingAt":1605961800,"timeUntilAiring":-100338201,"episode":7},{"airingAt":1606566600,"timeUntilAiring":-99733401,"episode":8},{"airingAt":1607171400,"timeUntilAiring":-99128601,"episode":9},{"airingAt":1607776200,"timeUntilAiring":-98523801,"episode":10},{"airingAt":1608381000,"timeUntilAiring":-97919001,"episode":11},{"airingAt":1608985800,"timeUntilAiring":-97314201,"episode":12}],"trends":[{"date":1537023600,"trending":12,"popularity":0,"inProgress":null},{"date":1537110000,"trending":70,"popularity":0,"inProgress":null},{"date":1537196400,"trending":9,"popularity":86,"inProgress":1},{"date":1537282800,"trending":7,"popularity":86,"inProgress":1},{"date":1537369200,"trending":9,"popularity":102,"inProgress":1},{"date":1537455600,"trending":2,"popularity":102,"inProgress":1},{"date":1537542000,"trending":4,"popularity":113,"inProgress":1},{"date":1537628400,"trending":4,"popularity":118,"inProgress":2},{"date":1537714800,"trending":1,"popularity":122,"inProgress":2},{"date":1537801200,"trending":5,"popularity":125,"inProgress":2},{"date":1537887600,"trending":5,"popularity":130,"inProgress":2},{"date":1537974000,"trending":4,"popularity":134,"inProgress":3},{"date":1538060400,"trending":1,"popularity":134,"inProgress":3},{"date":1538146800,"trending":12,"popularity":137,"inProgress":3},{"date":1538233200,"trending":1,"popularity":139,"inProgress":3},{"date":1538319600,"trending":2,"popularity":146,"inProgress":3},{"date":1538406000,"trending":9,"popularity":148,"inProgress":3},{"date":1538492400,"trending":7,"popularity":148,"inProgress":3},{"date":1538665200,"trending":2,"popularity":164,"inProgress":3},{"date":1538751600,"trending":2,"popularity":166,"inProgress":3},{"date":1538838000,"trending":8,"popularity":166,"inProgress":3},{"date":1538924400,"trending":7,"popularity":169,"inProgress":3},{"date":1539010800,"trending":3,"popularity":183,"inProgress":3},{"date":1539097200,"trending":3,"popularity":186,"inProgress":3},{"date":1539183600,"trending":1,"popularity":186,"inProgress":3}],"externalLinks":["https://twitter.com/usagi_anime","https://gochiusa.com/bloom/","https://www.hidive.com/tv/is-the-order-a-rabbit-bloom-season-3","https://www.crunchyroll.com/is-the-order-a-rabbit","https://www.youtube.com/playlist?list=PLpm1VVK4UL1455LwF6n-EiT6cfJBWt9IF","https://www.youtube.com/playlist?list=PLwLSw1_eDZl3ZbVoRNolft4BWVS5fS-2t"],"streamingEpisodes":[{"title":"PV","thumbnail":"https://img1.ak.crunchyroll.com/i/spire1-tmb/35879aaf0bb937bdab436e7e32cb500e1397071363_full.jpg","url":"http://www.crunchyroll.com/is-the-order-a-rabbit/is-the-order-a-rabbit-pv-653201","site":"Crunchyroll"},{"title":"Episode 1 - I Knew at First Glance That It Was No Ordinary Fluffball","thumbnail":"https://img1.ak.crunchyroll.com/i/spire3-tmb/e8cacf6bf91459ec5f40814708c321bb1397106135_full.jpg","url":"http://www.crunchyroll.com/is-the-order-a-rabbit/episode-1-i-knew-at-first-glance-that-it-was-no-ordinary-fluffball-653243","site":"Crunchyroll"},{"title":"Episode 2 - The Girl Who Loved Wheat and the Girl Loved by Azuki Beans.","thumbnail":"https://img1.ak.crunchyroll.com/i/spire3-tmb/d68be6247fd633d57c4d30ff49277abd1397514263_full.jpg","url":"http://www.crunchyroll.com/is-the-order-a-rabbit/episode-2-the-girl-who-loved-wheat-and-the-girl-loved-by-azuki-beans-653245","site":"Crunchyroll"},{"title":"Episode 3 - Do You Remember the Day You First Got Drunk? You Tried to Light a Campfire in Your Own Home, Didn't You?","thumbnail":"https://img1.ak.crunchyroll.com/i/spire1-tmb/48608d0e5d857c2304ea674b71178be31398348853_full.jpg","url":"http://www.crunchyroll.com/is-the-order-a-rabbit/episode-3-do-you-remember-the-day-you-first-got-drunk-you-tried-to-light-a-campfire-in-your-own-home-didnt-you-653247","site":"Crunchyroll"},{"title":"Episode 4 - Your Lucky Items Are Vegetables, Crime, and Punishment.","thumbnail":"https://img1.ak.crunchyroll.com/i/spire3-tmb/c7c8404c51834f7139ac6260437bc8451398744406_full.jpg","url":"http://www.crunchyroll.com/is-the-order-a-rabbit/episode-4-your-lucky-items-are-vegetables-crime-and-punishment-653249","site":"Crunchyroll"},{"title":"Episode 5 - Cocoa and Murderous Intent Without Malice","thumbnail":"https://img1.ak.crunchyroll.com/i/spire3-tmb/cfc1d93fc25de2e59dbc81d06899f4071399555182_full.jpg","url":"http://www.crunchyroll.com/is-the-order-a-rabbit/episode-5-cocoa-and-murderous-intent-without-malice-653251","site":"Crunchyroll"},{"title":"Episode 6 - A Story About Telling a Story","thumbnail":"https://img1.ak.crunchyroll.com/i/spire4-tmb/09d82bf5f7f31bbafc9db38a4c99e8ab1399935365_full.jpg","url":"http://www.crunchyroll.com/is-the-order-a-rabbit/episode-6-a-story-about-telling-a-story-653253","site":"Crunchyroll"},{"title":"Episode 7 - Call Me Sister","thumbnail":"https://img1.ak.crunchyroll.com/i/spire3-tmb/b6bf3a7c43e2efaf8c00b1e95b413a7c1400719239_full.jpg","url":"http://www.crunchyroll.com/is-the-order-a-rabbit/episode-7-call-me-sister-653255","site":"Crunchyroll"},{"title":"Episode 8 - Wet with Pool Water, Wet with Rain, Wet with Tears","thumbnail":"https://img1.ak.crunchyroll.com/i/spire4-tmb/930bd5022af08924d1620508e02e3f3a1401318810_full.jpg","url":"http://www.crunchyroll.com/is-the-order-a-rabbit/episode-8-wet-with-pool-water-wet-with-rain-wet-with-tears-653257","site":"Crunchyroll"},{"title":"Episode 9 - Aoyama Slump Mountain","thumbnail":"https://img1.ak.crunchyroll.com/i/spire2-tmb/36793369eb7fa14ffed745cc716428f61401959728_full.jpg","url":"http://www.crunchyroll.com/is-the-order-a-rabbit/episode-9-aoyama-slump-mountain-653259","site":"Crunchyroll"},{"title":"Episode 10 - The Anti-Sister Battle Corps, Also Known As the Chimame Corps","thumbnail":"https://img1.ak.crunchyroll.com/i/spire2-tmb/8a2072e0f9ba4b1c62eaa7b90e0608ea1402449278_full.jpg","url":"http://www.crunchyroll.com/is-the-order-a-rabbit/episode-10-the-anti-sister-battle-corps-also-known-as-the-chimame-corps-653261","site":"Crunchyroll"},{"title":"Episode 11 - The Girl Dons a Red Coat and Drives a Team of Rabbits Across the Christmas Eve Night Sky","thumbnail":"https://img1.ak.crunchyroll.com/i/spire1-tmb/6dad036d71a895e4e197003a459b45ba1403044891_full.jpg","url":"http://www.crunchyroll.com/is-the-order-a-rabbit/episode-11-the-girl-dons-a-red-coat-and-drives-a-team-of-rabbits-across-the-christmas-eve-night-sky-653263","site":"Crunchyroll"},{"title":"Episode 12 - For You, I Can Sleep Late","thumbnail":"https://img1.ak.crunchyroll.com/i/spire1-tmb/3c64950f2823d5a76ca9e0356aa1f84e1403635653_full.jpg","url":"http://www.crunchyroll.com/is-the-order-a-rabbit/episode-12-for-you-i-can-sleep-late-653265","site":"Crunchyroll"}],"rankings":[{"rank":369,"type":"RATED","context":"highest rated all time","year":null,"season":null},{"rank":21,"type":"RATED","context":"highest rated","year":2020,"season":null},{"rank":85,"type":"POPULAR","context":"most popular","year":2020,"season":null},{"rank":6,"type":"RATED","context":"highest rated","year":2020,"season":"FALL"},{"rank":29,"type":"POPULAR","context":"most popular","year":2020,"season":"FALL"}],"mediaListEntry":null,"reviews":[{"id":8925,"score":90,"summary":"a good 'seat back and relax' show to end this bad 2020 year","body":"# __~~~ Gochuumon wa usagi desu ka? Bloom Review~~~__\n~~~img1080(https://i.imgur.com/7avCZyG.png)~~~\n\nI've already made the first season review here:\n[Gochuumon wa usagi desu ka season 1 review](https://anilist.co/review/8294)\nI feel like i don't need to review other season since I made the first season review , but I made this season review after all because this third season give me the most impression compare to the other seasons. It's very sad tho I can't watch this show every week again. I hope they will announce next gochiusa project, either it's movie or OVA it's better come soon enough. Well I guess I just can read the manga or repeat season 1 and 2 to fill this emptiness of my soul after finishing this show :)\n\nFirst  thing I like about this season is the story. For me this show isn't just about 'cute girl doing cute thing' stuff, they give such a good morale about relationship. No matter where they go after graduation, even if they applied for a different school they are always gonna be a good friend. Also Chiya and Syaro childhood episode has a good impression about friendship.\nOther than that, this season story tells more about the family relationship. There're an episode that tell a relation between Chino and her mother, Rize and her father, Hoto (Cocoa) family.\nThe halloween episode (Episode 7) is my personal favorite so far it's fun and a bit sad at the same time.\nI like how the halloween and Christmas episode aired nearly the same as real time calendar lol.\n\nSecond thing is the music, their music is always impress me no matter what.\nOpening song by petit rabbit's\nalso available on spotify or you can just hear it on their official youtube channel\nSpotify : [Petit Rabbit's - Tenkuu Cafeteria ](https://open.spotify.com/track/3QqeZnajC0ehlBfruJbzQe?si=sQzJOc7pSQCYOFQHinE2uA)\n~~~youtube(https://www.youtube.com/watch?v=mP6PUA0e3oU)~~~\nEnding song by Chimame-tai \nSpotify : [Chimametai - Nakayoshi! Nakayoshi!](https://open.spotify.com/track/38SPohlvWsCOGhizUvidOu?si=qA9c_JBaQrip_oTbkDSwjQ)\n~~~youtube(https://www.youtube.com/watch?v=rBqHuyzWzck&t=2s)~~~\nI got all the song for their official youtube channel (TV edit version).\n\nAlso the ending song from episode 12 (still don't know how to find it, maybe someday it'll appear on their official youtube channel)\nI also like the relaxing BGM.\n\nThird thing is the character. In this season they introduce more character such as Cocoa and Chiya's friend at school (school festival episode). They also present more detail about Aoyama's editor, Rin with their relationship and past, and relation between Chino's dad and Rize's dad. There's also stuff like Roze- chan reappearance (it's a joke)  , and Chino Smile more often in this season, maybe it's because of cocoa effect or something?."},{"id":8937,"score":90,"summary":"The long awaited sequel with a rocky start but it slams it out of the park as it gains its footing. Marvelous show.","body":"# **Setting expectations**:\n\n- This review is being written under a subjective lens and mainly for enjoyment. If you come to expect opinions from a very critical sense, sorry, but I’m not your guy as we may have different tastes.\n\n- The number of spoilers will be as minimal as possible to none. There are some image spoilers but it's all out of context.\n\n- I’ll try my best to explain what are the things that worked for me and what doesn’t in this review. Hopefully this will help you understand my point of view and let you come to your own conclusion about what this anime might be like for you.\n\nI preface because a lot of people online come to expect reviews to fit a mold of what they want which isn’t always realistic.  For me, I just like to talk about anime I enjoy. And so this review is about such things. Sorry if this ain't what you're looking for.\n\nimg1080(https://cdn.discordapp.com/attachments/409951964949118980/792916583408205881/vlcsnap-00020.png)\n\n---\n\n#**Verdict**\n\nGochuumon wa Usagi Desu ka? BLOOM or Gochiusa Season 3 for short is a 12 episode anime released in Fall 2020. It was animated by Encourage Films (Senki Zesshou Symphogear, Shinryaku!? Ika Musume / Squid Girl 2, and Miyakawa-ke no Kuufuku) and directed by Hiroyuki Hashimoto (previous Gochiusa seasons).\n\nThe anime is an adaptation of the Manga “Gochuumon wa Usagi desu ka?” by author Koi and the anime is a Comedy Slice of Life with CGDCT elements.\n\nThe most unique thing about this season is the different scenarios with different character pairings that were never seen before on-screen - something I didn’t ask for but I welcomed very much.\n\n~~~**[Review Summary]**~~~\n\n[Summary of: **Background**]\nI’m a big fan of the GochiUsa anime entries, especially season 2. I’ve been following this season 3 ever since Season 3 was first announced. With a new studio, your worries may come in the beginning episodes but they gain their footing again as the show progressed, don’t worry!\n\n[Summary of: **Story / Plot / Characters**]\nThe great writing was able to set up great storylines and expansion of the world while also setting up a plot structure that allows character growth to shine. New characters are also introduced and done marvelously.\n\n[Summary of: **Visuals / Animation**]\nDon’t expect to see visuals akin to Season 2 and OVA but the new style is still great to look at once you get used to it and you might enjoy it as much as previous seasons or even better! Animation and Visuals have a rocky start in the beginning but improve as the season goes on, definitely give it a chance.\n\n[Summary of: **Audio / Soundtrack / Voice Acting**]\nGreat usage of audio. The OP and ED are what you expect from previous seasons. OST reuses certain tracks and possibly new tracks but I’m unsure, still quality background tracks. Finally, the VAs did an incredible job and you feel the character chemistry happen on-screen. Props to Chino and Rize’s VAs for an incredible job.\n\n[Summary of: **Overall**]\nA rocky start that worried me but it kept on getting better and better to the point where I feel safe in recommending this to fans of the series.\n\n~~~**[Recommendation & Rating]**~~~\n\nI highly recommend this Gochiusa sequel, it does the same things as previous seasons but it adds in new ideas that it feels fresh. Given that this is season 3, you should watch the previous seasons before seeing this one.\n\nIf you liked the previous seasons, you’ll like this new entry. It hits the same story beats as you would expect.\n\nOn my rating scale, I would give this a 9/10 which indicates that I loved this story.\n\nIf you would like to see an explanation of my rating scale, read below. If you would like to see more details in respect to my thoughts, read the rest of the review below.\n\nimg1080(https://cdn.discordapp.com/attachments/409951964949118980/792916964376051712/vlcsnap-00034.png)\n\n---\n\n#**Explaining my Rating Scale**\n\nA common mistake with looking at ratings is how we associate the rating according to our own personal rating scale. An average anime could be seen as a 5, 6, or a 7 depending on the person’s criteria. As you all know, ratings and stories are subjective hence the different tastes as well as rating scales.\n\nMy Personal Rating Scale (Anime):\n\n4 and below = Considered dropped but I finished it for some reason.\n5 = Meh, no rewatch ever.\n6 = Meh, would only rewatch if forced.\n7 = Acceptable and good entertainment, enjoyable.\n8 = Great entertainment, not one of the best though.\n9 = Loved the story!! Not life-changing but incredible!\n10 = Chills, intense emotional catharsis, perfect, and possibly life-changing.\n\nimg1080(https://cdn.discordapp.com/attachments/409951964949118980/792917036408766504/vlcsnap-00066.png)\n\n---\n\n#**Background**\n\nI have watched all of the GochiUsa anime adapted on-screen from Season 1 -> 2 -> OVA. I’m a huge fan of all the anime adapted on-screen and had a great time with all of it. The CGDCT/moe aspect of Season 2 was a huge enjoyment that makes it second to none.\n\nI was waiting for Season 3 ever since I heard about it back in 2016/17. It has been a long time ever since the first announcement of the new season until seeing it air. When I saw the new animation studio for Season 3, I think it’s fair to say that big fans may have been a bit worried given that White Fox, Kinema Citrus, and production doA weren’t working on this aka the studios that worked on the previous seasons and OVA.\n\nSpoiler alert - those worries can come to fruition in the beginning episodes but be rest assured they made the comeback of the century as the season went along!\n\nI watched this with official subtitles while it was airing in Japanese Audio, English subtitles.\n\n\nimg1080(https://cdn.discordapp.com/attachments/491883111651606540/792917256124235786/vlcsnap-00177.png)\n\n---\n\n#**The Review**\n\nNow the review.  I’ll be talking about the anime in the following categories:\n\n**1) Story / Plot / Characters**\n\n~~~**[Evaluation of Story]**~~~\nAs I mentioned before, the story sets up new character pairings and very new situations. It makes the story beats really fresh and interesting. So many different situations with different characters that I never expected to work ended up being quite entertaining thanks to the great writing. They also explore more new things with the setting which adds more to the world in this show.\n\n~~~**[Evaluation of Plot Structure]**~~~\nIt’s episodic-based because it’s a slice of life show, however, it has many subplots happening in the background with references to callbacks here and there. There’s a great flow between episodes as you see characters progress, grow, and learn new things based on how the story goes. The series composition is great with how it handles each episode, a testament to the team.\n\n~~~**[Evaluation of Characters]**~~~\nIt’s the same characters you’ve known since previous seasons and they all end up growing as characters. It’s great to see each character’s personality shine even more as we follow their storylines. Changes for the characters are subtle in nature and make a lot of sense. They also introduce new characters and they do a great job of introducing them into the show!\n\nimg1080(https://cdn.discordapp.com/attachments/491883111651606540/792917332598587392/vlcsnap-00085.png)\n\n\n**2) Visuals / Animation**\n\n~~~**[Evaluation of Visual Art]**~~~\nThere’s a visual style change because this is a new studio. You must adjust your expectations accordingly. The biggest loss to me is the amazing moe factor being lost from Season 2… but, the new studio and animators do a great job in compensating with good art to complement the storylines and scenes. It’s something you’ll have to get used to but once you do, you’ll be in for a treat!! \n\nThe new style is a refreshing treat once you get used to it and who knows, maybe you’ll like it better than previous seasons. It’s not awful looking at all (except the beginning episodes) as they kept upping their game as the season progressed. I felt like there was stonks / linear progression in improvement as the season went along. This is a testament to the animators for this project and I’m grateful they cared about this product this much to continue to improve. Definitely made watching this every week a treat.\n\n~~~**[Evaluation of Animation]**~~~\nThey took a lot of cheap animator tricks in the beginning but I saw them start to properly animate as the season episodes progressed, so definitely don’t stress about the beginning. I feel like they were back to form by the middle and end!\n\nimg1080(https://cdn.discordapp.com/attachments/491883111651606540/792917439914442772/vlcsnap-00078.png)\n\n**3) Audio / Soundtrack / Voice Acting**\n\n~~~**[Evaluation of Show’s Audio]**~~~\nAmazing usage of audio, second-to-none as the director knows how to use it well for comedic purposes. It felt above-average at parts to me personally.\n\n~~~**[Evaluation of OP & ED]**~~~\nThe OP is incredibly cute and a continuation of the previous OP sequences if you pay attention. Song for the OP is what you expect from Gochiusa. As for the ED, we didn’t get the Season 2 ED sequence but you definitely see remnants of it here and there. Song for the ED is what you expect from Gochiusa.\n\nI do like how they brought back the little after-credit gags, so definitely don’t skip!\n\n~~~**[Evaluation of OST]**~~~\nThe OST felt like the same from previous seasons, it’s quite nostalgic in a way hearing the same tracks but it was a welcomed one. I feel like there have been new tracks here and there but someone has to fact-check that lol. Regardless, all of the tracks are great and fit the show. No track seems out of place given the tone/atmosphere of the show and there would be some stand-outs given some scenes too.\n\n~~~**[Evaluation of VA]**~~~\nIf you were ever worried about the new studio, don’t fret. The Seiyuus/VAs were able to do a great job! I felt the same amazing chemistry as the previous season and it was incredibly satisfying to see them voice act throughout the whole season. Maybe it’s my memory but Rize sounds deeper in this season but that could be from me not having seen this show in a long time.\n\nRegardless, A+ to all of the voice actors in this season. No bad moments I can think of as I felt like they all hit it out of the park. Props to Chino’s VA for the A+ effort, you really see it as they show goes on.\n\nimg1080(https://cdn.discordapp.com/attachments/491883111651606540/792917642896998401/vlcsnap-00004.png)\n\n**4) Overall**\n\nI’m really happy that I watched this weekly, I’ve always had a grim feeling that this season would drop the ball at any episode while the show went on from its first episode. However, it kept on getting better and better that I’m really happy with the end result. If you’re a fan of the previous Gochiusa seasons, you MUST watch this new season!\n\n---\n\nHopefully, you learned something useful from the review. Thanks for reading. :)\n\nimg1080(https://cdn.discordapp.com/attachments/491883111651606540/792917750145351711/vlcsnap-00160.png)"},{"id":12753,"score":55,"summary":"It was a bumpy ride and not as entertaining as previous seasons, but Bloom ends on a positive note.","body":"Going into _Bloom_, I found it not as enjoyable as the original series but couldn’t determine exactly why. Besides the worse art, the reasons are nuanced. In addition to the drop in production values, the shift in focus from comedy to light drama and its slower pacing make it harder to watch. The early episodes especially are a drag. However, the show eventually regains that Gochiusa charm in its final 4 episodes, and the story and plot are an improvement over the fluff from previous seasons.\n\nFirst of is the art. There is too much visual bloom. In certain key frames, the background lighting and visual effects are too bright and overpower the characters. Secondly, the background art is not as detailed. One of the key strengths of Gochiusa was its visual appeal, and the background environment in previous seasons would entrance the audience in a Venice-like world with photorealism and beautiful textures. The background art in Bloom is more cartoony and lacks the detail and realism. Eventually the background art does improve, but not until episode 11 did I find the background art to be as remarkable and on par.\n\nThe music is standard and repetitive. The soundtrack borrows heavily from the previous seasons. If you like the soundtrack in previous installments, you’ll be content with this. However, the music never stands out; there are no interesting new soundtracks, and the show reuses and recycles many of the previous OST (that or the new songs sound too alike). For comparison, the second season added new background music, like “Komatta naa,” a catchy beat for Syaro’s shenanigans. The lack of new music isn’t a dealbreaker, but it was disappointing for me because music was one of the series’ strong suit and fans waited so long for a new season. \n\nThe ED is solid on the first watch but skippable afterwards. The wonderland sequence pays homage to the first season’s opening, and the animation was great and stands out. The song though is not memorable and one of Chiname Corps’ weaker songs. The ED is still an improvement over season 1’s ED though. As for the OP, it’s memorable. The opening song takes getting used to, but it’s catchy.\n\nOne thing disappointing about Bloom was the loss of one of the series’ strengths - the episodic format with a focus on comedy. Usually, Gochiusa manages to fit multiple comedic skits into one episode to create a light-hearted, fun show. The new season though tries its hand at having a cohesive plot for the entire episode. This allows for a more “serious” and deeper story (at least when it comes to Gochiusa standards) but at the expense of comedy and pacing. Unfunny jokes and comedic bits overstay their welcome, and the pacing is noticeably slower. I also found the comedy to be lacking initially, and the first time I remembered laughing at a joke was on episode 8 (whereas Gochiusa season 1 started hitting the audience with jokes on the very first episode). Comedy is subjective though, so your experience may vary.\n\nBloom gets some things right. In contrast to Sing for You, Bloom finally adds much-needed back story on Chino’s mom. Sing for You dangled the mystery of Chino’s mom without addressing it, but Bloom delivers on that premise. In addition, Episode 7 has one of the best scenes in Gochiusa (more on that later). Gochiusa always lacked those tender, heartfelt moments - with previous seasons preferring instead to interrupt those moments with slapstick comedy; in contrast, Bloom lets (some of) those scenes linger for maximum feels.\n\nBoth a pro and a con: although the plot continuity takes the focus off comedy, it also introduces change to the dynamic, changing Gochiusa from high-quality fluff (with some themes in the background, like friendship and overcoming shyness) to a story about growing up and dealing with change. Watching these girls grow up, change, and have to deal with being apart was uncomfortable and made me realize how the status quo of Gochiusa might change (I loved the group dynamic and would hate to see the gang split up); but it was also deep, as it mirrored the same unease that accompanies graduation and moving on. The show also receives credit for resolving loose plot points from previous installments, like Maya’s new school (season 2 episode 8) and Chino’s mom (Sing for You).\n\nSome minor nitpicks I had with the early episodes were that they were disorientating. Cocoa’s and Chiya’s classmates are not introduced well in episode 4. They are introduced as if the audience is already familiar with them, and they interact with Chiya and Cocoa with high familiarity. Yet the minor characters only had brief cameos in second 2, so their presence in Bloom was disorientating and confusing, as if I was missing prior info. Compare this to season 1: Maya and Megumi were introduced as if Chino already knew them, but the show spends an entire episode to flesh out their personalities and characters. In contrast, the class president and the rest of Chiya’s classmates never get the time needed to develop their personalities, and they end up as flat characters, with their only other major appearance being in episode 9.  Furthermore, Episode 3 of Bloom relied on a minor plot point from season two - the Chiname Corps graduating from middle schools and deciding on their future high school. A flashback would have helped here, as the related episode aired 5 years ago. Even if one binges the Gochiusa series, the plot point was so minor that it is still possible to forget or not notice (it was introduced in episode 8 of season 2 but sidelined with a stalker comedic bit).\n\nI did enjoy the last few episodes though, with that trademark humor and those production values returning, even if the light drama was still unsettling and the pacing dragged on. The post-credit scene on the final episode has a certain charm to it. It was a bumpy ride and not as entertaining as previous seasons, but Bloom ends on a positive note.\n\n__C__\n\n~!Ep 7 is the best and worst episode of Gochiusa. The first half is a tedious, unfunny Halloween bit that lasts for over 12 minutes. I had to stop watching on this episode because it was so dull, and it took 3-4 rewatch attempts before I could muster the diligence to sit through it. The ending scene though is peak Gochisua. When Cocoa gets lost, there’s this supernatural scene as if from a fairy tale. It portrays such a tender interaction between two characters, with the musical notes hitting at the right time and a flashback to accentuate the moment, it was beautiful.!~"}],"siteUrl":"https://anilist.co/anime/104198","autoCreateForumThread":false,"modNotes":null,"stats":{"scoreDistribution":[{"score":10,"amount":34},{"score":20,"amount":16},{"score":30,"amount":30},{"score":40,"amount":64},{"score":50,"amount":159},{"score":60,"amount":383},{"score":70,"amount":1114},{"score":80,"amount":1611},{"score":90,"amount":1157},{"score":100,"amount":767}],"statusDistribution":[{"status":"CURRENT","amount":1354},{"status":"PLANNING","amount":7607},{"status":"COMPLETED","amount":7458},{"status":"DROPPED","amount":384},{"status":"PAUSED","amount":534}]},"isRecommendationBlocked":false,"recommendations":[{"mediaRecommendation":{"id":5680,"title":{"romaji":"K-ON!","english":"K-ON!","native":"けいおん!","userPreferred":"K-ON!"},"type":"ANIME"}},{"mediaRecommendation":{"id":17549,"title":{"romaji":"Non Non Biyori","english":"Non Non Biyori","native":"のんのんびより","userPreferred":"Non Non Biyori"},"type":"ANIME"}},{"mediaRecommendation":{"id":97994,"title":{"romaji":"Blend S","english":"BLEND-S","native":"ブレンド・S","userPreferred":"Blend S"},"type":"ANIME"}},{"mediaRecommendation":{"id":16732,"title":{"romaji":"Kiniro Mosaic","english":"KINMOZA!","native":"きんいろモザイク","userPreferred":"Kiniro Mosaic"},"type":"ANIME"}},{"mediaRecommendation":{"id":1887,"title":{"romaji":"Lucky☆Star","english":"Lucky☆Star","native":"らき☆すた","userPreferred":"Lucky☆Star"},"type":"ANIME"}},{"mediaRecommendation":{"id":87517,"title":{"romaji":"Hinako Note","english":null,"native":"ひなこのーと","userPreferred":"Hinako Note"},"type":"ANIME"}},{"mediaRecommendation":{"id":109403,"title":{"romaji":"Non Non Biyori: Nonstop","english":"Non Non Biyori Nonstop","native":"のんのんびより のんすとっぷ","userPreferred":"Non Non Biyori: Nonstop"},"type":"ANIME"}},{"mediaRecommendation":{"id":101386,"title":{"romaji":"Hitoribocchi no ○○ Seikatsu","english":"Hitoribocchi no Marumaruseikatsu","native":"ひとりぼっちの○○生活","userPreferred":"Hitoribocchi no ○○ Seikatsu"},"type":"ANIME"}},{"mediaRecommendation":{"id":102680,"title":{"romaji":"Watashi ni Tenshi ga Maiorita!","english":"WATATEN!: an Angel Flew Down to Me","native":"私に天使が舞い降りた！","userPreferred":"Watashi ni Tenshi ga Maiorita!"},"type":"ANIME"}}]}