{"id":104103,"idMal":38083,"title":{"romaji":"Ken En Ken: Aoki Kagayaki","english":"Xuan Yuan Sword Luminary","native":"軒轅剣 蒼き曜","userPreferred":"Ken En Ken: Aoki Kagayaki"},"format":"TV","status":"FINISHED","episodes":13,"description":"Yin and Ning are two sisters who have been wandering the land together ever since their village was destroyed by the villainous Taibai Empire. Their childhood friend, Zhao, has been enslaved by the Taibai himself, and uses his brilliance at tinkering and inventing to get by as a slave to the Empire's whims. One day, Yin accidentally discovers a legendary sword, which grants her fantastic abilities in combat, and allows her to summon a mystical, mechanical fox spirit named Yun, who is sworn to fight by her side. Meanwhile, Zhao is making fast friends with a mysterious young girl who just may hold a great amount of power within the Taibai Empire. As Zhao and the Fu sisters find themselves increasingly caught up in the Empire's battle for supremacy over the land, it will take all of the magic and might that the budding resistance armies can muster to turn the tide of war once and for all.\n\n\n<br><br>\n(Source: Anime News Network)","startDate":{"year":2018,"month":10,"day":2},"endDate":{"year":2018,"month":12,"day":25},"season":"FALL","seasonYear":2018,"duration":24,"countryOfOrigin":"JP","isLicensed":true,"source":"VIDEO_GAME","hashtag":null,"trailer":"https://www.dailymotion.com/video/x6t91e1","updatedAt":1706265268,"coverImage":{"large":"https://s4.anilist.co/file/anilistcdn/media/anime/cover/medium/n104103-HMkHJplnvSm8.jpg","medium":"https://s4.anilist.co/file/anilistcdn/media/anime/cover/medium/n104103-HMkHJplnvSm8.jpg","small":"https://s4.anilist.co/file/anilistcdn/media/anime/cover/small/n104103-HMkHJplnvSm8.jpg","color":"#f18635"},"bannerImage":"https://s4.anilist.co/file/anilistcdn/media/anime/banner/n104103-mHbCMjAhXVSQ.jpg","genres":["Action","Adventure","Fantasy"],"synonyms":["Xuan-Yuan Sword: Aoki Kagayaki","Xuan-Yuan Sword: Lights of the Bleak","轩辕剑‧苍之曜"],"averageScore":54,"meanScore":54,"favourites":24,"popularity":4198,"trending":0,"tags":[{"id":105,"name":"Ensemble Cast","isMediaSpoiler":false},{"id":175,"name":"Robots","isMediaSpoiler":false},{"id":43,"name":"Swordplay","isMediaSpoiler":false},{"id":29,"name":"Magic","isMediaSpoiler":false},{"id":30,"name":"Martial Arts","isMediaSpoiler":false},{"id":90,"name":"CGI","isMediaSpoiler":false},{"id":15,"name":"Demons","isMediaSpoiler":false},{"id":86,"name":"Primarily Female Cast","isMediaSpoiler":false},{"id":143,"name":"Survival","isMediaSpoiler":false}],"relations":[],"characters":[{"id":129039,"name":"Ji Meng"},{"id":129038,"name":"Ning Fu"},{"id":129040,"name":"Yin Fu"},{"id":129041,"name":"Yun"},{"id":129042,"name":"Zhou Pu"},{"id":129043,"name":"Heng Mo"},{"id":129045,"name":"Ance"},{"id":129044,"name":"Can Lang"},{"id":129047,"name":"Cheng Long"},{"id":129048,"name":"Chu Xiang"},{"id":129046,"name":"Chi Luanti"},{"id":129049,"name":"Rou Muyu"},{"id":129050,"name":"Wuxu Xin"},{"id":129051,"name":"Xiao Long"},{"id":129053,"name":"Yue Shang"},{"id":129052,"name":"Yuan Tuoba"},{"id":129054,"name":"Zhen Baili"},{"id":129055,"name":"Yuezhi Tan"}],"staff":[{"id":102034,"name":"Katsuhiko Takayama"},{"id":101189,"name":"Hiroshi Watanabe"},{"id":116299,"name":"Michinori Chiba"},{"id":95081,"name":"Nana Mizuki"},{"id":106867,"name":"9nine"},{"id":120031,"name":"Masakazu Miyake"},{"id":102034,"name":"Katsuhiko Takayama"},{"id":110625,"name":"Masayuki Kawaguchi"},{"id":129033,"name":"Imari Katsuragi"},{"id":129034,"name":"Seiji Hotta"},{"id":129035,"name":"Yuika Shiraishi"},{"id":129036,"name":"Kazuzou Hamano"},{"id":129037,"name":"Yuuki Koike"}],"studios":[{"id":37,"name":"Studio DEEN","isAnimationStudio":true}],"isFavourite":false,"isAdult":false,"isLocked":false,"nextAiringEpisode":null,"airingSchedule":[{"airingAt":1538413500,"timeUntilAiring":-167887794,"episode":1},{"airingAt":1539018300,"timeUntilAiring":-167282994,"episode":2},{"airingAt":1539623100,"timeUntilAiring":-166678194,"episode":3},{"airingAt":1540227900,"timeUntilAiring":-166073394,"episode":4},{"airingAt":1540832700,"timeUntilAiring":-165468594,"episode":5},{"airingAt":1541437500,"timeUntilAiring":-164863794,"episode":6},{"airingAt":1542042300,"timeUntilAiring":-164258994,"episode":7},{"airingAt":1542647100,"timeUntilAiring":-163654194,"episode":8},{"airingAt":1543251900,"timeUntilAiring":-163049394,"episode":9},{"airingAt":1543856700,"timeUntilAiring":-162444594,"episode":10},{"airingAt":1544461500,"timeUntilAiring":-161839794,"episode":11},{"airingAt":1545066300,"timeUntilAiring":-161234994,"episode":12},{"airingAt":1545671100,"timeUntilAiring":-160630194,"episode":13}],"trends":[{"date":1536418800,"trending":2,"popularity":0,"inProgress":null},{"date":1536591600,"trending":3,"popularity":3,"inProgress":null},{"date":1536678000,"trending":2,"popularity":7,"inProgress":null},{"date":1536764400,"trending":2,"popularity":6,"inProgress":null},{"date":1536850800,"trending":1,"popularity":10,"inProgress":1},{"date":1536937200,"trending":3,"popularity":13,"inProgress":1},{"date":1537110000,"trending":1,"popularity":15,"inProgress":1},{"date":1537196400,"trending":2,"popularity":17,"inProgress":2},{"date":1537282800,"trending":2,"popularity":17,"inProgress":2},{"date":1537369200,"trending":2,"popularity":21,"inProgress":3},{"date":1537455600,"trending":3,"popularity":25,"inProgress":4},{"date":1537542000,"trending":2,"popularity":30,"inProgress":4},{"date":1537628400,"trending":5,"popularity":30,"inProgress":4},{"date":1537714800,"trending":3,"popularity":41,"inProgress":5},{"date":1537801200,"trending":3,"popularity":44,"inProgress":5},{"date":1537887600,"trending":4,"popularity":44,"inProgress":5},{"date":1537974000,"trending":3,"popularity":52,"inProgress":7},{"date":1538060400,"trending":5,"popularity":58,"inProgress":10},{"date":1538146800,"trending":5,"popularity":58,"inProgress":10},{"date":1538233200,"trending":5,"popularity":73,"inProgress":15},{"date":1538319600,"trending":4,"popularity":78,"inProgress":18},{"date":1538406000,"trending":96,"popularity":89,"inProgress":25},{"date":1538492400,"trending":115,"popularity":89,"inProgress":25},{"date":1538578800,"trending":43,"popularity":205,"inProgress":122},{"date":1538665200,"trending":40,"popularity":299,"inProgress":190}],"externalLinks":["http://xuanyuansword.net/index.html","http://www.tv-tokyo.co.jp/anime/kenenken/","https://www.crunchyroll.com/xuan-yuan-sword-luminary"],"streamingEpisodes":[{"title":"Episode 1 - The Beginning","thumbnail":"https://img1.ak.crunchyroll.com/i/spire3-tmb/e3266fd83cff7ee675812f5dfdf4792c1538374835_full.jpg","url":"http://www.crunchyroll.com/xuan-yuan-sword-luminary/episode-1-the-beginning-777463","site":"Crunchyroll"},{"title":"Episode 2 - The Work of Memory","thumbnail":"https://img1.ak.crunchyroll.com/i/spire3-tmb/79a6fa8ef71a6768e25179ac862e3a451539013869_full.jpg","url":"http://www.crunchyroll.com/xuan-yuan-sword-luminary/episode-2-the-work-of-memory-777464","site":"Crunchyroll"},{"title":"Episode 3 - The Sword of Sorrow","thumbnail":"https://img1.ak.crunchyroll.com/i/spire3-tmb/c5e67208524e859cfaf2960eb72ec8b31539606153_full.jpg","url":"http://www.crunchyroll.com/xuan-yuan-sword-luminary/episode-3-the-sword-of-sorrow-777465","site":"Crunchyroll"},{"title":"Episode 4 - Fate's Jest","thumbnail":"https://img1.ak.crunchyroll.com/i/spire4-tmb/d755acf2f4ee93d43aecd4aa2ddd62431540226778_full.jpg","url":"http://www.crunchyroll.com/xuan-yuan-sword-luminary/episode-4-fates-jest-777466","site":"Crunchyroll"},{"title":"Episode 5 - The Courage to Set Out","thumbnail":"https://img1.ak.crunchyroll.com/i/spire3-tmb/c6102639385bc65cb61d4cb9bffed6ed1540831917_full.jpg","url":"http://www.crunchyroll.com/xuan-yuan-sword-luminary/episode-5-the-courage-to-set-out-777467","site":"Crunchyroll"},{"title":"Episode 6 - Their Bond","thumbnail":"https://img1.ak.crunchyroll.com/i/spire2-tmb/6f211083aa13f82ab97682f43c75d5751541393678_full.jpg","url":"http://www.crunchyroll.com/xuan-yuan-sword-luminary/episode-6-their-bond-777468","site":"Crunchyroll"},{"title":"Episode 7 - Complicated Feelings","thumbnail":"https://img1.ak.crunchyroll.com/i/spire2-tmb/c116ff82220058a2a279d1089eb7883f1542034994_full.jpg","url":"http://www.crunchyroll.com/xuan-yuan-sword-luminary/episode-7-complicated-feelings-777469","site":"Crunchyroll"},{"title":"Episode 8 - The Black Fire Armor","thumbnail":"https://img1.ak.crunchyroll.com/i/spire4-tmb/eee0dd850237458d1e1bd4b4ebb2815e1542602044_full.jpg","url":"http://www.crunchyroll.com/xuan-yuan-sword-luminary/episode-8-the-black-fire-armor-777470","site":"Crunchyroll"},{"title":"Episode 9 - The Palace of Strategy","thumbnail":"https://img1.ak.crunchyroll.com/i/spire4-tmb/c965a4580d6c0683ed929b9db5c809d31543256053_full.jpg","url":"http://www.crunchyroll.com/xuan-yuan-sword-luminary/episode-9-the-palace-of-strategy-777471","site":"Crunchyroll"},{"title":"Episode 10 - The Drops of Interrogation","thumbnail":"https://img1.ak.crunchyroll.com/i/spire3-tmb/2904addb706e6875773c04c1b4132fae1543829705_full.jpg","url":"http://www.crunchyroll.com/xuan-yuan-sword-luminary/episode-10-the-drops-of-interrogation-777472","site":"Crunchyroll"},{"title":"Episode 11 - The Blade of Love and Hate","thumbnail":"https://img1.ak.crunchyroll.com/i/spire2-tmb/39f600aa1a3461519629f0f88a5bbb1e1544415278_full.jpg","url":"http://www.crunchyroll.com/xuan-yuan-sword-luminary/episode-11-the-blade-of-love-and-hate-777473","site":"Crunchyroll"},{"title":"Episode 12 - The Guilt of Forgetfulness","thumbnail":"https://img1.ak.crunchyroll.com/i/spire3-tmb/4120dbfb05d97b95862023a0f60d9ec61545060120_full.jpg","url":"http://www.crunchyroll.com/xuan-yuan-sword-luminary/episode-12-the-guilt-of-forgetfulness-777474","site":"Crunchyroll"},{"title":"Episode 13 - The Sky Fortress","thumbnail":"https://img1.ak.crunchyroll.com/i/spire3-tmb/02c58aac7cd99a50e82fe0aa457a490e1545696669_full.jpg","url":"http://www.crunchyroll.com/xuan-yuan-sword-luminary/episode-13-the-sky-fortress-777475","site":"Crunchyroll"}],"rankings":[],"mediaListEntry":null,"reviews":null,"siteUrl":"https://anilist.co/anime/104103","autoCreateForumThread":false,"modNotes":null,"stats":{"scoreDistribution":[{"score":10,"amount":37},{"score":20,"amount":48},{"score":30,"amount":83},{"score":40,"amount":144},{"score":50,"amount":228},{"score":60,"amount":240},{"score":70,"amount":209},{"score":80,"amount":77},{"score":90,"amount":34},{"score":100,"amount":30}],"statusDistribution":[{"status":"CURRENT","amount":388},{"status":"PLANNING","amount":1620},{"status":"COMPLETED","amount":1344},{"status":"DROPPED","amount":665},{"status":"PAUSED","amount":181}]},"isRecommendationBlocked":false,"recommendations":[{"mediaRecommendation":{"id":101922,"title":{"romaji":"Kimetsu no Yaiba","english":"Demon Slayer: Kimetsu no Yaiba","native":"鬼滅の刃","userPreferred":"Kimetsu no Yaiba"},"type":"ANIME"}},{"mediaRecommendation":{"id":20935,"title":{"romaji":"Arslan Senki (TV)","english":"The Heroic Legend of Arslan","native":"アルスラーン戦記 (TV)","userPreferred":"Arslan Senki (TV)"},"type":"ANIME"}},{"mediaRecommendation":{"id":12031,"title":{"romaji":"Kingdom","english":"Kingdom","native":"キングダム","userPreferred":"Kingdom"},"type":"ANIME"}}]}