{"id":105928,"idMal":38707,"title":{"romaji":"RobiHachi","english":"RobiHachi","native":"RobiHachi","userPreferred":"RobiHachi"},"format":"TV","status":"FINISHED","episodes":12,"description":"The anime's story is set in Neo Tokyo in the year G.C. (Galaxy Century) 0051, which marks a half century since first contact was made. Humans have obtained super light-speed navigation technology and formed a commonwealth of planets with aliens. A streak of bad luck is continuing for self-proclaimed freelance reportage writer Robby Yarge, who is around 30 years old. He fails at work, so his contract is cut. His girlfriend leaves him, he nearly dies in a traffic accident, and debt collectors come after him.<br><br>\n\nOne day, a bag snatcher steals Robby's bag, and a young man helps him. Hatchi Kita, an 18-year-old part-time worker, catches the criminal and returns Robby's bag. Robby offers him his gratitude and a meal in return. The pair discover they are complete opposites and soon part ways.<br><br>\n\nHowever, Hatchi turns up again in Robby's life as a debt collector. Hatchi explains that it's his part-time job working for the loan shark Yan. A cat-and-mouse chase begins, and Yan's Finance president Yan takes his subordinates Aro and Gra along for the ride. Robby manages to elude Hatchi and escape to space while shaking off Yan's group. Robby thinks of escaping to Isekandar, a distant and legendary planet in the Milky Way that is said to bring happiness to those who go there. Though Robby thought he had escaped to space alone, he discovers Hatchi inside his spaceship. The two decide to travel across the galaxy together in search of Isekandar.<br><br>\n\n(Source: Anime News Network)","startDate":{"year":2019,"month":4,"day":8},"endDate":{"year":2019,"month":6,"day":24},"season":"SPRING","seasonYear":2019,"duration":24,"countryOfOrigin":"JP","isLicensed":true,"source":"ORIGINAL","hashtag":"#robihachi","trailer":"https://www.youtube.com/watch?v=fpO5bgWjpWY","updatedAt":1706292582,"coverImage":{"large":"https://s4.anilist.co/file/anilistcdn/media/anime/cover/large/bx105928-9lm74ot8tTj6.jpg","medium":"https://s4.anilist.co/file/anilistcdn/media/anime/cover/medium/bx105928-9lm74ot8tTj6.jpg","small":"https://s4.anilist.co/file/anilistcdn/media/anime/cover/small/bx105928-9lm74ot8tTj6.jpg","color":"#431a6b"},"bannerImage":"https://s4.anilist.co/file/anilistcdn/media/anime/banner/105928-q45IzBsZBAy7.jpg","genres":["Adventure","Comedy","Mecha","Sci-Fi"],"synonyms":null,"averageScore":59,"meanScore":60,"favourites":92,"popularity":9629,"trending":0,"tags":[{"id":63,"name":"Space","isMediaSpoiler":false},{"id":226,"name":"Fugitive","isMediaSpoiler":false},{"id":191,"name":"Aliens","isMediaSpoiler":false},{"id":88,"name":"Primarily Male Cast","isMediaSpoiler":false},{"id":193,"name":"Episodic","isMediaSpoiler":false},{"id":159,"name":"Super Robot","isMediaSpoiler":true},{"id":109,"name":"Primarily Adult Cast","isMediaSpoiler":false},{"id":75,"name":"Boys' Love","isMediaSpoiler":false}],"relations":[],"characters":[{"id":138013,"name":"Robby Yarge"},{"id":138014,"name":"Allo"},{"id":138015,"name":"Yang"},{"id":138016,"name":"Hatchi Kita"},{"id":138018,"name":"JPS-19"},{"id":138017,"name":"Gras"},{"id":138911,"name":"Wombat"}],"staff":[{"id":127370,"name":"Yuuko Yahiro"},{"id":100152,"name":"Shinji Takamatsu"},{"id":130467,"name":"Hiroko Kanasugi"},{"id":130467,"name":"Hiroko Kanasugi"},{"id":116923,"name":"Shin Misawa"},{"id":101014,"name":"Reiko Kasuga"},{"id":148348,"name":"Michiko Fujimoto"},{"id":143676,"name":"Ryouta Katsuta"},{"id":149067,"name":"Yamazo"},{"id":155742,"name":"Ikurou Ishihara"},{"id":159824,"name":"Maki Yamamoto"},{"id":159825,"name":"Yuuichi Ishii"},{"id":204816,"name":"Taiga Umatani"},{"id":120048,"name":"Tomoko Miyakawa"},{"id":120048,"name":"Tomoko Miyakawa"},{"id":238534,"name":"Fumiyo Saitou"},{"id":199577,"name":"Eiichi Morita"},{"id":197106,"name":"Rumi Takahashi"},{"id":209820,"name":"Takashi Matsumoto"},{"id":209819,"name":"Manami Ishiguro"}],"studios":[{"id":126,"name":"Studio Comet","isAnimationStudio":true}],"isFavourite":false,"isAdult":false,"isLocked":false,"nextAiringEpisode":null,"airingSchedule":[{"airingAt":1554733800,"timeUntilAiring":-151566539,"episode":1},{"airingAt":1555338600,"timeUntilAiring":-150961739,"episode":2},{"airingAt":1555943400,"timeUntilAiring":-150356939,"episode":3},{"airingAt":1556548200,"timeUntilAiring":-149752139,"episode":4},{"airingAt":1557153000,"timeUntilAiring":-149147339,"episode":5},{"airingAt":1557757800,"timeUntilAiring":-148542539,"episode":6},{"airingAt":1558362600,"timeUntilAiring":-147937739,"episode":7},{"airingAt":1558967400,"timeUntilAiring":-147332939,"episode":8},{"airingAt":1559572200,"timeUntilAiring":-146728139,"episode":9},{"airingAt":1560177000,"timeUntilAiring":-146123339,"episode":10},{"airingAt":1560781800,"timeUntilAiring":-145518539,"episode":11},{"airingAt":1561386600,"timeUntilAiring":-144913739,"episode":12}],"trends":[{"date":1543676400,"trending":3,"popularity":0,"inProgress":null},{"date":1543762800,"trending":4,"popularity":4,"inProgress":null},{"date":1543849200,"trending":3,"popularity":8,"inProgress":null},{"date":1544022000,"trending":1,"popularity":12,"inProgress":null},{"date":1544108400,"trending":1,"popularity":14,"inProgress":null},{"date":1544194800,"trending":1,"popularity":15,"inProgress":null},{"date":1544281200,"trending":2,"popularity":17,"inProgress":null},{"date":1544367600,"trending":1,"popularity":19,"inProgress":null},{"date":1544454000,"trending":1,"popularity":20,"inProgress":null},{"date":1544540400,"trending":1,"popularity":21,"inProgress":null},{"date":1544713200,"trending":1,"popularity":22,"inProgress":null},{"date":1544799600,"trending":1,"popularity":24,"inProgress":null},{"date":1544886000,"trending":1,"popularity":25,"inProgress":null},{"date":1544972400,"trending":1,"popularity":25,"inProgress":null},{"date":1545058800,"trending":2,"popularity":26,"inProgress":null},{"date":1545231600,"trending":2,"popularity":28,"inProgress":null},{"date":1545404400,"trending":2,"popularity":32,"inProgress":null},{"date":1545490800,"trending":2,"popularity":33,"inProgress":null},{"date":1545577200,"trending":1,"popularity":36,"inProgress":null},{"date":1545750000,"trending":1,"popularity":38,"inProgress":null},{"date":1545836400,"trending":1,"popularity":41,"inProgress":null},{"date":1546182000,"trending":3,"popularity":47,"inProgress":1},{"date":1546354800,"trending":3,"popularity":50,"inProgress":1},{"date":1546441200,"trending":4,"popularity":54,"inProgress":2},{"date":1546527600,"trending":6,"popularity":59,"inProgress":3}],"externalLinks":["https://robihachi.jp/","https://twitter.com/RobiHachi_anime","https://www.funimation.com/shows/robihachi/","https://www.hulu.com/robihachi","https://www.crunchyroll.com/robihachi"],"streamingEpisodes":[{"title":"Episode 1 - Traveling Companions; Journey to the Star","thumbnail":"https://img1.ak.crunchyroll.com/i/spire4-tmb/d3a06dfa949f88bc5995d7246d3a835c1668929361_full.jpg","url":"http://www.crunchyroll.com/robihachi/episode-1-traveling-companions-journey-to-the-star-879546","site":"Crunchyroll"},{"title":"Episode 2 - Truth Found from an Octopus","thumbnail":"https://img1.ak.crunchyroll.com/i/spire3-tmb/0bd9573c9a16ab7b802163f3808323ab1668929409_full.jpg","url":"http://www.crunchyroll.com/robihachi/episode-2-truth-found-from-an-octopus-879547","site":"Crunchyroll"},{"title":"Episode 3 - Pique on Planet Pluto","thumbnail":"https://img1.ak.crunchyroll.com/i/spire3-tmb/d4d381c4cf020d3748ab7dbae5b9e6cb1668929527_full.jpg","url":"http://www.crunchyroll.com/robihachi/episode-3-pique-on-planet-pluto-879548","site":"Crunchyroll"},{"title":"Episode 4 - Merfolk on the End of the Pole","thumbnail":"https://img1.ak.crunchyroll.com/i/spire3-tmb/770e4f94533d9cc20e777f824e8169151668929970_full.jpg","url":"http://www.crunchyroll.com/robihachi/episode-4-merfolk-on-the-end-of-the-pole-879549","site":"Crunchyroll"},{"title":"Episode 5 - The Don Opens All Doors","thumbnail":"https://img1.ak.crunchyroll.com/i/spire2-tmb/0cdfd54b639b9b254a9d002bcac3651e1668929962_full.jpg","url":"http://www.crunchyroll.com/robihachi/episode-5-the-don-opens-all-doors-879551","site":"Crunchyroll"},{"title":"Episode 6 - Qu-eel-le Surprise","thumbnail":"https://img1.ak.crunchyroll.com/i/spire1-tmb/c1208c90e3bc84213d080e4f109620061668930069_full.jpg","url":"http://www.crunchyroll.com/robihachi/episode-6-qu-eel-le-surprise-879553","site":"Crunchyroll"},{"title":"Episode 7 - Land of Dreams Just Ahead","thumbnail":"https://img1.ak.crunchyroll.com/i/spire4-tmb/97d1c8988d4a61a92e5e42b38304507f1668930081_full.jpg","url":"http://www.crunchyroll.com/robihachi/episode-7-land-of-dreams-just-ahead-879555","site":"Crunchyroll"},{"title":"Episode 8 - Heads I'm Tin, Tails You Lose","thumbnail":"https://img1.ak.crunchyroll.com/i/spire1-tmb/c124a855ae2544e1453368cb14d144b61668931087_full.jpg","url":"http://www.crunchyroll.com/robihachi/episode-8-heads-im-tin-tails-you-lose-879556","site":"Crunchyroll"},{"title":"Episode 9 - The Family That Stays Together, Hizakuriger","thumbnail":"https://img1.ak.crunchyroll.com/i/spire3-tmb/598c47f71cafedd169bee90f1c545e961668931156_full.jpg","url":"http://www.crunchyroll.com/robihachi/episode-9-the-family-that-stays-together-hizakuriger-879557","site":"Crunchyroll"},{"title":"Episode 10 - Never Get Involved in a Buddies’ Quarrel","thumbnail":"https://img1.ak.crunchyroll.com/i/spire2-tmb/3cc52f622e410945444460042501cb821668931208_full.jpg","url":"http://www.crunchyroll.com/robihachi/episode-10-never-get-involved-in-a-buddies-quarrel-879558","site":"Crunchyroll"},{"title":"Episode 11 - Common Fame Is a Common Isekandar","thumbnail":"https://img1.ak.crunchyroll.com/i/spire1-tmb/7a75a2a99123588dde6375f006e8f3b41668931268_full.jpg","url":"http://www.crunchyroll.com/robihachi/episode-11-common-fame-is-a-common-isekandar-879559","site":"Crunchyroll"},{"title":"Episode 12 - Dream of the Moon, Dream of the Earth","thumbnail":"https://img1.ak.crunchyroll.com/i/spire3-tmb/eb4f1fedd2e9110c907ae453f261c49c1668931330_full.jpg","url":"http://www.crunchyroll.com/robihachi/episode-12-dream-of-the-moon-dream-of-the-earth-879562","site":"Crunchyroll"}],"rankings":[{"rank":23,"type":"RATED","context":"highest rated","year":2019,"season":"SPRING"},{"rank":19,"type":"POPULAR","context":"most popular","year":2019,"season":"SPRING"}],"mediaListEntry":null,"reviews":null,"siteUrl":"https://anilist.co/anime/105928","autoCreateForumThread":false,"modNotes":null,"stats":{"scoreDistribution":[{"score":10,"amount":80},{"score":20,"amount":61},{"score":30,"amount":141},{"score":40,"amount":251},{"score":50,"amount":464},{"score":60,"amount":581},{"score":70,"amount":566},{"score":80,"amount":346},{"score":90,"amount":216},{"score":100,"amount":101}],"statusDistribution":[{"status":"CURRENT","amount":622},{"status":"PLANNING","amount":3821},{"status":"COMPLETED","amount":3047},{"status":"DROPPED","amount":1713},{"status":"PAUSED","amount":426}]},"isRecommendationBlocked":false,"recommendations":[{"mediaRecommendation":{"id":3305,"title":{"romaji":"Muteki Koujin Daitarn 3","english":null,"native":"無敵鋼人ダイターン３","userPreferred":"Muteki Koujin Daitarn 3"},"type":"ANIME"}},{"mediaRecommendation":{"id":20057,"title":{"romaji":"Space☆Dandy","english":"Space Dandy","native":"スペース☆ダンディ","userPreferred":"Space☆Dandy"},"type":"ANIME"}},{"mediaRecommendation":{"id":100009,"title":{"romaji":"Uchuu Senkan Tiramisu","english":"Space Battleship Tiramisu","native":"宇宙戦艦ティラミス","userPreferred":"Uchuu Senkan Tiramisu"},"type":"ANIME"}},{"mediaRecommendation":{"id":569,"title":{"romaji":"Musekinin Kanchou Tylor","english":"The Irresponsible Captain Tylor","native":"無責任艦長タイラー","userPreferred":"Musekinin Kanchou Tylor"},"type":"ANIME"}},{"mediaRecommendation":{"id":218,"title":{"romaji":"Kidou Senkan Nadesico","english":"Martian Successor Nadesico","native":"機動戦艦ナデシコ","userPreferred":"Kidou Senkan Nadesico"},"type":"ANIME"}},{"mediaRecommendation":{"id":20877,"title":{"romaji":"Binan Koukou Chikyuu Bouei-bu LOVE!","english":"Cute High Earth Defense Club LOVE!","native":"美男高校地球防衛部LOVE!","userPreferred":"Binan Koukou Chikyuu Bouei-bu LOVE!"},"type":"ANIME"}},{"mediaRecommendation":{"id":101261,"title":{"romaji":"Sarazanmai","english":"Sarazanmai","native":"さらざんまい","userPreferred":"Sarazanmai"},"type":"ANIME"}},{"mediaRecommendation":{"id":19365,"title":{"romaji":"Samurai Flamenco","english":"Samurai Flamenco","native":"サムライフラメンコ","userPreferred":"Samurai Flamenco"},"type":"ANIME"}},{"mediaRecommendation":{"id":101318,"title":{"romaji":"DOUBLE DECKER! Doug & Kirill","english":"DOUBLE DECKER! DOUG & KIRILL","native":"DOUBLE DECKER! ダグ＆キリル","userPreferred":"DOUBLE DECKER! Doug & Kirill"},"type":"ANIME"}},{"mediaRecommendation":{"id":918,"title":{"romaji":"Gintama","english":"Gintama","native":"銀魂","userPreferred":"Gintama"},"type":"ANIME"}},{"mediaRecommendation":{"id":130591,"title":{"romaji":"Sabikui Bisco","english":"Sabikui Bisco","native":"錆喰いビスコ","userPreferred":"Sabikui Bisco"},"type":"ANIME"}},{"mediaRecommendation":{"id":124153,"title":{"romaji":"SK∞","english":"SK8 the Infinity","native":"SK∞ エスケーエイト","userPreferred":"SK∞"},"type":"ANIME"}},{"mediaRecommendation":{"id":9941,"title":{"romaji":"TIGER & BUNNY","english":"Tiger & Bunny","native":"TIGER & BUNNY","userPreferred":"TIGER & BUNNY"},"type":"ANIME"}},{"mediaRecommendation":{"id":165598,"title":{"romaji":"Yuuki Bakuhatsu Bang Bravern","english":"Brave Bang Bravern!","native":"勇気爆発バーンブレイバーン","userPreferred":"Yuuki Bakuhatsu Bang Bravern"},"type":"ANIME"}}]}