{"id":107651,"idMal":39184,"title":{"romaji":"A3! SEASON SPRING ＆ SUMMER","english":"A3! Season Spring & Summer","native":"A3! SEASON SPRING ＆ SUMMER","userPreferred":"A3! SEASON SPRING ＆ SUMMER"},"format":"TV","status":"FINISHED","episodes":12,"description":"Mankai Company is a far cry from its glory days as an all-male theater. With only one member left and debt collectors at the door, it’s no wonder Izumi Tachibana finds herself in over her head when she boldly confronts the yakuza’s loan sharks, promising to bring her father’s theater back into the spotlight. She might be able to recruit enough talent, but can they bloom into the actors she needs?<br>\n<br>\n(Source: Funimation)","startDate":{"year":2020,"month":1,"day":14},"endDate":{"year":2020,"month":6,"day":23},"season":"WINTER","seasonYear":2020,"duration":24,"countryOfOrigin":"JP","isLicensed":true,"source":"VIDEO_GAME","hashtag":"#エーアニ","trailer":"https://www.youtube.com/watch?v=pZpDtpjGPw4","updatedAt":1706264333,"coverImage":{"large":"https://s4.anilist.co/file/anilistcdn/media/anime/cover/large/bx107651-GYi8XSIHW0pG.png","medium":"https://s4.anilist.co/file/anilistcdn/media/anime/cover/medium/bx107651-GYi8XSIHW0pG.png","small":"https://s4.anilist.co/file/anilistcdn/media/anime/cover/small/bx107651-GYi8XSIHW0pG.png","color":"#86e45d"},"bannerImage":"https://s4.anilist.co/file/anilistcdn/media/anime/banner/107651-FmxfHXYOBsXy.jpg","genres":["Comedy","Drama"],"synonyms":["Act! Addict! Actors!"],"averageScore":67,"meanScore":68,"favourites":170,"popularity":10107,"trending":0,"tags":[{"id":548,"name":"Acting","isMediaSpoiler":false},{"id":1277,"name":"Found Family","isMediaSpoiler":false},{"id":88,"name":"Primarily Male Cast","isMediaSpoiler":false},{"id":123,"name":"Male Harem","isMediaSpoiler":false},{"id":1063,"name":"Cute Boys Doing Cute Things","isMediaSpoiler":false},{"id":105,"name":"Ensemble Cast","isMediaSpoiler":false},{"id":98,"name":"Female Protagonist","isMediaSpoiler":false},{"id":186,"name":"Crossdressing","isMediaSpoiler":false},{"id":199,"name":"Yakuza","isMediaSpoiler":false},{"id":395,"name":"Delinquents","isMediaSpoiler":false}],"relations":[{"id":111145,"title":{"english":"A3! Season Autumn & Winter","native":"A3! SEASON AUTUMN & WINTER","romaji":"A3! SEASON AUTUMN & WINTER","userPreferred":"A3! SEASON AUTUMN & WINTER"},"type":"ANIME"},{"id":112483,"title":{"english":null,"native":"A3! SUMMER","romaji":"A3! SUMMER","userPreferred":"A3! SUMMER"},"type":"MANGA"},{"id":111912,"title":{"english":null,"native":"A3！ SPRING","romaji":"A3! SPRING","userPreferred":"A3! SPRING"},"type":"MANGA"}],"characters":[{"id":134915,"name":"Tsuzuru Minagi"},{"id":134916,"name":"Masumi Usui"},{"id":134917,"name":"Itaru Chigasaki"},{"id":134918,"name":"Muku Sakisaka"},{"id":134919,"name":"Citron"},{"id":134920,"name":"Tenma Sumeragi"},{"id":134922,"name":"Omi Fushimi"},{"id":134923,"name":"Misumi Ikaruga"},{"id":134938,"name":"Yuki Rurikawa"},{"id":134927,"name":"Tasuku Takato"},{"id":134928,"name":"Banri Settsu"},{"id":134929,"name":"Sakuya Sakuma"},{"id":134930,"name":"Juza Hyodo"},{"id":134931,"name":"Sakyo Furuichi"},{"id":134935,"name":"Izumi Tachibana"},{"id":134936,"name":"Kazunari Miyoshi"},{"id":161349,"name":"Isuke Matsukawa"},{"id":161350,"name":"Ken Sakoda"},{"id":161351,"name":"Haruto Asuka"},{"id":161352,"name":"Kamekichi"},{"id":161353,"name":"Yuzo Kashima"},{"id":173944,"name":"Chikage Utsuki"},{"id":173945,"name":"Tetsuro Iwai"},{"id":174768,"name":"Reni Kamikizaka"},{"id":188267,"name":"Suberu Minagi"}],"staff":[{"id":123225,"name":"Naoki Hayashi"},{"id":129190,"name":"Keisuke Shinohara"},{"id":135013,"name":"Mariko Komatsu"},{"id":135013,"name":"Mariko Komatsu"},{"id":97180,"name":"Ryou Akizuki"},{"id":144097,"name":"Takatoshi Hamano"},{"id":144434,"name":"Kana Hashiguchi"},{"id":146207,"name":"Juu Ishiguchi"},{"id":146674,"name":"Yuuko Tsumori"},{"id":102520,"name":"Masaru Yokoyama"},{"id":108687,"name":"Ryou Fujiwara"},{"id":151055,"name":"Hiroko Tanabe"},{"id":151056,"name":"Mayo Suzuki"},{"id":127682,"name":"Daman Mills"},{"id":132689,"name":"Yuuki Igarashi"},{"id":123728,"name":"Masayoshi Ooishi"},{"id":123728,"name":"Masayoshi Ooishi"},{"id":123728,"name":"Masayoshi Ooishi"}],"studios":[{"id":6069,"name":"Studio 3Hz","isAnimationStudio":true},{"id":132,"name":"P.A. Works","isAnimationStudio":true},{"id":6064,"name":"Infinite","isAnimationStudio":false}],"isFavourite":false,"isAdult":false,"isLocked":false,"nextAiringEpisode":null,"airingSchedule":[{"airingAt":1578927600,"timeUntilAiring":-127372122,"episode":1},{"airingAt":1579532400,"timeUntilAiring":-126767322,"episode":2},{"airingAt":1580137200,"timeUntilAiring":-126162522,"episode":3},{"airingAt":1587999600,"timeUntilAiring":-118300122,"episode":4},{"airingAt":1588604400,"timeUntilAiring":-117695322,"episode":5},{"airingAt":1589209200,"timeUntilAiring":-117090522,"episode":6},{"airingAt":1589814000,"timeUntilAiring":-116485722,"episode":7},{"airingAt":1590418800,"timeUntilAiring":-115880922,"episode":8},{"airingAt":1591023600,"timeUntilAiring":-115276122,"episode":9},{"airingAt":1591628400,"timeUntilAiring":-114671322,"episode":10},{"airingAt":1592233200,"timeUntilAiring":-114066522,"episode":11},{"airingAt":1592838000,"timeUntilAiring":-113461722,"episode":12}],"trends":[{"date":1549206000,"trending":28,"popularity":0,"inProgress":null},{"date":1549292400,"trending":13,"popularity":0,"inProgress":null},{"date":1549378800,"trending":3,"popularity":40,"inProgress":null},{"date":1549465200,"trending":5,"popularity":40,"inProgress":null},{"date":1549551600,"trending":2,"popularity":48,"inProgress":1},{"date":1549638000,"trending":5,"popularity":49,"inProgress":1},{"date":1549810800,"trending":2,"popularity":54,"inProgress":1},{"date":1549897200,"trending":3,"popularity":54,"inProgress":1},{"date":1549983600,"trending":1,"popularity":59,"inProgress":1},{"date":1550070000,"trending":3,"popularity":59,"inProgress":1},{"date":1550156400,"trending":1,"popularity":64,"inProgress":1},{"date":1550329200,"trending":1,"popularity":66,"inProgress":1},{"date":1550502000,"trending":3,"popularity":67,"inProgress":1},{"date":1550588400,"trending":1,"popularity":71,"inProgress":1},{"date":1550761200,"trending":1,"popularity":72,"inProgress":2},{"date":1550934000,"trending":1,"popularity":73,"inProgress":2},{"date":1551538800,"trending":1,"popularity":74,"inProgress":2},{"date":1552057200,"trending":1,"popularity":75,"inProgress":2},{"date":1552143600,"trending":3,"popularity":75,"inProgress":2},{"date":1552834800,"trending":1,"popularity":79,"inProgress":2},{"date":1553266800,"trending":5,"popularity":81,"inProgress":2},{"date":1553353200,"trending":1,"popularity":86,"inProgress":2},{"date":1553439600,"trending":3,"popularity":86,"inProgress":2},{"date":1553526000,"trending":3,"popularity":89,"inProgress":2},{"date":1553698800,"trending":2,"popularity":92,"inProgress":2}],"externalLinks":["https://www.a3-animation.jp/","https://twitter.com/mankai_anime","https://www.funimation.com/shows/a3/","https://www.hulu.com/series/a3-e8e9d1d8-a425-4a8a-9b34-f12d9dd5ccf0","https://www.crunchyroll.com/a3"],"streamingEpisodes":[{"title":"Episode 1 - To a Future in Full Bloom","thumbnail":"https://img1.ak.crunchyroll.com/i/spire2-tmb/4ce597c9811b3b8aad57aa2a2344efc61656907760_full.jpg","url":"http://www.crunchyroll.com/a3/episode-1-to-a-future-in-full-bloom-852288","site":"Crunchyroll"},{"title":"Episode 2 - Romeo and Julius","thumbnail":"https://img1.ak.crunchyroll.com/i/spire1-tmb/740be9fb7a152ae929caba54bc84ec661656908138_full.jpg","url":"http://www.crunchyroll.com/a3/episode-2-romeo-and-julius-852289","site":"Crunchyroll"},{"title":"Episode 3 - Good Night, Theater","thumbnail":"https://img1.ak.crunchyroll.com/i/spire3-tmb/c4ca100755127653c930f90d3baab46e1656908122_full.jpg","url":"http://www.crunchyroll.com/a3/episode-3-good-night-theater-852290","site":"Crunchyroll"},{"title":"Episode 4 - A New Challenge","thumbnail":"https://img1.ak.crunchyroll.com/i/spire3-tmb/b06cac241f7531b5fc3481d3dcd9f97b1656908227_full.jpg","url":"http://www.crunchyroll.com/a3/episode-4-a-new-challenge-852291","site":"Crunchyroll"},{"title":"Episode 5 - On Love-Spring Edition","thumbnail":"https://img1.ak.crunchyroll.com/i/spire3-tmb/45effce53433ab09b236875ebd9cc5a31656908469_full.jpg","url":"http://www.crunchyroll.com/a3/episode-5-on-love-spring-edition-852292","site":"Crunchyroll"},{"title":"Episode 6 - The Show Must Go On!","thumbnail":"https://img1.ak.crunchyroll.com/i/spire1-tmb/838862ddecec704daffc4f4a62bea6c11656908286_full.jpg","url":"http://www.crunchyroll.com/a3/episode-6-the-show-must-go-on-852295","site":"Crunchyroll"},{"title":"Episode 7 - A New Season","thumbnail":"https://img1.ak.crunchyroll.com/i/spire3-tmb/f98f01f468ad100b2314e43d079a290f1656908786_full.jpg","url":"http://www.crunchyroll.com/a3/episode-7-a-new-season-852297","site":"Crunchyroll"},{"title":"Episode 8 - The Thousand and One Nights","thumbnail":"https://img1.ak.crunchyroll.com/i/spire1-tmb/0796d5d3b2141effb86d4a6c109170181656908768_full.jpg","url":"http://www.crunchyroll.com/a3/episode-8-the-thousand-and-one-nights-852299","site":"Crunchyroll"},{"title":"Episode 9 - Summer Camp","thumbnail":"https://img1.ak.crunchyroll.com/i/spire3-tmb/80512e0478e27b874098d2a45c80d8b91656908806_full.jpg","url":"http://www.crunchyroll.com/a3/episode-9-summer-camp-852300","site":"Crunchyroll"},{"title":"Episode 10 - True Friends","thumbnail":"https://img1.ak.crunchyroll.com/i/spire1-tmb/6d49331799f1655a2adbe05791c36fe01656908822_full.jpg","url":"http://www.crunchyroll.com/a3/episode-10-true-friends-852302","site":"Crunchyroll"},{"title":"Episode 11 - My Weakness","thumbnail":"https://img1.ak.crunchyroll.com/i/spire2-tmb/2c3b5adba358e8f3ee469cc92842dfe71656908861_full.jpg","url":"http://www.crunchyroll.com/a3/episode-11-my-weakness-852304","site":"Crunchyroll"},{"title":"Episode 12 - Summertime Survival!","thumbnail":"https://img1.ak.crunchyroll.com/i/spire2-tmb/8fb697d541422ae9288b4463643a5a3a1656909006_full.jpg","url":"http://www.crunchyroll.com/a3/episode-12-summertime-survival-852305","site":"Crunchyroll"}],"rankings":[{"rank":65,"type":"RATED","context":"highest rated","year":2020,"season":null},{"rank":100,"type":"POPULAR","context":"most popular","year":2020,"season":null},{"rank":16,"type":"RATED","context":"highest rated","year":2020,"season":"WINTER"},{"rank":27,"type":"POPULAR","context":"most popular","year":2020,"season":"WINTER"}],"mediaListEntry":null,"reviews":[{"id":12906,"score":64,"summary":"A fun way to bring the mobile game to life but falls flat without the game's character depth and more-detailed story","body":"[Special note: this review is for both seasons, A3! Spring & Summer, __and__ Autumn & Winter]\n\n~~~_Mankai Company is a far cry from its glory days as an all-male theater. With only one member left and debt collectors at the door, a young woman finds herself in over her head when she boldly confronts the Yakuza’s loan sharks, promising to bring her father’s theater back into the spotlight. She might be able to recruit enough talent, but can they bloom into the actors she needs?_~~~\n\nUnlike [_Touken Ranbu,_](https://anilist.co/review/12908) which I watched because it sounded fun and didn’t learn until later that it’s based on a mobile game, I’ve been playing the A3! (”Act! Addict! Actors!”) mobile game, and knew what to expect going in. And unlike [_Touken Ranbu: Hanamaru,_](https://anilist.co/review/12908) whose anime seems to be a thing all its own (more separated from the fighting/training focus of the game), _A3!_ just transposed its built-in storyline to animated form.\n\n<img src=\"https://64.media.tumblr.com/a866466396fc6297b7b1206ce25e5e06/968983794bc24545-d1/s500x750/777d42e9de0e7ac381b71fe2188e063a1c7e944c.gifv\">\n\nWhich is, honestly, a good idea! The existing, base story is perfect for a series: Trying to locate her missing father, Izumi Tachibana ends up at the theater company he used to direct, just in time to try and stop it from being knocked down by yakuza coming to collect on debt. She makes a deal: they’ll put off claiming its large debt _for now_ if she can gather enough members to form a troupe and put on a successful play. The problem: the theater currently has 1 member, with no prior experience. So she’s got to find 4 other guys, a script, and get them to put on a well-acted, sold-out performance in the span of 3 months.\n\nWhen that’s successful, she goes on to put together the theater’s other seasonally-named sub-troupes in sequence, aiming to get the company back to its former glory and make enough money to pay off its debt and ensure its continued existence. And the anime makes this easy: both 12-episode seasons are split into two 6-episode arcs that follow each troupe from formation to closing night. \n\n<img src=\"https://64.media.tumblr.com/080da5aaa44477143d1c82d94b5153fa/968983794bc24545-bf/s500x750/f2d93bf3fdc06565cc261e262e9b3c7dcfc200f7.gifv\">\n\nAnd through it all, members learn to work with others/open up/express feelings/all that good stuff, because of course they do.\n\nThe fun of A3–both games and anime–are the characters. The game has no romance function, rather its focus is training the actors and putting on shows, and the in-story struggles are usually because Character A and Character B keep butting heads, or Character T and Character Z had a falling-out years ago, or Character S just wants to fight.\n\nThe story doesn’t change from game to anime, and some things actually get cut, but animation does let it expand on other things, particularly what the stage plays actually look like.\n\n<img src=\"https://64.media.tumblr.com/d6e0cbbe8f6e8026e071a64ec10c3591/968983794bc24545-9e/s500x750/38757e0b8defd595399d7782f43f18f2a6a1c180.gifv\">\n\nI really enjoyed it, because they are all dorks, but they are all dorks I’ve been playing for months and I know what their deal is. They’re all designed to be likable! I like seeing Yuki and Tenma snark at each other _all. the. time._ I like sweet Misumi and his mysterious obsession with all things triangle. I like Citron’s cheerful language mistakes, and Homare’s bizarrely ethereal poetry recitations.\n\nThere are 20 actors in the main story (4 troupes x 5 actors each), so while it’s a lot of characters overall, the story focuses mainly on 5 at a time, so you don’t feel lost in a sea of people.\n\n<img src=\"https://64.media.tumblr.com/fe2f65c2d8bf5b7598ad3123c17d60f0/968983794bc24545-f2/s500x750/23d64dca289412a2334df4982eef2379bae1903b.gifv\">\n\n___Verdict___\n\n_English Dub?_ As of this writing, only the first 3 episodes were dubbed before the pandemic interrupted, and it doesn’t look like finishing it is a priority. The dub that exists is decent, though, and I particularly like Monica Rial as Izumi–I think she added a layer of humor that I don’t get from the original voices.\n\n_Visuals:_ Mediocre. I mean, the hair is nice and shiny, but the first season in particular often has faces that are slightly off, and characters stand straight or are seen in profile often, not moving much in group scenes. Camera shots aren’t creative. \n\nIt did improve in the second season, which got a new character designer, new art director, and new show director. But even so, _A3!_ was cheated.\n\n_Worth Watching?_ Listen. I am an active player of the A3! mobile game, and each troupe’s anime arc mirrors their storyline from the game. So for me, this was _really_ fun, a chance to see characters actually moving around, to see visual gags, a different way to watch a story I’ve seen play out on my phone. And sure, there’s a chance you’ll like it without that background.\n\nBut would I recommend it if you’re not playing the game? No. The story is better, the characters given more depth, in the mobile game, so without that background, the anime likely falls flat. The game’s strength is its story, so that adds to my disappointment here: there’s already a good existing story, the base material is great, why did so little effort get put into this? (The theme song is very fun, though, as are the openings–which change every 6 episodes to focus on the troupe that’s getting the spotlight.)"}],"siteUrl":"https://anilist.co/anime/107651","autoCreateForumThread":false,"modNotes":null,"stats":{"scoreDistribution":[{"score":10,"amount":39},{"score":20,"amount":43},{"score":30,"amount":85},{"score":40,"amount":121},{"score":50,"amount":269},{"score":60,"amount":385},{"score":70,"amount":652},{"score":80,"amount":458},{"score":90,"amount":377},{"score":100,"amount":259}],"statusDistribution":[{"status":"CURRENT","amount":716},{"status":"PLANNING","amount":4753},{"status":"COMPLETED","amount":3467},{"status":"DROPPED","amount":731},{"status":"PAUSED","amount":440}]},"isRecommendationBlocked":false,"recommendations":[{"mediaRecommendation":{"id":21512,"title":{"romaji":"Ensemble Stars!","english":"Ensemble Stars!","native":"あんさんぶるスターズ！","userPreferred":"Ensemble Stars!"},"type":"ANIME"}},{"mediaRecommendation":{"id":87495,"title":{"romaji":"IDOLiSH7","english":"IDOLiSH7","native":"アイドリッシュセブン","userPreferred":"IDOLiSH7"},"type":"ANIME"}},{"mediaRecommendation":{"id":10321,"title":{"romaji":"Uta no☆Prince-sama♪ Maji LOVE 1000%","english":"Uta no Prince Sama","native":"うたの☆プリンスさまっ♪ マジLOVE1000%","userPreferred":"Uta no☆Prince-sama♪ Maji LOVE 1000%"},"type":"ANIME"}},{"mediaRecommendation":{"id":21713,"title":{"romaji":"Cheer Danshi!!","english":"Cheer Boys!!","native":"チア男子!!","userPreferred":"Cheer Danshi!!"},"type":"ANIME"}},{"mediaRecommendation":{"id":20648,"title":{"romaji":"Shounen Hollywood: HOLLY STAGE FOR 49","english":"SHONEN HOLLYWOOD -HOLLY STAGE FOR 49-","native":"少年ハリウッド -HOLLY STAGE FOR 49-","userPreferred":"Shounen Hollywood: HOLLY STAGE FOR 49"},"type":"ANIME"}},{"mediaRecommendation":{"id":87500,"title":{"romaji":"Kabukibu!","english":null,"native":"カブキブ！","userPreferred":"Kabukibu!"},"type":"ANIME"}},{"mediaRecommendation":{"id":113051,"title":{"romaji":"ARGONAVIS from BanG Dream!","english":null,"native":"アルゴナビス from BanG Dream!","userPreferred":"ARGONAVIS from BanG Dream!"},"type":"ANIME"}},{"mediaRecommendation":{"id":113652,"title":{"romaji":"Hypnosis Mic: Division Rap Battle - Rhyme Anima","english":"HYPNOSISMIC -Division Rap Battle- Rhyme Anima","native":"ヒプノシスマイク -Division Rap Battle- Rhyme Anima","userPreferred":"Hypnosis Mic: Division Rap Battle - Rhyme Anima"},"type":"ANIME"}},{"mediaRecommendation":{"id":109010,"title":{"romaji":"I★CHU: HALFWAY THROUGH THE IDOL","english":"I★CHU","native":"アイ★チュウ HALFWAY THROUGH THE IDOL","userPreferred":"I★CHU: HALFWAY THROUGH THE IDOL"},"type":"ANIME"}},{"mediaRecommendation":{"id":125446,"title":{"romaji":"Kageki Shoujo!!","english":"Kageki Shojo!!","native":"かげきしょうじょ!!","userPreferred":"Kageki Shoujo!!"},"type":"ANIME"}},{"mediaRecommendation":{"id":146438,"title":{"romaji":"Eikyuu Shounen: Eternal Boys","english":"Eternal Boys","native":"永久少年 Eternal Boys","userPreferred":"Eikyuu Shounen: Eternal Boys"},"type":"ANIME"}}]}