{"id":109010,"idMal":39725,"title":{"romaji":"I★CHU: HALFWAY THROUGH THE IDOL","english":"I★CHU","native":"アイ★チュウ HALFWAY THROUGH THE IDOL","userPreferred":"I★CHU: HALFWAY THROUGH THE IDOL"},"format":"TV","status":"FINISHED","episodes":12,"description":"Youths aiming to become full-fledged idols enroll in the Étoile Vio School where the students are called are called IChu. But soon after they begin, Kuma Kocho gets them off to a rocky start with a single phrase...?! As they each work toward their individual goals, their activities as idols make the IChu begin to wonder... \"What is an idol?\" In their struggle to find an answer, the springtime of the IChu's lives is whittled out in glittering moments and flashes of brilliance. Their story begins now! <br>\n<br>\n(Source: Crunchyroll)","startDate":{"year":2021,"month":1,"day":6},"endDate":{"year":2021,"month":3,"day":24},"season":"WINTER","seasonYear":2021,"duration":24,"countryOfOrigin":"JP","isLicensed":true,"source":"VIDEO_GAME","hashtag":"#ichu_anime #アイチュウ","trailer":"https://www.youtube.com/watch?v=qrr_u2KITxI","updatedAt":1706292582,"coverImage":{"large":"https://s4.anilist.co/file/anilistcdn/media/anime/cover/large/bx109010-VzJFTkkhwa8X.jpg","medium":"https://s4.anilist.co/file/anilistcdn/media/anime/cover/medium/bx109010-VzJFTkkhwa8X.jpg","small":"https://s4.anilist.co/file/anilistcdn/media/anime/cover/small/bx109010-VzJFTkkhwa8X.jpg","color":"#e4d65d"},"bannerImage":"https://s4.anilist.co/file/anilistcdn/media/anime/banner/109010-bi9FjQoe0sB2.jpg","genres":["Music"],"synonyms":["I★CHU: Étoile Stage","I-chu: Étoile Stage","ICHU ไอจู หนทางสู่ไอดอล"],"averageScore":60,"meanScore":60,"favourites":72,"popularity":5072,"trending":0,"tags":[{"id":115,"name":"Idol","isMediaSpoiler":false},{"id":88,"name":"Primarily Male Cast","isMediaSpoiler":false},{"id":186,"name":"Crossdressing","isMediaSpoiler":false},{"id":1063,"name":"Cute Boys Doing Cute Things","isMediaSpoiler":false},{"id":494,"name":"Twins","isMediaSpoiler":false}],"relations":[],"characters":[{"id":165220,"name":"Kanata Minato"},{"id":165221,"name":"Akira Mitsurugi"},{"id":165222,"name":"Seiya Aido"},{"id":165223,"name":"Satsuki Kururugi"},{"id":165224,"name":"Noah"},{"id":165225,"name":"Chaoyang Li"},{"id":165227,"name":"Lucas"},{"id":165226,"name":"Mutsuki Kururugi"},{"id":165228,"name":"Leon"},{"id":165229,"name":"Rabi"},{"id":165234,"name":"Raku Wakaoji"},{"id":165236,"name":"Akio Tobikura"},{"id":165238,"name":"Kyosuke Momoi"},{"id":165237,"name":"Torahiko Kusakabe"},{"id":165235,"name":"Hikaru Orihara"},{"id":165233,"name":"Shiki Amabe"},{"id":165241,"name":"Yuzuki Asahina"},{"id":165242,"name":"Kuma Kouchou"},{"id":192610,"name":"Kokoro Hanabusa"},{"id":197931,"name":"Momosuke Oikawa"},{"id":197932,"name":"Runa Kagurazaka"},{"id":197933,"name":"Mio Yamanobe"},{"id":197934,"name":"Ban Jumonji"},{"id":197935,"name":"Eva Armstrong"},{"id":197936,"name":"Futami Akabane"}],"staff":[{"id":144381,"name":"Mina Oosawa"},{"id":106268,"name":"Hitoshi Nanba"},{"id":118545,"name":"Yoshimi Narita"},{"id":118969,"name":"Yoshiaki Dewa"},{"id":155778,"name":"Reiko Iwasawa"}],"studios":[{"id":6199,"name":"Twin Engine","isAnimationStudio":false},{"id":6075,"name":"Lay-duce","isAnimationStudio":true},{"id":213,"name":"Half H.P Studio","isAnimationStudio":false}],"isFavourite":false,"isAdult":false,"isLocked":false,"nextAiringEpisode":null,"airingSchedule":[{"airingAt":1609941600,"timeUntilAiring":-96357481,"episode":1},{"airingAt":1610546400,"timeUntilAiring":-95752681,"episode":2},{"airingAt":1611151200,"timeUntilAiring":-95147881,"episode":3},{"airingAt":1611756000,"timeUntilAiring":-94543081,"episode":4},{"airingAt":1612360800,"timeUntilAiring":-93938281,"episode":5},{"airingAt":1612965600,"timeUntilAiring":-93333481,"episode":6},{"airingAt":1613570400,"timeUntilAiring":-92728681,"episode":7},{"airingAt":1614175200,"timeUntilAiring":-92123881,"episode":8},{"airingAt":1614780000,"timeUntilAiring":-91519081,"episode":9},{"airingAt":1615384800,"timeUntilAiring":-90914281,"episode":10},{"airingAt":1615989600,"timeUntilAiring":-90309481,"episode":11},{"airingAt":1616594400,"timeUntilAiring":-89704681,"episode":12}],"trends":[{"date":1555254000,"trending":17,"popularity":0,"inProgress":null},{"date":1555340400,"trending":6,"popularity":0,"inProgress":null},{"date":1555426800,"trending":4,"popularity":30,"inProgress":null},{"date":1555513200,"trending":5,"popularity":32,"inProgress":null},{"date":1555599600,"trending":1,"popularity":32,"inProgress":null},{"date":1555686000,"trending":2,"popularity":39,"inProgress":null},{"date":1555772400,"trending":2,"popularity":40,"inProgress":null},{"date":1555858800,"trending":1,"popularity":42,"inProgress":null},{"date":1555945200,"trending":1,"popularity":43,"inProgress":null},{"date":1556204400,"trending":1,"popularity":44,"inProgress":null},{"date":1556809200,"trending":1,"popularity":45,"inProgress":null},{"date":1556982000,"trending":1,"popularity":46,"inProgress":null},{"date":1557068400,"trending":1,"popularity":47,"inProgress":null},{"date":1557327600,"trending":1,"popularity":48,"inProgress":null},{"date":1557500400,"trending":1,"popularity":50,"inProgress":1},{"date":1558710000,"trending":1,"popularity":50,"inProgress":null},{"date":1559401200,"trending":1,"popularity":51,"inProgress":null},{"date":1560178800,"trending":1,"popularity":52,"inProgress":null},{"date":1560351600,"trending":1,"popularity":53,"inProgress":null},{"date":1560438000,"trending":1,"popularity":53,"inProgress":null},{"date":1560610800,"trending":1,"popularity":55,"inProgress":null},{"date":1561129200,"trending":1,"popularity":56,"inProgress":null},{"date":1561302000,"trending":2,"popularity":56,"inProgress":null},{"date":1561474800,"trending":1,"popularity":58,"inProgress":1},{"date":1561734000,"trending":1,"popularity":59,"inProgress":1}],"externalLinks":["https://etoile-anime.jp/","https://twitter.com/ichu_anime","https://www.youtube.com/playlist?list=PLwLSw1_eDZl3lkMqeu3M0PaNttQM0cWka","https://www.crunchyroll.com/ichu"],"streamingEpisodes":[{"title":"Episode 1 - The Colors of Songs","thumbnail":"https://img1.ak.crunchyroll.com/i/spire2-tmb/e925d36624143fa36a23d4d3df48e37a1609945599_full.jpg","url":"http://www.crunchyroll.com/ichu/episode-1-the-colors-of-songs-801420","site":"Crunchyroll"},{"title":"Episode 2 - That Which Is Engraved","thumbnail":"https://img1.ak.crunchyroll.com/i/spire3-tmb/2b6f620cc22e8ddf0dca12338f2307901610530175_full.jpg","url":"http://www.crunchyroll.com/ichu/episode-2-that-which-is-engraved-801421","site":"Crunchyroll"},{"title":"Episode 3 - In the Case of an Otokonoko","thumbnail":"https://img1.ak.crunchyroll.com/i/spire4-tmb/c6b1804101e579097fc46dd924ccbcae1611137214_full.jpg","url":"http://www.crunchyroll.com/ichu/episode-3-in-the-case-of-an-otokonoko-801422","site":"Crunchyroll"},{"title":"Episode 4 - Just as You Are","thumbnail":"https://img1.ak.crunchyroll.com/i/spire2-tmb/6f51c52b42b8b230f902ddc31b31f96b1611725440_full.jpg","url":"http://www.crunchyroll.com/ichu/episode-4-just-as-you-are-801423","site":"Crunchyroll"},{"title":"Episode 5 - That Which We Wish to Convey","thumbnail":"https://img1.ak.crunchyroll.com/i/spire4-tmb/58fe9128a42759bdcf222c8e9bf65d741612336550_full.jpg","url":"http://www.crunchyroll.com/ichu/episode-5-that-which-we-wish-to-convey-801424","site":"Crunchyroll"},{"title":"Episode 6 - Where I Belong","thumbnail":"https://img1.ak.crunchyroll.com/i/spire1-tmb/9ea444253ceda4ee2a96f2a52a0330561612927700_full.jpg","url":"http://www.crunchyroll.com/ichu/episode-6-where-i-belong-801425","site":"Crunchyroll"},{"title":"Episode 7 - Judgment ~For a Smile~","thumbnail":"https://img1.ak.crunchyroll.com/i/spire1-tmb/3a07f8c5d35b7ff40567c88f1212194f1613546438_full.jpg","url":"http://www.crunchyroll.com/ichu/episode-7-judgment-for-a-smile-801426","site":"Crunchyroll"},{"title":"Episode 8 - Bonds","thumbnail":"https://img1.ak.crunchyroll.com/i/spire4-tmb/387389b140ee23d8b884d8a520d8919e1614167634_full.jpg","url":"http://www.crunchyroll.com/ichu/episode-8-bonds-801427","site":"Crunchyroll"},{"title":"Episode 9 - The Lost Color","thumbnail":"https://img1.ak.crunchyroll.com/i/spire2-tmb/864d991fbf22bdc304f60efbb09d35b31614749266_full.jpg","url":"http://www.crunchyroll.com/ichu/episode-9-the-lost-color-801428","site":"Crunchyroll"},{"title":"Episode 10 - Back to Life","thumbnail":"https://img1.ak.crunchyroll.com/i/spire3-tmb/c2ce7d0e5ccbd85d796e85e1bf8bbe141615364144_full.jpg","url":"http://www.crunchyroll.com/ichu/episode-10-back-to-life-801429","site":"Crunchyroll"},{"title":"Episode 11 - Infini ~The Decisive Battle~","thumbnail":"https://img1.ak.crunchyroll.com/i/spire4-tmb/c5abffaf8a5d887b385d79731a3b9cda1615972820_full.jpg","url":"http://www.crunchyroll.com/ichu/episode-11-infini-the-decisive-battle-801430","site":"Crunchyroll"},{"title":"Episode 12 - Harmonie ~ Ichu~","thumbnail":"https://img1.ak.crunchyroll.com/i/spire2-tmb/59b0b3b655a5352649a3b3209302305b1616574583_full.jpg","url":"http://www.crunchyroll.com/ichu/episode-12-harmonie-ichu-801431","site":"Crunchyroll"}],"rankings":[],"mediaListEntry":null,"reviews":null,"siteUrl":"https://anilist.co/anime/109010","autoCreateForumThread":false,"modNotes":null,"stats":{"scoreDistribution":[{"score":10,"amount":40},{"score":20,"amount":44},{"score":30,"amount":73},{"score":40,"amount":102},{"score":50,"amount":176},{"score":60,"amount":257},{"score":70,"amount":248},{"score":80,"amount":149},{"score":90,"amount":93},{"score":100,"amount":104}],"statusDistribution":[{"status":"CURRENT","amount":484},{"status":"PLANNING","amount":2276},{"status":"COMPLETED","amount":1514},{"status":"DROPPED","amount":542},{"status":"PAUSED","amount":256}]},"isRecommendationBlocked":false,"recommendations":[{"mediaRecommendation":{"id":21118,"title":{"romaji":"Star Mu","english":"STARMYU","native":"スタミュ","userPreferred":"Star Mu"},"type":"ANIME"}},{"mediaRecommendation":{"id":113652,"title":{"romaji":"Hypnosis Mic: Division Rap Battle - Rhyme Anima","english":"HYPNOSISMIC -Division Rap Battle- Rhyme Anima","native":"ヒプノシスマイク -Division Rap Battle- Rhyme Anima","userPreferred":"Hypnosis Mic: Division Rap Battle - Rhyme Anima"},"type":"ANIME"}},{"mediaRecommendation":{"id":21512,"title":{"romaji":"Ensemble Stars!","english":"Ensemble Stars!","native":"あんさんぶるスターズ！","userPreferred":"Ensemble Stars!"},"type":"ANIME"}},{"mediaRecommendation":{"id":10321,"title":{"romaji":"Uta no☆Prince-sama♪ Maji LOVE 1000%","english":"Uta no Prince Sama","native":"うたの☆プリンスさまっ♪ マジLOVE1000%","userPreferred":"Uta no☆Prince-sama♪ Maji LOVE 1000%"},"type":"ANIME"}},{"mediaRecommendation":{"id":21751,"title":{"romaji":"B-PROJECT: Kodou*Ambitious","english":"B-PROJECT","native":"B-PROJECT～鼓動＊アンビシャス～","userPreferred":"B-PROJECT: Kodou*Ambitious"},"type":"ANIME"}},{"mediaRecommendation":{"id":20950,"title":{"romaji":"Tsukiuta. THE ANIMATION","english":"TSUKIUTA. The Animation","native":"ツキウタ。 THE ANIMATION","userPreferred":"Tsukiuta. THE ANIMATION"},"type":"ANIME"}},{"mediaRecommendation":{"id":107651,"title":{"romaji":"A3! SEASON SPRING ＆ SUMMER","english":"A3! Season Spring & Summer","native":"A3! SEASON SPRING ＆ SUMMER","userPreferred":"A3! SEASON SPRING ＆ SUMMER"},"type":"ANIME"}},{"mediaRecommendation":{"id":111145,"title":{"romaji":"A3! SEASON AUTUMN & WINTER","english":"A3! Season Autumn & Winter","native":"A3! SEASON AUTUMN & WINTER","userPreferred":"A3! SEASON AUTUMN & WINTER"},"type":"ANIME"}},{"mediaRecommendation":{"id":87495,"title":{"romaji":"IDOLiSH7","english":"IDOLiSH7","native":"アイドリッシュセブン","userPreferred":"IDOLiSH7"},"type":"ANIME"}},{"mediaRecommendation":{"id":97904,"title":{"romaji":"TSUKIPRO THE ANIMATION","english":"TSUKIPRO THE ANIMATION","native":"TSUKIPRO THE ANIMATION","userPreferred":"TSUKIPRO THE ANIMATION"},"type":"ANIME"}},{"mediaRecommendation":{"id":20649,"title":{"romaji":"Bakumatsu Rock","english":"Samurai Jam-Bakumatsu Rock","native":"幕末Rock","userPreferred":"Bakumatsu Rock"},"type":"ANIME"}},{"mediaRecommendation":{"id":141907,"title":{"romaji":"Ensemble Stars!!: Road to Show!!","english":null,"native":"あんさんぶるスターズ！！-Road to Show!!-","userPreferred":"Ensemble Stars!!: Road to Show!!"},"type":"ANIME"}},{"mediaRecommendation":{"id":146438,"title":{"romaji":"Eikyuu Shounen: Eternal Boys","english":"Eternal Boys","native":"永久少年 Eternal Boys","userPreferred":"Eikyuu Shounen: Eternal Boys"},"type":"ANIME"}}]}