{"id":109260,"idMal":39244,"title":{"romaji":"Cardfight!! Vanguard: Zoku Koukousei-hen","english":"Cardfight!! Vanguard: High School Arc Cont.","native":"カードファイト!! ヴァンガード 続・高校生編","userPreferred":"Cardfight!! Vanguard: Zoku Koukousei-hen"},"format":"TV","status":"FINISHED","episodes":14,"description":"Aichi Sendou and the Miyaji Cardfight Club aim the win the national championship, but problems arise after the timeline has been rewritten and taken Kourin off the team. Now Aichi and company must find a way to get back to 5 members to compete while the Student Council tries to shut them down. Meanwhile Kai battles his own demons as he tries to figure out how to reconnect with his cards, and Kouji Ibuki must decide whether he wants to give up the game or find a new way to play that doesn't involve deleting others.<br><br>(Source: Anime News Network)","startDate":{"year":2019,"month":5,"day":11},"endDate":{"year":2019,"month":8,"day":10},"season":"SPRING","seasonYear":2019,"duration":24,"countryOfOrigin":"JP","isLicensed":true,"source":"OTHER","hashtag":"#ヴァンガード","trailer":null,"updatedAt":1706264027,"coverImage":{"large":"https://s4.anilist.co/file/anilistcdn/media/anime/cover/large/bx109260-zePS0ib87Pho.jpg","medium":"https://s4.anilist.co/file/anilistcdn/media/anime/cover/medium/bx109260-zePS0ib87Pho.jpg","small":"https://s4.anilist.co/file/anilistcdn/media/anime/cover/small/bx109260-zePS0ib87Pho.jpg","color":"#28bbf1"},"bannerImage":"https://s4.anilist.co/file/anilistcdn/media/anime/banner/109260-pwLPCIuG2QNJ.jpg","genres":["Action"],"synonyms":null,"averageScore":60,"meanScore":62,"favourites":10,"popularity":1792,"trending":0,"tags":[{"id":178,"name":"Card Battle","isMediaSpoiler":false},{"id":82,"name":"Male Protagonist","isMediaSpoiler":false},{"id":1228,"name":"Primarily Teen Cast","isMediaSpoiler":false},{"id":88,"name":"Primarily Male Cast","isMediaSpoiler":false},{"id":105,"name":"Ensemble Cast","isMediaSpoiler":false}],"relations":[{"id":101594,"title":{"english":"CARDFIGHT!! VANGUARD","native":"カードファイト!! ヴァンガード (2018)","romaji":"Cardfight!! Vanguard (2018)","userPreferred":"Cardfight!! Vanguard (2018)"},"type":"ANIME"},{"id":115656,"title":{"english":"Cardfight!! Vanguard Extra Story -if-","native":"カードファイト!! ヴァンガード外伝 イフ-if-","romaji":"Cardfight!! Vanguard Gaiden: if","userPreferred":"Cardfight!! Vanguard Gaiden: if"},"type":"ANIME"}],"characters":[{"id":77827,"name":"Naoki Ishida"},{"id":39492,"name":"Toshiki Kai"},{"id":39594,"name":"Kamui Katsuragi"},{"id":44292,"name":"Ren Suzugamori"},{"id":39539,"name":"Aichi Sendou"},{"id":82377,"name":"Shingo Komoi"},{"id":39494,"name":"Misaki Tokura"},{"id":40427,"name":"Kourin Tatsunagi"},{"id":58445,"name":"Takuto Tatsunagi"},{"id":40693,"name":"Emi Sendou"},{"id":39589,"name":"Taishi Miwa"},{"id":158981,"name":"Kouji Ibuki"},{"id":166262,"name":"Sharlene Chen"},{"id":83413,"name":"Kenji Mitsusada"},{"id":61709,"name":"Rekka Tatsunagi"},{"id":180219,"name":"Nome Tatsunagi"},{"id":53425,"name":"Suiko Tatsunagi"},{"id":166260,"name":"Jillian Chen"},{"id":76440,"name":"Leon Souryuu"},{"id":177241,"name":"Mamoru Anjou"},{"id":50299,"name":"Tetsu Shinjou"},{"id":39596,"name":"Mark Whiting"},{"id":177236,"name":"Nagisa Daimonji"},{"id":62679,"name":"Asaka Narumi"},{"id":67157,"name":"Kyou Yahagi"}],"staff":[{"id":102561,"name":"Itsurou Kawasaki"},{"id":111445,"name":"Masanao Akahoshi"},{"id":99887,"name":"Akira Itou"},{"id":153132,"name":"RAISE A SUILEN"},{"id":209963,"name":"Yukari Shinada"},{"id":259002,"name":"Hazuki Iida"},{"id":222832,"name":"Teruhiko Niita"},{"id":106381,"name":"Scott Roberts"},{"id":105027,"name":"Satoru Nishizono"},{"id":100165,"name":"Ryouta Yamaguchi"},{"id":111445,"name":"Masanao Akahoshi"},{"id":153177,"name":"Atsuo Ishino"}],"studios":[{"id":28,"name":"OLM","isAnimationStudio":true}],"isFavourite":false,"isAdult":false,"isLocked":false,"nextAiringEpisode":null,"airingSchedule":[{"airingAt":1557529200,"timeUntilAiring":-148771172,"episode":1},{"airingAt":1558134000,"timeUntilAiring":-148166372,"episode":2},{"airingAt":1558738800,"timeUntilAiring":-147561572,"episode":3},{"airingAt":1559343600,"timeUntilAiring":-146956772,"episode":4},{"airingAt":1559948400,"timeUntilAiring":-146351972,"episode":5},{"airingAt":1560553200,"timeUntilAiring":-145747172,"episode":6},{"airingAt":1561158000,"timeUntilAiring":-145142372,"episode":7},{"airingAt":1561762800,"timeUntilAiring":-144537572,"episode":8},{"airingAt":1562367600,"timeUntilAiring":-143932772,"episode":9},{"airingAt":1562972400,"timeUntilAiring":-143327972,"episode":10},{"airingAt":1563577200,"timeUntilAiring":-142723172,"episode":11},{"airingAt":1564182000,"timeUntilAiring":-142118372,"episode":12},{"airingAt":1564786800,"timeUntilAiring":-141513572,"episode":13},{"airingAt":1565391600,"timeUntilAiring":-140908772,"episode":14}],"trends":[{"date":1556982000,"trending":20,"popularity":0,"inProgress":null},{"date":1557068400,"trending":6,"popularity":21,"inProgress":3},{"date":1557154800,"trending":3,"popularity":27,"inProgress":4},{"date":1557241200,"trending":1,"popularity":31,"inProgress":4},{"date":1557327600,"trending":3,"popularity":32,"inProgress":4},{"date":1557414000,"trending":3,"popularity":32,"inProgress":4},{"date":1557500400,"trending":7,"popularity":38,"inProgress":4},{"date":1557586800,"trending":15,"popularity":38,"inProgress":4},{"date":1557673200,"trending":6,"popularity":44,"inProgress":14},{"date":1557759600,"trending":3,"popularity":55,"inProgress":33},{"date":1557846000,"trending":2,"popularity":58,"inProgress":35},{"date":1557932400,"trending":3,"popularity":62,"inProgress":39},{"date":1558018800,"trending":2,"popularity":65,"inProgress":41},{"date":1558105200,"trending":2,"popularity":68,"inProgress":42},{"date":1558191600,"trending":24,"popularity":68,"inProgress":42},{"date":1558278000,"trending":4,"popularity":72,"inProgress":44},{"date":1558364400,"trending":2,"popularity":79,"inProgress":49},{"date":1558450800,"trending":3,"popularity":80,"inProgress":51},{"date":1558537200,"trending":1,"popularity":83,"inProgress":52},{"date":1558623600,"trending":3,"popularity":83,"inProgress":52},{"date":1558710000,"trending":7,"popularity":86,"inProgress":55},{"date":1558796400,"trending":12,"popularity":86,"inProgress":55},{"date":1558882800,"trending":9,"popularity":88,"inProgress":56},{"date":1558969200,"trending":4,"popularity":93,"inProgress":60},{"date":1559055600,"trending":3,"popularity":96,"inProgress":62}],"externalLinks":["https://anime.cf-vanguard.com/","https://twitter.com/cfvanguard_PR","https://www.crunchyroll.com/cardfight-vanguard","https://www.youtube.com/playlist?list=PLZaz0lCoygozitPG-Suii8CN73swRh_dx","https://www.youtube.com/playlist?list=PLZaz0lCoygowLFs129E1DUDQTVBaPVHcE"],"streamingEpisodes":[{"title":"Episode 1 - Stand Up, Vanguard!!","thumbnail":"https://img1.ak.crunchyroll.com/i/spire1-tmb/1be8fa648d45dae46d1ff38b6a588e6b1525505315_full.jpg","url":"http://www.crunchyroll.com/cardfight-vanguard/episode-1-stand-up-vanguard-770345","site":"Crunchyroll"},{"title":"Episode 2 - Ride The Vanguard!!","thumbnail":"https://img1.ak.crunchyroll.com/i/spire1-tmb/b7ff52c3092047a64189add52f06674f1526107555_full.jpg","url":"http://www.crunchyroll.com/cardfight-vanguard/episode-2-ride-the-vanguard-770347","site":"Crunchyroll"},{"title":"Episode 3 - Who's the Strongest Cardfighter!!","thumbnail":"https://img1.ak.crunchyroll.com/i/spire3-tmb/be3455d4e66570f6e7bc835d98c82a611526719208_full.jpg","url":"http://www.crunchyroll.com/cardfight-vanguard/episode-3-whos-the-strongest-cardfighter-770349","site":"Crunchyroll"},{"title":"Episode 4 - Misaki's Secret!!","thumbnail":"https://img1.ak.crunchyroll.com/i/spire1-tmb/c1bb739d86f3623b17358cbb97cf1a961527330181_full.jpg","url":"http://www.crunchyroll.com/cardfight-vanguard/episode-4-misakis-secret-770351","site":"Crunchyroll"},{"title":"Episode 5 - Let's Go To Card Capital!!","thumbnail":"https://img1.ak.crunchyroll.com/i/spire3-tmb/92ef7c8516c9f299193cb9452ba7acc11527939013_full.jpg","url":"http://www.crunchyroll.com/cardfight-vanguard/episode-5-lets-go-to-card-capital-770353","site":"Crunchyroll"},{"title":"Episode 6 - Declaration of War!! Battle of the Shops","thumbnail":"https://img1.ak.crunchyroll.com/i/spire3-tmb/14fcf8465eea25aff782ebdf641d54651528515425_full.jpg","url":"http://www.crunchyroll.com/cardfight-vanguard/episode-6-declaration-of-war-battle-of-the-shops-770355","site":"Crunchyroll"},{"title":"Episode 7 - Unite!! Q4 (Quadrifoglio)","thumbnail":"https://img1.ak.crunchyroll.com/i/spire2-tmb/91496c7f524ea667d51f46cbfe79f7671529142688_full.jpg","url":"http://www.crunchyroll.com/cardfight-vanguard/episode-7-unite-q4-quadrifoglio-770357","site":"Crunchyroll"},{"title":"Episode 8 - Turbulence!! Q4 VS NwO","thumbnail":"https://img1.ak.crunchyroll.com/i/spire4-tmb/a74a5ad5d6e1d835dde893d42c44d6151529744739_full.jpg","url":"http://www.crunchyroll.com/cardfight-vanguard/episode-8-turbulence-q4-vs-nwo-770359","site":"Crunchyroll"},{"title":"Episode 9 - Kai Loses!!","thumbnail":"https://img1.ak.crunchyroll.com/i/spire2-tmb/61684e9107ce3c53a473c6d61f4494b21530353956_full.jpg","url":"http://www.crunchyroll.com/cardfight-vanguard/episode-9-kai-loses-770361","site":"Crunchyroll"},{"title":"Episode 10 - Wind of Aichi!!","thumbnail":"https://img1.ak.crunchyroll.com/i/spire2-tmb/c7788fc4fa13088648b7881331fe301a1530949339_full.jpg","url":"http://www.crunchyroll.com/cardfight-vanguard/episode-10-wind-of-aichi-770363","site":"Crunchyroll"},{"title":"Episode 11 - Battle of Men!!","thumbnail":"https://img1.ak.crunchyroll.com/i/spire4-tmb/e6101a50d4cb58583776fe3b3cfbb23b1531551493_full.jpg","url":"http://www.crunchyroll.com/cardfight-vanguard/episode-11-battle-of-men-770365","site":"Crunchyroll"},{"title":"Episode 12 - Mysterious Adversary Asteroid!!","thumbnail":"https://img1.ak.crunchyroll.com/i/spire4-tmb/9dd3bceaac3a33930552b6a13cc8abe21532168141_full.jpg","url":"http://www.crunchyroll.com/cardfight-vanguard/episode-12-mysterious-adversary-asteroid-770367","site":"Crunchyroll"},{"title":"Episode 13 - Kamui!! Revenge of Determination","thumbnail":"https://img1.ak.crunchyroll.com/i/spire3-tmb/b5b3c8e1fbe1118c883227cf52c5790a1532770116_full.jpg","url":"http://www.crunchyroll.com/cardfight-vanguard/episode-13-kamui-revenge-of-determination-770369","site":"Crunchyroll"},{"title":"Episode 14 - Awaken!! PSYqualia","thumbnail":"https://img1.ak.crunchyroll.com/i/spire4-tmb/3feeed02a8cf1439d818ab307cdcecb31533366947_full.jpg","url":"http://www.crunchyroll.com/cardfight-vanguard/episode-14-awaken-psyqualia-776383","site":"Crunchyroll"},{"title":"Episode 15 - FRIEND","thumbnail":"https://img1.ak.crunchyroll.com/i/spire1-tmb/bb6216e96ba15260a20530024c9e81b51533974492_full.jpg","url":"http://www.crunchyroll.com/cardfight-vanguard/episode-15-friend-776384","site":"Crunchyroll"},{"title":"Episode 16 - Their Respective Feelings","thumbnail":"https://img1.ak.crunchyroll.com/i/spire1-tmb/ae7f8a6d27715292997a5670414c181b1534556448_full.jpg","url":"http://www.crunchyroll.com/cardfight-vanguard/episode-16-their-respective-feelings-776385","site":"Crunchyroll"},{"title":"Episode 17 - A Jet Black Knight!! Blaster Dark","thumbnail":"https://img1.ak.crunchyroll.com/i/spire1-tmb/b97b6b8769c5213e9bc060d27f1ed71d1535182850_full.jpg","url":"http://www.crunchyroll.com/cardfight-vanguard/episode-17-a-jet-black-knight-blaster-dark-776386","site":"Crunchyroll"},{"title":"Episode 18 - Kai and Ren, and Aichi Too","thumbnail":"https://img1.ak.crunchyroll.com/i/spire3-tmb/cc289e17d3afe23e1e5b2b7e7b6a51061535778752_full.jpg","url":"http://www.crunchyroll.com/cardfight-vanguard/episode-18-kai-and-ren-and-aichi-too-776387","site":"Crunchyroll"},{"title":"Episode 19 - Tetsu's Motive","thumbnail":"https://img1.ak.crunchyroll.com/i/spire3-tmb/04b262967e323b2659ce6dca3b88ebdf1536385492_full.jpg","url":"http://www.crunchyroll.com/cardfight-vanguard/episode-19-tetsus-motive-776388","site":"Crunchyroll"},{"title":"Episode 20 - Reunion","thumbnail":"https://img1.ak.crunchyroll.com/i/spire3-tmb/776b26972b40aa81900dfb5798ea02341537001470_full.jpg","url":"http://www.crunchyroll.com/cardfight-vanguard/episode-20-reunion-776389","site":"Crunchyroll"},{"title":"Episode 21 - Abyss of Darkness","thumbnail":"https://img1.ak.crunchyroll.com/i/spire1-tmb/ee8d7038f05b32514c14881b98d3182b1537605305_full.jpg","url":"http://www.crunchyroll.com/cardfight-vanguard/episode-21-abyss-of-darkness-776390","site":"Crunchyroll"},{"title":"Episode 22 - A Serious Fight","thumbnail":"https://img1.ak.crunchyroll.com/i/spire1-tmb/c3fd8bce15494bdceaafa316b071e7751538201873_full.jpg","url":"http://www.crunchyroll.com/cardfight-vanguard/episode-22-a-serious-fight-776391","site":"Crunchyroll"},{"title":"Episode 23 - A Little Beacon","thumbnail":"https://img1.ak.crunchyroll.com/i/spire1-tmb/e64d9be671937a286e6ab472156db9581538817622_full.jpg","url":"http://www.crunchyroll.com/cardfight-vanguard/episode-23-a-little-beacon-776392","site":"Crunchyroll"},{"title":"Episode 24 - Kai","thumbnail":"https://img1.ak.crunchyroll.com/i/spire1-tmb/f9e88c4c62b924e66f290481b8b8c5a11539418273_full.jpg","url":"http://www.crunchyroll.com/cardfight-vanguard/episode-24-kai-776393","site":"Crunchyroll"},{"title":"Episode 25 - Vanguard","thumbnail":"https://img1.ak.crunchyroll.com/i/spire4-tmb/1fa3fa422aa95fbaf71e16dd9c1a95d91540019968_full.jpg","url":"http://www.crunchyroll.com/cardfight-vanguard/episode-25-vanguard-776394","site":"Crunchyroll"},{"title":"Episode 26 - Vanguard Abnormality!? Unit Encyclopedia","thumbnail":"https://img1.ak.crunchyroll.com/i/spire3-tmb/ccdb426a7b3caeb992f2e24acd1d8d4b1540601799_full.jpg","url":"http://www.crunchyroll.com/cardfight-vanguard/episode-26-vanguard-abnormality-unit-encyclopedia-776395","site":"Crunchyroll"},{"title":"Episode 27 - Stand Up! High School Life!!","thumbnail":"https://img1.ak.crunchyroll.com/i/spire1-tmb/4a4c8a127bfc0fe9e94858d1cff897341541227427_full.jpg","url":"http://www.crunchyroll.com/cardfight-vanguard/episode-27-stand-up-high-school-life-778573","site":"Crunchyroll"},{"title":"Episode 28 - Cardfight Club Initiated!","thumbnail":"https://img1.ak.crunchyroll.com/i/spire1-tmb/9a239553bb2788af6fa0abf661095cd31541844587_full.jpg","url":"http://www.crunchyroll.com/cardfight-vanguard/episode-28-cardfight-club-initiated-779274","site":"Crunchyroll"},{"title":"Episode 29 - New Allies","thumbnail":"https://img1.ak.crunchyroll.com/i/spire1-tmb/ba052acf076f1335f7294eaa607308e01542443485_full.jpg","url":"http://www.crunchyroll.com/cardfight-vanguard/episode-29-new-allies-779275","site":"Crunchyroll"},{"title":"Episode 30 - My Idol","thumbnail":"https://img1.ak.crunchyroll.com/i/spire3-tmb/1767e738007c617d1b1086f845eda34d1543040708_full.jpg","url":"http://www.crunchyroll.com/cardfight-vanguard/episode-30-my-idol-779276","site":"Crunchyroll"},{"title":"Episode 31 - The Backstage Boss","thumbnail":"https://img1.ak.crunchyroll.com/i/spire2-tmb/8ac116f96d3b9386f14f9bd72e93a41d1543649743_full.jpg","url":"http://www.crunchyroll.com/cardfight-vanguard/episode-31-the-backstage-boss-779277","site":"Crunchyroll"},{"title":"Episode 32 - First Exchange Match","thumbnail":"https://img1.ak.crunchyroll.com/i/spire4-tmb/9e2a847e8af48d3f18b1bc602bb015161544243069_full.jpg","url":"http://www.crunchyroll.com/cardfight-vanguard/episode-32-first-exchange-match-779278","site":"Crunchyroll"},{"title":"Episode 33 - Vanguard Koshien","thumbnail":"https://img1.ak.crunchyroll.com/i/spire1-tmb/4731b493e2ba9a4c66ede2264f2e3a7f1544864948_full.jpg","url":"http://www.crunchyroll.com/cardfight-vanguard/episode-33-vanguard-koshien-779279","site":"Crunchyroll"},{"title":"Episode 34 - Another Vanguard","thumbnail":"https://img1.ak.crunchyroll.com/i/spire1-tmb/8a050c9c22ed2873af05a8fddad064bb1545465123_full.jpg","url":"http://www.crunchyroll.com/cardfight-vanguard/episode-34-another-vanguard-779280","site":"Crunchyroll"},{"title":"Episode 35 - Concert Master, Takuto","thumbnail":"https://img1.ak.crunchyroll.com/i/spire3-tmb/c9c83f02ed34843c439edff588fc385a1546687684_full.jpg","url":"http://www.crunchyroll.com/cardfight-vanguard/episode-35-concert-master-takuto-779281","site":"Crunchyroll"},{"title":"Episode 36 - Destiny Conductor","thumbnail":"https://img1.ak.crunchyroll.com/i/spire1-tmb/e476fbb33fe74661ca7e7e1b7fa43f9f1547280712_full.jpg","url":"http://www.crunchyroll.com/cardfight-vanguard/episode-36-destiny-conductor-781507","site":"Crunchyroll"},{"title":"Episode 37 - Invasion of the PSYqualia Zombie","thumbnail":"https://img1.ak.crunchyroll.com/i/spire3-tmb/865cb92f3368207501b240b7db56be3a1547900578_full.jpg","url":"http://www.crunchyroll.com/cardfight-vanguard/episode-37-invasion-of-the-psyqualia-zombie-781508","site":"Crunchyroll"},{"title":"Episode 38 - Beyond Imagination!","thumbnail":"https://img1.ak.crunchyroll.com/i/spire2-tmb/66169419ca4dda48718a57885b2940ee1548481902_full.jpg","url":"http://www.crunchyroll.com/cardfight-vanguard/episode-38-beyond-imagination-781509","site":"Crunchyroll"},{"title":"Episode 39 - True Strength","thumbnail":"https://img1.ak.crunchyroll.com/i/spire4-tmb/dffd703237f30a77d25a265e71ccba2d1549096747_full.jpg","url":"http://www.crunchyroll.com/cardfight-vanguard/episode-39-true-strength-781510","site":"Crunchyroll"},{"title":"Episode 40 - True and Fake","thumbnail":"https://img1.ak.crunchyroll.com/i/spire3-tmb/56a817cedbd5faf0e5ec2efcaa9a17091549712684_full.jpg","url":"http://www.crunchyroll.com/cardfight-vanguard/episode-40-true-and-fake-781511","site":"Crunchyroll"},{"title":"Episode 41 - Phantom Final Turn","thumbnail":"https://img1.ak.crunchyroll.com/i/spire2-tmb/552714900ced7fba70517ac8f4b5ce001550318773_full.jpg","url":"http://www.crunchyroll.com/cardfight-vanguard/episode-41-phantom-final-turn-781512","site":"Crunchyroll"},{"title":"Episode 42 - Distorted Bonds","thumbnail":"https://img1.ak.crunchyroll.com/i/spire1-tmb/e6e8612b41c437c40e19bbba7a25786f1550913700_full.jpg","url":"http://www.crunchyroll.com/cardfight-vanguard/episode-42-distorted-bonds-781513","site":"Crunchyroll"},{"title":"Episode 43 - Called Walkers - Those Ruled by Fate","thumbnail":"https://img1.ak.crunchyroll.com/i/spire4-tmb/c03af01478997e24d469d85c98a98fc41551523881_full.jpg","url":"http://www.crunchyroll.com/cardfight-vanguard/episode-43-called-walkers-those-ruled-by-fate-781514","site":"Crunchyroll"},{"title":"Episode 44 - Entangled Fate","thumbnail":"https://img1.ak.crunchyroll.com/i/spire3-tmb/0a49cd60e1b4d777416ac05ccc60340d1552125654_full.jpg","url":"http://www.crunchyroll.com/cardfight-vanguard/episode-44-entangled-fate-781515","site":"Crunchyroll"},{"title":"Episode 45 - Rivalry","thumbnail":"https://img1.ak.crunchyroll.com/i/spire2-tmb/161f4f8e9514adf4afe1f464eebd7db11552715223_full.jpg","url":"http://www.crunchyroll.com/cardfight-vanguard/episode-45-rivalry-782646","site":"Crunchyroll"},{"title":"Episode 46 - The Vilest Enemy Aichi","thumbnail":"https://img1.ak.crunchyroll.com/i/spire1-tmb/48649dd224933f93a599248e0698eb521553320372_full.jpg","url":"http://www.crunchyroll.com/cardfight-vanguard/episode-46-the-vilest-enemy-aichi-782647","site":"Crunchyroll"},{"title":"Episode 47 - The Truth of Destiny Conductor","thumbnail":"https://img1.ak.crunchyroll.com/i/spire1-tmb/35cdd23c4503927516e57b01db05683a1553932876_full.jpg","url":"http://www.crunchyroll.com/cardfight-vanguard/episode-47-the-truth-of-destiny-conductor-782648","site":"Crunchyroll"},{"title":"Episode 48 - Kai's Memory","thumbnail":"https://img1.ak.crunchyroll.com/i/spire3-tmb/0886631151ecb2216e80509d40d772f41554546790_full.jpg","url":"http://www.crunchyroll.com/cardfight-vanguard/episode-48-kais-memory-782649","site":"Crunchyroll"},{"title":"Episode 49 - Bonds","thumbnail":"https://img1.ak.crunchyroll.com/i/spire1-tmb/f522d2c8cb7cae52bf34e460d250832a1555149634_full.jpg","url":"http://www.crunchyroll.com/cardfight-vanguard/episode-49-bonds-782650","site":"Crunchyroll"},{"title":"Episode 50 - The Day When Vanguard Disappears","thumbnail":"https://img1.ak.crunchyroll.com/i/spire1-tmb/6223c8a4f9a33c5512466839de92f99d1555752808_full.jpg","url":"http://www.crunchyroll.com/cardfight-vanguard/episode-50-the-day-when-vanguard-disappears-782651","site":"Crunchyroll"},{"title":"Episode 51 - Messiah","thumbnail":"https://img1.ak.crunchyroll.com/i/spire1-tmb/5e5ad1eca28ee13edc61e3b6007353311556348755_full.jpg","url":"http://www.crunchyroll.com/cardfight-vanguard/episode-51-messiah-782652","site":"Crunchyroll"},{"title":"Episode 52 - Vanguard Abnormality!? Unit Encyclopedia Grade 2!!","thumbnail":"https://img1.ak.crunchyroll.com/i/spire1-tmb/3d31a783fb3d33fa3c4c287ff6efdb391556944821_full.jpg","url":"http://www.crunchyroll.com/cardfight-vanguard/episode-52-vanguard-abnormality-unit-encyclopedia-grade-2-782653","site":"Crunchyroll"}],"rankings":[{"rank":98,"type":"RATED","context":"highest rated","year":2019,"season":null},{"rank":22,"type":"RATED","context":"highest rated","year":2019,"season":"SPRING"},{"rank":28,"type":"POPULAR","context":"most popular","year":2019,"season":"SPRING"}],"mediaListEntry":null,"reviews":[{"id":5037,"score":30,"summary":"Why did this arc exist to begin with?","body":"You probably wondering, why make a review about a cardgame anime? Cardgame animes don't need story to be good, they just need to showcase card effects?. Cardgame animes just need to look flashy? Unfortunately this arc ( and the highschool arc overall ) had this treatment that went with the \" Why have story when we can show how cool the cards are \". I will now begin ripping this arc out from it's good and bads.\n\nStory: Here is where is lacks in, if we judge by the reboot overall; it's not half bad, this arc however has seemed to have slipped  and fallen down a cliff and is struggling to get back to the point by rushing and instead... falls back down into nothingness. The basic jist of the plot is trying to figure out what's missing from their memories and win the Koshien, that's it. It took 14 episodes and like 4 of those episodes was dedicated to the koshien. a rushed and unsatisfying competition where even some memorial characters like Asaka and Misaki basically got their entire match skipped and summed up in a matter of 2 minutes, where did the rest of the budget go into? Who knows?. How about figuring out what's missing in their memory? It seems like it took them a solid 13 episodes for them to figure it out with not a lot of piecing bits and pieces and that final episode? did you expect a full length epic battle to end the arc? I'll let you go through 14 episodes to find that out!. Other than that at the very least, they kept with their traditional \" Imaginee shiro! / Imagine it! \", the classic Kai triple Quad criticals ooo so strong / 6 damage heals from Aichi ooo so strong and the fact that what matters in Vanguard is having fun which I feel is what really defines the series well. You did well to keep the good bits Bushiroad.\n\nAnimation: This isn't something new in Bushiroad animes but animation is a lacking trait, the art style is quite nice to look at and looks shiny but that's the only good bit of the looks in the show. To a certain extent having a animation that doesn't do a good job will ultimately make the show look bad.\n\nSound: Average. If you been following the entire series you'll know exactly what i'm talking about with the sound field when I say it's a typical Vanguard thing. The osts in the show is usually the theme of the characters which i'd say are nothing amazing, no sawano level, it's just a theme they all have that is neither bad... not great except maybe Kai's final turn. It's something that will be quite nostalgic to the original but the themes not the same. OP song for this arc which sounds very Bang Dreamy is a hit or miss depending on what your tastes are... it's very upbeat which suits the reboot well but to each their own. EDs are good to hear and will most definitely get catchy so i'd def recommend  anyone to give it a listen to.\n\nEnjoyment: This depends on what you really looking for in the anime series; if you like comedy and card showcase, sure, this is most likely what you looking for, but if you looking for a plot and game play, I would have to direct your attention to the original if you want that. This also follows more in the manga so if you enjoy the manga more than you'll most likely like this more.\n\nOverall thoughts: This was a rather unsatisfying rushed piece of art that honestly surprised me by it's obscure plot direction more than anything. I like how they basically sum up that Vanguards all about having fun and meeting new people through the cardgame and believing in yourself, it's honestly the only part of the arc that kept me to power through all 14 episodes + reboot. Vanguard anime teaches you things you may not know about etiquette of cardfights but it get's drowned out by the comedy skits. I still wonder why have a separate arc that's continuing on from the reboot but then again... why have this high-school arc to begin with? Who knows?"}],"siteUrl":"https://anilist.co/anime/109260","autoCreateForumThread":false,"modNotes":null,"stats":{"scoreDistribution":[{"score":10,"amount":15},{"score":20,"amount":15},{"score":30,"amount":21},{"score":40,"amount":30},{"score":50,"amount":81},{"score":60,"amount":114},{"score":70,"amount":127},{"score":80,"amount":72},{"score":90,"amount":34},{"score":100,"amount":32}],"statusDistribution":[{"status":"CURRENT","amount":127},{"status":"PLANNING","amount":564},{"status":"COMPLETED","amount":973},{"status":"DROPPED","amount":81},{"status":"PAUSED","amount":47}]},"isRecommendationBlocked":false,"recommendations":[]}