{"id":109745,"idMal":39893,"title":{"romaji":"MUTEKING THE Dancing HERO","english":"MUTEKING THE Dancing HERO","native":"MUTEKING THE Dancing HERO","userPreferred":"MUTEKING THE Dancing HERO"},"format":"TV","status":"FINISHED","episodes":12,"description":"Anything can happen in Neo San Francisco: monster attacks, retro-future tech, town-thumping tunes! When these monsters threaten to harsh the vibe of this city, DJ pumps up the jams to transform Muteki into Muteking, the dancing hero. The invaders can’t keep up when this superhero hits the dance floor. The classic anime retakes the stage!<br>\n<br>\n(Source: Funimation)","startDate":{"year":2021,"month":10,"day":3},"endDate":{"year":2021,"month":12,"day":19},"season":"FALL","seasonYear":2021,"duration":24,"countryOfOrigin":"JP","isLicensed":true,"source":"ORIGINAL","hashtag":"#MUTEKING","trailer":"https://www.youtube.com/watch?v=e26hIPM7310","updatedAt":1706263965,"coverImage":{"large":"https://s4.anilist.co/file/anilistcdn/media/anime/cover/large/bx109745-W4NnQxYpGJJO.jpg","medium":"https://s4.anilist.co/file/anilistcdn/media/anime/cover/medium/bx109745-W4NnQxYpGJJO.jpg","small":"https://s4.anilist.co/file/anilistcdn/media/anime/cover/small/bx109745-W4NnQxYpGJJO.jpg","color":"#35bbe4"},"bannerImage":null,"genres":["Action","Comedy","Music","Sci-Fi"],"synonyms":["ムテキング・ザ・ダンシング・ヒーロー"],"averageScore":55,"meanScore":56,"favourites":20,"popularity":2564,"trending":0,"tags":[{"id":172,"name":"Superhero","isMediaSpoiler":false},{"id":265,"name":"Musical","isMediaSpoiler":false},{"id":513,"name":"Tokusatsu","isMediaSpoiler":false},{"id":191,"name":"Aliens","isMediaSpoiler":false},{"id":115,"name":"Idol","isMediaSpoiler":false},{"id":209,"name":"Dancing","isMediaSpoiler":false},{"id":90,"name":"CGI","isMediaSpoiler":false},{"id":28,"name":"Kids","isMediaSpoiler":false},{"id":139,"name":"Love Triangle","isMediaSpoiler":false},{"id":1165,"name":"Transgender","isMediaSpoiler":true},{"id":517,"name":"Artificial Intelligence","isMediaSpoiler":true},{"id":193,"name":"Episodic","isMediaSpoiler":false}],"relations":[{"id":5833,"title":{"english":null,"native":"とんでも戦士ムテキング","romaji":"Tondemo Senshi Muteking","userPreferred":"Tondemo Senshi Muteking"},"type":"ANIME"}],"characters":[{"id":249527,"name":"Ceo"},{"id":249530,"name":"DJ"},{"id":249529,"name":"Aida-san"},{"id":249528,"name":"Muteki"},{"id":249533,"name":"Naomi"},{"id":249535,"name":"Summer"},{"id":249536,"name":"Vivi"},{"id":249531,"name":"Haru"},{"id":249532,"name":"Ann"},{"id":249534,"name":"Sarah"},{"id":249538,"name":"Winter"},{"id":249539,"name":"Aki"},{"id":249540,"name":"Suteking"},{"id":249542,"name":"Matt"},{"id":249543,"name":"George"},{"id":249544,"name":"Tommy"},{"id":249541,"name":"Owen"}],"staff":[{"id":127697,"name":"Yoshihiro Otobe"},{"id":150931,"name":"Takamitsu Shimazaki"},{"id":150005,"name":"Takumi Itou"},{"id":163070,"name":"Takeshi Masuda"},{"id":103573,"name":"Hiroshi Sasagawa"},{"id":230989,"name":"Yuuzou Satou"},{"id":230990,"name":"Utomaru"},{"id":182289,"name":"Yuuji Kondou"},{"id":100957,"name":"Ryousuke Takahashi"},{"id":118780,"name":"Masafumi Satou"},{"id":118780,"name":"Masafumi Satou"},{"id":150931,"name":"Takamitsu Shimazaki"},{"id":100995,"name":"Orange Range"},{"id":244750,"name":"KALMA"},{"id":133502,"name":"Reol"},{"id":133502,"name":"Reol"},{"id":133502,"name":"Reol"},{"id":248275,"name":"Giga"},{"id":248275,"name":"Giga"},{"id":225577,"name":"Rinne Yoshida"},{"id":126213,"name":"Mariya Takeuchi"},{"id":148206,"name":"Junko Miyajima"},{"id":151024,"name":"hisakuni"},{"id":126213,"name":"Mariya Takeuchi"},{"id":163070,"name":"Takeshi Masuda"}],"studios":[{"id":200,"name":"Tezuka Productions","isAnimationStudio":true},{"id":103,"name":"Tatsunoko Production","isAnimationStudio":true},{"id":123,"name":"Victor Entertainment","isAnimationStudio":false},{"id":6993,"name":"Smile Company","isAnimationStudio":false},{"id":102,"name":"Funimation","isAnimationStudio":false}],"isFavourite":false,"isAdult":false,"isLocked":false,"nextAiringEpisode":null,"airingSchedule":[{"airingAt":1633191960,"timeUntilAiring":-73107576,"episode":1},{"airingAt":1633796760,"timeUntilAiring":-72502776,"episode":2},{"airingAt":1634401560,"timeUntilAiring":-71897976,"episode":3},{"airingAt":1635006360,"timeUntilAiring":-71293176,"episode":4},{"airingAt":1635611160,"timeUntilAiring":-70688376,"episode":5},{"airingAt":1636215960,"timeUntilAiring":-70083576,"episode":6},{"airingAt":1636820760,"timeUntilAiring":-69478776,"episode":7},{"airingAt":1637425560,"timeUntilAiring":-68873976,"episode":8},{"airingAt":1638030360,"timeUntilAiring":-68269176,"episode":9},{"airingAt":1638635160,"timeUntilAiring":-67664376,"episode":10},{"airingAt":1639239960,"timeUntilAiring":-67059576,"episode":11},{"airingAt":1639844760,"timeUntilAiring":-66454776,"episode":12}],"trends":[{"date":1559487600,"trending":6,"popularity":0,"inProgress":null},{"date":1559574000,"trending":3,"popularity":7,"inProgress":null},{"date":1559660400,"trending":2,"popularity":10,"inProgress":null},{"date":1559746800,"trending":1,"popularity":10,"inProgress":null},{"date":1560610800,"trending":1,"popularity":14,"inProgress":null},{"date":1560956400,"trending":1,"popularity":14,"inProgress":null},{"date":1561474800,"trending":1,"popularity":17,"inProgress":1},{"date":1561993200,"trending":1,"popularity":18,"inProgress":1},{"date":1562252400,"trending":1,"popularity":19,"inProgress":1},{"date":1565622000,"trending":1,"popularity":23,"inProgress":1},{"date":1567004400,"trending":2,"popularity":25,"inProgress":1},{"date":1567868400,"trending":1,"popularity":26,"inProgress":1},{"date":1568041200,"trending":2,"popularity":27,"inProgress":1},{"date":1568300400,"trending":1,"popularity":29,"inProgress":1},{"date":1570460400,"trending":1,"popularity":33,"inProgress":1},{"date":1571756400,"trending":1,"popularity":38,"inProgress":1},{"date":1572793200,"trending":1,"popularity":39,"inProgress":1},{"date":1573311600,"trending":1,"popularity":40,"inProgress":1},{"date":1574348400,"trending":1,"popularity":40,"inProgress":1},{"date":1577804400,"trending":1,"popularity":40,"inProgress":1},{"date":1579100400,"trending":1,"popularity":40,"inProgress":1},{"date":1579964400,"trending":1,"popularity":41,"inProgress":1},{"date":1580050800,"trending":2,"popularity":42,"inProgress":1},{"date":1586185200,"trending":1,"popularity":45,"inProgress":1},{"date":1590505200,"trending":2,"popularity":50,"inProgress":4}],"externalLinks":["https://muteking.jp/","https://twitter.com/MUTEKING2021","https://www.funimation.com/shows/muteking-the-dancing-hero/","https://www.crunchyroll.com/muteking-the-dancing-hero"],"streamingEpisodes":[{"title":"Episode 1 - Muteking Begins","thumbnail":"https://img1.ak.crunchyroll.com/i/spire2-tmb/648f0a94f523d42147f5cee2ad016e4e1668490273_full.jpg","url":"http://www.crunchyroll.com/muteking-the-dancing-hero/episode-1-muteking-begins-878977","site":"Crunchyroll"},{"title":"Episode 2 - Brand-New Gadget","thumbnail":"https://img1.ak.crunchyroll.com/i/spire4-tmb/4f9269e1f149e7fa42909817554fa8711668490403_full.jpg","url":"http://www.crunchyroll.com/muteking-the-dancing-hero/episode-2-brand-new-gadget-878978","site":"Crunchyroll"},{"title":"Episode 3 - Rock and Rolling","thumbnail":"https://img1.ak.crunchyroll.com/i/spire4-tmb/09a4e6a2bbe38ab510dc510bf450f49f1668490807_full.jpg","url":"http://www.crunchyroll.com/muteking-the-dancing-hero/episode-3-rock-and-rolling-878979","site":"Crunchyroll"},{"title":"Episode 4 - Chill Out Sunset","thumbnail":"https://img1.ak.crunchyroll.com/i/spire2-tmb/70cdef55c7eb9bee97a4b8b897a7829a1668490835_full.jpg","url":"http://www.crunchyroll.com/muteking-the-dancing-hero/episode-4-chill-out-sunset-878980","site":"Crunchyroll"},{"title":"Episode 5 - Goodbye Park","thumbnail":"https://img1.ak.crunchyroll.com/i/spire2-tmb/a51d0e0b245398f137d0622c9951a4791668490859_full.jpg","url":"http://www.crunchyroll.com/muteking-the-dancing-hero/episode-5-goodbye-park-878982","site":"Crunchyroll"},{"title":"Episode 6 - Stand Alone","thumbnail":"https://img1.ak.crunchyroll.com/i/spire4-tmb/21df6a30ff90e3117e21c215cee686731668490847_full.jpg","url":"http://www.crunchyroll.com/muteking-the-dancing-hero/episode-6-stand-alone-878983","site":"Crunchyroll"},{"title":"Episode 7 - Stage of Dreams","thumbnail":"https://img1.ak.crunchyroll.com/i/spire1-tmb/66b032505421ae6eaa8d93fab1fa8d931668490932_full.jpg","url":"http://www.crunchyroll.com/muteking-the-dancing-hero/episode-7-stage-of-dreams-878984","site":"Crunchyroll"},{"title":"Episode 8 - Muteki Mode","thumbnail":"https://img1.ak.crunchyroll.com/i/spire2-tmb/9c6d7a6dd532709f1d54894937cdddd71668490990_full.jpg","url":"http://www.crunchyroll.com/muteking-the-dancing-hero/episode-8-muteki-mode-878985","site":"Crunchyroll"},{"title":"Episode 9 - In the Dark","thumbnail":"https://img1.ak.crunchyroll.com/i/spire1-tmb/dd6c5407b9a95fee2e6b9fb1158ef30a1668491049_full.jpg","url":"http://www.crunchyroll.com/muteking-the-dancing-hero/episode-9-in-the-dark-878986","site":"Crunchyroll"},{"title":"Episode 10 - Sweet Memories","thumbnail":"https://img1.ak.crunchyroll.com/i/spire4-tmb/802502121030cbf5a7b5e3d1d6db255e1668491125_full.jpg","url":"http://www.crunchyroll.com/muteking-the-dancing-hero/episode-10-sweet-memories-878992","site":"Crunchyroll"},{"title":"Episode 11 - Heartbreak","thumbnail":"https://img1.ak.crunchyroll.com/i/spire2-tmb/b1a77f604ff3cc3b5cf82c08fde58b3e1668491232_full.jpg","url":"http://www.crunchyroll.com/muteking-the-dancing-hero/episode-11-heartbreak-878994","site":"Crunchyroll"},{"title":"Episode 12 - The Dancing Hero","thumbnail":"https://img1.ak.crunchyroll.com/i/spire3-tmb/d242d16a2f82afc6f49fd664768fe64e1668491349_full.jpg","url":"http://www.crunchyroll.com/muteking-the-dancing-hero/episode-12-the-dancing-hero-878997","site":"Crunchyroll"}],"rankings":[],"mediaListEntry":null,"reviews":null,"siteUrl":"https://anilist.co/anime/109745","autoCreateForumThread":false,"modNotes":null,"stats":{"scoreDistribution":[{"score":10,"amount":42},{"score":20,"amount":32},{"score":30,"amount":76},{"score":40,"amount":102},{"score":50,"amount":148},{"score":60,"amount":135},{"score":70,"amount":127},{"score":80,"amount":92},{"score":90,"amount":57},{"score":100,"amount":49}],"statusDistribution":[{"status":"CURRENT","amount":211},{"status":"PLANNING","amount":835},{"status":"COMPLETED","amount":889},{"status":"DROPPED","amount":521},{"status":"PAUSED","amount":108}]},"isRecommendationBlocked":false,"recommendations":[{"mediaRecommendation":{"id":101261,"title":{"romaji":"Sarazanmai","english":"Sarazanmai","native":"さらざんまい","userPreferred":"Sarazanmai"},"type":"ANIME"}},{"mediaRecommendation":{"id":21250,"title":{"romaji":"ClassicaLoid","english":"ClassicaLoid","native":"クラシカロイド","userPreferred":"ClassicaLoid"},"type":"ANIME"}},{"mediaRecommendation":{"id":18229,"title":{"romaji":"Gatchaman Crowds","english":null,"native":"ガッチャマン クラウズ","userPreferred":"Gatchaman Crowds"},"type":"ANIME"}},{"mediaRecommendation":{"id":101281,"title":{"romaji":"Carole & Tuesday","english":"Carole & Tuesday","native":"キャロル＆チューズデイ","userPreferred":"Carole & Tuesday"},"type":"ANIME"}},{"mediaRecommendation":{"id":99424,"title":{"romaji":"SSSS.GRIDMAN","english":"SSSS.GRIDMAN","native":"SSSS.GRIDMAN","userPreferred":"SSSS.GRIDMAN"},"type":"ANIME"}},{"mediaRecommendation":{"id":131565,"title":{"romaji":"takt op.Destiny","english":"takt op.Destiny","native":"takt op.Destiny","userPreferred":"takt op.Destiny"},"type":"ANIME"}},{"mediaRecommendation":{"id":136428,"title":{"romaji":"Kaijin Kaihatsubu no Kuroitsu-san","english":"Miss KUROITSU from the Monster Development Department","native":"怪人開発部の黒井津さん","userPreferred":"Kaijin Kaihatsubu no Kuroitsu-san"},"type":"ANIME"}},{"mediaRecommendation":{"id":141774,"title":{"romaji":"Paripi Koumei","english":"Ya Boy Kongming!","native":"パリピ孔明","userPreferred":"Paripi Koumei"},"type":"ANIME"}},{"mediaRecommendation":{"id":115069,"title":{"romaji":"D4DJ First Mix","english":"D4DJ First Mix","native":"D4DJ First Mix","userPreferred":"D4DJ First Mix"},"type":"ANIME"}},{"mediaRecommendation":{"id":21342,"title":{"romaji":"Brave Beats","english":null,"native":"ブレイブビーツ","userPreferred":"Brave Beats"},"type":"ANIME"}},{"mediaRecommendation":{"id":162985,"title":{"romaji":"Metallic Rouge","english":"Metallic Rouge","native":"メタリックルージュ","userPreferred":"Metallic Rouge"},"type":"ANIME"}}]}