{"id":110229,"idMal":40004,"title":{"romaji":"Bokutachi wa Benkyou ga Dekinai!","english":"We Never Learn!: BOKUBEN Season 2","native":"ぼくたちは勉強ができない！","userPreferred":"Bokutachi wa Benkyou ga Dekinai!"},"format":"TV","status":"FINISHED","episodes":13,"description":"To get a scholarship, Nariyuki becomes a reluctant tutor to three unteachable girls. He must quickly make an art-lover adore mathematics, turn a literary genius into a bonafide scientist, and transform a top-tier athlete into a passing student.<br><br>(Source: HIDIVE)","startDate":{"year":2019,"month":10,"day":6},"endDate":{"year":2019,"month":12,"day":29},"season":"FALL","seasonYear":2019,"duration":24,"countryOfOrigin":"JP","isLicensed":true,"source":"MANGA","hashtag":"#ぼく勉","trailer":"https://www.youtube.com/watch?v=OBSkPcp3ffI","updatedAt":1706299784,"coverImage":{"large":"https://s4.anilist.co/file/anilistcdn/media/anime/cover/large/bx110229-uBjHp2cbXYVL.jpg","medium":"https://s4.anilist.co/file/anilistcdn/media/anime/cover/medium/bx110229-uBjHp2cbXYVL.jpg","small":"https://s4.anilist.co/file/anilistcdn/media/anime/cover/small/bx110229-uBjHp2cbXYVL.jpg","color":"#aed6f1"},"bannerImage":"https://s4.anilist.co/file/anilistcdn/media/anime/banner/110229-8HairUoHsVUN.jpg","genres":["Comedy","Ecchi","Romance","Slice of Life"],"synonyms":["BokuBen 2","We Never Learn 2","Boku-tachi wa Benkyou ga Dekinai 2nd Season","Boku-tachi wa Benkyou ga Dekinai!","เรื่องนี้ตําราไม่มีสอน ภาค 2"],"averageScore":71,"meanScore":72,"favourites":959,"popularity":63634,"trending":0,"tags":[{"id":23,"name":"Female Harem","isMediaSpoiler":false},{"id":82,"name":"Male Protagonist","isMediaSpoiler":false},{"id":86,"name":"Primarily Female Cast","isMediaSpoiler":false},{"id":46,"name":"School","isMediaSpoiler":false},{"id":83,"name":"Slapstick","isMediaSpoiler":false},{"id":1045,"name":"Heterosexual","isMediaSpoiler":false},{"id":56,"name":"Shounen","isMediaSpoiler":false},{"id":165,"name":"Teacher","isMediaSpoiler":false},{"id":931,"name":"Tomboy","isMediaSpoiler":false},{"id":335,"name":"Tanned Skin","isMediaSpoiler":false},{"id":164,"name":"Tsundere","isMediaSpoiler":false},{"id":779,"name":"Kuudere","isMediaSpoiler":false},{"id":100,"name":"Nudity","isMediaSpoiler":false},{"id":153,"name":"Time Skip","isMediaSpoiler":false},{"id":146,"name":"Alternate Universe","isMediaSpoiler":true},{"id":90,"name":"CGI","isMediaSpoiler":false}],"relations":[{"id":103900,"title":{"english":"We Never Learn: BOKUBEN","native":"ぼくたちは勉強ができない","romaji":"Bokutachi wa Benkyou ga Dekinai","userPreferred":"Bokutachi wa Benkyou ga Dekinai"},"type":"ANIME"},{"id":98235,"title":{"english":"We Never Learn","native":"ぼくたちは勉強ができない","romaji":"Bokutachi wa Benkyou ga Dekinai","userPreferred":"Bokutachi wa Benkyou ga Dekinai"},"type":"MANGA"},{"id":109492,"title":{"english":"We Never Learn OVAs","native":"ぼくたちは勉強ができない OVAs","romaji":"Bokutachi wa Benkyou ga Dekinai OVAs","userPreferred":"Bokutachi wa Benkyou ga Dekinai OVAs"},"type":"ANIME"}],"characters":[{"id":121775,"name":"Fumino Furuhashi"},{"id":125599,"name":"Asumi Kominami"},{"id":125600,"name":"Mafuyu Kirisu"},{"id":121778,"name":"Uruka Takemoto"},{"id":129715,"name":"Mizuki Yuiga"},{"id":121777,"name":"Nariyuki Yuiga"},{"id":121776,"name":"Rizu Ogata"},{"id":140222,"name":"Mikuni"},{"id":138277,"name":"Chinami Umihara"},{"id":129717,"name":"Sawako Sekijou"},{"id":139550,"name":"Kashima"},{"id":140223,"name":"Machiko"},{"id":140224,"name":"Himura"},{"id":139549,"name":"Ayuko Kuwase"},{"id":153814,"name":"Reiji Furuhashi"},{"id":153815,"name":"Shizuru Furuhashi"},{"id":205465,"name":"Kazuki Yuiga"},{"id":148151,"name":"Hazuki Yuiga"}],"staff":[{"id":102447,"name":"Taishi Tsutsui"},{"id":137944,"name":"halca"},{"id":112097,"name":"Masato Nakayama"},{"id":101180,"name":"Yoshiaki Iwasaki"},{"id":102193,"name":"Hiroki Matsumoto"},{"id":97004,"name":"Gou Zappa"},{"id":102192,"name":"Masakatsu Sasaki"},{"id":101549,"name":"Satoshi Motoyama"},{"id":136435,"name":"Aiko Matsuyama"},{"id":146167,"name":"Takahiro Murata"},{"id":146166,"name":"Hideki Imaizumi"},{"id":146165,"name":"Hironori Yamamoto"},{"id":136108,"name":"Nagisa Miyazaki"},{"id":133965,"name":"Minoru Morita"},{"id":140604,"name":"Hiroyuki Yokoyama"},{"id":140607,"name":"Tsutomu Murakami"},{"id":129031,"name":"Masaharu Morinaka"},{"id":147414,"name":"Shiho Tamai"},{"id":148196,"name":"Hiroaki Satou"},{"id":148197,"name":"Kazunori Takada"},{"id":148198,"name":"Shouta Sugimoto"},{"id":148199,"name":"Study"},{"id":148200,"name":"Tetsuya Matsumoto"},{"id":148201,"name":"Yoshiharu Fukushima"},{"id":148202,"name":"Kentarou Sonoda"}],"studios":[{"id":6240,"name":"Studio Silver","isAnimationStudio":true},{"id":6239,"name":"Arvo Animation","isAnimationStudio":true},{"id":493,"name":"Aniplex of America","isAnimationStudio":false},{"id":271,"name":"Barnum Studio","isAnimationStudio":false}],"isFavourite":false,"isAdult":false,"isLocked":false,"nextAiringEpisode":null,"airingSchedule":[{"airingAt":1570289400,"timeUntilAiring":-136011237,"episode":1},{"airingAt":1570894200,"timeUntilAiring":-135406437,"episode":2},{"airingAt":1571499000,"timeUntilAiring":-134801637,"episode":3},{"airingAt":1572103800,"timeUntilAiring":-134196837,"episode":4},{"airingAt":1572708600,"timeUntilAiring":-133592037,"episode":5},{"airingAt":1573313400,"timeUntilAiring":-132987237,"episode":6},{"airingAt":1573918200,"timeUntilAiring":-132382437,"episode":7},{"airingAt":1574523000,"timeUntilAiring":-131777637,"episode":8},{"airingAt":1575127800,"timeUntilAiring":-131172837,"episode":9},{"airingAt":1575732600,"timeUntilAiring":-130568037,"episode":10},{"airingAt":1576337400,"timeUntilAiring":-129963237,"episode":11},{"airingAt":1576942200,"timeUntilAiring":-129358437,"episode":12},{"airingAt":1577547000,"timeUntilAiring":-128753637,"episode":13}],"trends":[{"date":1561561200,"trending":25,"popularity":0,"inProgress":null},{"date":1561647600,"trending":1085,"popularity":0,"inProgress":null},{"date":1561734000,"trending":163,"popularity":485,"inProgress":8},{"date":1561820400,"trending":187,"popularity":1192,"inProgress":24},{"date":1561906800,"trending":125,"popularity":1520,"inProgress":31},{"date":1561993200,"trending":74,"popularity":1520,"inProgress":31},{"date":1562079600,"trending":33,"popularity":1657,"inProgress":37},{"date":1562166000,"trending":41,"popularity":1730,"inProgress":38},{"date":1562252400,"trending":35,"popularity":1772,"inProgress":39},{"date":1562338800,"trending":24,"popularity":1821,"inProgress":43},{"date":1562425200,"trending":35,"popularity":1866,"inProgress":47},{"date":1562511600,"trending":35,"popularity":1901,"inProgress":49},{"date":1562598000,"trending":29,"popularity":1942,"inProgress":50},{"date":1562684400,"trending":22,"popularity":1991,"inProgress":55},{"date":1562770800,"trending":17,"popularity":2026,"inProgress":55},{"date":1562857200,"trending":20,"popularity":2050,"inProgress":55},{"date":1562943600,"trending":22,"popularity":2080,"inProgress":57},{"date":1563030000,"trending":21,"popularity":2104,"inProgress":58},{"date":1563116400,"trending":16,"popularity":2156,"inProgress":57},{"date":1563202800,"trending":11,"popularity":2156,"inProgress":57},{"date":1563289200,"trending":19,"popularity":2179,"inProgress":58},{"date":1563375600,"trending":8,"popularity":2220,"inProgress":61},{"date":1563462000,"trending":13,"popularity":2220,"inProgress":61},{"date":1563548400,"trending":14,"popularity":2254,"inProgress":62},{"date":1563634800,"trending":11,"popularity":2270,"inProgress":62}],"externalLinks":["https://twitter.com/bokuben_anime","https://boku-ben.com/","https://www.crunchyroll.com/we-never-learn-bokuben","https://www.funimation.com/shows/we-never-learn-bokuben/","https://www.hidive.com/tv/we-never-learn-bokuben-season-2","https://www.hulu.com/series/we-never-learn-bokuben-d1afcb90-46a7-494c-a772-292e0970c586"],"streamingEpisodes":[{"title":"Episode 1 - Genius and X Are Two Sides of the Same Coin","thumbnail":"https://img1.ak.crunchyroll.com/i/spire4-tmb/fbc2180b08618bc5c1a58c790a12823e1554559170_full.jpg","url":"http://www.crunchyroll.com/we-never-learn-bokuben/episode-1-genius-and-x-are-two-sides-of-the-same-coin-782919","site":"Crunchyroll"},{"title":"Episode 2 - A Fish Is to Water as a Genius Is to X","thumbnail":"https://img1.ak.crunchyroll.com/i/spire2-tmb/d3bd4d704ee1fcd79e22f71aff5c769f1555154535_full.jpg","url":"http://www.crunchyroll.com/we-never-learn-bokuben/episode-2-a-fish-is-to-water-as-a-genius-is-to-x-782920","site":"Crunchyroll"},{"title":"Episode 3 - A Genius Resonates Emotionally with X","thumbnail":"https://img1.ak.crunchyroll.com/i/spire4-tmb/9b9c30da13606740505ed8ab85215f301555749556_full.jpg","url":"http://www.crunchyroll.com/we-never-learn-bokuben/episode-3-a-genius-resonates-emotionally-with-x-782921","site":"Crunchyroll"},{"title":"Episode 4 - What She Wants from a Genius is X","thumbnail":"https://img1.ak.crunchyroll.com/i/spire1-tmb/a9db708e070f7dd76c77fc510c76f9d71556370324_full.jpg","url":"http://www.crunchyroll.com/we-never-learn-bokuben/episode-4-what-she-wants-from-a-genius-is-x-782922","site":"Crunchyroll"},{"title":"Episode 5 - A Genius in the Forest Strays for X","thumbnail":"https://img1.ak.crunchyroll.com/i/spire2-tmb/46d5a9aa617185822ce318add7b3477a1556974283_full.jpg","url":"http://www.crunchyroll.com/we-never-learn-bokuben/episode-5-a-genius-in-the-forest-strays-for-x-782923","site":"Crunchyroll"},{"title":"Episode 6 - Thus, X Geniuses Never Learn","thumbnail":"https://img1.ak.crunchyroll.com/i/spire1-tmb/c89d933309ba41b68d6435bbf8f73c3f1557586984_full.jpg","url":"http://www.crunchyroll.com/we-never-learn-bokuben/episode-6-thus-x-geniuses-never-learn-782924","site":"Crunchyroll"},{"title":"Episode 7 - A Former Tutor's Secret Spot Is X","thumbnail":"https://img1.ak.crunchyroll.com/i/spire3-tmb/d78f7cee04aa5f9832715a13c9121a391558187616_full.jpg","url":"http://www.crunchyroll.com/we-never-learn-bokuben/episode-7-a-former-tutors-secret-spot-is-x-782925","site":"Crunchyroll"},{"title":"Episode 8 - Sometimes a Genius's Every Action Is at the Mercy of X ","thumbnail":"https://img1.ak.crunchyroll.com/i/spire3-tmb/11c146a6e3a95ba363961ef954f20c371558775823_full.jpg","url":"http://www.crunchyroll.com/we-never-learn-bokuben/episode-8-sometimes-a-geniuss-every-action-is-at-the-mercy-of-x-782926","site":"Crunchyroll"},{"title":"Episode 9 - He Struggles with X in a Forbidden Zone ","thumbnail":"https://img1.ak.crunchyroll.com/i/spire2-tmb/88d2857735a30d232df8134be990bd501559404068_full.jpg","url":"http://www.crunchyroll.com/we-never-learn-bokuben/episode-9-he-struggles-with-x-in-a-forbidden-zone-782927","site":"Crunchyroll"},{"title":"Episode 10 - A Lost Lamb in New Territory Encounters X ","thumbnail":"https://img1.ak.crunchyroll.com/i/spire2-tmb/49d7b8033f26ab8eadd8f71fb95863921559998280_full.jpg","url":"http://www.crunchyroll.com/we-never-learn-bokuben/episode-10-a-lost-lamb-in-new-territory-encounters-x-782928","site":"Crunchyroll"},{"title":"Episode 11 - An Illustrious Veteran Sometimes Serves X","thumbnail":"https://img1.ak.crunchyroll.com/i/spire3-tmb/0ad2960c4e1ded5bce90036fa88719cf1560607145_full.jpg","url":"http://www.crunchyroll.com/we-never-learn-bokuben/episode-11-an-illustrious-veteran-sometimes-serves-x-782929","site":"Crunchyroll"},{"title":"Episode 12 - Sometimes a Genius Travels down Memory Lane with X","thumbnail":"https://img1.ak.crunchyroll.com/i/spire4-tmb/d2a22026f0a25a3c87331fdd617b07291561209324_full.jpg","url":"http://www.crunchyroll.com/we-never-learn-bokuben/episode-12-sometimes-a-genius-travels-down-memory-lane-with-x-782930","site":"Crunchyroll"},{"title":"Episode 13 - The Light in a Genius's Eye Is All X ","thumbnail":"https://img1.ak.crunchyroll.com/i/spire3-tmb/a647bb857207513e3fc6bf4771ba4cea1561822801_full.jpg","url":"http://www.crunchyroll.com/we-never-learn-bokuben/episode-13-the-light-in-a-geniuss-eye-is-all-x-782931","site":"Crunchyroll"}],"rankings":[{"rank":51,"type":"RATED","context":"highest rated","year":2019,"season":null},{"rank":43,"type":"POPULAR","context":"most popular","year":2019,"season":null},{"rank":16,"type":"RATED","context":"highest rated","year":2019,"season":"FALL"},{"rank":11,"type":"POPULAR","context":"most popular","year":2019,"season":"FALL"}],"mediaListEntry":{"id":143061379,"status":"COMPLETED"},"reviews":[{"id":7896,"score":80,"summary":"Harem rom-com anime where the girls never learn.","body":"~~~ https://anilist.co/anime/103900   \nhttps://anilist.co/anime/110229 \n\n<img src=\"https://tinyurl.com/yc57d7uu\" width=60%>\n\n_Best girl~_\n~~~\n\n---\n So uh... Finally finished the anime.. WILL DEFINITELY READ THE MANGA because I just want more of this. The bond between Yuiga and the girls IS SO PURE, but I liked Fumino & Sensei the most (but Fumino best girl) \n\nOkay okay. So this  show is a rom-com harem anime. Really great. It has similar things with Quintuplets but I prefer BOKUBEN's events and interaction between the girls. You'll enjoy the bond between the girls and Yuiga-kun as he find himself on different awkward situations (I feel like \"misunderstandings\" is what make rom-com fun lol) \n\nI love how the anime \"take turns\" between the girls and together with Yuiga-kun and I think that's a pretty good balance (Fumino best girl) \n\n~~~_Yuiga_\n~! So.. Yuiga is a hardworking student and he's pretty good at teaching people. He's pretty dense and.. FUMINO IS BEST GIRL...He's a pure hearted guy and looooooooooooves his friends. ;-; FUMINOO..!~ _Fumino~_\n~! Fumino is best girl and the only girl for Yuiga-kun. She is so fucking pure and her interactions and moments with Yuiga-kun is just fucking amazing. She can be very bashful but SHE HAS THIS PURE SIDE WHEN IT COMES TO YUIGA-KUN (Fumino best girl). She's just a really sweet girl ;-; Wish there were more scenes of her and Yuiga-kun !~ _Sensei (Mafuyu Kirisu)~_\n~! Sensei is mature and hot. I find her interactions with Yuiga-kun in the anime really good. She's a pretty strict person but SHE HOT.. Yuiga-kun carrying her was pretty good~ I wish there were more scenes of her and Yuiga-kun too!~ _Uruka_\n~! She swims a lot and asks Fumino love advice...for her friend..lol..She's Yuiga-kun's childhood friend and she gets a long with Yuiga-kun until she realized that she likes him lol. She's a pretty bashful girl but she had good scenes alone together with Yuiga-kun.!~  _Ogata_ ~! Pretty cute girl...pretty sweet with Yuiga-kun though, I don't think she really likes him as boyfriend-girlfriend but she's pretty sweet (idk that's what I saw in the anime lol will read manga..wait no i think she really likes him ) She has some good scenes with Yuiga-kun but overall, she just looks like a kid to me LOL. !~ _Kominami-senpai~~_\n~! She's pretty lit ngl. Teases Yuiga-kun a lot, I wouldn't mind them being girlfriend-boyfriend tbh and I think she's a pretty sweet girl (come on, tbh they're all sweet) She's pretty mature too..  !~\n\nAAAAAAAA\nOverall, I really liked this anime because of Yuiga-kun's interaction between the girls. It's really fun to see them study and good around with Yuiga-kun and I think he's pretty lucky lol. Wish there was more of Fumino and Sensei sweet moments tho~\n\nFumino>Sensei>Kominami>Uruka & Ogata\n\nWould be awesome if there was a season 3, would love to see more of Fumino & Sensei <3\nOh and it's a solid 8/10.\n10/1/20\n~~~"}],"siteUrl":"https://anilist.co/anime/110229","autoCreateForumThread":false,"modNotes":null,"stats":{"scoreDistribution":[{"score":10,"amount":180},{"score":20,"amount":166},{"score":30,"amount":326},{"score":40,"amount":753},{"score":50,"amount":1960},{"score":60,"amount":3954},{"score":70,"amount":9683},{"score":80,"amount":8740},{"score":90,"amount":3923},{"score":100,"amount":1676}],"statusDistribution":[{"status":"CURRENT","amount":2998},{"status":"PLANNING","amount":12365},{"status":"COMPLETED","amount":45788},{"status":"DROPPED","amount":1312},{"status":"PAUSED","amount":1171}]},"isRecommendationBlocked":false,"recommendations":[{"mediaRecommendation":{"id":103572,"title":{"romaji":"Go-toubun no Hanayome","english":"The Quintessential Quintuplets","native":"五等分の花嫁","userPreferred":"Go-toubun no Hanayome"},"type":"ANIME"}},{"mediaRecommendation":{"id":104464,"title":{"romaji":"Ore wo Suki nano wa Omae dake ka yo","english":"ORESUKI: Are you the only one who loves me?","native":"俺を好きなのはお前だけかよ","userPreferred":"Ore wo Suki nano wa Omae dake ka yo"},"type":"ANIME"}},{"mediaRecommendation":{"id":18897,"title":{"romaji":"Nisekoi","english":"Nisekoi","native":"ニセコイ","userPreferred":"Nisekoi"},"type":"ANIME"}},{"mediaRecommendation":{"id":109492,"title":{"romaji":"Bokutachi wa Benkyou ga Dekinai OVAs","english":"We Never Learn OVAs","native":"ぼくたちは勉強ができない OVAs","userPreferred":"Bokutachi wa Benkyou ga Dekinai OVAs"},"type":"ANIME"}},{"mediaRecommendation":{"id":14749,"title":{"romaji":"Ore no Kanojo to Osananajimi ga Shuraba Sugiru","english":"Oreshura","native":"俺の彼女と幼なじみが修羅場すぎる","userPreferred":"Ore no Kanojo to Osananajimi ga Shuraba Sugiru"},"type":"ANIME"}},{"mediaRecommendation":{"id":109261,"title":{"romaji":"Go-toubun no Hanayome ∬","english":"The Quintessential Quintuplets 2","native":"五等分の花嫁∬","userPreferred":"Go-toubun no Hanayome ∬"},"type":"ANIME"}},{"mediaRecommendation":{"id":21857,"title":{"romaji":"Masamune-kun no Revenge","english":"Masamune-kun's Revenge","native":"政宗くんのリベンジ","userPreferred":"Masamune-kun no Revenge"},"type":"ANIME"}},{"mediaRecommendation":{"id":97766,"title":{"romaji":"Gamers!","english":"GAMERS!","native":"ゲーマーズ!","userPreferred":"Gamers!"},"type":"ANIME"}},{"mediaRecommendation":{"id":124675,"title":{"romaji":"Osananajimi ga Zettai ni Makenai Love Come","english":"Osamake: Romcom Where The Childhood Friend Won't Lose","native":"幼なじみが絶対に負けないラブコメ","userPreferred":"Osananajimi ga Zettai ni Makenai Love Come"},"type":"ANIME"}},{"mediaRecommendation":{"id":126192,"title":{"romaji":"Kanojo mo Kanojo","english":"Girlfriend, Girlfriend","native":"カノジョも彼女","userPreferred":"Kanojo mo Kanojo"},"type":"ANIME"}},{"mediaRecommendation":{"id":11235,"title":{"romaji":"Amagami SS+ plus","english":null,"native":"アマガミSS+ plus","userPreferred":"Amagami SS+ plus"},"type":"ANIME"}}]}