{"id":110355,"idMal":40059,"title":{"romaji":"Golden Kamuy 3rd Season","english":"Golden Kamuy Season 3","native":"ゴールデンカムイ 第三期","userPreferred":"Golden Kamuy 3rd Season"},"format":"TV","status":"FINISHED","episodes":12,"description":"Separated from Sugimoto, Asirpa now travels toward the Russian border, focused on discovering more about her and her father’s involvement with the coded tattoos. But Sugimoto is determined to find and protect Asirpa! Along the way, he’ll discover new people, new cultures rich with history, and an unforgiving terrain. Will Sugimoto and Asirpa survive their journeys and reunite?<br>\n<br>\n(Source: Funimation)","startDate":{"year":2020,"month":10,"day":5},"endDate":{"year":2020,"month":12,"day":21},"season":"FALL","seasonYear":2020,"duration":24,"countryOfOrigin":"JP","isLicensed":true,"source":"MANGA","hashtag":"#ゴールデンカムイ","trailer":"https://www.youtube.com/watch?v=G2raRyN6kgY","updatedAt":1706299751,"coverImage":{"large":"https://s4.anilist.co/file/anilistcdn/media/anime/cover/large/bx110355-yXOXm5tr8kgr.png","medium":"https://s4.anilist.co/file/anilistcdn/media/anime/cover/medium/bx110355-yXOXm5tr8kgr.png","small":"https://s4.anilist.co/file/anilistcdn/media/anime/cover/small/bx110355-yXOXm5tr8kgr.png","color":null},"bannerImage":"https://s4.anilist.co/file/anilistcdn/media/anime/banner/110355-NjeP9BVLSWG4.jpg","genres":["Action","Adventure","Comedy"],"synonyms":["Golden Kamui 3"],"averageScore":83,"meanScore":83,"favourites":1141,"popularity":36618,"trending":2,"tags":[{"id":25,"name":"Historical","isMediaSpoiler":false},{"id":50,"name":"Seinen","isMediaSpoiler":false},{"id":109,"name":"Primarily Adult Cast","isMediaSpoiler":false},{"id":105,"name":"Ensemble Cast","isMediaSpoiler":false},{"id":262,"name":"Outdoor","isMediaSpoiler":false},{"id":198,"name":"Foreign","isMediaSpoiler":false},{"id":157,"name":"Guns","isMediaSpoiler":false},{"id":140,"name":"Educational","isMediaSpoiler":false},{"id":34,"name":"Military","isMediaSpoiler":false},{"id":82,"name":"Male Protagonist","isMediaSpoiler":false},{"id":88,"name":"Primarily Male Cast","isMediaSpoiler":false},{"id":252,"name":"Revenge","isMediaSpoiler":true},{"id":142,"name":"Food","isMediaSpoiler":false},{"id":516,"name":"Language Barrier","isMediaSpoiler":false},{"id":104,"name":"Anti-Hero","isMediaSpoiler":false},{"id":103,"name":"Politics","isMediaSpoiler":false},{"id":433,"name":"Animals","isMediaSpoiler":false},{"id":143,"name":"Survival","isMediaSpoiler":false},{"id":94,"name":"Gore","isMediaSpoiler":false},{"id":648,"name":"Crime","isMediaSpoiler":false},{"id":43,"name":"Swordplay","isMediaSpoiler":false},{"id":291,"name":"Samurai","isMediaSpoiler":false},{"id":77,"name":"Gender Bending","isMediaSpoiler":true},{"id":476,"name":"Circus","isMediaSpoiler":false},{"id":251,"name":"Archery","isMediaSpoiler":false}],"relations":[{"id":86559,"title":{"english":"Golden Kamuy","native":"ゴールデンカムイ","romaji":"Golden Kamuy","userPreferred":"Golden Kamuy"},"type":"MANGA"},{"id":102977,"title":{"english":"Golden Kamuy Season 2","native":"ゴールデンカムイ 第二期","romaji":"Golden Kamuy 2nd Season","userPreferred":"Golden Kamuy 2nd Season"},"type":"ANIME"},{"id":106506,"title":{"english":null,"native":"ゴールデンカムイ 「ゴールデン道画劇場」","romaji":"Golden Kamuy: Golden Douga Gekijou","userPreferred":"Golden Kamuy: Golden Douga Gekijou"},"type":"ANIME"},{"id":142343,"title":{"english":"Golden Kamuy Season 4","native":"ゴールデンカムイ 第四期","romaji":"Golden Kamuy 4th Season","userPreferred":"Golden Kamuy 4th Season"},"type":"ANIME"}],"characters":[{"id":124704,"name":"Saichi Sugimoto"},{"id":124701,"name":"Asirpa"},{"id":124699,"name":"Yoshitake Shiraishi"},{"id":125422,"name":"Toshizou Hijikata"},{"id":129251,"name":"Kano Ienaga"},{"id":125441,"name":"Genjirou Tanigaki"},{"id":125443,"name":"Tatsuma Ushiyama"},{"id":131136,"name":"Hajime Tsukishima"},{"id":129247,"name":"Kiroranke"},{"id":125442,"name":"Tokushirou Tsurumi"},{"id":125426,"name":"Shinpachi Nagakura"},{"id":125440,"name":"Hyakunosuke Ogata"},{"id":131302,"name":"Heiji Koito"},{"id":127291,"name":"Kouhei Nikaidou"},{"id":128971,"name":"Otonoshin Koito"},{"id":129507,"name":"Cikapasi"},{"id":131135,"name":"Ryu"},{"id":131877,"name":"Tokishige Usami"},{"id":36309,"name":"Narrator"},{"id":129220,"name":"Wilk"},{"id":191138,"name":"Enonoka"},{"id":191764,"name":"Maiharu Gansoku"},{"id":196077,"name":"Sofia Goldenhand"},{"id":196076,"name":"Svetlana"},{"id":197261,"name":"Shinzou Doi"}],"staff":[{"id":118797,"name":"Satoru Noda"},{"id":120009,"name":"Kouji Watanabe"},{"id":106268,"name":"Hitoshi Nanba"},{"id":128968,"name":"Takahiro Mogi"},{"id":101736,"name":"Noboru Takagi"},{"id":119975,"name":"Kenichirou Suehiro"},{"id":146857,"name":"Yuuichirou Osada"},{"id":120018,"name":"Atsushi Morikawa"},{"id":131201,"name":"Keisuke Hiroe"},{"id":123020,"name":"Kenichi Oonuki"},{"id":103074,"name":"Jin Aketagawa"},{"id":146245,"name":"Koutarou Shishido"},{"id":128970,"name":"Gou Sadamatsu"},{"id":163092,"name":"Tomoe Ookubo"},{"id":125172,"name":"THE SIXTH LIE"},{"id":188185,"name":"FOMARE"},{"id":148450,"name":"Yutaka Hirata"},{"id":101518,"name":"Masahiro Andou"},{"id":146861,"name":"Shige Fukase"},{"id":106268,"name":"Hitoshi Nanba"},{"id":135521,"name":"Naho Kozono"},{"id":151524,"name":"Mayumi Fukushi"},{"id":135525,"name":"Tamako Miyanishi"},{"id":120009,"name":"Kouji Watanabe"},{"id":144430,"name":"Akira Takeuchi"}],"studios":[{"id":6142,"name":"Geno Studio","isAnimationStudio":true},{"id":31,"name":"NBCUniversal Entertainment Japan","isAnimationStudio":false}],"isFavourite":false,"isAdult":false,"isLocked":false,"nextAiringEpisode":null,"airingSchedule":[{"airingAt":1601906400,"timeUntilAiring":-104393615,"episode":1},{"airingAt":1602511200,"timeUntilAiring":-103788815,"episode":2},{"airingAt":1603116000,"timeUntilAiring":-103184015,"episode":3},{"airingAt":1603720800,"timeUntilAiring":-102579215,"episode":4},{"airingAt":1604325600,"timeUntilAiring":-101974415,"episode":5},{"airingAt":1604930400,"timeUntilAiring":-101369615,"episode":6},{"airingAt":1605535200,"timeUntilAiring":-100764815,"episode":7},{"airingAt":1606140000,"timeUntilAiring":-100160015,"episode":8},{"airingAt":1606744800,"timeUntilAiring":-99555215,"episode":9},{"airingAt":1607349600,"timeUntilAiring":-98950415,"episode":10},{"airingAt":1607954400,"timeUntilAiring":-98345615,"episode":11},{"airingAt":1608559200,"timeUntilAiring":-97740815,"episode":12}],"trends":[{"date":1562252400,"trending":46,"popularity":0,"inProgress":null},{"date":1562338800,"trending":119,"popularity":0,"inProgress":null},{"date":1562425200,"trending":64,"popularity":82,"inProgress":null},{"date":1562511600,"trending":35,"popularity":193,"inProgress":3},{"date":1562598000,"trending":8,"popularity":254,"inProgress":3},{"date":1562684400,"trending":10,"popularity":286,"inProgress":4},{"date":1562770800,"trending":8,"popularity":294,"inProgress":4},{"date":1562857200,"trending":5,"popularity":304,"inProgress":4},{"date":1562943600,"trending":3,"popularity":313,"inProgress":4},{"date":1563030000,"trending":2,"popularity":322,"inProgress":7},{"date":1563116400,"trending":7,"popularity":322,"inProgress":7},{"date":1563202800,"trending":44,"popularity":326,"inProgress":7},{"date":1563289200,"trending":14,"popularity":344,"inProgress":8},{"date":1563375600,"trending":8,"popularity":397,"inProgress":8},{"date":1563462000,"trending":4,"popularity":397,"inProgress":8},{"date":1563548400,"trending":1,"popularity":428,"inProgress":8},{"date":1563634800,"trending":5,"popularity":428,"inProgress":8},{"date":1563721200,"trending":4,"popularity":442,"inProgress":8},{"date":1563807600,"trending":6,"popularity":453,"inProgress":8},{"date":1563894000,"trending":3,"popularity":464,"inProgress":8},{"date":1563980400,"trending":3,"popularity":474,"inProgress":8},{"date":1564066800,"trending":5,"popularity":474,"inProgress":8},{"date":1564153200,"trending":1,"popularity":492,"inProgress":9},{"date":1564239600,"trending":4,"popularity":498,"inProgress":9},{"date":1564326000,"trending":6,"popularity":498,"inProgress":9}],"externalLinks":["https://kamuy-anime.com/","https://www.funimation.com/shows/golden-kamuy/","https://www.crunchyroll.com/golden-kamuy","https://twitter.com/kamuy_anime","https://www.youtube.com/playlist?list=PLwLSw1_eDZl1nrqwrDFPpNWO2GkwuYmf1"],"streamingEpisodes":[{"title":"Episode 1 - Wenkamuy","thumbnail":"https://img1.ak.crunchyroll.com/i/spire2-tmb/2165181c541f6672a906b6f32be9759d1523254387_full.jpg","url":"http://www.crunchyroll.com/golden-kamuy/episode-1-wenkamuy-769171","site":"Crunchyroll"},{"title":"Episode 2 - Nopperabo","thumbnail":"https://img1.ak.crunchyroll.com/i/spire3-tmb/0da8ed52237f06f831e79615506ab3511523888747_full.jpg","url":"http://www.crunchyroll.com/golden-kamuy/episode-2-nopperabo-769173","site":"Crunchyroll"},{"title":"Episode 3 - Kamuy Mosir","thumbnail":"https://img1.ak.crunchyroll.com/i/spire3-tmb/c07a0217fc0e6e0b4be976c45a4f48d71524495186_full.jpg","url":"http://www.crunchyroll.com/golden-kamuy/episode-3-kamuy-mosir-769175","site":"Crunchyroll"},{"title":"Episode 4 - Grim Reaper","thumbnail":"https://img1.ak.crunchyroll.com/i/spire1-tmb/7e4c407a8c3b02693c25c2a5a138cffd1525101297_full.jpg","url":"http://www.crunchyroll.com/golden-kamuy/episode-4-grim-reaper-769177","site":"Crunchyroll"},{"title":"Episode 5 - Race","thumbnail":"https://img1.ak.crunchyroll.com/i/spire3-tmb/d7ccba881836e635fe610fe40a08824e1525705208_full.jpg","url":"http://www.crunchyroll.com/golden-kamuy/episode-5-race-769179","site":"Crunchyroll"},{"title":"Episode 6 - Hunter's Soul","thumbnail":"https://img1.ak.crunchyroll.com/i/spire1-tmb/e094ec5c047cb882d6d60ee740e502a81526303207_full.jpg","url":"http://www.crunchyroll.com/golden-kamuy/episode-6-hunters-soul-769181","site":"Crunchyroll"},{"title":"Episode 7 - Complication","thumbnail":"https://img1.ak.crunchyroll.com/i/spire2-tmb/a23304492c6f88cd22633eca86cb25581526929035_full.jpg","url":"http://www.crunchyroll.com/golden-kamuy/episode-7-complication-769183","site":"Crunchyroll"},{"title":"Episode 8 - Eyes of a Murderer","thumbnail":"https://img1.ak.crunchyroll.com/i/spire2-tmb/136d73972336419bb8758a0f4c77c56c1527561245_full.jpg","url":"http://www.crunchyroll.com/golden-kamuy/episode-8-eyes-of-a-murderer-769185","site":"Crunchyroll"},{"title":"Episode 9 - Gleaming","thumbnail":"https://img1.ak.crunchyroll.com/i/spire3-tmb/a755a55e67eb9165828a34f3a7182bfd1528117399_full.jpg","url":"http://www.crunchyroll.com/golden-kamuy/episode-9-gleaming-769187","site":"Crunchyroll"},{"title":"Episode 10 - Fellow Traveler","thumbnail":"https://img1.ak.crunchyroll.com/i/spire1-tmb/4301715293e6bb4ff046d0bfa59af6021528731272_full.jpg","url":"http://www.crunchyroll.com/golden-kamuy/episode-10-fellow-traveler-769189","site":"Crunchyroll"},{"title":"Episode 11 - Everybody, Get Together! It's a Murder Hotel!","thumbnail":"https://img1.ak.crunchyroll.com/i/spire4-tmb/0b9df6b6d270bcba98044c8d7bf2c86d1529335467_full.jpg","url":"http://www.crunchyroll.com/golden-kamuy/episode-11-everybody-get-together-its-a-murder-hotel-769191","site":"Crunchyroll"},{"title":"Episode 12 - Trickster Fox","thumbnail":"https://img1.ak.crunchyroll.com/i/spire1-tmb/10c9e74618e293fcb43761728036b4521529941093_full.jpg","url":"http://www.crunchyroll.com/golden-kamuy/episode-12-trickster-fox-769193","site":"Crunchyroll"},{"title":"Episode 13 - Edogai-kun","thumbnail":"https://img1.ak.crunchyroll.com/i/spire2-tmb/924c564e951ef46f97c7d468834af9b61538998946_full.jpg","url":"http://www.crunchyroll.com/golden-kamuy/episode-13-edogai-kun-777837","site":"Crunchyroll"},{"title":"Episode 14 - Fakes","thumbnail":"https://img1.ak.crunchyroll.com/i/spire2-tmb/f48b77d4be3e04593a67e04fa4568dfa1539591523_full.jpg","url":"http://www.crunchyroll.com/golden-kamuy/episode-14-fakes-777838","site":"Crunchyroll"},{"title":"Episode 15 - Let's Talk About the Past","thumbnail":"https://img1.ak.crunchyroll.com/i/spire2-tmb/b6baf14521085beda6a8ee1a00cf28511540259253_full.jpg","url":"http://www.crunchyroll.com/golden-kamuy/episode-15-lets-talk-about-the-past-777839","site":"Crunchyroll"},{"title":"Episode 16 - The Great Plan to Infiltrate the Asahikawa 7th Division!!","thumbnail":"https://img1.ak.crunchyroll.com/i/spire2-tmb/787445548833b06f757a34d09644962b1540795477_full.jpg","url":"http://www.crunchyroll.com/golden-kamuy/episode-16-the-great-plan-to-infiltrate-the-asahikawa-7th-division-777840","site":"Crunchyroll"},{"title":"Episode 17 - Inside the Belly","thumbnail":"https://img1.ak.crunchyroll.com/i/spire2-tmb/3a2c294c98afe72b87b8caa575aa0b961541384529_full.jpg","url":"http://www.crunchyroll.com/golden-kamuy/episode-17-inside-the-belly-777841","site":"Crunchyroll"},{"title":"Episode 18 - Ani Nekko","thumbnail":"https://img1.ak.crunchyroll.com/i/spire4-tmb/e1b54a08e95531113c3dc224bb65dc841542035034_full.jpg","url":"http://www.crunchyroll.com/golden-kamuy/episode-18-ani-nekko-777842","site":"Crunchyroll"},{"title":"Episode 19 - Kamuy Hopunire","thumbnail":"https://img1.ak.crunchyroll.com/i/spire4-tmb/893ac1e875567c41956450cf1cadbfa61542634444_full.jpg","url":"http://www.crunchyroll.com/golden-kamuy/episode-19-kamuy-hopunire-777843","site":"Crunchyroll"},{"title":"Episode 20 - Blue Eyes","thumbnail":"https://img1.ak.crunchyroll.com/i/spire2-tmb/9d7069e51723ad4dbe4a72cb22d816791543246304_full.jpg","url":"http://www.crunchyroll.com/golden-kamuy/episode-20-blue-eyes-777844","site":"Crunchyroll"},{"title":"Episode 21 - The Sound of an Ambush","thumbnail":"https://img1.ak.crunchyroll.com/i/spire4-tmb/fe5b02377f06490ec35bc21c2d30e0051543847665_full.jpg","url":"http://www.crunchyroll.com/golden-kamuy/episode-21-the-sound-of-an-ambush-777845","site":"Crunchyroll"},{"title":"Episode 22 - On the Night of the New Moon","thumbnail":"https://img1.ak.crunchyroll.com/i/spire3-tmb/713cb7cff91cf09cbd8c0ee66e62a5331544415390_full.jpg","url":"http://www.crunchyroll.com/golden-kamuy/episode-22-on-the-night-of-the-new-moon-777846","site":"Crunchyroll"},{"title":"Episode 23 - Overwhelmed","thumbnail":"https://img1.ak.crunchyroll.com/i/spire3-tmb/2095a99623ea9694d4a9cd798f3f80a11545059016_full.jpg","url":"http://www.crunchyroll.com/golden-kamuy/episode-23-overwhelmed-777847","site":"Crunchyroll"},{"title":"Episode 24 - Call Out","thumbnail":"https://img1.ak.crunchyroll.com/i/spire3-tmb/44da4c092068ce0d6048ee3068203f0d1545643140_full.jpg","url":"http://www.crunchyroll.com/golden-kamuy/episode-24-call-out-777848","site":"Crunchyroll"},{"title":"Episode 25 - To Karafuto","thumbnail":"https://img1.ak.crunchyroll.com/i/spire2-tmb/952d9386f6fd919ae6f8f2f917cc6b8e1601904881_full.jpg","url":"http://www.crunchyroll.com/golden-kamuy/episode-25-to-karafuto-797959","site":"Crunchyroll"},{"title":"Episode 26 - Stenka","thumbnail":"https://img1.ak.crunchyroll.com/i/spire1-tmb/af6e77ec4be9fcde7d893da3299524581602498782_full.jpg","url":"http://www.crunchyroll.com/golden-kamuy/episode-26-stenka-797960","site":"Crunchyroll"},{"title":"Episode 27 - Igogusa","thumbnail":"https://img1.ak.crunchyroll.com/i/spire2-tmb/bebd0efd3602394448290e102b5e83ab1603091149_full.jpg","url":"http://www.crunchyroll.com/golden-kamuy/episode-27-igogusa-797961","site":"Crunchyroll"},{"title":"Episode 28 - The Immortal Sugimoto Harakiri Show","thumbnail":"https://img1.ak.crunchyroll.com/i/spire3-tmb/1b57ca4d2a96a3338e7ec627125ee59b1603706598_full.jpg","url":"http://www.crunchyroll.com/golden-kamuy/episode-28-the-immortal-sugimoto-harakiri-show-797962","site":"Crunchyroll"},{"title":"Episode 29 - The Border","thumbnail":"https://img1.ak.crunchyroll.com/i/spire4-tmb/19d7cab84cef16473e464bb8de086d981604304675_full.jpg","url":"http://www.crunchyroll.com/golden-kamuy/episode-29-the-border-797963","site":"Crunchyroll"},{"title":"Episode 30 - Bad Sign","thumbnail":"https://img1.ak.crunchyroll.com/i/spire4-tmb/faeaf361d62ab836ff6cceba12b407361604903515_full.jpg","url":"http://www.crunchyroll.com/golden-kamuy/episode-30-bad-sign-797964","site":"Crunchyroll"},{"title":"Episode 31 - Meko Oyasi","thumbnail":"https://img1.ak.crunchyroll.com/i/spire1-tmb/31844dbb40124ce2d72f69e7825912ef1605527544_full.jpg","url":"http://www.crunchyroll.com/golden-kamuy/episode-31-meko-oyasi-797965","site":"Crunchyroll"},{"title":"Episode 32 - Manslayer","thumbnail":"https://img1.ak.crunchyroll.com/i/spire1-tmb/a6367080436e2822750a8c151071bc011606133412_full.jpg","url":"http://www.crunchyroll.com/golden-kamuy/episode-32-manslayer-797966","site":"Crunchyroll"},{"title":"Episode 33 - Revolutionary","thumbnail":"https://img1.ak.crunchyroll.com/i/spire4-tmb/075128feb7fa2792a95f70a324cca9761606732458_full.jpg","url":"http://www.crunchyroll.com/golden-kamuy/episode-33-revolutionary-797967","site":"Crunchyroll"},{"title":"Episode 34 - Catching Up to the Wolf","thumbnail":"https://img1.ak.crunchyroll.com/i/spire4-tmb/4fd4a17da03ea92837f24fdf3cdd1d1a1607343332_full.jpg","url":"http://www.crunchyroll.com/golden-kamuy/episode-34-catching-up-to-the-wolf-797968","site":"Crunchyroll"},{"title":"Episode 35 - Sin and Impurity","thumbnail":"https://img1.ak.crunchyroll.com/i/spire2-tmb/3ecf1517ab1f0f1c7c4e36918f7605841607939259_full.jpg","url":"http://www.crunchyroll.com/golden-kamuy/episode-35-sin-and-impurity-797969","site":"Crunchyroll"},{"title":"Episode 36 - To Live","thumbnail":"https://img1.ak.crunchyroll.com/i/spire4-tmb/70a18fe722d59084f6cef0b3b34a84141608552899_full.jpg","url":"http://www.crunchyroll.com/golden-kamuy/episode-36-to-live-797970","site":"Crunchyroll"}],"rankings":[{"rank":100,"type":"RATED","context":"highest rated all time","year":null,"season":null},{"rank":7,"type":"RATED","context":"highest rated","year":2020,"season":null},{"rank":57,"type":"POPULAR","context":"most popular","year":2020,"season":null},{"rank":3,"type":"RATED","context":"highest rated","year":2020,"season":"FALL"},{"rank":19,"type":"POPULAR","context":"most popular","year":2020,"season":"FALL"}],"mediaListEntry":null,"reviews":null,"siteUrl":"https://anilist.co/anime/110355","autoCreateForumThread":false,"modNotes":null,"stats":{"scoreDistribution":[{"score":10,"amount":33},{"score":20,"amount":6},{"score":30,"amount":19},{"score":40,"amount":33},{"score":50,"amount":127},{"score":60,"amount":299},{"score":70,"amount":1394},{"score":80,"amount":4164},{"score":90,"amount":4888},{"score":100,"amount":2071}],"statusDistribution":[{"status":"CURRENT","amount":2007},{"status":"PLANNING","amount":11933},{"status":"COMPLETED","amount":21784},{"status":"DROPPED","amount":294},{"status":"PAUSED","amount":600}]},"isRecommendationBlocked":false,"recommendations":[{"mediaRecommendation":{"id":21123,"title":{"romaji":"DRIFTERS","english":"DRIFTERS","native":"DRIFTERS","userPreferred":"DRIFTERS"},"type":"ANIME"}},{"mediaRecommendation":{"id":105228,"title":{"romaji":"Dorohedoro","english":"Dorohedoro","native":"ドロヘドロ","userPreferred":"Dorohedoro"},"type":"ANIME"}},{"mediaRecommendation":{"id":101830,"title":{"romaji":"Golden Kamuy OVA","english":"Golden Kamuy OVA","native":"ゴールデンカムイOVA","userPreferred":"Golden Kamuy OVA"},"type":"ANIME"}},{"mediaRecommendation":{"id":918,"title":{"romaji":"Gintama","english":"Gintama","native":"銀魂","userPreferred":"Gintama"},"type":"ANIME"}},{"mediaRecommendation":{"id":113108,"title":{"romaji":"Kingdom 3rd Season","english":"Kingdom Season 3","native":"キングダム 第3シリーズ","userPreferred":"Kingdom 3rd Season"},"type":"ANIME"}},{"mediaRecommendation":{"id":20474,"title":{"romaji":"JoJo no Kimyou na Bouken: Stardust Crusaders","english":"JoJo's Bizarre Adventure: Stardust Crusaders","native":"ジョジョの奇妙な冒険 スターダストクルセイダース","userPreferred":"JoJo no Kimyou na Bouken: Stardust Crusaders"},"type":"ANIME"}},{"mediaRecommendation":{"id":101348,"title":{"romaji":"VINLAND SAGA","english":"Vinland Saga","native":"ヴィンランド・サガ","userPreferred":"VINLAND SAGA"},"type":"ANIME"}},{"mediaRecommendation":{"id":45,"title":{"romaji":"Rurouni Kenshin: Meiji Kenkaku Romantan","english":"Rurouni Kenshin","native":"るろうに剣心 -明治剣客浪漫譚-","userPreferred":"Rurouni Kenshin: Meiji Kenkaku Romantan"},"type":"ANIME"}},{"mediaRecommendation":{"id":21,"title":{"romaji":"ONE PIECE","english":"ONE PIECE","native":"ONE PIECE","userPreferred":"ONE PIECE"},"type":"ANIME"}},{"mediaRecommendation":{"id":142877,"title":{"romaji":"Rurouni Kenshin: Meiji Kenkaku Romantan (2023)","english":"Rurouni Kenshin (2023)","native":"るろうに剣心 －明治剣客浪漫譚－(2023)","userPreferred":"Rurouni Kenshin: Meiji Kenkaku Romantan (2023)"},"type":"ANIME"}}]}