{"id":110632,"idMal":40085,"title":{"romaji":"Maesetsu!","english":"Maesetsu! Opening Act","native":"まえせつ！","userPreferred":"Maesetsu!"},"format":"TV","status":"FINISHED","episodes":12,"description":"When four hardworking friends pair up to chase their dream of becoming professional stand-up comedians, they quickly find out that being funny is seriously difficult!<br>\n<br>\nJoin Fubuki, Mafuyu, Rin, Nayuta, and the rest of their hilarious pals as they overcome obstacles on the journey to achieving their ultimate goal: performing live at the Namba Grand Kagetsu!<br>\n<br>\n(Source: Funimation)","startDate":{"year":2020,"month":10,"day":11},"endDate":{"year":2020,"month":12,"day":27},"season":"FALL","seasonYear":2020,"duration":24,"countryOfOrigin":"JP","isLicensed":true,"source":"ORIGINAL","hashtag":"#まえせつ","trailer":"https://www.youtube.com/watch?v=n8xUS2V21D4","updatedAt":1706292582,"coverImage":{"large":"https://s4.anilist.co/file/anilistcdn/media/anime/cover/large/bx110632-WxTfHGRIZ4BJ.jpg","medium":"https://s4.anilist.co/file/anilistcdn/media/anime/cover/medium/bx110632-WxTfHGRIZ4BJ.jpg","small":"https://s4.anilist.co/file/anilistcdn/media/anime/cover/small/bx110632-WxTfHGRIZ4BJ.jpg","color":"#ffc9ae"},"bannerImage":"https://s4.anilist.co/file/anilistcdn/media/anime/banner/110632-TabT4x381ad9.jpg","genres":["Comedy","Slice of Life"],"synonyms":null,"averageScore":50,"meanScore":51,"favourites":27,"popularity":4664,"trending":0,"tags":[{"id":92,"name":"Cute Girls Doing Cute Things","isMediaSpoiler":false},{"id":145,"name":"Work","isMediaSpoiler":false},{"id":86,"name":"Primarily Female Cast","isMediaSpoiler":false},{"id":98,"name":"Female Protagonist","isMediaSpoiler":false},{"id":356,"name":"Gyaru","isMediaSpoiler":false},{"id":39,"name":"Parody","isMediaSpoiler":false},{"id":109,"name":"Primarily Adult Cast","isMediaSpoiler":false},{"id":46,"name":"School","isMediaSpoiler":false},{"id":404,"name":"College","isMediaSpoiler":false},{"id":142,"name":"Food","isMediaSpoiler":false},{"id":481,"name":"Rakugo","isMediaSpoiler":false}],"relations":[{"id":121323,"title":{"english":null,"native":"まえせつ！","romaji":"Maesetsu!","userPreferred":"Maesetsu!"},"type":"MANGA"}],"characters":[{"id":152690,"name":"Nayuta Asougi"},{"id":152691,"name":"Kanae Kanari"},{"id":152694,"name":"Rin Araya"},{"id":152689,"name":"Manatsu Kogarashi"},{"id":152692,"name":"Arashi Waraino"},{"id":152685,"name":"Junki Tomita"},{"id":152687,"name":"Hatsuna Ubuno"},{"id":152693,"name":"Eru Kusaba"},{"id":152686,"name":"Fubuki Kitakaze"},{"id":152688,"name":"Mafuyu Kogarashi"},{"id":191630,"name":"Hirano Sensei"},{"id":197892,"name":"Keiko Matsuura"},{"id":197895,"name":"Shiho Matsuura"},{"id":197894,"name":"Haruna Ogawa"},{"id":199708,"name":"Hajime Nakama"},{"id":199709,"name":"Haruna Funakoshi"},{"id":199710,"name":"Shiho Siina"}],"staff":[{"id":97520,"name":"Kagami Yoshimizu"},{"id":97520,"name":"Kagami Yoshimizu"},{"id":118952,"name":"Yuu Nobuta"},{"id":101555,"name":"Satoru Kousaki"},{"id":105294,"name":"Touko Machida"},{"id":112997,"name":"Katsuzou Hirata"},{"id":142690,"name":"Shigeyuki Koresawa"},{"id":146498,"name":"Tom"},{"id":132789,"name":"Naoki Yamauchi"},{"id":119830,"name":"Mutsumi Takemiya"},{"id":102193,"name":"Hiroki Matsumoto"},{"id":105294,"name":"Touko Machida"},{"id":116821,"name":"Miyabi Ozeki"},{"id":102194,"name":"Youta Tsuruoka"},{"id":146481,"name":"Koujirou Hayashi"},{"id":136435,"name":"Aiko Matsuyama"},{"id":150187,"name":"Joe Itou"},{"id":147827,"name":"Shigeru Saitou"},{"id":152700,"name":"Shouta Gotou"},{"id":156447,"name":"Tsuyoshi Katou"},{"id":156446,"name":"Atsushi Itou"},{"id":110481,"name":"MONACA"},{"id":156449,"name":"Tetsuya Tomioka"},{"id":152695,"name":"Junki Tomita"},{"id":229376,"name":"Keita Inoue"}],"studios":[{"id":418,"name":"Studio Gokumi","isAnimationStudio":true},{"id":6108,"name":"AXsiZ","isAnimationStudio":true},{"id":113,"name":"Kadokawa Shoten","isAnimationStudio":false},{"id":238,"name":"AT-X","isAnimationStudio":false},{"id":6313,"name":"Kadokawa Media House","isAnimationStudio":false},{"id":211,"name":"Rakuonsha","isAnimationStudio":false},{"id":6297,"name":"Q-Tec","isAnimationStudio":false},{"id":6603,"name":"Yoshimoto Music","isAnimationStudio":false}],"isFavourite":false,"isAdult":false,"isLocked":false,"nextAiringEpisode":null,"airingSchedule":[{"airingAt":1602426600,"timeUntilAiring":-103873418,"episode":1},{"airingAt":1603031400,"timeUntilAiring":-103268618,"episode":2},{"airingAt":1603636200,"timeUntilAiring":-102663818,"episode":3},{"airingAt":1604241000,"timeUntilAiring":-102059018,"episode":4},{"airingAt":1604845800,"timeUntilAiring":-101454218,"episode":5},{"airingAt":1605450600,"timeUntilAiring":-100849418,"episode":6},{"airingAt":1606055400,"timeUntilAiring":-100244618,"episode":7},{"airingAt":1606660200,"timeUntilAiring":-99639818,"episode":8},{"airingAt":1607265000,"timeUntilAiring":-99035018,"episode":9},{"airingAt":1607869800,"timeUntilAiring":-98430218,"episode":10},{"airingAt":1608474600,"timeUntilAiring":-97825418,"episode":11},{"airingAt":1609079400,"timeUntilAiring":-97220618,"episode":12}],"trends":[{"date":1563634800,"trending":24,"popularity":0,"inProgress":null},{"date":1563721200,"trending":3,"popularity":9,"inProgress":null},{"date":1563807600,"trending":2,"popularity":29,"inProgress":null},{"date":1563894000,"trending":1,"popularity":29,"inProgress":null},{"date":1563980400,"trending":1,"popularity":33,"inProgress":null},{"date":1564153200,"trending":1,"popularity":35,"inProgress":null},{"date":1564239600,"trending":6,"popularity":36,"inProgress":null},{"date":1564412400,"trending":1,"popularity":41,"inProgress":null},{"date":1564930800,"trending":1,"popularity":44,"inProgress":1},{"date":1565190000,"trending":2,"popularity":45,"inProgress":1},{"date":1565881200,"trending":1,"popularity":48,"inProgress":1},{"date":1566140400,"trending":1,"popularity":49,"inProgress":1},{"date":1566486000,"trending":2,"popularity":50,"inProgress":1},{"date":1566572400,"trending":2,"popularity":51,"inProgress":1},{"date":1566918000,"trending":1,"popularity":53,"inProgress":1},{"date":1567177200,"trending":1,"popularity":54,"inProgress":1},{"date":1567954800,"trending":1,"popularity":57,"inProgress":1},{"date":1568041200,"trending":2,"popularity":58,"inProgress":1},{"date":1569510000,"trending":1,"popularity":64,"inProgress":2},{"date":1569596400,"trending":2,"popularity":65,"inProgress":2},{"date":1569682800,"trending":1,"popularity":66,"inProgress":2},{"date":1569942000,"trending":1,"popularity":66,"inProgress":1},{"date":1570546800,"trending":1,"popularity":68,"inProgress":1},{"date":1571065200,"trending":1,"popularity":70,"inProgress":1},{"date":1571497200,"trending":1,"popularity":73,"inProgress":1}],"externalLinks":["https://maesetsu.jp/","https://twitter.com/maesetsu_anime","https://www.funimation.com/shows/maesetsu-opening-act/","https://www.crunchyroll.com/maesetsu-opening-act"],"streamingEpisodes":[{"title":"Episode 1 - Comedy!","thumbnail":"https://img1.ak.crunchyroll.com/i/spire3-tmb/12b4950583df9e828e951f28585eac5d1670735291_full.jpg","url":"http://www.crunchyroll.com/maesetsu-opening-act/episode-1-comedy-882214","site":"Crunchyroll"},{"title":"Episode 2 - Thrills!","thumbnail":"https://img1.ak.crunchyroll.com/i/spire4-tmb/2a0dea2b215d14521e206b1cf68fe3e81670735346_full.jpg","url":"http://www.crunchyroll.com/maesetsu-opening-act/episode-2-thrills-882215","site":"Crunchyroll"},{"title":"Episode 3 - Goals!","thumbnail":"https://img1.ak.crunchyroll.com/i/spire2-tmb/6c79b3288e5decf1e210fcc21f90747a1670735467_full.jpg","url":"http://www.crunchyroll.com/maesetsu-opening-act/episode-3-goals-882216","site":"Crunchyroll"},{"title":"Episode 4 - Business!","thumbnail":"https://img1.ak.crunchyroll.com/i/spire1-tmb/48a91e9bc0f6e27f3d5ff265d8907bef1670735645_full.jpg","url":"http://www.crunchyroll.com/maesetsu-opening-act/episode-4-business-882217","site":"Crunchyroll"},{"title":"Episode 5 - Comeback!","thumbnail":"https://img1.ak.crunchyroll.com/i/spire1-tmb/42fccea57cc63c256b5bdbae3a486dc11670735772_full.jpg","url":"http://www.crunchyroll.com/maesetsu-opening-act/episode-5-comeback-882219","site":"Crunchyroll"},{"title":"Episode 6 - Twogether!","thumbnail":"https://img1.ak.crunchyroll.com/i/spire4-tmb/2f28aceb42bbda7b51d68727256381bd1670735887_full.jpg","url":"http://www.crunchyroll.com/maesetsu-opening-act/episode-6-twogether-882222","site":"Crunchyroll"},{"title":"Episode 7 - Osaka!","thumbnail":"https://img1.ak.crunchyroll.com/i/spire3-tmb/84c1affb881868ff57398290303902f71670736069_full.jpg","url":"http://www.crunchyroll.com/maesetsu-opening-act/episode-7-osaka-882223","site":"Crunchyroll"},{"title":"Episode 8 - Excitement!","thumbnail":"https://img1.ak.crunchyroll.com/i/spire3-tmb/ca8edc1cf5c472b7f6b934de68ab94901670736134_full.jpg","url":"http://www.crunchyroll.com/maesetsu-opening-act/episode-8-excitement-882225","site":"Crunchyroll"},{"title":"Episode 9 - Partners!","thumbnail":"https://img1.ak.crunchyroll.com/i/spire4-tmb/a712058563c880beb5bcf8eb3605cbd81670736200_full.jpg","url":"http://www.crunchyroll.com/maesetsu-opening-act/episode-9-partners-882226","site":"Crunchyroll"},{"title":"Episode 10 - Prayers!","thumbnail":"https://img1.ak.crunchyroll.com/i/spire2-tmb/9935d66dd3ff35fbe65b08bac489b7c81670736306_full.jpg","url":"http://www.crunchyroll.com/maesetsu-opening-act/episode-10-prayers-882228","site":"Crunchyroll"},{"title":"Episode 11 - Showdown!","thumbnail":"https://img1.ak.crunchyroll.com/i/spire2-tmb/5d51751df6e64b640b305076eeda31a31670736337_full.jpg","url":"http://www.crunchyroll.com/maesetsu-opening-act/episode-11-showdown-882229","site":"Crunchyroll"},{"title":"Episode 12 - Opening Act!","thumbnail":"https://img1.ak.crunchyroll.com/i/spire4-tmb/6b9adf1d83469b570bbd8e97292f78cc1670736428_full.jpg","url":"http://www.crunchyroll.com/maesetsu-opening-act/episode-12-opening-act-882232","site":"Crunchyroll"}],"rankings":[],"mediaListEntry":null,"reviews":[{"id":8934,"score":70,"summary":"It's not for most people, but I respect Maesetsu a lot for what it does.","body":"Genre: Comedy / Slice-of-Life\nAlso: Original anime, Cute Girls doing Cute Things (CGDCT)\n~~~__The Opening Act~~~__\nPerhaps oversimplifying things a little, this anime is about half-a-dozen pairs of Comedians learning and improving at the art of stand-up comedy. That's it, that's the entire story.\n\nPerhaps it's better to set the tone, then. This anime has almost no flair. It is the most grounded, down-to-earth, mundane thing I've watched in a long time. You can think of something like _Lucky Star_ and it's even more grounded than even that. There's little exaggeration in dialogue and actions, the characters are, at a physical level, basically real-life human in what they do and how they show it.\n\nThat's sort of the show's hook. It wants to bring you down to its level, so far removed from even typical CGDCT shows in terms of expressiveness, so that it can level with you on a more relatable level. It understands that being a Comedian is a job, so for the most part, we're with the characters on that job, discovering new material, learning the audience, improving by learning from others, and getting help from friends and family, among other things. There's going to be laughs, both inside and outside their performances, but it's all natural laughs like the sort you'd have in conversations with your family and friends.\n\nSo when I say \"It's not for most people\", this is what I mean. It requires the same patience that's needed when learning something new, like a new job.  There's nothing \"fantastic\" to show you while you're watching, and nothing \"relaxing\" either. All the feelings you get out of this show come with the learning and successes and failures of the cast. Mild victories, moments of nothing, nervousness, casual laughs, those sorts of things. For most people, there will be better anime out there that hit emotions more strongly than this.\n\n__~~~What you get out of it__~~~\n\nIf you successfully let yourself get hooked in by the shows mood and tone, that's when the magic happens. Slowly but surely, the jokes get better, the characters grow as people, and everything feels earned, like they deserve it. Before you know it, this anime can become personal. You probably won't grow particularly attached to any character in this show, but what they're doing and how they improve? Certainly. You can start to really appreciate the process of making others have a good time.\n\nWhat you get out of this show is just an experience, and this is an experience you may want to see if you're looking at joining the entertainment industry or just want to learn something new. This anime feels like a passion project, and I can appreciate that.\n\n~~~__The Technical Stuff__~~~\nThe Technical stuff doesn't matter. Normally I'd just say my usual for reviews that it doesn't matter unless it's egregious, but no, really. The Technical stuff (Art, Animation, Sound) __just doesn't matter__. The CGDCT shell helps make it easy to identify characters from any distance, and the animation / sound are perfectly fine for what this is. It's not the reason you'll watch the show, and you can rest assured that the animation and art won't take you out of the show at any point. It's smooth.\n\n~~~__Verdict~~~__\n\nFor most of you, this should be a __hard pass__. Do not watch, cut my score in half, it will bore you to death.\n\nFor the rest of you, whether you just watch anything & everything, or are interested in stand-up comedy, CGDCT, or whatever. I hope you'll get something nice out of this like I did, or at least a few laughs."}],"siteUrl":"https://anilist.co/anime/110632","autoCreateForumThread":false,"modNotes":null,"stats":{"scoreDistribution":[{"score":10,"amount":70},{"score":20,"amount":75},{"score":30,"amount":119},{"score":40,"amount":168},{"score":50,"amount":247},{"score":60,"amount":252},{"score":70,"amount":184},{"score":80,"amount":76},{"score":90,"amount":42},{"score":100,"amount":26}],"statusDistribution":[{"status":"CURRENT","amount":325},{"status":"PLANNING","amount":1991},{"status":"COMPLETED","amount":1253},{"status":"DROPPED","amount":899},{"status":"PAUSED","amount":196}]},"isRecommendationBlocked":false,"recommendations":[{"mediaRecommendation":{"id":1887,"title":{"romaji":"Lucky☆Star","english":"Lucky☆Star","native":"らき☆すた","userPreferred":"Lucky☆Star"},"type":"ANIME"}},{"mediaRecommendation":{"id":12679,"title":{"romaji":"Joshiraku","english":"Joshiraku","native":"じょしらく","userPreferred":"Joshiraku"},"type":"ANIME"}},{"mediaRecommendation":{"id":17127,"title":{"romaji":"Chokkyuu Hyoudai Robot Anime: STRAIGHT TITLE","english":"Straight Title Robot Anime","native":"直球表題 ロボットアニメ-STRAIGHT TITLE-","userPreferred":"Chokkyuu Hyoudai Robot Anime: STRAIGHT TITLE"},"type":"ANIME"}},{"mediaRecommendation":{"id":99131,"title":{"romaji":"Comic Girls","english":"Comic Girls","native":"こみっくがーるず","userPreferred":"Comic Girls"},"type":"ANIME"}},{"mediaRecommendation":{"id":10278,"title":{"romaji":"THE IDOLM@STER","english":"The Idol Master","native":"アイドルマスター","userPreferred":"THE IDOLM@STER"},"type":"ANIME"}},{"mediaRecommendation":{"id":21627,"title":{"romaji":"Gi(a)rlish Number","english":"Girlish Number","native":"ガーリッシュ ナンバー","userPreferred":"Gi(a)rlish Number"},"type":"ANIME"}},{"mediaRecommendation":{"id":8876,"title":{"romaji":"Koe de Oshigoto!: The ANIMATION","english":"Koe de Oshigoto","native":"こえでおしごと! The ANIMATION","userPreferred":"Koe de Oshigoto!: The ANIMATION"},"type":"ANIME"}},{"mediaRecommendation":{"id":21009,"title":{"romaji":"Sore ga Seiyuu!","english":"Seiyu's Life!","native":"それが声優！","userPreferred":"Sore ga Seiyuu!"},"type":"ANIME"}},{"mediaRecommendation":{"id":21597,"title":{"romaji":"Stella no Mahou","english":"Magic of Stella","native":"ステラのまほう","userPreferred":"Stella no Mahou"},"type":"ANIME"}},{"mediaRecommendation":{"id":20812,"title":{"romaji":"SHIROBAKO","english":"SHIROBAKO","native":"SHIROBAKO","userPreferred":"SHIROBAKO"},"type":"ANIME"}},{"mediaRecommendation":{"id":112353,"title":{"romaji":"Nami yo Kiitekure","english":"Wave, Listen to Me!","native":"波よ聞いてくれ","userPreferred":"Nami yo Kiitekure"},"type":"ANIME"}},{"mediaRecommendation":{"id":14811,"title":{"romaji":"GJ-bu","english":"GJ Club","native":"GJ部","userPreferred":"GJ-bu"},"type":"ANIME"}},{"mediaRecommendation":{"id":143417,"title":{"romaji":"Teppen!!!!!!!!!!!!!!!","english":"TEPPEN!!!!!!!!!!!!!!! Laughing 'til You Cry","native":"てっぺんっ!!!!!!!!!!!!!!!","userPreferred":"Teppen!!!!!!!!!!!!!!!"},"type":"ANIME"}},{"mediaRecommendation":{"id":105081,"title":{"romaji":"Joshikousei no Mudazukai","english":"Wasteful Days of High School Girls","native":"女子高生の無駄づかい","userPreferred":"Joshikousei no Mudazukai"},"type":"ANIME"}}]}