{"id":111144,"idMal":40167,"title":{"romaji":"Cardfight!! Vanguard: Shinemon-hen","english":"Cardfight!! Vanguard Shinemon Arc","native":"カードファイト!! ヴァンガード 新右衛門編","userPreferred":"Cardfight!! Vanguard: Shinemon-hen"},"format":"TV","status":"FINISHED","episodes":31,"description":"This is the story of \"Shinemon Nitta\", the future manager of Card Capital.\n<br><br>\n10 years before the reunion of Aichi Sendou and Toshiki Kai, the card shop run by the Tokura family \"Card Capital\" was going out of business. Then came the attempt to take over the store by Esuka Hibino, the owner of a major card shop.\n<br><br>\nIn order to protect Card Capital, Shinemon Nitta stands up as the \"Self-proclaimed Manager!\"\n<br><br>\n(Source: Cardfight!! Vanguard Wiki)","startDate":{"year":2019,"month":8,"day":24},"endDate":{"year":2020,"month":3,"day":28},"season":"SUMMER","seasonYear":2019,"duration":24,"countryOfOrigin":"JP","isLicensed":true,"source":"OTHER","hashtag":null,"trailer":null,"updatedAt":1706263589,"coverImage":{"large":"https://s4.anilist.co/file/anilistcdn/media/anime/cover/large/bx111144-jOEuHdot5Ihs.jpg","medium":"https://s4.anilist.co/file/anilistcdn/media/anime/cover/medium/bx111144-jOEuHdot5Ihs.jpg","small":"https://s4.anilist.co/file/anilistcdn/media/anime/cover/small/bx111144-jOEuHdot5Ihs.jpg","color":"#e4bb5d"},"bannerImage":"https://s4.anilist.co/file/anilistcdn/media/anime/banner/111144-3fFWqGKPZ57o.jpg","genres":["Action","Adventure","Comedy"],"synonyms":["Cardfight!! Vanguard: Shinemon Arc"],"averageScore":62,"meanScore":65,"favourites":15,"popularity":1410,"trending":0,"tags":[{"id":178,"name":"Card Battle","isMediaSpoiler":false},{"id":82,"name":"Male Protagonist","isMediaSpoiler":false},{"id":1228,"name":"Primarily Teen Cast","isMediaSpoiler":false},{"id":153,"name":"Time Skip","isMediaSpoiler":true},{"id":92,"name":"Cute Girls Doing Cute Things","isMediaSpoiler":false}],"relations":[{"id":101594,"title":{"english":"CARDFIGHT!! VANGUARD","native":"カードファイト!! ヴァンガード (2018)","romaji":"Cardfight!! Vanguard (2018)","userPreferred":"Cardfight!! Vanguard (2018)"},"type":"ANIME"}],"characters":[{"id":39596,"name":"Mark Whiting"},{"id":39595,"name":"Shinemon Nitta"},{"id":39494,"name":"Misaki Tokura"},{"id":179164,"name":"Mikuru Shindou"},{"id":180167,"name":"Rive Shindou"},{"id":180168,"name":"Tatsuya Tachibana"},{"id":180169,"name":"Nanami Gonomi"},{"id":180170,"name":"Tonori Fujinami"},{"id":180171,"name":"Esuka Hibino"},{"id":180218,"name":"Rentarou Hitsujida"},{"id":180217,"name":"Ruuga Kaizu"},{"id":180216,"name":"MC Miya"},{"id":177233,"name":"Ryuzu  Myoujin"},{"id":177244,"name":"Ryuutarou Oyama"},{"id":159087,"name":"Yuuichirou Kanzaki"},{"id":140232,"name":"Chrono Shindou"}],"staff":[{"id":126659,"name":"Aina Aiba"},{"id":111445,"name":"Masanao Akahoshi"},{"id":101490,"name":"Shou Aikawa"},{"id":111445,"name":"Masanao Akahoshi"},{"id":99801,"name":"Hiroyuki Kawasaki"},{"id":102561,"name":"Itsurou Kawasaki"},{"id":102561,"name":"Itsurou Kawasaki"},{"id":100165,"name":"Ryouta Yamaguchi"},{"id":105027,"name":"Satoru Nishizono"},{"id":131107,"name":"Kou Nakamura"},{"id":162392,"name":"Mashiro Shirakami"},{"id":153229,"name":"Argonavis"},{"id":177304,"name":"Yuuya Hirosawa"},{"id":106381,"name":"Scott Roberts"}],"studios":[{"id":28,"name":"OLM","isAnimationStudio":true}],"isFavourite":false,"isAdult":false,"isLocked":false,"nextAiringEpisode":null,"airingSchedule":[],"trends":[{"date":1566399600,"trending":2,"popularity":0,"inProgress":null},{"date":1566486000,"trending":17,"popularity":0,"inProgress":null},{"date":1566572400,"trending":7,"popularity":18,"inProgress":1},{"date":1566658800,"trending":25,"popularity":18,"inProgress":1},{"date":1566745200,"trending":7,"popularity":33,"inProgress":19},{"date":1566831600,"trending":11,"popularity":51,"inProgress":33},{"date":1566918000,"trending":1,"popularity":64,"inProgress":44},{"date":1567090800,"trending":4,"popularity":71,"inProgress":48},{"date":1567177200,"trending":4,"popularity":71,"inProgress":48},{"date":1567263600,"trending":17,"popularity":83,"inProgress":53},{"date":1567350000,"trending":6,"popularity":83,"inProgress":53},{"date":1567436400,"trending":6,"popularity":90,"inProgress":61},{"date":1567522800,"trending":1,"popularity":90,"inProgress":61},{"date":1567609200,"trending":3,"popularity":96,"inProgress":67},{"date":1567695600,"trending":2,"popularity":96,"inProgress":67},{"date":1567782000,"trending":5,"popularity":96,"inProgress":67},{"date":1567868400,"trending":20,"popularity":100,"inProgress":68},{"date":1567954800,"trending":4,"popularity":101,"inProgress":68},{"date":1568041200,"trending":2,"popularity":103,"inProgress":69},{"date":1568127600,"trending":1,"popularity":103,"inProgress":69},{"date":1568214000,"trending":1,"popularity":103,"inProgress":69},{"date":1568300400,"trending":2,"popularity":107,"inProgress":71},{"date":1568386800,"trending":3,"popularity":109,"inProgress":71},{"date":1568473200,"trending":15,"popularity":109,"inProgress":71},{"date":1568559600,"trending":6,"popularity":109,"inProgress":71}],"externalLinks":["https://www.youtube.com/playlist?list=PLZaz0lCoygowhci7dxDoNply7gLwV1zH1","https://www.youtube.com/playlist?list=PLZaz0lCoygozq1f91ICkXT0pVkBjydVub"],"streamingEpisodes":[],"rankings":[{"rank":92,"type":"RATED","context":"highest rated","year":2019,"season":null},{"rank":24,"type":"RATED","context":"highest rated","year":2019,"season":"SUMMER"}],"mediaListEntry":null,"reviews":null,"siteUrl":"https://anilist.co/anime/111144","autoCreateForumThread":false,"modNotes":null,"stats":{"scoreDistribution":[{"score":10,"amount":13},{"score":20,"amount":7},{"score":30,"amount":20},{"score":40,"amount":21},{"score":50,"amount":54},{"score":60,"amount":73},{"score":70,"amount":104},{"score":80,"amount":69},{"score":90,"amount":40},{"score":100,"amount":30}],"statusDistribution":[{"status":"CURRENT","amount":127},{"status":"PLANNING","amount":456},{"status":"COMPLETED","amount":678},{"status":"DROPPED","amount":96},{"status":"PAUSED","amount":53}]},"isRecommendationBlocked":false,"recommendations":[{"mediaRecommendation":{"id":20921,"title":{"romaji":"Cardfight!! Vanguard G","english":null,"native":"カードファイト!! ヴァンガードG","userPreferred":"Cardfight!! Vanguard G"},"type":"ANIME"}},{"mediaRecommendation":{"id":115656,"title":{"romaji":"Cardfight!! Vanguard Gaiden: if","english":"Cardfight!! Vanguard Extra Story -if-","native":"カードファイト!! ヴァンガード外伝 イフ-if-","userPreferred":"Cardfight!! Vanguard Gaiden: if"},"type":"ANIME"}}]}