{"id":112153,"idMal":40351,"title":{"romaji":"Pocket Monsters (2019)","english":"Pokémon Journeys: The Series","native":"ポケットモンスター (2019)","userPreferred":"Pocket Monsters (2019)"},"format":"TV","status":"FINISHED","episodes":136,"description":"Pokémon Trainer Satoshi has a new plan: see the world! But first, he and his partner Pikachu are headed to the opening of the Sakuragi Institute, a research facility dedicated to uncovering the mysteries of Pokémon in every region. Satoshi meets Gou, another boy with boundless curiosity about Pokémon, and both are overjoyed when Professor Sakuragi asks them to become official research fellows. With Satoshi as determined as ever to become a Pokémon Master, and Gou aiming to catch one of every Pokémon (including the Mythical Mew), our heroes are in for adventure and excitement as they explore the wide world of Pokémon!\n<br><br>\n(Source: Pokémon TV)","startDate":{"year":2019,"month":11,"day":17},"endDate":{"year":2022,"month":12,"day":16},"season":"FALL","seasonYear":2019,"duration":24,"countryOfOrigin":"JP","isLicensed":true,"source":"VIDEO_GAME","hashtag":"#anipoke","trailer":null,"updatedAt":1706296637,"coverImage":{"large":"https://s4.anilist.co/file/anilistcdn/media/anime/cover/large/bx112153-LK1lpFz3vlvl.png","medium":"https://s4.anilist.co/file/anilistcdn/media/anime/cover/medium/bx112153-LK1lpFz3vlvl.png","small":"https://s4.anilist.co/file/anilistcdn/media/anime/cover/small/bx112153-LK1lpFz3vlvl.png","color":"#35bbf1"},"bannerImage":"https://s4.anilist.co/file/anilistcdn/media/anime/banner/112153-01RDuvgGTXjp.jpg","genres":["Action","Adventure","Comedy","Fantasy"],"synonyms":["Pokemon (2019)","Pokémon (2019)","Pokémon Reiser: Serien","Pokémon Reisen: Die Serie","Viajes Pokémon","Pokémon, les voyages","Jornadas Pokémon","Pokémon: Podróże – Seria","Pokémon Master Journeys","Pokémon Ultimate Journeys","Pokémon: Resan Serien"],"averageScore":73,"meanScore":73,"favourites":857,"popularity":26152,"trending":0,"tags":[{"id":433,"name":"Animals","isMediaSpoiler":false},{"id":193,"name":"Episodic","isMediaSpoiler":false},{"id":446,"name":"Primarily Child Cast","isMediaSpoiler":false},{"id":28,"name":"Kids","isMediaSpoiler":false},{"id":82,"name":"Male Protagonist","isMediaSpoiler":false},{"id":144,"name":"Meta","isMediaSpoiler":false},{"id":83,"name":"Slapstick","isMediaSpoiler":false},{"id":250,"name":"Rural","isMediaSpoiler":false},{"id":262,"name":"Outdoor","isMediaSpoiler":false},{"id":321,"name":"Urban Fantasy","isMediaSpoiler":false},{"id":1310,"name":"Travel","isMediaSpoiler":false},{"id":395,"name":"Delinquents","isMediaSpoiler":false},{"id":342,"name":"Environmental","isMediaSpoiler":false},{"id":488,"name":"Age Regression","isMediaSpoiler":true},{"id":146,"name":"Alternate Universe","isMediaSpoiler":true},{"id":108,"name":"Cyberpunk","isMediaSpoiler":false}],"relations":[{"id":97634,"title":{"english":"Pokémon the Series: Sun & Moon","native":"ポケットモンスター サン＆ムーン","romaji":"Pocket Monsters Sun & Moon","userPreferred":"Pocket Monsters Sun & Moon"},"type":"ANIME"},{"id":113388,"title":{"english":"Pokémon Journeys: The Series","native":"ポケットモンスター ～サトシとゴウの物語！～","romaji":"Pocket Monsters: Satoshi to Gou no Monogatari!","userPreferred":"Pocket Monsters: Satoshi to Gou no Monogatari!"},"type":"MANGA"},{"id":113932,"title":{"english":"Pokémon: Twilight Wings","native":"薄明の翼","romaji":"Hakumei no Tsubasa","userPreferred":"Hakumei no Tsubasa"},"type":"ANIME"},{"id":114364,"title":{"english":null,"native":"だいすき♡ポケットモンスター","romaji":"Daisuki ♡ Pocket Monsters","userPreferred":"Daisuki ♡ Pocket Monsters"},"type":"MANGA"},{"id":119964,"title":{"english":"POKÉTOON","native":"POKÉTOON","romaji":"POKÉTOON","userPreferred":"POKÉTOON"},"type":"ANIME"},{"id":126909,"title":{"english":null,"native":"カモネギのかぞえうた","romaji":"Kamonegi no Kazoe Uta","userPreferred":"Kamonegi no Kazoe Uta"},"type":"ANIME"},{"id":142794,"title":{"english":"Pokémon: The Arceus Chronicles","native":"ポケットモンスター (2019) 神とよばれし アルセウス","romaji":"Pocket Monsters (2019): Kami to Yobareshi Arceus","userPreferred":"Pocket Monsters (2019): Kami to Yobareshi Arceus"},"type":"ANIME"},{"id":144990,"title":{"english":null,"native":"Piplup Step","romaji":"Piplup Step","userPreferred":"Piplup Step"},"type":"ANIME"},{"id":152282,"title":{"english":null,"native":"#アニポケ アフターストーリー","romaji":"#AniPoke After Story","userPreferred":"#AniPoke After Story"},"type":"MANGA"},{"id":155767,"title":{"english":null,"native":"ドンナモンジャTV","romaji":"Donna Monja TV","userPreferred":"Donna Monja TV"},"type":"ANIME"},{"id":145813,"title":{"english":"Pokémon: Hisuian Snow","native":"雪ほどきし二藍","romaji":"Yuki Hodokishi Futaai","userPreferred":"Yuki Hodokishi Futaai"},"type":"ANIME"},{"id":158870,"title":{"english":"Pokémon: To Be a Pokémon Master: Ultimate Journeys: The Series","native":"ポケットモンスター　めざせポケモンマスター","romaji":"Pocket Monsters: Mezase Pokémon Master","userPreferred":"Pocket Monsters: Mezase Pokémon Master"},"type":"ANIME"},{"id":114564,"title":{"english":"Pokémon the Movie: Secrets of the Jungle","native":"ポケットモンスターココ","romaji":"Pocket Monsters: Coco","userPreferred":"Pocket Monsters: Coco"},"type":"ANIME"},{"id":158869,"title":{"english":"Pokémon: Distant Blue Sky!","native":"ポケットモンスター 遥かなる青い空","romaji":"Pocket Monsters: Haruka Naru Aoi Sora","userPreferred":"Pocket Monsters: Haruka Naru Aoi Sora"},"type":"ANIME"},{"id":169404,"title":{"english":null,"native":"ヒスイ小噺","romaji":"Hisui Kobanashi","userPreferred":"Hisui Kobanashi"},"type":"ANIME"}],"characters":[{"id":2473,"name":"Satoshi"},{"id":3891,"name":"Pikachu"},{"id":146667,"name":"Gou"},{"id":148260,"name":"Koharu Sakuragi"},{"id":148259,"name":"Sakuragi Hakase"},{"id":3935,"name":"Musashi"},{"id":3936,"name":"Kojirou"},{"id":144635,"name":"Sonans"},{"id":3937,"name":"Nyarth"},{"id":17783,"name":"Yukinari Ookido"},{"id":36309,"name":"Narrator"},{"id":29184,"name":"Hanako"},{"id":152206,"name":"Barri-chan"},{"id":9881,"name":"Sakaki"},{"id":26545,"name":"Junsa"},{"id":152903,"name":"Wanpachi"},{"id":152904,"name":"Renji"},{"id":152906,"name":"Kikuna"},{"id":155650,"name":"Hibanny"},{"id":156006,"name":"Strike"},{"id":156007,"name":"Houji"},{"id":157103,"name":"Misaki"},{"id":142475,"name":"Kairyu"},{"id":159422,"name":"Françoise"},{"id":159423,"name":"Souta Sakuragi"}],"staff":[{"id":119191,"name":"Shouji Yonemura"},{"id":111749,"name":"Masafumi Mima"},{"id":100423,"name":"Junichi Fujisaku"},{"id":104540,"name":"Hitomi Mieno"},{"id":140090,"name":"Aya Matsui"},{"id":109339,"name":"Atsuhiro Tomioka"},{"id":98074,"name":"Akemi Omode"},{"id":105294,"name":"Touko Machida"},{"id":103180,"name":"Michihiro Tsuchiya"},{"id":119191,"name":"Shouji Yonemura"},{"id":97076,"name":"Reiko Yoshida"},{"id":100180,"name":"Kunihiko Yuyama"},{"id":146668,"name":"Maki Kodaira"},{"id":146669,"name":"Shuuhei Yasuda"},{"id":146599,"name":"Yuuji Asada"},{"id":148720,"name":"Shinichi Yoshino"},{"id":147255,"name":"Kazuaki Mouri"},{"id":146878,"name":"Sayuri Ichiishi"},{"id":146878,"name":"Sayuri Ichiishi"},{"id":142750,"name":"Eiri Kamiyama"},{"id":151791,"name":"Mitsuhiro Okumura"},{"id":143522,"name":"Yongce Tu"},{"id":134375,"name":"Kousei Kudou"},{"id":143690,"name":"Naoto Yoshida"},{"id":151805,"name":"Yoshie Umino"}],"studios":[{"id":28,"name":"OLM","isAnimationStudio":true},{"id":135,"name":"MediaNet","isAnimationStudio":false},{"id":16,"name":"TV Tokyo","isAnimationStudio":false}],"isFavourite":false,"isAdult":false,"isLocked":false,"nextAiringEpisode":null,"airingSchedule":[{"airingAt":1617962100,"timeUntilAiring":-88338554,"episode":61},{"airingAt":1618566900,"timeUntilAiring":-87733754,"episode":62},{"airingAt":1619171700,"timeUntilAiring":-87128954,"episode":63},{"airingAt":1619776500,"timeUntilAiring":-86524154,"episode":64},{"airingAt":1620381300,"timeUntilAiring":-85919354,"episode":65},{"airingAt":1620986100,"timeUntilAiring":-85314554,"episode":66},{"airingAt":1621590900,"timeUntilAiring":-84709754,"episode":67},{"airingAt":1622195700,"timeUntilAiring":-84104954,"episode":68},{"airingAt":1622800500,"timeUntilAiring":-83500154,"episode":69},{"airingAt":1623405300,"timeUntilAiring":-82895354,"episode":70},{"airingAt":1624010100,"timeUntilAiring":-82290554,"episode":71},{"airingAt":1624614900,"timeUntilAiring":-81685754,"episode":72},{"airingAt":1626429300,"timeUntilAiring":-79871354,"episode":73},{"airingAt":1627034100,"timeUntilAiring":-79266554,"episode":74},{"airingAt":1627638900,"timeUntilAiring":-78661754,"episode":75},{"airingAt":1628848500,"timeUntilAiring":-77452154,"episode":76},{"airingAt":1629453300,"timeUntilAiring":-76847354,"episode":77},{"airingAt":1630058100,"timeUntilAiring":-76242554,"episode":78},{"airingAt":1630662900,"timeUntilAiring":-75637754,"episode":79},{"airingAt":1631267700,"timeUntilAiring":-75032954,"episode":80},{"airingAt":1631872500,"timeUntilAiring":-74428154,"episode":81},{"airingAt":1633082100,"timeUntilAiring":-73218554,"episode":82},{"airingAt":1633686900,"timeUntilAiring":-72613754,"episode":83},{"airingAt":1634896500,"timeUntilAiring":-71404154,"episode":84},{"airingAt":1635501300,"timeUntilAiring":-70799354,"episode":85}],"trends":[{"date":1569682800,"trending":22,"popularity":0,"inProgress":null},{"date":1569769200,"trending":124,"popularity":0,"inProgress":null},{"date":1569855600,"trending":51,"popularity":50,"inProgress":1},{"date":1569942000,"trending":38,"popularity":159,"inProgress":6},{"date":1570028400,"trending":50,"popularity":220,"inProgress":11},{"date":1570114800,"trending":23,"popularity":265,"inProgress":15},{"date":1570201200,"trending":18,"popularity":324,"inProgress":27},{"date":1570287600,"trending":28,"popularity":346,"inProgress":33},{"date":1570374000,"trending":21,"popularity":411,"inProgress":41},{"date":1570460400,"trending":22,"popularity":411,"inProgress":41},{"date":1570546800,"trending":14,"popularity":466,"inProgress":46},{"date":1570633200,"trending":22,"popularity":466,"inProgress":46},{"date":1570719600,"trending":10,"popularity":509,"inProgress":51},{"date":1570806000,"trending":18,"popularity":509,"inProgress":51},{"date":1570892400,"trending":21,"popularity":550,"inProgress":60},{"date":1570978800,"trending":18,"popularity":577,"inProgress":62},{"date":1571065200,"trending":15,"popularity":596,"inProgress":62},{"date":1571151600,"trending":13,"popularity":618,"inProgress":66},{"date":1571238000,"trending":10,"popularity":618,"inProgress":66},{"date":1571324400,"trending":8,"popularity":633,"inProgress":67},{"date":1571410800,"trending":5,"popularity":657,"inProgress":69},{"date":1571497200,"trending":5,"popularity":669,"inProgress":70},{"date":1571583600,"trending":15,"popularity":669,"inProgress":70},{"date":1571670000,"trending":11,"popularity":699,"inProgress":70},{"date":1571756400,"trending":12,"popularity":699,"inProgress":70}],"externalLinks":["https://www.pokemon.com/us/","https://www.tv-tokyo.co.jp/anime/pocketmonster/","https://www.netflix.com/title/81193140","https://youtube.com/playlist?list=PLQo7jlHehrYNE9PzaiGrywyGThkbwgclT"],"streamingEpisodes":[],"rankings":[{"rank":41,"type":"RATED","context":"highest rated","year":2019,"season":null},{"rank":75,"type":"POPULAR","context":"most popular","year":2019,"season":null},{"rank":13,"type":"RATED","context":"highest rated","year":2019,"season":"FALL"},{"rank":25,"type":"POPULAR","context":"most popular","year":2019,"season":"FALL"}],"mediaListEntry":null,"reviews":[{"id":6339,"score":85,"summary":"a much improved serie to watch its in a nice in between qua stlye you are gonna love it if your a fan of xy/xyz","body":"a much improved serie to watch its in a nice in between qua stlye the only issue i have was the beginning what dragged a little to long but i was worth the wait i highly recommend it if your a fan of xy/xyz also it\nit does bring suprises i love they moved away from the games a bit \nthe animation is fantastic moves look great\nthe music is sweet and for intance is the vinquez vs ash fight where gengar defeats  raichu those music hints are great.\n\ni really they keep this trend going its of making this serie unique \n\nnow dive into the characthers\n\nash: ash has changed dramaticly for the better he did not get reset his characther is the ash we love a battle hungry boi who is charming to hear and always goes for it a much needed improvement and he is more consistent \n\ngo:he is intresting and has a unique goal to catch mew but because of that he misses the bigger picture the pokemon he has (iam not spoiling who for anyone who has not scene it) does not wanna catch pokemon pokemons but rather battle but go does not understand it the characther is great to see nicely designed just like ash.\nit also has great flashback moments and instead of running it on that flash back they embrace it as a motivation what is genius \nthe champion leon is nicely encoperated and does his job\n\nwith the next view episodes 22 and 23 and prob 24 bein instresting i really hope its good and stays consistent \nand iam so hyped to see this  futher improve i might resay some things but for now there is not much to say \n\n1 issue i find glaring is till ep 12 i moved like a snail as  still has not got his goal and go well catching mons i not really that intresting till 12 there was a ton of filler some good some bad\n\nthere is 1 more thing the girl forgot her name its a nice backstory but honestly they have barely given her development \nso little i dont even know her name for some unkown reason it feels that they focus on ash and go (what is amazing)\nso much this girl does not fit in the story for now at the very least \n\nthe rating and conclusion \n85/100 seems fair serie is not over and will be continue to watch it \nwith the next view episodes 22 and 23 and prob 24 bein instresting i really hope its good and stays consistent \nand iam so hyped to see this  futher improve i might resay some things but for now there is not much to say\n\ni will do this again at the end when the next anime is anounced \n\n\n"},{"id":8308,"score":90,"summary":"So far, the series is on par with XY. Why? Let's talk about it for a bit...","body":"#~~~ ---Thoughts on the Pokemon (2019) anime as of now---~~~\nOh man, Pokemon is an absolute childhood memory. And to this day as of current, I can't believe I am saying this, but Pokemon has seen the best daylights ever since XY.\n\n---\n---\n#~~~My History with Pokemon~~~\nNow, I started watching Pokemon all the way back when I was 6. I luckily had a VHS that had some episodes of the very first Pokemon, and that was the only information that I had with the series, I didn't knew anything else, I was enjoying the episodes as they were, and I would like to replay them again, but sadly, I don't have the VHS with me to this day.\n\nFast forward to 2012 - 2013, I started checking out Pokemon Black and White. Let me be honest, that was one of my first guilty pleasures. Back then, I enjoyed Black and White. Plot-wise, it was standard forward. Visual-wise, it was interesting. I absolutely adore the Meloetta arc, it really got my taste of what Pokemon can be, a funny kids shot, but with some serious moments. And that is a formula that the series always follows. Things can turn up to be funny, only then to be discovered that there will be some serious moments. \n\nHowever, it wasn't until 2014 when I discovered Pokemon XY. My god, that was a different change of an atmosphere. Pokemon still manages to keep up with the same formula, but in a more-so serious way. Now note, if you want to have a certain anime to get interesting, you better spice things up. That is exactly what XY did. Story, plot, characters, battles, I could go on, but I might wanna do a separate review on that someday. \n\nSame goes for Sun & Moon, and let's be honest, we didn't like Sun & Moon at first because of the art style. It was a completely different style that felt awkward to us at first, but we then got used to it when some heated moments started to burst. To those that think that Sun & Moon is NOT canon, I'm sorry to say this, but it is, and it honestly should. In some ways, I find it better than XY, actually.. both are equally even in some parts. \n\nNow, I didn't first watch Sun & Moon back in 2016 when it first came out, I had other stuff to do. But it was until this year of January when I got back my interest to this series when I did a re-watch of XY. And I jumped to this and it became one of my favorites at an instant. It felt unusual to me, but I got used to it when I reached a few episodes in. I really underestimated Sun & Moon.\n\nI would like to watch Advance, Diamond & Pearl and the rest of the movie, but that'll take a while. ~~I'm kidding, I just wanted to have SoL and Romance to be one of my top Genres, I'm trying guys, trust me~~\n\nNow, let's talk about Pokemon Journeys.\n\n---\n---\n\n#~~~Pokemon (2019) is worth watching?~~~\nFor the most part, I would like to get a few things out of the way. Let's talk about the 1st episode. \n\nThe 1st episode travels back when Ash was 6 when he went to Professor Oak's Pokemon Camp. (Yes, the Pokemon Camp where we got a bit of back history with him and Serena in XY Episode 7) But instead of Ash, we focus on Pikachu, when he was a Pichu back then. Pichu actually had an interesting past of his life. He befriended a Kangaskhan. They ate food together, played together, and even had some trouble together. It was only brief, but Pichu decided to be strong, and eventually, would end up with a family like Kangaskhan and the child. With this, he evolves into Pikachu, and makes his first few moves. Thus, the very 1st episode of Pokemon was set.\n\nThis would also be the time where Gou and Koharu would appear and... yes, they appear in the same camp that Ash was suppose to go to, ~~but of fucking course he wakes up late and starts running in his PJ's because he's Ash, the lowsy boy that he is.~~ When both Gou and Koharu ended up wandering around the forest to find Pokemon, the two of them eventually find Mew, and seeing as how Mew is happy with himself living his life, Gou sets a goal for himself and that goal is for him to catch Mew.\n\nEpisode 2 would be the next set-up for the show. This is where Ash and Pikachu head out to go to Vermilion City where the newly opened Cerise Laboratory would hold an introduction to the lab. However, the program would be quickly interrupted when signs of a Legendary Pokemon would start to appear in the Vermillion Port. We'd eventually see Gou at a far distant land where he could eventually wait for the Legendary Pokemon to arrive. (Spoiler alert, it's Lugia). Then a raid battle would start to commence as trainers who arrived at the port started to battle Lugia, but surprise surprise, they end up failing. Eventually when Ash started fighting it, it would start to set off, thus both him and Pikachu would follow, and eventaully, Gou would follow too, with the both of them managing to arrive and the two being shocked seeing one another on a Lugia. Their meet would become friendship when the two of them arrived back at the lab with Professor Sakuragi would ask them to become official fellow researchers. Without hesitation, the both of them agreed. And the stage for Pokemon Journeys was set.\n\nNow take note on this, their goals are still the same as ever. Ash wanting to become a Pokemon Master while at the same time, see the entire world, which was a goal that he set up on the second to last episode of Sun & Moon. And Gou also wanting to catch Mew, although, he realized that Mew might take a hard time to catch, so instead, after episode 5, when he caught Scorbunny, he decided to catch every Pokemon until he has them all to start catching Mew.\n\nI'm saying this right now, what they set up is worth the watch. However, if you are not a fan of those episodic episodes that they set up (Well I am a fan thanks to Bokuben, Kaguya-Sama and recently, Working and Saiki K.), then this might not be for you. I mean, it's a show meant for the kids and the whole family, so it's kinda obvious that you might not like it. But is worth it, when it gets to there serious moments. I kid you not, they always set up those certain moments and it gives me the CHILLS. \n\nArt is something that is still looking good for itself, especially after Sun & Moon. And the visuals are the same as ever, not really much to say right over there. For the most part of the characters, they are great, side characters as well, and who the hell would not like Team Rocket? They've been on the midst of trying to capture Pikachu ever since they first fought with it, and they are still trying. I appreciate this quad. Gou is indeed one of those great companions out there, the whole cast of characters that appear as Ash's companions in Pokemon always bring something to the table. (With some being interesting, while others... just act like filter, I hate to admit it.). \n\nAnd I'm a man that enjoys the Seiyuu's best work when it comes to anime, and if you REALLY think that an anime like Inu x Boku or Demon Slayer had the all stars of seiyuu's, allow me to show examples of seiyuus that are in Pokemon.\n\n(If you click, this list will be long)\n~!- [Ikue Ootani](https://anilist.co/staff/95128/Ikue-Ootani) voices the love-able mascot that we all know. She also voices Morgana from Persona 5.\n\n- We all love James for who he is thanks to [Shinichirou Miki](https://anilist.co/staff/95022/Shinichirou-Miki). Let me also remind you that he plays Roy Mustang from Fullmetal Alchemist: Brotherhood, Kaiki from the Monogatari series, and Takumi Fujiwara from the Initial D series.\n\n- Fan of [Kenta Miyake](https://anilist.co/staff/95720/Kenta-Miyake)? Well, he's been playing Giovanni since Diamond and Pearl. He also plays All Might from My Hero Academia.\n\n- Despite appearing once in the series, [Hiroshi Kamiya](https://anilist.co/staff/95118/Hiroshi-Kamiya) also voiced a role for the Advance series as a sub role. With him also voicing Takashi from Natsume's Book of Friends, Koyomi from the Monogatari seires, Izaya from Durarara!!, and Saiki from The Disastrous Life of Saiki K.\n\n- [Jun Fukuyama](https://anilist.co/staff/95086/Jun-Fukuyama) also appears in the Advance series as well, also voicing other sub roles. He also voices roles like Lelouch from Code Geass, Joker from Persona 5, Yuuta from Chunibyo, and Koro-Sensei from Assassination Classroom\n\n- Guess what? The same goes for [Masako Nozawa](https://anilist.co/staff/95557/Masako-Nozawa), who voiced Goku from the long running Dragon Ball, and also Doraemon.\n\n- [Miyuki Sawashiro](https://anilist.co/staff/95099/Miyuki-Sawashiro) also appears once in the Diamond and Pearl series, with her also voicing Kanbaru from the Monogatari series. Celty from Durarara!!, Elizabeth from Persona 3, and Sinon from SAO\n\n- Surprise, surprise. [Aoi Yuuki](https://anilist.co/staff/101686/Aoi-Yuuki) voiced Iris from the Black and White series. She also voices Madoka from Puella Magi Madoka Magica, Yuuki from SAO II, Tatsumaki from One Punch Man, and Tsuyu from My Hero Academia\n\n- The same goes for [Mamoru Miyano](https://anilist.co/staff/95065/Mamoru-Miyano), who voiced Cilan in the Black and White series as well. He also voiced Rintarou from Steins;Gate, Ryuuji from Persona 5, Koutarou from Zombieland Saga, and Rin from Free!\n\n- [Minako Kotobuki](https://anilist.co/staff/101634/Minako-Kotobuki) also appears in Black and White as a sub role. She voices Mizuki from Aikatsu!, Mugi from K-On, and Mitsuko from the Index/Railgun series (Well, if any index/Railgun fans remember her in some form)\n\n- Fan-Favorite [Yuuji Kaji](https://anilist.co/staff/95672/Yuuki-Kaji) also took a role in Pokemon playing as Clemont in XY. It's kinda scary cause he also voices Eren from Attack on Titan. Not just him but he also voices Issei from High School DxD, Shuu from Nisekoi, Meliodas from The Seven Deadly Sins and Shouto from My Hero Academia.\n\n- There is also Clemont's sister, Bonnie, who is voiced by [Mariya Ise](https://anilist.co/staff/95655/Mariya-Ise). You all mostly know her for her role as Killua from Hunter x Hunter.\n\n- [Daisuke Namikawa](https://anilist.co/staff/95087/Daisuke-Namikawa) also plays a part in Pokemon, playing as the Rotom-Dex from Sun & Moon. He also plays Hisoka from Hunter x Hunter, the infamous Yu Narukami from Persona 4, and even the crazy swordsmith that is Hotaru from Demon Slayer.\n\n- We also have [Kaito Ishikawa](https://anilist.co/staff/115156/Kaito-Ishikawa) also playing as Kiawe from Sun & Moon. He also played Sakuta from Bunny Girl Senpai, Genos from One Punch Man, Naofumi from Shield Hero, and Tobio from Haikyu!!\n\n- [Daiki Yamashita](https://anilist.co/staff/116971/Daiki-Yamashita) takes the part of playing Gou from the Pokemon (2019) series. He also plays the main role that is Izuku from My Hero Academia. He also played Narancia from Jojo's Bizzare Adventure: Golden Wind\n\n- The famous seiyuu, [Kana Hanazawa](https://anilist.co/staff/95185/Kana-Hanazawa), also plays a part in the Pokemon (2019) series. Do I even need to list some of her roles down? She plays Nadeko from the Monogatari series, Anri from Durarara!!, Charlotte from Infinite Stratos, Akane from Psycho-Pass, Mayuri from Steins;Gate, Onodera from Nisekoi, and a whole lot more..\n\n- The legendary baba, [Youko Hikasa](https://anilist.co/staff/102263/Youko-Hikasa) takes part as well, playing as Bea.  You obviously know her for playing that one sexy chick from High School DxD (that being Rias), but she also voices Mio from K-On, Houki from Infinite Stratos, Shino from Setokai Yakuindomo and Steph from No Game, No Life\n\n- We also have [Daisuke Ono](https://anilist.co/staff/95212/Daisuke-Ono) playing as the champion Leon as well. He also plays Shizuo from Durarara!!, Itsuki from Haruhi Suzumiya, Jotaro from Jojo, Riki from Saiki K, and Kuroh from K.!~\n\nYeah, that's a whole lot of people if you ask me. If someone is also willing to tell me that either some of the long running shows also had a lot of the famous seiyuu's feel free to message me about it.\n\nI honestly grew up with English dub, but I've gotten so much used to the sub that I can't even remember what the dub sounds like anymore. But I did take a glimpse from it and it was pretty alright.\n\nBut yeah, Pokemon so far is seemingly getting better and better when the series progresses. That alone shows how far Pokemon has come. A grand total of 1000+ episodes in total, being one of the long time running anime in japan, alongside One Piece or Sazae-San. Here's to hoping that the Pokemon World Championships be as good as the Sun & Moon's Alola Leauge. ~~If it fails, it'll automatically get a 70 or lower.~~\n\nSo far, it gets a 90. But the tables could turn when more episodes come in. This is not a final review, this is only temporary, the opinions could change depending on how the series progress. \n\nWelp, I spent a whole 3 hours making this review, I need some sleep. I'll probably do my review on XY or Sun & Moon some other time soon. Only time will tell when I have the zest and drive to make another one.\n\n> Childhood memories do take me back to those days..."},{"id":19258,"score":80,"summary":"Fun Journeys, Memorable Destinations","body":"Coming off the heels of one of the most controversial seasons of Pokémon yet, Pokémon 2019 later titled Journeys continued off the trend of Sun & Moons with an updated character design for Ash while keeping the same more rounded art style. Along with that it was revealed that this season wouldn't take place solely in Galar and that we'd be jumping around regions back and fourth, I suppose with how bad Sword & Shield were doing in 2019 everyone including myself was ok with this. Alola was fun but the island theme did get a bit tiring near the end and this was a great idea to mix things up. It also allowed for Journeys to have one of it's most appealing traits with having characters from the games who've never appeared in the anime before show up for the first time, multiple fan favorite characters, and Ash's own Pokémon returning for some episodes. The Pokémon anime was taking more strides to make this new season feel unique and fresh and regardless of how I feel about the results I admire their effort to take big risks like this with the anime. So three years and 136 episodes later and I really enjoyed Journeys, it's another solid set of Pokémon episodes that I think almost anyone could enjoy. Majority of Journeys episodes are a mix of the episodic slice of life type episodes from Sun & Moon mixed in with Ash and Gou going to different regions and it's a really good mix, it allowed for more simpler laid back episodes to have more creativity to them now that we weren't stuck to Alola's islands. They even acknowledged Shiny Hunters which honestly still has me surprised now. Not to say that all of them hit it out of the park but a majority of these episodes are very enjoyable. \n\nAsh himself is fairly interesting this season, since he's no longer stuck to one region his team could have damn near any Pokémon now. And while I'm not the biggest fan of his team having three Pokémon from Kanto I eventually grew to really like this new team of his. Gou at first annoyed many people including myself, he seemed to only exist to cater towards only Pokémon Go/Pokémon Let's Go fans and continuously caught Pokémon throughout the series with little to no effort made catching Pokémon feel very boring and dull. Though overtime when he finally had his main three set of Pokémon being the Galar starters, Gou's character really starts to pick up then. As much as I prefer Ash over Gou seeing his relationship grow with his Pokémon was very heartwarming and entertaining, _I should probably point out that I may also have a giant bias towards feeling this way because Cinderace is my favorite Pokémon and I just want to see more of Cinderace_. Koharu was enjoyable off the bat and like with Gou her progression was just as good to watch, I do wish she didn't end up with an Eevee since we already have so many other main characters with one but I can't deny it's always interesting to see what trainers will evolve their Eevee into it. Starting off with the more story driven episodes, the Sword & Shield story with totally everyone's favorite villain Rose. And like in the game that story still sucked ass here, though I think that's more of Sword & Shield's fault for not coming up with a better story then it is Journeys fault for using the only material they had. If Galar had a better story in game then we would've had a much better story in the anime. Though the Pokémon anime did continue the trend of Sun & Moon of having the best story arcs in the anime with episode 111, even now this is still one of the best Journeys episodes and one of the best closures I've seen to a character arc, beautiful episode. \n\nimg800(https://cdn.discordapp.com/attachments/905345690853605427/1054975565549031505/pokemon_ultimate_journeys_the_series_key_art-1-.png)\n\nBut getting into the main dish now, the Pokémon Masters Tournament. Instead of having Ash go through the eight Galar gyms he instead partakes in one worldwide tournament to determine who the best trainer is. Another great way to change things up while keeping it familiar enough for newcomers, but to jump ahead here why did Ash only fight two Galar gym leaders in this tournament? Out of the ten Galar gym leaders Ash only fought two Bea and Rahian, the others only show up for the more laid back fun episodes or in Piers case to support Marnie. You can be fine with that but to me that is nothing but a major downside, especially when they could've easily just made Ash fight eight or all ten of the gym leaders for the tournament only. I don't know about you but I don't want to see Ash fight generic trainer number 5000, I want to see Ash fight trainers I recognize from the games. Still even with that disappointment lingering the build up to the Top 8 was overall pretty enjoyable, we got to see a ton of old faces come back and even saw Ash get handed a couple losses here and there. The episodes used for solely training Ash's Pokémon for a future fight were honestly always underwhelming, they felt too predictable even for Pokémon standards and sometimes the battle in the next episode wouldn't even be worth the wait. I definitely prefer when Pokémon would learn a new move in the heat of the battle, it feels more natural  and surprising that way and we wouldn't have to sit through a twenty minute episode just to see one Pokémon learn one more. Though once we finally got to the Masters 8 I couldn't give less of a shit for the build up.\n\nWhen this image dropped it was nothing but pure hype, arguable the character who gave Ash his most infamous loss along side six other champions. This is a Pokémon fans dream and it was finally becoming a reality, so many fights that felt like it would never happen could finally happen now. Ash vs Alan rematch where he doesn't get robbed this time, Ash vs Champion Iris in an all out battle, and the one Pokémon even hyped up themselves with a trailer Ash vs Cynthia. This was going to be huge for the Pokémon anime and despite how I feel overall about it, I cannot deny that it was but this is also where I'm going to become very negative on Journeys as a whole. To put it bluntly majority of the battles this season were complete dog shit, I feel as if they were given the most basic thought on how the fight would go out and they just weren't very fun to watch. We rarely got those unique moments where Ash pulls out a wild trick from no where, and the animation quality for most of the fights were very underwhelming of course with some exceptions. And I feel this is at it's worse with Ash vs Cynthia, the one they went out of their way to make a trailer for. I'm still a bit salty with how underwhelming that battle came out to be, it had it's moments but it could've and should've been so much better then what we got. And these unsatisfying battles kept on happening even throughout Top 8, only a small handful of them I could pick out and say they were above average. Maybe I had my expectations too high or have been spoiled from better anime fights but I wanted to be more excited for these battles, I didn't feel this way with Sun & Moon. I only started to feel underwhelmed with Sun & Moon's battles when the Pokémon League started. Thankfully though like Sun & Moon Journeys really saved itself with it's grand final battle, Ash vs Leon. Specifically the final episode to that fight 132, it's no secret the internet exploded that day when that episode aired and even though I was spoiled on the winner it never mattered once as the fight and animation quality was nothing short of the best the series had to offer. A perfect way to end off the Masters 8 and Ash's character, _though for some reason Gou in the final episode still roots for Ash to become a Pokémon Master? Hasn't he achieved that by defeating Leon? What the fuck even is a Pokémon Master at this point..._\n\nimg800(https://cdn.discordapp.com/attachments/905345690853605427/1054962386970357770/59dc2605dee2084ee344934b4185c6cf2e245683.png)\n\nWhether or not the show considers him a Pokémon Master will be found out before the Scarlet & Violet anime comes out. I hope that with the Scarlet & Violet anime we get higher quality and more memorable battles, and my second biggest complaint with Journeys we actually stick to one region this time. This may seem a bit weird since I said earlier above that I overall liked this change up and I still do, but not when we almost completely ignore at the time the new region. This is a \"hot take\" but I absolutely adore Sword & Shield, it's the most fun I've had with a Pokémon game since I was a kid, even with how much the story sucks I would confidently put it in my top three Pokémon games alongside Platinum and Black & White 2. So I was and am even now still very upset that we never got to see all the new characters and Pokémon from Sword & Shield in Journeys. I have definitely lost a bit of that frustration now but when Journeys first started any episode where they weren't in Galar I was just upset they weren't in Galar, I really just wanted to see Ash interact with all the new Pokémon and characters from Galar. The Pokémon anime has made me appreciate Pokémon and characters who I thought nothing of before and I was really looking forward to experiencing that again with Journeys. Not to say I never did but it definitely wasn't as much as I feel it should've been. I apologize in advance if I'm misremembering and get the wrong information here but important characters from Sword & Shield like Bede, Milo, Nessa, Kabu, Gordie, Melony, Mustard, Klara, Avery, Peony, and Peonia never show up.\n\nIt's thankfully not as bad with the Galar Pokémon but a majority of them are downgraded to just being in the background or having very minor roles in episodes, we never saw Kubfu, any of the Crown Tundra Pokémon besides the Galarian Slowking and the new Regi's. I'm not expecting every single new Pokémon to have an episode dedicated to it, but I would've appreciated more of an effort to show off the new Pokémon that we were still learning about at the time. But I feel they really fumbled with not having half of the gym leaders in the anime to me that is another Major downside, Bede could've been the new Gary and could've been a huge asshole to Ash. The Gallade trainer Rinto who ash lost to once was cool, but I feel Bede could've fit his role so much better. I also haven't brought up much of Gou's whole story in searching for Mew as to be perfectly honest with you, I kinda don't care much for it. It never really fully interested me, I cared more for the Koharu episodes then the Gou ones. Gou was there just so I could see Cinderace. Besides the lack of Galar and battles being underwhelming however those are my only major issues with Pokémon Journeys, overall this was a very solid season and any other issues I'd have with it would I'd consider them to be minor. We got to see a bunch of familiar faces, a ton of great comedic episodic episodes, the conclusions to Lillie's search for her Father, along with Ash finally achieving his dream of becoming a Pokémon Master and the start of the end to his story that's been going on since 1997.\n\nNow can someone please hold my hand through making an Anilist submission?? I tried making a Cinderace one two years ago and messed up but I think if I do it right it should go fine now... hopefully."}],"siteUrl":"https://anilist.co/anime/112153","autoCreateForumThread":false,"modNotes":null,"stats":{"scoreDistribution":[{"score":10,"amount":99},{"score":20,"amount":59},{"score":30,"amount":105},{"score":40,"amount":178},{"score":50,"amount":515},{"score":60,"amount":926},{"score":70,"amount":2014},{"score":80,"amount":1918},{"score":90,"amount":1357},{"score":100,"amount":917}],"statusDistribution":[{"status":"CURRENT","amount":7425},{"status":"PLANNING","amount":5663},{"status":"COMPLETED","amount":6722},{"status":"DROPPED","amount":2726},{"status":"PAUSED","amount":3616}]},"isRecommendationBlocked":false,"recommendations":[{"mediaRecommendation":{"id":97634,"title":{"romaji":"Pocket Monsters Sun & Moon","english":"Pokémon the Series: Sun & Moon","native":"ポケットモンスター サン＆ムーン","userPreferred":"Pocket Monsters Sun & Moon"},"type":"ANIME"}},{"mediaRecommendation":{"id":20159,"title":{"romaji":"Pocket Monsters: THE ORIGIN","english":"Pokémon Origins","native":"ポケットモンスター THE ORIGIN","userPreferred":"Pocket Monsters: THE ORIGIN"},"type":"ANIME"}},{"mediaRecommendation":{"id":97635,"title":{"romaji":"Pokémon Generations","english":null,"native":"ポケモンジェネレーションズ","userPreferred":"Pokémon Generations"},"type":"ANIME"}},{"mediaRecommendation":{"id":527,"title":{"romaji":"Pocket Monsters","english":"Pokémon","native":"ポケットモンスター","userPreferred":"Pocket Monsters"},"type":"ANIME"}},{"mediaRecommendation":{"id":114811,"title":{"romaji":"Digimon Adventure:","english":"Digimon Adventure:","native":"デジモンアドベンチャー:","userPreferred":"Digimon Adventure:"},"type":"ANIME"}},{"mediaRecommendation":{"id":552,"title":{"romaji":"Digimon Adventure","english":"Digimon: Digital Monsters","native":"デジモンアドベンチャー","userPreferred":"Digimon Adventure"},"type":"ANIME"}},{"mediaRecommendation":{"id":19157,"title":{"romaji":"Youkai Watch","english":"Yo-kai Watch","native":"妖怪ウォッチ","userPreferred":"Youkai Watch"},"type":"ANIME"}},{"mediaRecommendation":{"id":16419,"title":{"romaji":"Dokidoki! Precure","english":"Glitter Force Doki Doki","native":"ドキドキ! プリキュア","userPreferred":"Dokidoki! Precure"},"type":"ANIME"}},{"mediaRecommendation":{"id":19291,"title":{"romaji":"Pocket Monsters XY","english":"Pokémon the Series: XY","native":"ポケットモンスターXY","userPreferred":"Pocket Monsters XY"},"type":"ANIME"}},{"mediaRecommendation":{"id":21356,"title":{"romaji":"Pocket Monsters XY&Z","english":"Pokémon the Series: XYZ","native":"ポケットモンスター XY&Z","userPreferred":"Pocket Monsters XY&Z"},"type":"ANIME"}},{"mediaRecommendation":{"id":1565,"title":{"romaji":"Pocket Monsters Diamond & Pearl","english":"Pokémon the Series: Diamond and Pearl","native":"ポケットモンスター ダイヤモンド&パール","userPreferred":"Pocket Monsters Diamond & Pearl"},"type":"ANIME"}},{"mediaRecommendation":{"id":1564,"title":{"romaji":"Pocket Monsters Advanced Generation","english":"Pokémon the Series: Ruby and Sapphire","native":"ポケットモンスター　アドバンスジェネレーション","userPreferred":"Pocket Monsters Advanced Generation"},"type":"ANIME"}},{"mediaRecommendation":{"id":125308,"title":{"romaji":"Hakumei no Tsubasa EXPANSION: Hoshi no Matsuri","english":"Pokémon: Twilight Wings - The Gathering of Stars","native":"薄明の翼 EXPANSION ~星の祭~","userPreferred":"Hakumei no Tsubasa EXPANSION: Hoshi no Matsuri"},"type":"ANIME"}},{"mediaRecommendation":{"id":2363,"title":{"romaji":"Pocket Monsters Side Story","english":"Pokémon Chronicles","native":"ポケットモンスター　サイドストーリー","userPreferred":"Pocket Monsters Side Story"},"type":"ANIME"}},{"mediaRecommendation":{"id":129610,"title":{"romaji":"Sonic X Season 2","english":"Sonic X: The Metarex Saga","native":"ソニックX 第2期","userPreferred":"Sonic X Season 2"},"type":"ANIME"}},{"mediaRecommendation":{"id":145059,"title":{"romaji":"A Ripple in Time","english":null,"native":"A Ripple in Time","userPreferred":"A Ripple in Time"},"type":"ANIME"}},{"mediaRecommendation":{"id":130226,"title":{"romaji":"Sinbi Apateu: Ghost Ball-ui Bimil","english":"The Haunted House: The Secret of the Ghost Ball","native":"신비아파트 : 고스트볼의 비밀","userPreferred":"Sinbi Apateu: Ghost Ball-ui Bimil"},"type":"ANIME"}},{"mediaRecommendation":{"id":1138,"title":{"romaji":"Medarot","english":"Medabots","native":"メダロット","userPreferred":"Medarot"},"type":"ANIME"}},{"mediaRecommendation":{"id":158871,"title":{"romaji":"Pocket Monsters (2023)","english":"Pokémon Horizons: The Series","native":"ポケットモンスター (2023)","userPreferred":"Pocket Monsters (2023)"},"type":"ANIME"}}]}