{"id":113231,"idMal":40679,"title":{"romaji":"2.43: Seiin Koukou Danshi Volley-bu","english":"2.43: Seiin High School Boys Volleyball Team","native":"2.43 清陰高校男子バレー部","userPreferred":"2.43: Seiin Koukou Danshi Volley-bu"},"format":"TV","status":"FINISHED","episodes":12,"description":"High school student Kimichika Haijima moves back to his hometown, Fukui, after causing trouble in the Tokyo Junior High School volleyball club. There, he is reunited with his childhood friend, Yunii Kuroba, who possesses outstanding physical abilities, but is vulnerable under pressure. Haijima, with his overwhelming passion and talent for volleyball, forms an ace combination with Kuroba.<br><br>\n\nThe two enroll at Seiin High School, where they join the volleyball club. Awaiting them are the 163 cm hot-blooded captain Shinichirou Oda, the talented and sharp-tongued vice-captain Misao Aoki and his third-year pair, and second-year students, including Akito Kanno, who is always wearing long sleeves due to his allergy to sunlight.<br><br>\n\nThe newborn team breaks its former shell of weakness and becomes Fukui's rising star. This is a certain team's journey to victory, with a series of fascinating rivals standing in their way.\n","startDate":{"year":2021,"month":1,"day":8},"endDate":{"year":2021,"month":3,"day":26},"season":"WINTER","seasonYear":2021,"duration":23,"countryOfOrigin":"JP","isLicensed":true,"source":"OTHER","hashtag":"#243anime","trailer":"https://www.youtube.com/watch?v=eM5V7vCQzYg","updatedAt":1706292582,"coverImage":{"large":"https://s4.anilist.co/file/anilistcdn/media/anime/cover/large/bx113231-R7qcGbDQgwBZ.jpg","medium":"https://s4.anilist.co/file/anilistcdn/media/anime/cover/medium/bx113231-R7qcGbDQgwBZ.jpg","small":"https://s4.anilist.co/file/anilistcdn/media/anime/cover/small/bx113231-R7qcGbDQgwBZ.jpg","color":"#5dbbe4"},"bannerImage":"https://s4.anilist.co/file/anilistcdn/media/anime/banner/113231-QMe3Jv2BUqrb.jpg","genres":["Drama","Slice of Life","Sports"],"synonyms":null,"averageScore":59,"meanScore":59,"favourites":276,"popularity":40085,"trending":0,"tags":[{"id":102,"name":"Coming of Age","isMediaSpoiler":false},{"id":116,"name":"Volleyball","isMediaSpoiler":false},{"id":88,"name":"Primarily Male Cast","isMediaSpoiler":false},{"id":82,"name":"Male Protagonist","isMediaSpoiler":false},{"id":1228,"name":"Primarily Teen Cast","isMediaSpoiler":false},{"id":264,"name":"Athletics","isMediaSpoiler":false},{"id":1063,"name":"Cute Boys Doing Cute Things","isMediaSpoiler":false},{"id":140,"name":"Educational","isMediaSpoiler":false},{"id":46,"name":"School","isMediaSpoiler":false},{"id":84,"name":"School Club","isMediaSpoiler":false},{"id":153,"name":"Time Skip","isMediaSpoiler":false},{"id":1046,"name":"Suicide","isMediaSpoiler":true},{"id":122,"name":"Trains","isMediaSpoiler":false},{"id":105,"name":"Ensemble Cast","isMediaSpoiler":false},{"id":75,"name":"Boys' Love","isMediaSpoiler":false}],"relations":[{"id":120277,"title":{"english":null,"native":"2.43 清陰高校男子バレー部","romaji":"2.43: Seiin Koukou Danshi Volley-bu","userPreferred":"2.43: Seiin Koukou Danshi Volley-bu"},"type":"MANGA"},{"id":128397,"title":{"english":null,"native":"2.43ミニアニメ","romaji":"2.43 Mini Anime","userPreferred":"2.43 Mini Anime"},"type":"ANIME"},{"id":128527,"title":{"english":null,"native":"2.43ミニアニメ 福井弁講座","romaji":"2.43 Mini Anime: Fukui-ben Kouza","userPreferred":"2.43 Mini Anime: Fukui-ben Kouza"},"type":"ANIME"},{"id":128398,"title":{"english":null,"native":"2.43ミニアニメ バレーボール講座編","romaji":"2.43 Mini Anime: Volleyball Kouza-hen","userPreferred":"2.43 Mini Anime: Volleyball Kouza-hen"},"type":"ANIME"},{"id":128526,"title":{"english":null,"native":"2.43ミニアニメ inside story","romaji":"2.43 Mini Anime: inside story","userPreferred":"2.43 Mini Anime: inside story"},"type":"ANIME"}],"characters":[{"id":175153,"name":"Yuusuke Okuma"},{"id":175154,"name":"Akito Kanno"},{"id":175151,"name":"Misao Aoki"},{"id":175152,"name":"Shinichirou Oda"},{"id":175150,"name":"Kimichika Haijima"},{"id":175149,"name":"Yuni Kuroba"},{"id":203122,"name":"Naoyasu Uchimura"},{"id":203123,"name":"Kazuma Hokao"},{"id":203124,"name":"Ryuudai Jinno"},{"id":203125,"name":"Kouhei Tokura"},{"id":203126,"name":"Issei Asamatsu"},{"id":203127,"name":"Subaru Mimura"},{"id":203128,"name":"Keita Yanome"},{"id":203129,"name":"Tomoki Kakegawa"},{"id":203130,"name":"Mitsuomi Ochi"},{"id":203131,"name":"Yuuhi Sawatari"},{"id":203132,"name":"Jungo Takasugi"},{"id":206206,"name":"Yorimichi Kuroba"},{"id":206258,"name":"Itoko Kuroba"},{"id":314045,"name":"Ichijodani"},{"id":314046,"name":"Ibara Suemori"}],"staff":[{"id":105599,"name":"Aiji Yamakawa"},{"id":98690,"name":"Yukako Kabei"},{"id":97471,"name":"Yousuke Kuroda"},{"id":119866,"name":"Yasuhiro Kimura"},{"id":109287,"name":"Yuugo Kanno"},{"id":110749,"name":"Yuuichi Takahashi"},{"id":146674,"name":"Yuuko Tsumori"},{"id":107601,"name":"Kentarou Akiyama"},{"id":110749,"name":"Yuuichi Takahashi"},{"id":175169,"name":"Ryou Kujirai"},{"id":118429,"name":"Masanori Tsuchiya"},{"id":132974,"name":"Kiyoshi Hirose"},{"id":144215,"name":"Yoshiki Matsumura"},{"id":200035,"name":"Soushi Sakiyama"},{"id":109031,"name":"Atsuhiro Iwakami"},{"id":148835,"name":"Masahiko Ibaraki"},{"id":148935,"name":"Masao Takiyama"},{"id":142407,"name":"Shingo Kunieda"},{"id":166746,"name":"Keiichi Takeda"},{"id":166747,"name":"Ryuu Utsui"},{"id":203741,"name":"Motoichi Kimura"},{"id":203742,"name":"Katsuya Watanabe"},{"id":203743,"name":"Kenji Shimaoka"},{"id":146688,"name":"Masanori Miyake"},{"id":147288,"name":"Youko Matsuzaki"}],"studios":[{"id":287,"name":"David Production","isAnimationStudio":true},{"id":769,"name":"Fujipacific Music","isAnimationStudio":false},{"id":306,"name":"Magic Capsule","isAnimationStudio":false},{"id":6570,"name":"Shueisha","isAnimationStudio":false},{"id":169,"name":"Fuji TV","isAnimationStudio":false},{"id":17,"name":"Aniplex","isAnimationStudio":false},{"id":53,"name":"Dentsu","isAnimationStudio":false},{"id":166,"name":"Movic","isAnimationStudio":false},{"id":140,"name":"Animax","isAnimationStudio":false},{"id":6707,"name":"Japan Volleyball Association","isAnimationStudio":false},{"id":6709,"name":"Tohan","isAnimationStudio":false},{"id":6708,"name":"Fuji Creative Corporation","isAnimationStudio":false}],"isFavourite":false,"isAdult":false,"isLocked":false,"nextAiringEpisode":null,"airingSchedule":[{"airingAt":1610034900,"timeUntilAiring":-96264201,"episode":1},{"airingAt":1610639700,"timeUntilAiring":-95659401,"episode":2},{"airingAt":1611244500,"timeUntilAiring":-95054601,"episode":3},{"airingAt":1611849300,"timeUntilAiring":-94449801,"episode":4},{"airingAt":1612454100,"timeUntilAiring":-93845001,"episode":5},{"airingAt":1613058900,"timeUntilAiring":-93240201,"episode":6},{"airingAt":1613663700,"timeUntilAiring":-92635401,"episode":7},{"airingAt":1614268500,"timeUntilAiring":-92030601,"episode":8},{"airingAt":1614873300,"timeUntilAiring":-91425801,"episode":9},{"airingAt":1615478100,"timeUntilAiring":-90821001,"episode":10},{"airingAt":1616082900,"timeUntilAiring":-90216201,"episode":11},{"airingAt":1616687700,"timeUntilAiring":-89611401,"episode":12}],"trends":[{"date":1573484400,"trending":23,"popularity":0,"inProgress":null},{"date":1573570800,"trending":17,"popularity":26,"inProgress":null},{"date":1573657200,"trending":3,"popularity":26,"inProgress":null},{"date":1573743600,"trending":6,"popularity":46,"inProgress":null},{"date":1574089200,"trending":1,"popularity":52,"inProgress":null},{"date":1574175600,"trending":1,"popularity":53,"inProgress":null},{"date":1574348400,"trending":2,"popularity":54,"inProgress":null},{"date":1574521200,"trending":4,"popularity":57,"inProgress":null},{"date":1574607600,"trending":1,"popularity":60,"inProgress":null},{"date":1574866800,"trending":1,"popularity":61,"inProgress":null},{"date":1574953200,"trending":2,"popularity":62,"inProgress":null},{"date":1575039600,"trending":1,"popularity":64,"inProgress":null},{"date":1575126000,"trending":2,"popularity":65,"inProgress":null},{"date":1575212400,"trending":1,"popularity":68,"inProgress":null},{"date":1575298800,"trending":2,"popularity":70,"inProgress":null},{"date":1575558000,"trending":1,"popularity":71,"inProgress":null},{"date":1576249200,"trending":1,"popularity":75,"inProgress":null},{"date":1576422000,"trending":1,"popularity":77,"inProgress":null},{"date":1576594800,"trending":1,"popularity":79,"inProgress":null},{"date":1576940400,"trending":1,"popularity":81,"inProgress":null},{"date":1577718000,"trending":1,"popularity":82,"inProgress":null},{"date":1578063600,"trending":2,"popularity":83,"inProgress":null},{"date":1578150000,"trending":1,"popularity":85,"inProgress":null},{"date":1578409200,"trending":1,"popularity":86,"inProgress":null},{"date":1578668400,"trending":6,"popularity":88,"inProgress":1}],"externalLinks":["https://twitter.com/243anime","https://243anime.com/","https://www.funimation.com/shows/243-seiin-high-school-boys-volleyball-team/","https://www.crunchyroll.com/243-seiin-high-school-boys-volleyball-team"],"streamingEpisodes":[{"title":"Episode 1 - Childhood Yuni and Chika","thumbnail":"https://img1.ak.crunchyroll.com/i/spire1-tmb/b170985adcac0b139cbdffd31ad6fc5a1643320266_full.jpg","url":"http://www.crunchyroll.com/243-seiin-high-school-boys-volleyball-team/episode-1-childhood-yuni-and-chika-826436","site":"Crunchyroll"},{"title":"Episode 2 - The Best and Worst Playmaker","thumbnail":"https://img1.ak.crunchyroll.com/i/spire3-tmb/b6b55867ef3ca937276996bd5b29ca561643320328_full.jpg","url":"http://www.crunchyroll.com/243-seiin-high-school-boys-volleyball-team/episode-2-the-best-and-worst-playmaker-826437","site":"Crunchyroll"},{"title":"Episode 3 - A Dog's Perspective and a Giraffe's Perspective","thumbnail":"https://img1.ak.crunchyroll.com/i/spire3-tmb/da2ec726e93db6bc0933b95c379cd6121643320387_full.jpg","url":"http://www.crunchyroll.com/243-seiin-high-school-boys-volleyball-team/episode-3-a-dogs-perspective-and-a-giraffes-perspective-826438","site":"Crunchyroll"},{"title":"Episode 4 - Higher, Faster, Stronger","thumbnail":"https://img1.ak.crunchyroll.com/i/spire1-tmb/05e6cf6f269ff7ee398b7ede642e17eb1643320571_full.jpg","url":"http://www.crunchyroll.com/243-seiin-high-school-boys-volleyball-team/episode-4-higher-faster-stronger-826440","site":"Crunchyroll"},{"title":"Episode 5 - Stand By Me","thumbnail":"https://img1.ak.crunchyroll.com/i/spire2-tmb/ec63b672bb7395826e812373f394eece1643320689_full.jpg","url":"http://www.crunchyroll.com/243-seiin-high-school-boys-volleyball-team/episode-5-stand-by-me-826442","site":"Crunchyroll"},{"title":"Episode 6 - The Laughing King and Crybaby Jack","thumbnail":"https://img1.ak.crunchyroll.com/i/spire1-tmb/bee96d839fe8dee118ed7d3dc70cdfab1643320868_full.jpg","url":"http://www.crunchyroll.com/243-seiin-high-school-boys-volleyball-team/episode-6-the-laughing-king-and-crybaby-jack-826444","site":"Crunchyroll"},{"title":"Episode 7 - The Ruling Hero of the Court","thumbnail":"https://img1.ak.crunchyroll.com/i/spire3-tmb/0a7b93c4601b4a25de28df18279ece741643321227_full.jpg","url":"http://www.crunchyroll.com/243-seiin-high-school-boys-volleyball-team/episode-7-the-ruling-hero-of-the-court-826445","site":"Crunchyroll"},{"title":"Episode 8 - Yuni and Chika Re-enter the Battle","thumbnail":"https://img1.ak.crunchyroll.com/i/spire4-tmb/48e4c23a81c312fdda69249c08e6a6781643321828_full.jpg","url":"http://www.crunchyroll.com/243-seiin-high-school-boys-volleyball-team/episode-8-yuni-and-chika-re-enter-the-battle-826447","site":"Crunchyroll"},{"title":"Episode 9 - The Unbeaten and the Dark Horse","thumbnail":"https://img1.ak.crunchyroll.com/i/spire2-tmb/360bcdb84ce2783ee70b7b682cbbf52e1643322848_full.jpg","url":"http://www.crunchyroll.com/243-seiin-high-school-boys-volleyball-team/episode-9-the-unbeaten-and-the-dark-horse-826449","site":"Crunchyroll"},{"title":"Episode 10 - The Hero and The Genius 1","thumbnail":"https://img1.ak.crunchyroll.com/i/spire3-tmb/d901466a60ae4f99f1aaa4f60cdd34491643323105_full.jpg","url":"http://www.crunchyroll.com/243-seiin-high-school-boys-volleyball-team/episode-10-the-hero-and-the-genius-1-826450","site":"Crunchyroll"},{"title":"Episode 11 - The Hero and The Genius 2","thumbnail":"https://img1.ak.crunchyroll.com/i/spire1-tmb/578924f61b5493442ca89c7b14e327881643323120_full.jpg","url":"http://www.crunchyroll.com/243-seiin-high-school-boys-volleyball-team/episode-11-the-hero-and-the-genius-2-826451","site":"Crunchyroll"},{"title":"Episode 12 - Runway","thumbnail":"https://img1.ak.crunchyroll.com/i/spire4-tmb/2bc3b94a793f47104733c18ee36477e21643323986_full.jpg","url":"http://www.crunchyroll.com/243-seiin-high-school-boys-volleyball-team/episode-12-runway-826453","site":"Crunchyroll"}],"rankings":[{"rank":80,"type":"POPULAR","context":"most popular","year":2021,"season":null},{"rank":22,"type":"POPULAR","context":"most popular","year":2021,"season":"WINTER"}],"mediaListEntry":null,"reviews":[{"id":10230,"score":81,"summary":"\"I was hoping for a sad ending, but a happy ending could be a good one.\"","body":"<a><center><h1><b>Remember: \nEvery review always contains spoilers.</h1></center></a>\n\nSo, this is the first time I actually reviewed the latest completed anime show and if you think it's not that good, then I'd like to apologize, because I simply based on anime works rather than the raw sources for reviewing a show, this one is a good example.\n\nI wonder why, but this is so interesting, I haven't ~~and probably never~~ watched Haikyuu before so I would say that I can't get subjected by a view of a volleyball anime as a stereotypical sport genre, although, I have watched a sort of anime which is correlated with sports as well, something that I could actually use for the premise of my review here. Before we started, first of all, don't get projected by another sport anime for the sake of comparison as well, ~~even when I actually did it~~ because the subjectivity is killing, after all. I really could see the way how people perceive this show as tropes but well, I don't think so. Unlike another genre, the first important thing that I usually looked upon the sport genre is the natural intensity, simply, I despised those who made the exaggeration level of drama while putting aside the real meaning of life by putting the pro and contra side here and there for the sake of entertainment. And at last, before the review, I owe you an apologize because I think 2.43 is pretty good in my view, so, here it is, it might just be an unconscious bias but who knows, and this review sounds boring for some, who don't want to waste time by reading this. So, if you read this, you may want to skip on this one as well.\n\n2.43: Seiin Koukou Danshi Volley-bu, I can't memorize this title so well, really, I just called it 2.43, just to make it easy, since the title isn't that memorable as well. People wouldn't look into this one, because they though, \"Ah, it might just be the same as or even worse than ...\" is pretty much a justified view of being tangled by singular perspective as well. But, really, this show gives me a faith about sports genre in general, as it has a deep value of life, it's not hyped, not underrated either, simply between both. As I like slice of life in general, this show is really giving away the passion that I've been waiting for this one. Apart from its dullness, I simply enjoyed it as well. The plot isn't that good but slowly but sure developed, ~!starts from the Kimichika and Yuni, who separated for 10 or more years after the childhood, and wanted to play volleyball simply because they liked it. And when it actually revealed that Kimichika went from Tokyo due to his attitude, the drama started, and so on,!~ and I felt it's not that good either, I was hoping for the slice of life material here as well, but when the drama seems to be forced, no one would like to watch it, well, not for me, as I'm committed about finishing any anime show no matter how bad or bland it is as well. The comedy isn't fully fleshed, but at least, it's there, the main focus is the slice of life, after all. If I'd like to conclude, this show has a premise of 60% slice of life, 35% sport, and 5% comedy, and sport here works as the background rather than the main genre as well. Too many skipped scenes that might not be pleasant for some, hence it actually covers the plot hole for a bit, but can't get into the depth of it. I somewhat liked the art style, pretty much, not good nor that bad, although, for the animation, it's somewhat irritating to notice the robotic move around the players as well. The character developments don't seem to be good, very focused on only two main characters, while the others left abandoned albeit with a little development over the background. However, Subaru Mimura looks like getting recognized pretty much here, as he is one of side characters that actually has given a major development over the plot as well. The voice actors, they aren't memorable enough to tell but simply good, except that Kimichika's voice isn't that unique as well, but Subaru's voices, once again, gave away the good talent here. Also, the thing that soothes me would be the Opening theme, it's simply pretty good for a show like this, while the Ending theme isn't that memorable as well. And then, apart from the major flaws which I have pointed out, it really has the essence of life and somewhat a feel of psychology as an athlete in general, which I actually felt it before. Although, I was hoping for a sad ending, but a happy ending could be a good one. There is an usual \"keep dreaming\" sentence in every scene, as they played as a team which only consisted 8 members and simply played it, just that. At last, I simply enjoyed this show as a slice of life enjoyer, but for people who watched this because \"It's a sport\", then it wouldn't be as good as my experience. As I think this is a good one, so I would give a good rating for this one. Okay, I think that's all and thank you for reading this bland review, without any visual graphics to support the review."},{"id":10284,"score":75,"summary":"A show with more potential than being a Haikyuu clone","body":"I think it’s kind of funny that the second anime I decide to make a review of is another sports anime. I think there is something about this genre that is fun to analyze. Especially when the shows are more grounded and reflect things I’ve seen/experienced in high school sports. That being said this is also my first review of a seasonal anime, which I normally try to avoid but I was pretty excited for Seiin as I’ve become quite the volleyball fan this past year. \nBut first I’d like to address the big orange and black elephant in the room. This show will probably always be compared to Haikyuu, and I personally found myself making these comparisons as I watched it. I do think there’s enough differences between the two, and I will try to refrain from making comparisons, but I do believe it’ll inevitably happen. Also, if you are looking for a show to hold you over between seasons of Haikyuu I do think this is a good choice.\n__\nStory (Some Spoilers ahead)__\nI think the story is about as run of the mill as you can get with 12-episode sports animes now. That’s not to say this is a bad thing though. But the format is generally a school gets a gifted set of new players, which makes them and interesting team to others in the prefecture. This interest general allows for them to get a practice match with a higher/highest ranked school in the prefecture and it develops a sort of rivalry that is settled by the end of the show. This structure while common is still engaging to the audience if built upon correctly.\nWhich I think Seiin does a fantastic job at making this dynamic work. The rival school’s motives are delved into way more in this show, and the sense of rivalry goes past just Seiin being a good school suddenly. And it delves more into the concept of geniuses of a sport. It brings out more of the rival schools characters roots and aspirations of wanting to play on the center stage of nationals. Which happens to be the same goal as Seiin, but the reasons are more character driven for Fukuho. There are some more important plot points that get resolved earlier on, but I feel like they go more towards character development, so I’ll touch on it here and elaborate more later possibly. \nThe show is tonally very different at the start compared to the ending. The start has a more Stars Align approach of having mystery surrounding the background of our main character Haijima. This being that he drove a fellow student to attempting suicide, and this leads Haijima to move back his hometown, Fukui, where he reunites with Yuni Kuroba. This beginning portion of the show is paced insanely fast too because they try to blitz through middle school but also set up drama between Haijima and Kuroba going into high school. This drama stems from Haijima being a gifted setter, and Kuroba being too affected by nerves and emotions when playing the game. This throws a wrench in their chemistry during their first tournament, and it follows to high school leading Haijima to not wanting to play as he feels like a detriment to teams. \nWe as the viewer know Haijima isn’t the entire issue as he is a genius setter, but he must overcome his stubbornness of wanting to do everything. While Kuroba needed to learn to be more confident in himself and become the ace Seiin needed the most. And this is the big arc the two of them go through learning that they need each other to make this work out. \n__\nCharacters__\nI think the best way to speak of the characters is to just break them down almost one by one as it’s a bit necessary to show what I meant in the story section. Along with the show being more character driven than story driven.\nKimichika Haijima: He’s a genius setter that has a passion for the game that extends to winning at all costs. This put a huge burden on himself in the past when teammates didn’t want to be under his rigorous rule. Does this sound kind of familiar? Well if you’ve watched Haikyuu he’s very similar to Tobio Kageyama. But not to a fault really since he holds more of a burden than not getting into the high school, he wanted to be in. Haijima goes through the trauma of feeling responsible for almost causing a friend of him to kill himself. This burden holds him back when he realizes his new middle school team isn’t good enough to win unless he did all the work. And would eventually continue to hold him back once on Seiin since some people left the team due to his arrival.\n~!This causes Haijima to visit the Tokyo high school he was originally supposed to go to with Kuroba. Only for them to find out that the “attempted suicide” was fake. And the goal of this suicide was something his teammates went in on to hopefully bring Haijima down to earth and hurt his ego. Along with finding out that the person who was used as the scapegoat wanted to quit volleyball but couldn’t outright quit. !~\nThis side plot would further help Haijima towards becoming a better team player along with the help of the rest of the seiin team. Learning that he has a reliable team and that he can make them prosper is a big part of his arc. Things like sacrificing being the setter in games to have better defense, learning to use all his attacking options, and lastly learning to trust his teammates are all factors that make Haijima a better teammate and player. \nYuni Kuroba: It’s hard to directly describe Kuroba as he’s a bit of a coward for most of the show, but he is a capable player that learns to trust Haijima and himself. A lot of Kuroba’s arc ties into Haijima’s arc as the show presses this duo and their growth together a lot of the time. And it mostly starts to flourish and take form after their practice match with Fukuho. Where Kuroba see’s how impactful Subaru is. This sets Kuroba’s goal to becoming more like Subaru into motion to become a better ace for Seiin. And this goal is pushed onto Haijima as well since the ace can’t flourish without their setter. \nIt is hard to talk about Kuroba without also talking about Haijima as the show gives these two the most spotlight for the Seiin side of things. And I think this duo works well as they are both flawed players at first. They have things that hold them back from being star players in the first half like Kuroba’s fear of being useless, and Haijima’s fear of bringing people to no longer wanting to play volleyball. These two struggle and flourish together, which makes for the pay off in their matches so much better as you see the two develop. \nThe next two I want to talk about are the antithesis to our main characters in Subaru Mimura and Mitsuomi Ochi. These two are both apart of Fukuho Technical High School, which is a school that has never missed the spring national tournament. So, you are aware this school is capable and a tough opponent, but their motivations revolve around these two characters the most. Subaru Mimura is a powerhouse of an ace and a fellow genius. And his goal is to bring Ochi to the center stage of nationals this year as they’re both 3rd years. Subaru also has some issue in that he had surgery on both of his knees in the past, and later in the show it is revealed he’ll probably need to have more surgery done. This to me hit right at home as I’m also someone who has had surgery due to playing a sport, and it prevented me from continuing to play this sport afterwards. So, the frustration and fear Subaru feel at times in this show felt even more impactful to me. As losing something you love to do (especially something you’re good at) hurts so much even if its only temporarily. \nOchi is a character that is a simple but ties more into Subaru kind of like how Kuroba ties to Haijima. But this dynamic is different from the Fukuho boys in that Ochi doesn’t actual play the game and is instead their manager. He is the moral support to the team, and the driving factor of Subaru’s goals for nationals. Since Ochi isn’t as strong of a player as Subaru or most of the other boys at Fukuho he was only given the manager position. But he constantly is there to give the team that morale boost in simple ways like getting water, towels, and even coming up with strategies for the team. He is like Haijima in that his game knowledge is strong, and he is like Kuroba in that he is there to strengthen and support the pillar of their respected teams. \nI like how the dynamic of these characters and their rivalry almost mirror aspects of each other, and they are fleshed out and shown enough to really impact that final match between the two teams. While there are other characters in this show that impact and help our main characters, I felt highlighting these 4 were the most important. \n__Pacing __\nThis show has insane pacing which can be a good and bad thing. For me I normally hate when animes do time skips and fast-forwarding as it can remove significant development or take away from what I was watching. This show not only has that but also focusses more on speeding up matches and other parts of the show to move it along. Which isn’t a bad thing as the only match that matters are the finals match between Seiin and Fukuho. And I know why most of the matches/games are skipped around and almost sped through. For one this show is more focused on its characters rather than the storylines behind the whole show. And secondly, it’s because Volleyball is a rally sport meaning it can be a back and forth brawl, but you don’t always need to show every point like Haikyuu does. As you can keep the game close and show the highlights or changes in the tide on break points and other points of that nature. Still for me I think how fast the show is at the start can be hard to watch as they’re trying to set up characters but also rush to high school. So it is hard to ignore how fastly paced this show can be as they try to cram all of its story in 12 episodes. \n__Animation/Design__\nI think like most 12-episode animes there are ups and downs in the animation process. Some episodes have this crisp and impactful animation behind what is happening in the matches, and in other episodes we get less of this and more still images and displaying what the score is. We get moments of pure genius in the impact of a serve like in Haikyuu and Ping Pong the Animation, but then will get crappy still images/frames that people would call Dragon Ball Superesc. But I don’t think this is something exclusive to this show and is more of an issue with seasonal animes in general. Hell, even Haikyuu ran into this issue in its past season where a couple episodes looked bad the whole run time. So, it is hard to nickpick and be too angry about these moments and it is better to watch for the explosive and kinetic moments this show gives us. Character design is something I’ll loosely touch on because I do like the art style of these characters. They are distinct from each other and I think the show uses the different heights and body types that were designed to their advantages in the games.\n__Closing Thoughts__\n2.43 Seiin High School was a bit of an emotional ride. The characters are some of the better ones I’ve seen in sports animes in that they drive the story forward and keep the stakes high until the end. The progression and arc these characters go through are not only relatable/things we have seen, but they still stand out and can be developed on further. I like how the show is not afraid of giving us darker scenes and concepts as most sports animes are happy fun times for most of their airtime. And I would love to see this show get a second season especially since I think national tournament arcs can have the most impact. But at the time of writing this the Manga/light novel has been on hiatus for a while, and obviously there’s been no announcement of a second season yet. So, I’ll be keeping my fingers crossed in hopes of this show getting a second season.\n\nBut even without a second season I think this show serves its purpose and is a fantastic watch. Like I said earlier if you need a show for that volleyball fix while the next season of Haikyuu is in development this is the show for you. And I hope I convinced just a couple more people to give this show a watch as it has a lot of good going for it that I couldn’t fully touch on here"},{"id":10459,"score":30,"summary":"a poorly executed mess of a show with few redeeming features","body":"2.43: Seiin High School Boys Volleyball Team Review\n\n<h2>Positives</h2>\n\nOST\nThis show has a really great soundtrack, the OP and ED slap and a lot of the songs that they play in matches are really good and fit the tone surprisingly well.\n\nArt style\nFor an adaptation of a not very well known at all source manga the art style is brilliant. Some of the plays in the matches look brilliant due to close ups and other cool effects.\n\nPlot themes\nSome (take note that I say some) of the plot themes are decent. These include Subaru Mimura's injuries, Oda's height, Kuroba's \"stage fright\" and Haijima's leadership issues.\n\n<h2>Negatives</h2>\n(This section is going to be a lot longer than the positives)\n\nCharacter development\nIn the whole of this show, I would say there are about 4-5 characters who they at least make an attempt to develop. These include:\n-Haijima\n-Kuroba\n-Subaru\n-Oda\n-Ochi\n\nI say 4-5 as Oda is barely developed, they have one scene where he talks about how hard it is to play volleyball as a middle blocker while being short, and then he does a block. He also has some issues with being benched but that's it. That's his whole character arc.\nHaijima's arc is lifted straight from Kageyama, and Kuroba's is fully finished by about the 5th episode and he doesn't change until the end of the series.\nSubaru experiences no change at all, but at least we get to see more of his character in the show, the same goes for Ochi.\n\nAs for the other characters, no attempt whatsoever is made to develop them. This is obvious when it comes to Fukuho's team as most of them we aren't even introduced to in terms of name, but the surprising thing is that there's even someone on Seiin's team who has about 1 line in the whole show.\nOf course I'm talking about this guy. \nimg(https://s4.anilist.co/file/anilistcdn/character/large/b203123-Zx9XE80JZYkd.png)\nI wouldn't even know that this guy was in the show if not for the matches and for the single line he says in the last episode.\n\nForgotten plot lines\nThere are many plot lines in this show that, while sounding like a cool premise initially, are never resolved, or if they are, it's done half-assed in a single episode.\nExamples of this include:\n-Yori getting beat up\n-Haijima's old teammate \"committing suicide\"\nThey literally retconned a full suicide, essentially using it as a shock factor for 1-2 episodes before just completely forgetting about it.\nYori is also completely forgotten about after he is beaten up, and I think we see him about once in the rest of the show as he is sitting in a car.\nConsidering Yori is/was an influential figure is Kuroba's life, it's insane to think that he would completely disappear, especially as he shows he is fine with Kuroba playing volleyball, making his absence from the show completely delusional.\nAnother example is the \"great coach\". All the coach does is pair them up once or twice. That's all he fucking does.\n\nQueerbaiting\nWhen this show first started, it seemed obvious that this show would be BL.\nThis is shown by some of the dialogue between characters:\nHaijima: \"I'll drill it into you\"\nKuroba: \"You'll do what?\" *blushes*\n\nThere are also other instances but tbh I have forgotten the exact lines and there's no way I'm rewatching this to find them.\nBut essentially it makes references like these throughout the first few episodes. Then it completely stops it, and makes no attempt at a BL whatever.\nIt clearly implied it in the first few episodes and then completely drops it. Very fucking annoying.\n\nConfrontations\nAnother problem with this show is that everytime Haijima and Kuroba come into a confrontation with literally anyone, instead of talking with them or even shouting at them or anything, Haijima just sets the ball to Kuroba? And then Kuroba either spikes it or catches it in his hand? While epic music plays? Like I don't know what the fuck they were thinking when writing these confrontations because it makes dogshit to watch, zero closure on any of the issues that caused the confrontation, they just fucking spike a ball and it's meant to be really cool. No fucking thanks.\n\nHaikyu sections\nI know some people might say \"just because it's volleyball doesn't mean it's ripping off Haikyu\" and that's true. But \"just because it's volleyball doesn't mean it isn't ripping off Haikyu\" also makes sense. And this show rips off Haikyu.\nA blatant example takes place in the 11th episode.\nIn an attempt to inspire the team, the cheer squad unravel a banner that says \"Soar to new heights\" (that may not be completely accurate but it's along those lines). And apparently the coach wrote it. It then shows a close up of the word \"Soar\" and it really inspires them.\nYou might remember in Haikyu when the literal exact same thing happens except the banner says \"Fly\". Also in Haikyu it actually fucking makes sense as they are called the Fallen Crows. In 2.43, it makes no fucking sense whatsoever.\n\n<h2>Conclusion</h2>\nThis show is a clusterfuck of loose ends and poorly executed plot lines. The only good things are the OST, and some of the matches, although you would be way better off watching Haikyu for both of those things, and you would get a better plot also.\nI will not be watching the second season that it is trying to build up to (if it gets renewed that is) and I regret wasting my time. I had very high hopes for this show when it came out but it completely ruined itself. In conclusion, you probably shouldn't watch this show if you haven't."},{"id":10548,"score":30,"summary":"Started as a surprise Anime of the Season contender, ended as a disappointing and frankly insulting mess.","body":"~~~img(https://starcrossedanime.com/wp-content/uploads/2021/04/2.43-Seiin-Koukou-Danshi-Volley-Bu.png)~~~\n\nI normally try to start these reviews with some kind of cutesy lead in. Maybe a play on the sports anime genre and how it needs more drama focused series. Or a riff on volleyball anime now that the recent season of *[Haikyu](https://anilist.co/anime/113538/HAIKYU-TO-THE-TOP-Part-2/)* is over and the manga complete. Something about how the fans are looking for their next fix of Cute Boys Play Sports. Sadly *2.43 Seiin Koukou Danshi Volley-Bu*, henceforth referred to as *Volley-Bu*, simply isn't worth it. Looking for a decently animated sports series for your action fix? Denied. Perhaps a well crafted coming of age drama that tackles social pressures and suicide with grace? Denied with prejudice. The sad fact of the matter is that *Volley-Bu*, produced by [David Productions](https://anilist.co/studio/287/David-Production) and directed by [Yasuhiro Kimura](https://anilist.co/staff/119866/Yasuhiro-Kimura) of *[JoJo's Part 5](https://anilist.co/anime/102883/JoJos-Bizarre-Adventure-Golden-Wind/)* fame, is terrible. And I'm here to explain why. So without further ado, lets jump in.\n\n~~~img(https://i0.wp.com/starcrossedanime.com/wp-content/uploads/2021/01/Volley-Bu-4.7.jpg)~~~\n\n# __~~~Visuals~~~__\n\nStarting off lets talk about the Art and Animation, led by Art Directors -Yoshiki Matsumura- and -Kentarou Akiyama-. This is a mixed bag and leaves a lot to be desired. Sometimes we get moments of expressive faces and reactions. Others the volleyball bounces around with all the impact of wet paper bag. More often than either though are the fades. Oh god the fades. Every single time someone hits a ball, jumps or does anything with any amount of meaningful movement on the court it gets blurred and dimmed to the point of being unrecognizable. It takes the few good volleyball scenes *Volley-Bu* has and throws them in bin. It's a crying shame what has happened in post-production. As you can see from the screenshots, *Volley-Bu* doesn't look *terrible*. Maybe a little bland, lacking an identity, but not terrible. Once it starts moving though it loses what appeal it had.\n\nAnd as for the backgrounds? Well those are actually nice, *Volley-Bu* does a great job depicting the mountainous landscape of Hokkaido. Whether it be the fields of white snow in the winter or the rolling countryside in spring and summer, the backgrounds are easily the best part of *Volley-Bu*. Even this however isn't very consistent. A large amount of the shows runtime takes place in doors or in gyms. Robbing the show of its northern landscape. And these are not very well made gyms either! So much so, and with such similarities between them that without the outside establishing shots you would have no idea *which* gym we were even in. *Volley-Bu* takes its greatest strength and fails to capitalize on it in any meaningful way. And the worst part? This is probably the nicest I'm going to be about *Volley-Bu* in this review, so strap in.\n\n~~~img(https://i0.wp.com/starcrossedanime.com/wp-content/uploads/2021/01/Volley-Bu-2.7.jpg)~~~\n\n#~~~__Narrative__~~~\n\nThis brings me to the narrative and oh boy do I hate this narrative. Spoilers for *Volley-Bu* below because I'm about to rip into it. If you don't want to be spoiled then here is a quick one sentence explanation: Insultingly bad suicide plot gives way for boring Nationals plot. Good? Great. Click here if you're ready for some spoilers.\n\n~!Now in the effort to be fair: *Volley-Bu* didn't start terribly. The series knew it couldn't compete with the powerhouse that is *Haikyu* in action so it would focus more on the drama. A smart plan, a good way to differentiate itself and become more than \"that *Haikyu* clone\". In fact I thought it was a rather engaging hook, a more serious take on Kageyama with more dramatic societal and personal consequences. This idea of demanding perfection from your team, of hounding them until one of them breaks. It was a compelling look at the other side of these bullying plots we see so often in anime. The way Haijima handled and reacted to the whole thing was great to, he was really effected by it. But then *Volley-Bu* took this compelling hook, this thing that set it apart... and shit all over it, throwing it to the side.\n\nWhat was once about Haijima figuring out his feelings towards Volleyball and how to forgive himself instead made him a victim. This idea that a kid who was to much of a coward to practice or quit the team would fake his suicide, and that everyone would go along with it, was ridiculous and insulting. It retroactively ruins what growth Hajima had, effectively saying he did nothing wrong and that *he* was the victim in the situation. Simultaneously introducing a load of plot holes such as how he never found out or how no one told him, etc. Faking suicide isn't something that goes unreported, surely he would have heard from somewhere or some one. But for it to take years and him revisiting the school only to learn from a passing comment? Terrible. And the worst part is yet to come.\n\nThe way *Volley-Bu* treats the subject of suicide is, to put it simply, insulting and concerning. It plays the whole thing off as a joke, a mean prank on *Haijima*. It makes the bully, the character who started the whole thing and who should have learned to grow, into the victim and downplays the seriousness of the subject. I'm not asking for some kind of harsh and in your face depiction of these subjects ala *Wonder Egg Priority* that aired this season. However a modicum of tact and respect doesn't feel like to much to ask from a show ostensibly rooted in character drama.\n\nSadly though after this reveal the character drama largely disappears from *Volley-Bu*. Where once it sought to differentiate itself from *Haikyu* it instead winds up competing directly with titan. The whole show becomes a \"Lets go to nationals\" plot shoved into a single season with a single relevant competing team. Fukuho Tech, the reigning champions of the region, are introduced soon after the suicide plot is kicked to the curb. And honest to god? These guys are more compelling than our leads! Their drama regarding injuries and \"Ill get you to center court\" is ham-fisted but at least *Volley-Bu* sticks with it to the end. Sadly however because these are the rivals they are destined to lose. And not even for a good reason, they lose because they aren't the MC's.!~\n\nLong story short, *Volley-Bu's* narrative is a proper mess. There *was* a brilliant idea here. It *had* a compelling plot and character story. But it threw it all away to focus on nationals and in doing so abandoned what little identity it had.\n\n~~~img(https://i1.wp.com/starcrossedanime.com/wp-content/uploads/2021/01/Volley-Bu-4.1.jpg)~~~\n\n#~~~__Characters__~~~\n\nThis brings us to the characters whom I have already railed against a bit. Most of my major issues here have to do with how *Volley-Bu* completely and utterly botches the drama portion of it's story. With how involved the characters are in that, it reflects on them to. But that isn't to say there wasn't a lot of other issues to be had. Take the Seiin team for example: As a whole unit you have maybe... 4 and a half characters across 8 \"people\". I say it like that because outside of Yuni, Haijima, and the Aoki/Oda duo none of them really matter. Maybe Okuma for a scene or two but that's the big issue here isn't it? This is an 8 man team where only the MCs have defined personalities and everyone else gets 1-off scenes whenever they interact with them.\n\nThe only exceptions in Seiin really are Oda and Aoki, the captain and vice captain of the team. These two have personalities, they have scene's, they just aren't good ones. Mostly. Oda's character is probably the best and is centered primarily around his height, the short captain of team. He involves himself a bit with Yuni helping him get over his cowardice and basically pulling everyone else along with him. The old \"If I can do it as short as I am, you can to\" approach. Aoki meanwhile is whatever the plot needs him to be. Early on he conflicts with Haijima because of his attitude and treatment of players worse than him. He is fiercely protective of his team. But as the story goes on and the drama gives way to Nationals he largely gives way and disappears. Only ever existing when the plot needs his brand of conflict.\n\nThis leaves us with the MC's Haijima and Yuni. I already railed against Haijima in the narrative section so lets talk about Yuni: The most rushed character in the cast. Once again, almost like a pattern, *Volley-Bu* started with something interesting here and squandered it. His feelings of inferiority, his cowardice in the face of conflict and his fear of being blocked and letting people down are all good beats! His stuff in the first 3 episodes and how he slowly comes to resent Haijima was legitimately investing! But All of this gets resolved by around episode 6. His entire character arc is complete in every way that matters beyond \"Going to nationals\". It's as if *Volley-Bu* either gave up or only involved the drama long enough to convince people it was different from *Haikyu*. Instead what it got was half-baked arcs that taste of disappointment.\n\nFinally we have Fukuho who are, in my opinion, better than the Seiin team in every conceivable way. In a single episode this team has more camaraderie and personality than our leads. Not as individuals of course, most of them don't even have names. But as a team they have a clear identity, they joke, they shoot the shit, they have a goal and a history, etc. Where Seiin feels like a ragtag band of misfits brought together, which they are, Fukuho is a group that have been together for awhile. We can see this in their interactions and their motivations. It's all rather one-note, but ill take solid and average over mediocrity. Sadly *Volley-Bu* once again squanders this by bringing them down to Seiin's level through ridiculous circumstances and plot armor. It takes what was built up as a compelling goal and, without resolving it meaningfully, throws them away.\n\nAcross the board the best way to describe *Volley-Bu's* characters are \"Wasted potential\". Every single one of them could have been more, could have mattered, if only they had more time in which to do so.\n\n~~~img(https://i1.wp.com/starcrossedanime.com/wp-content/uploads/2021/01/Volley-Bu-2.2.jpg)~~~\n\n#~~~__OST/Sound Design__~~~\n\nLastly we have the OST and this is going to be particularly hard to write. Not because I'm the farthest thing from a musician or because I lack an arts education, though both of those are true. Rather because *Volley-Bu's* OST is just... forgetful. It has everything from generic rock to soft strings and even the occasional weird piece for when things get heavy on screen. But not a single track caught my imagination, managed to suck me into the scene that way great OST's can. Along similar lines though, I was never sucked *out* of the show by the music the way terrible OSTs do. It's as if the music was there, and I was aware it was there, but I didn't mind it. Think elevator music but for anime. Whatever track was playing fit the scene well enough. That's just all it did. And maybe that's ok.\n\n~~~img(https://i0.wp.com/starcrossedanime.com/wp-content/uploads/2021/01/Volley-Bu-3.3.jpg)~~~\n\n#~~~__Where it went wrong__~~~\n\nNow we come to the personal section of the review. This has absolutely no bearing on the score, this is just me taking to you about my personal experience. If all you care about is score then feel free to skip. Otherwise if you want to try and connect, to really understand where this review is coming from, then please read on. Let me share a bit of myself with you.\n\nTo me, *Volley-Bu* feels artificial. It like something made for the market to appeal to a broad audience first and foremost. As if someone saw the success of *Haikyu* and wanted to the same but knew they had to differentiate it somehow. And the way they chose to do so was \"Make it a character drama\". That wouldn't be so bad if that was all it was. I enjoy plenty of media that exist for that and that alone. From the Marvel movies to last years *Akudama Drive* to weird stuff like *Thunderbolt Fantasy*. None of these are pretentious \"works of art\" but they are all still good entertainment. And the reason I think they work where *Volley-Bu* fails is this: They know what they are. They might touch on something deeper at a surface level, but ultimately they stay true to their core start to finish. *Volley-Bu* doesn't.\n\nIt starts with this serious and upfront story of suicide, pain and consequences. Yet it ends in a stereotypical match about going to Nationals. There's no ideological conflict there, winning doesn't prove anything or represent the characters overcoming something. They already overcame everything halfway through the season! Rather it feels included to get the sports shounen audience. It hooks those looking for something deeper and tries to appease them in the first half before trying to do the same with the action crowd in the second. In doing this *Volley-Bu* loses it's identity and succeeds at neither. The terrible thing here is that it was completely avoidable as well. The rival team Fukuho, nationals, the actual competition aspect, none of these are important for the initial story. Instead it should have focused on Haijima, Yuni and their growth as individuals rather than as athletes.\n\nThere are so many things that *Volley-Bu* could have done to save itself from this fate. It could have cut Fukuho and focused entirely on our Seiin team. It could have lingered longer in middle school and really shown us the fallout of what happened. Most of all though, *Volley-Bu* could have committed itself to the suicide. But in not doing any of these, in trying to please everyone, it ended up pleasing no one. Or at least it didn't please me and I'm the one writing this review... so yeah.\n\n~~~img(https://i1.wp.com/starcrossedanime.com/wp-content/uploads/2021/02/Volley-Bu-6.5.jpg)~~~\n\n#~~~__Conclusion__~~~\n\nAll in all when I think of *Volley-Bu* only one word comes to mind: Disappointment. I have compared *Volley-Bu* to the standout hit that is *Haikyu* a lot in this review. Something many of you probably find off-putting as *Volley-Bu* is clearly not *Haikyu* and is clearly trying to do something different. But here's the rub: In it's quest to do in one cour what *Haikyu* did in five *Volley-Bu* abandoned everything that made it stand out. The compelling and down to earth character drama was left behind for \"Let's get to nationals\". The quiet moments in the mountains, the snow, walking home from school, were all cut for more volleyball matches in the second half. *Volley-Bu* tried to appeal to both crowds, to peel off some of *Haikyu's* fans while still appearing different and in doing so fulfilled neither.\n\nI don't rip into *Volley-Bu* because its fun, I don't enjoy insulting this show. I was hyped, I was invested in it after episode one. But then it let me down. And I don't want you to deal with the same. So be forewarned: You will not get what you want from this show. Whether it be action or drama, it will fail you. As it has failed me."},{"id":11524,"score":60,"summary":"An unfortunate case of comparisons","body":"I want to preface this review with the fact that I _wanted to like 2.43_. I went into this anime with the hope that it wasn't going to be a Haikyuu!! clone, but left it unfortunately quite bored and disappointed. From the lackluster art style, to the janky story pacing, and to majority of cast of characters who I forgot the names of halfway through... much of 2.43 was unmemorable and, frankly, didn't leave me impressed.\n\n__(Spoilers ahead)__\n\nThe concept behind 2.43 seems a bit standard: underdog team forms together under someone who seems to have their shit together in regards to the sport, and aims to be #1 at the yearly competition. Kuroba and Haijima are Seiin's two main characters, with Haijima being the star setter and brains behind Kuroba's killer spikes. (Sounds familiar, right?)\n\nIn the beginning, I genuinely liked them, and was very interested in seeing how the anime would pan out. However, as the show dragged on, I started caring less and less about them as it felt like the majority of what made them interesting was dealt with pretty early on.\n\nUnfortunately, they were two of five characters I could ever remember the names of or cared about. Kuroba, Haijima, Oda, Ochi, and Subaru Mimura. The other characters did not feel fleshed out, and for the case of the other Seiin players, I forgot their names literal minutes after meeting them as they were almost all introduced in the same episode. And because of this, I couldn't help but constantly compare the characters I _did_ know to Haikyuu!! characters. Subaru is the most blatant comparison to Oikawa, with his knee injuries and set role of being a big challenge to Seiin's team. Haijima, as many have said, seems much like a Tsukishima and Kageyama love child. Finally, Kuroba has the drive to be Seiin's ace, much like Hinata, both of which growing in talent at remarkable speed.\n\nThen there's the issue of pacing. Each episode felt, quite frankly, rushed together and yet they dragged on at a snail's pace. And then we add onto the fact that they would add incredibly important info that was rarely touched on in the following episode after the credits rolled (it took me about 5 episodes to realize I wasn't getting the whole story). One moment that annoys me was episode 9, where they end right before the credits with the idea of \"we're going to go do 2 more games!\", and proceeded to sum those games up in about a minute and a half max. Like, what?\n\nFinally, the anime didn't know how to make the volleyball games _interesting_. By the end, I was watching through them at 1.25x speed because they just didn't know how to portray them. It was truly a let down; if they wanted to focus on the character relationships, I wish they had spent more time on them, and the opposite is also true.\n\nThis anime felt like a let down. Honestly, the only truly memorable thing about this anime is the opening, which I found to be incredibly enjoyable. I wanted to like this anime, but I felt that they did the novels an injustice in this adaptation. I didn't want to compare this anime to Haikyuu!!, but it's hard not to when out of the two, Haikyuu!! is just the superior choice in regards to memorable art style, story, and characters.\n\nI hope to read the novels myself one day just to see if the story is better than what the anime portrayed it as, as I believe that 2.43 had promise, but fell short on delivering what the original writer had in mind."},{"id":13066,"score":75,"summary":"If you have free time you can watching this anime, it is okay.","body":"This review is spoiler free :D\n\n2.43: Seiin Koukou Danshi Volley-bu is quite standard. It doesn’t make you feel much watching it. The direction is...okay? The animation is pretty bad, except for the insane spikes that David Production will occasionally pour the whole budget into. The show just lacks substance. It lacks that “oomph” that propels it over being ordinary. It feels flat. It doesn’t come to life on your screen like a good anime should.\n\nThat’s not to say the show itself is bad. There are some good plot points, some likeable characters, and some interesting dynamics. I enjoyed the dual perspective of the two main teams, Seiin and Fukuho, as I constantly flip-flopped on who I was rooting for. Like I mentioned earlier, there are times where the animation IS great, feeling more like David Production’s other amazingly animated shows. There are times where the rivalry feels real, and there are times where I care about what happens to the characters. The thing that brings Seiin down though is that all of these times where I actually feel something are short lived. They feel like glances to a better show. It feels like the show is struggling to wedge itself out of the hole of mediocrity, but is only able to peak its head out. It feels frustrating going from that back to the usual bad animation and poor writing. Seeing the glimmers of satisfaction in a show is not very satisfying when they simmer out.\n\nThis show is ambitious in the fact that it has a background narrative behind the volleyball. At least, at the beginning it does. I couldn’t even tell you what it was now. Maybe that’s another reason this show feels half-baked. Somewhere along the line, it transferred from being a show about flawed characters who happen to play volleyball, to just volleyball. Don’t get me wrong, I like watching dudes hit balls as much as the next guy, but the show can’t expect to make that switch when the volleyball isn’t even that good. The narratives of the first few episodes are what drew me and many others to this show, and it just feels like a huge disappointment to somewhat abandon it.\n\nIf you asked me if you should watch this show, I’d say “how much free time do you have?” There are definitely better anime out there, better sports anime, and obviously better volleyball anime. But at the end of the day, I don’t regret watching this one. At its higher points, it was good. At its lower points, it wasn’t necessarily unwatchable. So, if you have some free time and are just yearning to watch a sports anime, sure, this one’s alright.\n\nOverall, I think this show is the epitome of average. It's not good, but I wouldn’t say it's bad either. There are times where you laugh about how shitty the writing in that episode was, but there are times where that Demon Bazooka is just so damn cool. Give it a watch if you want. I probably wouldn’t redo it again, but I don’t regret watching it either."},{"id":17550,"score":85,"summary":"A fun, but somewhat disappointing show","body":"**SPOILERS FOR EPISODE 5 AHEAD**\nFor context, I watched the show Dubbed. \n\nThis anime is a fun and easy watch. It starts out strong showing the desires and passions of two young, at the time, middle (secondary) school boys, who want to play volleyball. Chika and Yuni were friends in kindergarten, but after the death of his mother, Chika moved away until secondary school. Now that he's back, he reunites with his old friend Yuni, and motivates him into playing volleyball. \n\n The volleyball scenes and explanations of things make it easy to follow, even for someone who knows nothing about volleyball. The animation is absolutely amazing, not to mention the music. It has fun characters, interesting matches, and has some great overall themes like friendship and perseverance. And there were a few times where I was holding my breath to see how things turned out.  However, despite all of this, something feels... Lacking. \n\nWith the exception of the two \"main\" characters, Chika and Yuni, it feels like every other character doesn't receive the same attention, despite the show wanting you to root for them. Most of the team for Seiin are ignored, and instead the show focuses on the rival school's team. In some episodes they don't even show Seiin at all. It almost feels like the show is trying to get you to root for the rival team so that no matter who \"wins\" in the end, you'll be happy about it. \n\nIf you can get past the fact that the show likes to focus on the rival team even more than the titular team, then you also have to contend with one of the main characters, Chika, because a complete asshole the entire time. The show tries to frame it as him pushing his team to be better and get to Nationals, but it feels shallow, selfish and even dismissive. In fact, the main character's attitude is so bad that his previous volleyball team played a \"prank\" on him by saying that one of the team members that Chika used to be particularly harsh to tried to kill himself. It turns out that it was just a prank that the team used to try and get him to mellow out. \n\nThe other main character, Yuni, is never really fleshed out. He has a few motivational scenes where he talks about wanting to do nothing more than play the game, but for the most part, he seems to be a prop to motivate Chika and to act as a personality foil for him. Yuni is passionate for the game because Chika is playing the game. And as long as they're out there playing together Yuni wants to continue. We never seen any passion for the game outside of his desire to be with his friend and doing something that his friend likes. \n\nThe motivations of the characters always come down to one thing: They just want to play volleyball. With the exception of one character who joined the team because of his friend, there's no other explanation as to why the characters wanted to join the team, or why they continue to fight so hard. \n\nThere is no romance in this anime except for a fleeting interaction at one of the training camps where Seiin is talking about their crushes. The show could be considered queer-baiting in a few places because it does show Yuni getting jealous of the fact that Chika might have a crush on a girl. Other than that, it does portray strong, athletic, and well-admired men in very loving and supportive friendships. \n\nAll-in-all I gave this anime a 85/100. It's cute. It's fun to watch and just enjoy. But if looking for something with a stronger plot, one might look elsewhere."}],"siteUrl":"https://anilist.co/anime/113231","autoCreateForumThread":true,"modNotes":null,"stats":{"scoreDistribution":[{"score":10,"amount":223},{"score":20,"amount":289},{"score":30,"amount":640},{"score":40,"amount":1069},{"score":50,"amount":1830},{"score":60,"amount":2634},{"score":70,"amount":2804},{"score":80,"amount":1475},{"score":90,"amount":638},{"score":100,"amount":378}],"statusDistribution":[{"status":"CURRENT","amount":4959},{"status":"PLANNING","amount":13327},{"status":"COMPLETED","amount":13287},{"status":"DROPPED","amount":6126},{"status":"PAUSED","amount":2386}]},"isRecommendationBlocked":false,"recommendations":[{"mediaRecommendation":{"id":20464,"title":{"romaji":"Haikyuu!!","english":"HAIKYU!!","native":"ハイキュー!!","userPreferred":"Haikyuu!!"},"type":"ANIME"}},{"mediaRecommendation":{"id":104052,"title":{"romaji":"Hoshiai no Sora","english":"Stars Align","native":"星合の空","userPreferred":"Hoshiai no Sora"},"type":"ANIME"}},{"mediaRecommendation":{"id":2159,"title":{"romaji":"Ookiku Furikabutte","english":"Big Windup!","native":"おおきく振りかぶって","userPreferred":"Ookiku Furikabutte"},"type":"ANIME"}},{"mediaRecommendation":{"id":18689,"title":{"romaji":"Diamond no Ace","english":"Ace of the Diamond","native":"ダイヤのA","userPreferred":"Diamond no Ace"},"type":"ANIME"}},{"mediaRecommendation":{"id":101239,"title":{"romaji":"Ahiru no Sora","english":"Ahiru no Sora","native":"あひるの空","userPreferred":"Ahiru no Sora"},"type":"ANIME"}},{"mediaRecommendation":{"id":108430,"title":{"romaji":"Given","english":"given","native":"ギヴン","userPreferred":"Given"},"type":"ANIME"}},{"mediaRecommendation":{"id":21702,"title":{"romaji":"Battery","english":"BATTERY the animation","native":"バッテリー","userPreferred":"Battery"},"type":"ANIME"}},{"mediaRecommendation":{"id":128398,"title":{"romaji":"2.43 Mini Anime: Volleyball Kouza-hen","english":null,"native":"2.43ミニアニメ バレーボール講座編","userPreferred":"2.43 Mini Anime: Volleyball Kouza-hen"},"type":"ANIME"}},{"mediaRecommendation":{"id":101903,"title":{"romaji":"Kaze ga Tsuyoku Fuiteiru","english":"Run with the Wind","native":"風が強く吹いている","userPreferred":"Kaze ga Tsuyoku Fuiteiru"},"type":"ANIME"}},{"mediaRecommendation":{"id":100402,"title":{"romaji":"Tsurune: Kazemai Koukou Kyuudou-bu","english":"Tsurune","native":"ツルネ ―風舞高校弓道部―","userPreferred":"Tsurune: Kazemai Koukou Kyuudou-bu"},"type":"ANIME"}},{"mediaRecommendation":{"id":20992,"title":{"romaji":"Haikyuu!! 2nd Season","english":"HAIKYU!! 2nd Season","native":"ハイキュー!! セカンドシーズン","userPreferred":"Haikyuu!! 2nd Season"},"type":"ANIME"}},{"mediaRecommendation":{"id":21330,"title":{"romaji":"Prince of Stride: Alternative","english":null,"native":"プリンス・オブ・ストライド　オルタナティブ","userPreferred":"Prince of Stride: Alternative"},"type":"ANIME"}},{"mediaRecommendation":{"id":113538,"title":{"romaji":"Haikyuu!! TO THE TOP 2","english":"HAIKYU‼ TO THE TOP Part 2","native":"ハイキュー!! TO THE TOP 2","userPreferred":"Haikyuu!! TO THE TOP 2"},"type":"ANIME"}},{"mediaRecommendation":{"id":106625,"title":{"romaji":"Haikyuu!! TO THE TOP","english":"HAIKYU!! TO THE TOP","native":"ハイキュー!! TO THE TOP","userPreferred":"Haikyuu!! TO THE TOP"},"type":"ANIME"}},{"mediaRecommendation":{"id":101045,"title":{"romaji":"Hanebado!","english":"HANEBADO!","native":"はねバド!","userPreferred":"Hanebado!"},"type":"ANIME"}},{"mediaRecommendation":{"id":10800,"title":{"romaji":"Chihayafuru","english":"Chihayafuru","native":"ちはやふる","userPreferred":"Chihayafuru"},"type":"ANIME"}},{"mediaRecommendation":{"id":11771,"title":{"romaji":"Kuroko no Basket","english":"Kuroko's Basketball","native":"黒子のバスケ","userPreferred":"Kuroko no Basket"},"type":"ANIME"}},{"mediaRecommendation":{"id":140502,"title":{"romaji":"Ryman's Club","english":"Salaryman's Club","native":"リーマンズクラブ","userPreferred":"Ryman's Club"},"type":"ANIME"}},{"mediaRecommendation":{"id":134732,"title":{"romaji":"Aoashi","english":"Aoashi","native":"アオアシ","userPreferred":"Aoashi"},"type":"ANIME"}},{"mediaRecommendation":{"id":136064,"title":{"romaji":"Bakuten!! Movie","english":"Backflip!! The Movie","native":"映画 バクテン!!","userPreferred":"Bakuten!! Movie"},"type":"ANIME"}},{"mediaRecommendation":{"id":125839,"title":{"romaji":"Bakuten!!","english":"Backflip!!","native":"バクテン!!","userPreferred":"Bakuten!!"},"type":"ANIME"}}]}