{"id":114072,"idMal":40145,"title":{"romaji":"Yu☆Gi☆Oh! SEVENS","english":"Yu-Gi-Oh! SEVENS","native":"遊☆戯☆王SEVENS","userPreferred":"Yu☆Gi☆Oh! SEVENS"},"format":"TV","status":"FINISHED","episodes":92,"description":"The seventh anime series in the Yu-Gi-Oh! franchise.\n<br><br>\nThe series takes place in the futuristic town of Gouha and stars Yuga Oudou, a fifth-grade, elementary school student, who loves both inventions and dueling. Feeling that the current rules of the Duel Monsters card game are too stifling, Yuuga successfully manages to install a new set of rules of his own creation known as \"Rush Duel\", allowing for more fast-paced and frantic dueling. The series follows Yuuga and his friends as they show off the delights of Rush Duels while under the watchful eye of the Gouha Corporation that oversees the city.<br><br>(Source: Wikipedia)","startDate":{"year":2020,"month":4,"day":4},"endDate":{"year":2022,"month":3,"day":27},"season":"SPRING","seasonYear":2020,"duration":24,"countryOfOrigin":"JP","isLicensed":true,"source":"ORIGINAL","hashtag":"#遊戯王 #yugioh #SEVENS","trailer":"https://www.youtube.com/watch?v=WTQ_PWj8zw4","updatedAt":1706285491,"coverImage":{"large":"https://s4.anilist.co/file/anilistcdn/media/anime/cover/large/bx114072-3C6Bbv490sNj.jpg","medium":"https://s4.anilist.co/file/anilistcdn/media/anime/cover/medium/bx114072-3C6Bbv490sNj.jpg","small":"https://s4.anilist.co/file/anilistcdn/media/anime/cover/small/bx114072-3C6Bbv490sNj.jpg","color":"#ffd643"},"bannerImage":"https://s4.anilist.co/file/anilistcdn/media/anime/banner/114072-skJElBIWDt69.jpg","genres":["Action","Fantasy","Sci-Fi"],"synonyms":null,"averageScore":54,"meanScore":55,"favourites":71,"popularity":4440,"trending":0,"tags":[{"id":178,"name":"Card Battle","isMediaSpoiler":false},{"id":281,"name":"Surreal Comedy","isMediaSpoiler":false},{"id":84,"name":"School Club","isMediaSpoiler":false},{"id":446,"name":"Primarily Child Cast","isMediaSpoiler":false},{"id":56,"name":"Shounen","isMediaSpoiler":false},{"id":46,"name":"School","isMediaSpoiler":false}],"relations":[{"id":98231,"title":{"english":"Yu-Gi-Oh! VRAINS","native":"遊☆戯☆王VRAINS","romaji":"Yu☆Gi☆Oh! VRAINS","userPreferred":"Yu☆Gi☆Oh! VRAINS"},"type":"ANIME"},{"id":481,"title":{"english":"Yu-Gi-Oh!","native":"遊☆戯☆王　デュエルモンスターズ","romaji":"Yu☆Gi☆Oh! Duel Monsters","userPreferred":"Yu☆Gi☆Oh! Duel Monsters"},"type":"ANIME"},{"id":20552,"title":{"english":"Yu-Gi-Oh! ARC-V","native":"遊☆戯☆王ARC-V（アーク・ファイブ）","romaji":"Yu☆Gi☆Oh! ARC-V","userPreferred":"Yu☆Gi☆Oh! ARC-V"},"type":"ANIME"},{"id":482,"title":{"english":"Yu-Gi-Oh! GX","native":"遊☆戯☆王デュエルモンスターズＧＸ","romaji":"Yu☆Gi☆Oh! Duel Monsters GX","userPreferred":"Yu☆Gi☆Oh! Duel Monsters GX"},"type":"ANIME"},{"id":3972,"title":{"english":"Yu-Gi-Oh! 5D's","native":"遊☆戯☆王5D's（ファイブディーズ）","romaji":"Yu☆Gi☆Oh! 5D's","userPreferred":"Yu☆Gi☆Oh! 5D's"},"type":"ANIME"},{"id":10015,"title":{"english":"Yu-Gi-Oh! Zexal","native":"遊☆戯☆王ZEXAL","romaji":"Yu☆Gi☆Oh! ZEXAL","userPreferred":"Yu☆Gi☆Oh! ZEXAL"},"type":"ANIME"},{"id":15489,"title":{"english":"Yu-Gi-Oh! ZEXAL II","native":"遊☆戯☆王ZEXALⅡ（セカンド）","romaji":"Yu☆Gi☆Oh! ZEXAL II","userPreferred":"Yu☆Gi☆Oh! ZEXAL II"},"type":"ANIME"},{"id":132344,"title":{"english":null,"native":"遊☆戯☆王SEVENS ルーク!爆裂覇道伝!!","romaji":"Yu☆Gi☆Oh! SEVENS: Luke! Bakuretsu Hadou-hen!!","userPreferred":"Yu☆Gi☆Oh! SEVENS: Luke! Bakuretsu Hadou-hen!!"},"type":"MANGA"},{"id":138184,"title":{"english":null,"native":"遊☆戯☆王ラッシュデュエルLP","romaji":"Yu☆Gi☆Oh! Rush Duel LP","userPreferred":"Yu☆Gi☆Oh! Rush Duel LP"},"type":"MANGA"},{"id":138185,"title":{"english":null,"native":"遊☆戯☆王SEVENS ボクの発明学園","romaji":"Yu☆Gi☆Oh! SEVENS: Boku no Hatsumei Gakuen","userPreferred":"Yu☆Gi☆Oh! SEVENS: Boku no Hatsumei Gakuen"},"type":"MANGA"},{"id":142842,"title":{"english":null,"native":"遊☆戯☆王ゴーラッシュ!!","romaji":"Yu☆Gi☆Oh! Go Rush!!","userPreferred":"Yu☆Gi☆Oh! Go Rush!!"},"type":"ANIME"}],"characters":[{"id":154888,"name":"Gakuto Sougetsu"},{"id":154887,"name":"Romin Kirishima"},{"id":154889,"name":"Tatsuhisa Kamijou"},{"id":154891,"name":"Yuuga Oudou"},{"id":162505,"name":"Kaizou"},{"id":162506,"name":"Riku Endo"},{"id":162504,"name":"Katsu Kobayakawa"},{"id":162510,"name":"Otis"},{"id":162509,"name":"President Goha"},{"id":197823,"name":"Nail Saionji"},{"id":197824,"name":"Roa Kirishima"},{"id":203499,"name":"Nanami Makuro"},{"id":204044,"name":"Haruka Kamijou"},{"id":204083,"name":"Jango Arisugawa"},{"id":216820,"name":"Asana Mutsuba"},{"id":216821,"name":"Galient Tazaki"},{"id":216822,"name":"Kayama Schwer"},{"id":216823,"name":"Hatorappu"},{"id":216824,"name":"Sorako Noodle"},{"id":250581,"name":"Atachi Mimi"},{"id":289657,"name":"Yoshio Atachi"},{"id":289658,"name":"Guruguru"},{"id":289659,"name":"Rinnosuke Nanahoshi"},{"id":289660,"name":"Ranze Nanahoshi"},{"id":289669,"name":"Caterpillio Zomyoji"}],"staff":[{"id":118423,"name":"Nobuhiro Kondou"},{"id":119105,"name":"Toshimitsu Takeuchi"},{"id":118426,"name":"Kazuko Tadano"},{"id":118425,"name":"Hiromi Matsushita"},{"id":156984,"name":"Kouji Yamamoto"},{"id":129201,"name":"Isamu Fukushima"},{"id":128899,"name":"Naoto Hashimoto"},{"id":128899,"name":"Naoto Hashimoto"},{"id":118425,"name":"Hiromi Matsushita"},{"id":118426,"name":"Kazuko Tadano"},{"id":104173,"name":"Jouji Yanase"},{"id":119534,"name":"Itsuki Imazaki"},{"id":135550,"name":"Yuusuke Saeki"},{"id":113723,"name":"Masahiro Hikokubo"},{"id":129856,"name":"Hatsue Nakayama"},{"id":142364,"name":"Tomomi Kakutani"},{"id":124174,"name":"Ayumu Hisao"},{"id":149009,"name":"Yuuki Morimoto"},{"id":118493,"name":"Kimiko Ueno"},{"id":119105,"name":"Toshimitsu Takeuchi"},{"id":151872,"name":"Shougo Koumoto"},{"id":151511,"name":"Yoshihisa Matsumoto"},{"id":97308,"name":"Hiroshi Yamaguchi"},{"id":118423,"name":"Nobuhiro Kondou"},{"id":106976,"name":"Bob Shirohata"}],"studios":[{"id":397,"name":"Bridge","isAnimationStudio":true},{"id":85,"name":"Konami","isAnimationStudio":false},{"id":16,"name":"TV Tokyo","isAnimationStudio":false}],"isFavourite":false,"isAdult":false,"isLocked":false,"nextAiringEpisode":null,"airingSchedule":[{"airingAt":1617489000,"timeUntilAiring":-88810888,"episode":42},{"airingAt":1618093800,"timeUntilAiring":-88206088,"episode":43},{"airingAt":1618698600,"timeUntilAiring":-87601288,"episode":44},{"airingAt":1619303400,"timeUntilAiring":-86996488,"episode":45},{"airingAt":1619908200,"timeUntilAiring":-86391688,"episode":46},{"airingAt":1620513000,"timeUntilAiring":-85786888,"episode":47},{"airingAt":1621117800,"timeUntilAiring":-85182088,"episode":48},{"airingAt":1621722600,"timeUntilAiring":-84577288,"episode":49},{"airingAt":1622327400,"timeUntilAiring":-83972488,"episode":50},{"airingAt":1622932200,"timeUntilAiring":-83367688,"episode":51},{"airingAt":1623537000,"timeUntilAiring":-82762888,"episode":52},{"airingAt":1624141800,"timeUntilAiring":-82158088,"episode":53},{"airingAt":1624746600,"timeUntilAiring":-81553288,"episode":54},{"airingAt":1625351400,"timeUntilAiring":-80948488,"episode":55},{"airingAt":1625956200,"timeUntilAiring":-80343688,"episode":56},{"airingAt":1626561000,"timeUntilAiring":-79738888,"episode":57},{"airingAt":1627165800,"timeUntilAiring":-79134088,"episode":58},{"airingAt":1627770600,"timeUntilAiring":-78529288,"episode":59},{"airingAt":1628375400,"timeUntilAiring":-77924488,"episode":60},{"airingAt":1628980200,"timeUntilAiring":-77319688,"episode":61},{"airingAt":1629585000,"timeUntilAiring":-76714888,"episode":62},{"airingAt":1630189800,"timeUntilAiring":-76110088,"episode":63},{"airingAt":1630794600,"timeUntilAiring":-75505288,"episode":64},{"airingAt":1631399400,"timeUntilAiring":-74900488,"episode":65},{"airingAt":1632004200,"timeUntilAiring":-74295688,"episode":66}],"trends":[{"date":1576854000,"trending":12,"popularity":0,"inProgress":null},{"date":1576940400,"trending":20,"popularity":0,"inProgress":null},{"date":1577026800,"trending":3,"popularity":33,"inProgress":1},{"date":1577113200,"trending":6,"popularity":36,"inProgress":1},{"date":1577199600,"trending":3,"popularity":41,"inProgress":1},{"date":1577372400,"trending":4,"popularity":49,"inProgress":1},{"date":1577458800,"trending":2,"popularity":54,"inProgress":1},{"date":1577545200,"trending":1,"popularity":59,"inProgress":1},{"date":1577631600,"trending":2,"popularity":64,"inProgress":1},{"date":1577718000,"trending":1,"popularity":68,"inProgress":1},{"date":1577890800,"trending":3,"popularity":73,"inProgress":1},{"date":1577977200,"trending":3,"popularity":77,"inProgress":1},{"date":1578063600,"trending":4,"popularity":84,"inProgress":1},{"date":1578150000,"trending":1,"popularity":90,"inProgress":1},{"date":1578236400,"trending":4,"popularity":95,"inProgress":1},{"date":1578322800,"trending":3,"popularity":100,"inProgress":1},{"date":1578409200,"trending":1,"popularity":104,"inProgress":1},{"date":1578495600,"trending":4,"popularity":110,"inProgress":2},{"date":1578582000,"trending":4,"popularity":119,"inProgress":2},{"date":1578668400,"trending":1,"popularity":127,"inProgress":2},{"date":1578754800,"trending":1,"popularity":129,"inProgress":2},{"date":1578927600,"trending":1,"popularity":133,"inProgress":2},{"date":1579100400,"trending":1,"popularity":137,"inProgress":2},{"date":1579186800,"trending":3,"popularity":140,"inProgress":2},{"date":1579273200,"trending":2,"popularity":145,"inProgress":2}],"externalLinks":["https://www.tv-tokyo.co.jp/anime/yugioh-sevens/","https://twitter.com/yugioh_anime","https://www.hulu.com/series/3e50e4eb-19f0-4266-9e8d-a8e24f5d844e"],"streamingEpisodes":[],"rankings":[{"rank":29,"type":"RATED","context":"highest rated","year":2020,"season":"SPRING"}],"mediaListEntry":null,"reviews":null,"siteUrl":"https://anilist.co/anime/114072","autoCreateForumThread":false,"modNotes":null,"stats":{"scoreDistribution":[{"score":10,"amount":90},{"score":20,"amount":47},{"score":30,"amount":73},{"score":40,"amount":98},{"score":50,"amount":123},{"score":60,"amount":164},{"score":70,"amount":168},{"score":80,"amount":99},{"score":90,"amount":75},{"score":100,"amount":52}],"statusDistribution":[{"status":"CURRENT","amount":824},{"status":"PLANNING","amount":1747},{"status":"COMPLETED","amount":709},{"status":"DROPPED","amount":773},{"status":"PAUSED","amount":387}]},"isRecommendationBlocked":false,"recommendations":[{"mediaRecommendation":{"id":10015,"title":{"romaji":"Yu☆Gi☆Oh! ZEXAL","english":"Yu-Gi-Oh! Zexal","native":"遊☆戯☆王ZEXAL","userPreferred":"Yu☆Gi☆Oh! ZEXAL"},"type":"ANIME"}},{"mediaRecommendation":{"id":482,"title":{"romaji":"Yu☆Gi☆Oh! Duel Monsters GX","english":"Yu-Gi-Oh! GX","native":"遊☆戯☆王デュエルモンスターズＧＸ","userPreferred":"Yu☆Gi☆Oh! Duel Monsters GX"},"type":"ANIME"}},{"mediaRecommendation":{"id":20552,"title":{"romaji":"Yu☆Gi☆Oh! ARC-V","english":"Yu-Gi-Oh! ARC-V","native":"遊☆戯☆王ARC-V（アーク・ファイブ）","userPreferred":"Yu☆Gi☆Oh! ARC-V"},"type":"ANIME"}},{"mediaRecommendation":{"id":481,"title":{"romaji":"Yu☆Gi☆Oh! Duel Monsters","english":"Yu-Gi-Oh!","native":"遊☆戯☆王　デュエルモンスターズ","userPreferred":"Yu☆Gi☆Oh! Duel Monsters"},"type":"ANIME"}},{"mediaRecommendation":{"id":112325,"title":{"romaji":"Shadowverse","english":"Shadowverse","native":"シャドウバース","userPreferred":"Shadowverse"},"type":"ANIME"}},{"mediaRecommendation":{"id":98231,"title":{"romaji":"Yu☆Gi☆Oh! VRAINS","english":"Yu-Gi-Oh! VRAINS","native":"遊☆戯☆王VRAINS","userPreferred":"Yu☆Gi☆Oh! VRAINS"},"type":"ANIME"}},{"mediaRecommendation":{"id":121962,"title":{"romaji":"Cardfight!! Vanguard: overDress","english":"Cardfight!! Vanguard overDress","native":"カードファイト!! ヴァンガード overDress","userPreferred":"Cardfight!! Vanguard: overDress"},"type":"ANIME"}},{"mediaRecommendation":{"id":98378,"title":{"romaji":"Duel Masters (2017)","english":null,"native":"デュエル・マスターズ(2017)","userPreferred":"Duel Masters (2017)"},"type":"ANIME"}},{"mediaRecommendation":{"id":5082,"title":{"romaji":"Battle Spirits: Shounen Toppa Bashin","english":null,"native":"バトルスピリッツ 少年突破バシン","userPreferred":"Battle Spirits: Shounen Toppa Bashin"},"type":"ANIME"}},{"mediaRecommendation":{"id":142842,"title":{"romaji":"Yu☆Gi☆Oh! Go Rush!!","english":null,"native":"遊☆戯☆王ゴーラッシュ!!","userPreferred":"Yu☆Gi☆Oh! Go Rush!!"},"type":"ANIME"}},{"mediaRecommendation":{"id":97634,"title":{"romaji":"Pocket Monsters Sun & Moon","english":"Pokémon the Series: Sun & Moon","native":"ポケットモンスター サン＆ムーン","userPreferred":"Pocket Monsters Sun & Moon"},"type":"ANIME"}},{"mediaRecommendation":{"id":19157,"title":{"romaji":"Youkai Watch","english":"Yo-kai Watch","native":"妖怪ウォッチ","userPreferred":"Youkai Watch"},"type":"ANIME"}},{"mediaRecommendation":{"id":11017,"title":{"romaji":"Battle Spirits: Heroes","english":null,"native":"バトルスピリッツ 覇王（ヒーローズ）","userPreferred":"Battle Spirits: Heroes"},"type":"ANIME"}},{"mediaRecommendation":{"id":17291,"title":{"romaji":"Jinzou Konchuu Kabutoborg VxV","english":null,"native":"人造昆虫カブトボーグ V×V","userPreferred":"Jinzou Konchuu Kabutoborg VxV"},"type":"ANIME"}},{"mediaRecommendation":{"id":10524,"title":{"romaji":"Duel Masters Victory","english":null,"native":"デュエル・マスターズ ビクトリー","userPreferred":"Duel Masters Victory"},"type":"ANIME"}},{"mediaRecommendation":{"id":153412,"title":{"romaji":"Duel Masters WIN","english":null,"native":"デュエル・マスターズWIN","userPreferred":"Duel Masters WIN"},"type":"ANIME"}}]}