{"id":114124,"idMal":40911,"title":{"romaji":"Yuukoku no Moriarty","english":"Moriarty the Patriot","native":"憂国のモリアーティ","userPreferred":"Yuukoku no Moriarty"},"format":"TV","status":"FINISHED","episodes":11,"description":"In the late 19th century, the British Empire nobility reigns while its working class suffers at their hands. Sympathetic to their plight, William James Moriarty wants to topple it all. Frustrated by the systemic inequity, Moriarty strategizes to fix the entire nation. Not even consulting detective Sherlock Holmes can stand in his way. It's time for crime to revolutionize the world!<br>\n<br>\n(Source: Funimation)<br>\n<br>\n<i>Note: The first episode received an early screening on September 21st, 2020. The regular TV broadcast started on October 11th, 2020.</i>","startDate":{"year":2020,"month":10,"day":11},"endDate":{"year":2020,"month":12,"day":20},"season":"FALL","seasonYear":2020,"duration":24,"countryOfOrigin":"JP","isLicensed":true,"source":"MANGA","hashtag":"#モリアニ","trailer":"https://www.youtube.com/watch?v=GSIs-fXJ1Zk","updatedAt":1706296451,"coverImage":{"large":"https://s4.anilist.co/file/anilistcdn/media/anime/cover/large/bx114124-def92qPuIVeK.jpg","medium":"https://s4.anilist.co/file/anilistcdn/media/anime/cover/medium/bx114124-def92qPuIVeK.jpg","small":"https://s4.anilist.co/file/anilistcdn/media/anime/cover/small/bx114124-def92qPuIVeK.jpg","color":"#f14328"},"bannerImage":"https://s4.anilist.co/file/anilistcdn/media/anime/banner/114124-44utnIatIX16.jpg","genres":["Mystery","Psychological"],"synonyms":["มอริอาร์ตี้ผู้รักชาติ"],"averageScore":80,"meanScore":80,"favourites":4334,"popularity":110363,"trending":2,"tags":[{"id":104,"name":"Anti-Hero","isMediaSpoiler":false},{"id":648,"name":"Crime","isMediaSpoiler":false},{"id":198,"name":"Foreign","isMediaSpoiler":false},{"id":82,"name":"Male Protagonist","isMediaSpoiler":false},{"id":694,"name":"Detective","isMediaSpoiler":false},{"id":456,"name":"Conspiracy","isMediaSpoiler":true},{"id":88,"name":"Primarily Male Cast","isMediaSpoiler":false},{"id":252,"name":"Revenge","isMediaSpoiler":false},{"id":25,"name":"Historical","isMediaSpoiler":false},{"id":109,"name":"Primarily Adult Cast","isMediaSpoiler":false},{"id":305,"name":"Ships","isMediaSpoiler":false},{"id":107,"name":"Mafia","isMediaSpoiler":false},{"id":85,"name":"Tragedy","isMediaSpoiler":true},{"id":193,"name":"Episodic","isMediaSpoiler":false},{"id":157,"name":"Guns","isMediaSpoiler":true},{"id":103,"name":"Politics","isMediaSpoiler":false},{"id":94,"name":"Gore","isMediaSpoiler":true},{"id":56,"name":"Shounen","isMediaSpoiler":false}],"relations":[{"id":98544,"title":{"english":"Moriarty the Patriot","native":"憂国のモリアーティ","romaji":"Yuukoku no Moriarty","userPreferred":"Yuukoku no Moriarty"},"type":"MANGA"},{"id":124858,"title":{"english":"Moriarty the Patriot Part 2","native":"憂国のモリアーティ2クール","romaji":"Yuukoku no Moriarty Part 2","userPreferred":"Yuukoku no Moriarty Part 2"},"type":"ANIME"}],"characters":[{"id":151488,"name":"Louis Moriarty"},{"id":151486,"name":"William Moriarty"},{"id":151495,"name":"Sherlock Holmes"},{"id":151489,"name":"Albert Moriarty"},{"id":151492,"name":"Mycroft Holmes"},{"id":151490,"name":"Sebastian Moran"},{"id":151491,"name":"Fred Porlock"},{"id":151487,"name":"Hudson"},{"id":151496,"name":"John H. Watson"},{"id":36309,"name":"Narrator"},{"id":191735,"name":"El"},{"id":195949,"name":"Burton"},{"id":195950,"name":"Richard"},{"id":195951,"name":"Argleton"},{"id":195952,"name":"Belfor Shishaku"},{"id":195953,"name":"Eden"},{"id":195954,"name":"Michelle"},{"id":195955,"name":"Moriarty Hakushaku"},{"id":195956,"name":"Moriarty Fuujin"},{"id":195957,"name":"William Moriarty"},{"id":195958,"name":"Roddy"},{"id":195959,"name":"Simon"},{"id":195960,"name":"Blitz Enders"},{"id":195961,"name":"Thomas Michaelson"},{"id":196060,"name":"Jefferson Hope"}],"staff":[{"id":107823,"name":"Ryousuke Takeuchi"},{"id":114551,"name":"Hikaru Miyoshi"},{"id":113003,"name":"Kazuya Nomura"},{"id":123139,"name":"Tooru Ookubo"},{"id":123139,"name":"Tooru Ookubo"},{"id":118584,"name":"Asami Tachibana"},{"id":120066,"name":"Shouji Hata"},{"id":120014,"name":"Yoshio Tanioka"},{"id":97004,"name":"Gou Zappa"},{"id":153126,"name":"Chiaki Kumakura"},{"id":142484,"name":"Kouji Tanaka"},{"id":138562,"name":"Junichi Uematsu"},{"id":155270,"name":"Sayoko Noda"},{"id":176934,"name":"Fumika Takahashi"},{"id":118710,"name":"Stereo Dive Foundation"},{"id":107018,"name":"Tasuku Hatanaka"},{"id":97004,"name":"Gou Zappa"},{"id":125367,"name":"Toshiki Amada"},{"id":118449,"name":"Iho Narita"},{"id":101885,"name":"Akira Takada"},{"id":103337,"name":"Jouji Sawada"},{"id":142486,"name":"Shinobu Tsuneki"},{"id":157567,"name":"Mai Kawashima"},{"id":148300,"name":"Toshihiro Maeda"},{"id":167139,"name":"Ayako Ooyama"}],"studios":[{"id":10,"name":"Production I.G","isAnimationStudio":true},{"id":6331,"name":"Bandai Namco Arts","isAnimationStudio":false},{"id":6570,"name":"Shueisha","isAnimationStudio":false},{"id":6604,"name":"BANDAI SPIRITS","isAnimationStudio":false},{"id":6763,"name":"Yomiuri TV Enterprise","isAnimationStudio":false},{"id":143,"name":"Mainichi Broadcasting System","isAnimationStudio":false}],"isFavourite":false,"isAdult":false,"isLocked":false,"nextAiringEpisode":null,"airingSchedule":[{"airingAt":1602423000,"timeUntilAiring":-103877066,"episode":1},{"airingAt":1603027800,"timeUntilAiring":-103272266,"episode":2},{"airingAt":1603632600,"timeUntilAiring":-102667466,"episode":3},{"airingAt":1604237400,"timeUntilAiring":-102062666,"episode":4},{"airingAt":1604842200,"timeUntilAiring":-101457866,"episode":5},{"airingAt":1605447000,"timeUntilAiring":-100853066,"episode":6},{"airingAt":1606051800,"timeUntilAiring":-100248266,"episode":7},{"airingAt":1606656600,"timeUntilAiring":-99643466,"episode":8},{"airingAt":1607261400,"timeUntilAiring":-99038666,"episode":9},{"airingAt":1607866200,"timeUntilAiring":-98433866,"episode":10},{"airingAt":1608471000,"timeUntilAiring":-97829066,"episode":11}],"trends":[{"date":1576940400,"trending":30,"popularity":0,"inProgress":null},{"date":1577026800,"trending":49,"popularity":0,"inProgress":null},{"date":1577113200,"trending":17,"popularity":78,"inProgress":null},{"date":1577199600,"trending":7,"popularity":78,"inProgress":null},{"date":1577286000,"trending":11,"popularity":100,"inProgress":null},{"date":1577372400,"trending":6,"popularity":112,"inProgress":null},{"date":1577458800,"trending":3,"popularity":119,"inProgress":null},{"date":1577545200,"trending":8,"popularity":119,"inProgress":null},{"date":1577631600,"trending":5,"popularity":134,"inProgress":null},{"date":1577718000,"trending":2,"popularity":139,"inProgress":null},{"date":1577804400,"trending":4,"popularity":142,"inProgress":1},{"date":1577890800,"trending":4,"popularity":144,"inProgress":1},{"date":1577977200,"trending":1,"popularity":148,"inProgress":1},{"date":1578063600,"trending":3,"popularity":150,"inProgress":1},{"date":1578150000,"trending":5,"popularity":156,"inProgress":1},{"date":1578236400,"trending":3,"popularity":161,"inProgress":1},{"date":1578322800,"trending":1,"popularity":166,"inProgress":1},{"date":1578409200,"trending":1,"popularity":169,"inProgress":1},{"date":1578495600,"trending":4,"popularity":169,"inProgress":1},{"date":1578582000,"trending":3,"popularity":176,"inProgress":1},{"date":1578754800,"trending":1,"popularity":178,"inProgress":2},{"date":1578841200,"trending":3,"popularity":178,"inProgress":2},{"date":1579100400,"trending":4,"popularity":185,"inProgress":2},{"date":1579186800,"trending":1,"popularity":190,"inProgress":2},{"date":1579359600,"trending":1,"popularity":191,"inProgress":2}],"externalLinks":["https://moriarty-anime.com/","https://twitter.com/moriarty_anime","https://www.funimation.com/shows/moriarty-the-patriot/","https://www.youtube.com/playlist?list=PLwLSw1_eDZl23lU3K_aB0k1aPJ93_jdnt","https://www.netflix.com/title/81335206","https://www.crunchyroll.com/moriarty-the-patriot","https://www.bilibili.tv/en/media/34643"],"streamingEpisodes":[{"title":"Episode 1 - The Earl's Crime","thumbnail":"https://img1.ak.crunchyroll.com/i/spire4-tmb/1e9e03bd1af2d976441d9071c357195c1645514849_full.jpg","url":"http://www.crunchyroll.com/moriarty-the-patriot/episode-1-the-earls-crime-835117","site":"Crunchyroll"},{"title":"Episode 2 - The Scarlet Eyes Act 1","thumbnail":"https://img1.ak.crunchyroll.com/i/spire2-tmb/37dfc2e2351d1c8d710715a335b5d9ad1645514959_full.jpg","url":"http://www.crunchyroll.com/moriarty-the-patriot/episode-2-the-scarlet-eyes-act-1-835121","site":"Crunchyroll"},{"title":"Episode 3 - The Scarlet Eyes Act 2","thumbnail":"https://img1.ak.crunchyroll.com/i/spire2-tmb/ee81588959755d3316671eebf92f895f1645515008_full.jpg","url":"http://www.crunchyroll.com/moriarty-the-patriot/episode-3-the-scarlet-eyes-act-2-835125","site":"Crunchyroll"},{"title":"Episode 4 - A Rare Breed","thumbnail":"https://img1.ak.crunchyroll.com/i/spire4-tmb/65547e36ece87fe2ff0271c62772b3fa1645515186_full.jpg","url":"http://www.crunchyroll.com/moriarty-the-patriot/episode-4-a-rare-breed-835129","site":"Crunchyroll"},{"title":"Episode 5 - The Dancers on the Bridge","thumbnail":"https://img1.ak.crunchyroll.com/i/spire3-tmb/71d5d4ec787f1ae7ce86b35dec75baf41645515317_full.jpg","url":"http://www.crunchyroll.com/moriarty-the-patriot/episode-5-the-dancers-on-the-bridge-835133","site":"Crunchyroll"},{"title":"Episode 6 - The \"Noahtic\" Act 1","thumbnail":"https://img1.ak.crunchyroll.com/i/spire2-tmb/e34635cce39010fcfc8142bbdbb81cb51645515426_full.jpg","url":"http://www.crunchyroll.com/moriarty-the-patriot/episode-6-the-noahtic-act-1-835136","site":"Crunchyroll"},{"title":"Episode 7 - The \"Noahtic\" Act 2","thumbnail":"https://img1.ak.crunchyroll.com/i/spire1-tmb/c7fcb49bc8cc88d9d2f604213d70e8a31645515436_full.jpg","url":"http://www.crunchyroll.com/moriarty-the-patriot/episode-7-the-noahtic-act-2-835138","site":"Crunchyroll"},{"title":"Episode 8 - A Study in \"S\" Act 1","thumbnail":"https://img1.ak.crunchyroll.com/i/spire3-tmb/5ca5a9de444f2de18b83575b0b5d5ade1645515577_full.jpg","url":"http://www.crunchyroll.com/moriarty-the-patriot/episode-8-a-study-in-s-act-1-835143","site":"Crunchyroll"},{"title":"Episode 9 - A Study in \"S\" Act 2","thumbnail":"https://img1.ak.crunchyroll.com/i/spire3-tmb/19b81b861f56602e58810c17a9b97ae01645515667_full.jpg","url":"http://www.crunchyroll.com/moriarty-the-patriot/episode-9-a-study-in-s-act-2-835149","site":"Crunchyroll"},{"title":"Episode 10 - The Two Detectives Act 1","thumbnail":"https://img1.ak.crunchyroll.com/i/spire1-tmb/d8272ad239983c649b88091cb5cd2df71645515787_full.jpg","url":"http://www.crunchyroll.com/moriarty-the-patriot/episode-10-the-two-detectives-act-1-835154","site":"Crunchyroll"},{"title":"Episode 11 - The Two Detectives Act 2","thumbnail":"https://img1.ak.crunchyroll.com/i/spire2-tmb/972812046f8056b0cc04df9461a4b86b1645515968_full.jpg","url":"http://www.crunchyroll.com/moriarty-the-patriot/episode-11-the-two-detectives-act-2-835159","site":"Crunchyroll"},{"title":"Episode 12 - A Scandal in the British Empire Act 1","thumbnail":"https://img1.ak.crunchyroll.com/i/spire3-tmb/7c3616d438851775886e378403c2457f1645522525_full.jpg","url":"http://www.crunchyroll.com/moriarty-the-patriot/episode-12-a-scandal-in-the-british-empire-act-1-835438","site":"Crunchyroll"},{"title":"Episode 13 - A Scandal in the British Empire Act 2","thumbnail":"https://img1.ak.crunchyroll.com/i/spire3-tmb/5ae11c9da4d6f224b10285c253e51a361645522685_full.jpg","url":"http://www.crunchyroll.com/moriarty-the-patriot/episode-13-a-scandal-in-the-british-empire-act-2-835442","site":"Crunchyroll"},{"title":"Episode 14 - A Scandal in the British Empire Act 3","thumbnail":"https://img1.ak.crunchyroll.com/i/spire4-tmb/4cc8f7b4bd1ffeb299516e2d9bf7d2511645522837_full.jpg","url":"http://www.crunchyroll.com/moriarty-the-patriot/episode-14-a-scandal-in-the-british-empire-act-3-835444","site":"Crunchyroll"},{"title":"Episode 15 - The Phantom of Whitechapel Act 1","thumbnail":"https://img1.ak.crunchyroll.com/i/spire4-tmb/c82262ccc0c18e1a38dff11e438a16061645522999_full.jpg","url":"http://www.crunchyroll.com/moriarty-the-patriot/episode-15-the-phantom-of-whitechapel-act-1-835448","site":"Crunchyroll"},{"title":"Episode 16 - The Phantom of Whitechapel Act 2","thumbnail":"https://img1.ak.crunchyroll.com/i/spire1-tmb/3f695efcf5f235012c390c79bc061ed11645523237_full.jpg","url":"http://www.crunchyroll.com/moriarty-the-patriot/episode-16-the-phantom-of-whitechapel-act-2-835451","site":"Crunchyroll"},{"title":"Episode 17 - The Riot in New Scotland Yard","thumbnail":"https://img1.ak.crunchyroll.com/i/spire1-tmb/d8d1f39ece9b56142c24f307233506201645523285_full.jpg","url":"http://www.crunchyroll.com/moriarty-the-patriot/episode-17-the-riot-in-new-scotland-yard-835454","site":"Crunchyroll"},{"title":"Episode 18 - The Merchant of London","thumbnail":"https://img1.ak.crunchyroll.com/i/spire4-tmb/b54b66d531b279fdb2eb6d4c7af354411645523539_full.jpg","url":"http://www.crunchyroll.com/moriarty-the-patriot/episode-18-the-merchant-of-london-835458","site":"Crunchyroll"},{"title":"Episode 19 - The White Knight of London Act 1","thumbnail":"https://img1.ak.crunchyroll.com/i/spire2-tmb/19500a5ef655d105c141c4b3cff734ec1645523767_full.jpg","url":"http://www.crunchyroll.com/moriarty-the-patriot/episode-19-the-white-knight-of-london-act-1-835461","site":"Crunchyroll"},{"title":"Episode 20 - The White Knight of London Act 2","thumbnail":"https://img1.ak.crunchyroll.com/i/spire3-tmb/a3b56fa7c1f80ce937de31b641051ee11645523886_full.jpg","url":"http://www.crunchyroll.com/moriarty-the-patriot/episode-20-the-white-knight-of-london-act-2-835464","site":"Crunchyroll"},{"title":"Episode 21 - The Sign of Mary","thumbnail":"https://img1.ak.crunchyroll.com/i/spire1-tmb/478e135c44e3da6739741ce4a14d9a0c1645524085_full.jpg","url":"http://www.crunchyroll.com/moriarty-the-patriot/episode-21-the-sign-of-mary-835467","site":"Crunchyroll"},{"title":"Episode 22 - The Two Criminals","thumbnail":"https://img1.ak.crunchyroll.com/i/spire2-tmb/ba7f820ee971436ed06aa27c946495961645524270_full.jpg","url":"http://www.crunchyroll.com/moriarty-the-patriot/episode-22-the-two-criminals-835470","site":"Crunchyroll"},{"title":"Episode 23 - The Final Problem Act 1","thumbnail":"https://img1.ak.crunchyroll.com/i/spire4-tmb/5ca6582b69bb588971faa02da98186371645524434_full.jpg","url":"http://www.crunchyroll.com/moriarty-the-patriot/episode-23-the-final-problem-act-1-835473","site":"Crunchyroll"},{"title":"Episode 24 - The Final Problem Act 2","thumbnail":"https://img1.ak.crunchyroll.com/i/spire1-tmb/f7b28b8059b6a08e82a11c146874e36f1645524560_full.jpg","url":"http://www.crunchyroll.com/moriarty-the-patriot/episode-24-the-final-problem-act-2-835476","site":"Crunchyroll"},{"title":"Reminiscence of Lilies","thumbnail":"https://img1.ak.crunchyroll.com/i/spire3-tmb/aa4961b15e254b7ef7f2e4fa4a44c6301675976528_full.jpg","url":"http://www.crunchyroll.com/moriarty-the-patriot/moriarty-the-patriot-reminiscence-of-lilies-890617","site":"Crunchyroll"},{"title":"Unknown","thumbnail":"https://img1.ak.crunchyroll.com/i/spire1-tmb/b13332121a74f55a67338c4f6a37b6231675976716_full.jpg","url":"http://www.crunchyroll.com/moriarty-the-patriot/moriarty-the-patriot-unknown-890618","site":"Crunchyroll"}],"rankings":[{"rank":224,"type":"RATED","context":"highest rated all time","year":null,"season":null},{"rank":344,"type":"POPULAR","context":"most popular all time","year":null,"season":null},{"rank":12,"type":"RATED","context":"highest rated","year":2020,"season":null},{"rank":25,"type":"POPULAR","context":"most popular","year":2020,"season":null},{"rank":4,"type":"RATED","context":"highest rated","year":2020,"season":"FALL"},{"rank":6,"type":"POPULAR","context":"most popular","year":2020,"season":"FALL"}],"mediaListEntry":{"id":191307814,"status":"COMPLETED"},"reviews":[{"id":8789,"score":80,"summary":"A solid series that acts as a great complement to the Holmes franchise and also as a standalone show.","body":"~~~__{From the perspective of someone who has never read the Holmes’ series}__\n~~~\n~~~_“Catch me if you can Mr. Holmes” - William James Moriarty_~~~\n\nUnless you’ve been asleep during English class ~~as I have~~ or just have been living under a rock again, ~~as I have~~, you’ve definitely heard of Sherlock Holmes. But in case you actually don’t know who or what Sherlock Holmes is, “The Adventures of Sherlock Holmes” is a collection of twelve short stories by Arthur Conan Doyle published in 1892 featuring the consulting detective Sherlock Holmes trying to correct social injustices by offering a new, fairer sense of justice, all written in the first-person narrative by Holmes’ counterpart Dr. Watson. These stories were very well received and are known today as the staple of great detective fiction.\n\nSo what’s this anime series’ relation to the original Boyle's Sherlock Holmes?\n\n_Yuukoku no Moriarty_, or its English counterpart name _Moriarty the Patriot_, is nothing short of a love poem to the original Sherlock Holmes series. But instead of taking an approach we see in other Holmes-related media by adapting different stories from the original books or making non-canon stories around Holmes, it takes an original take on the Holmes franchise by adapting an already pre-existing story by making the villain, more specifically, William James Moriarty, the protagonist of the story.\n\nProfessor William James Moriarty is a criminal mastermind behind many of the evil that happens in London. Unlike many other Sherlock Holmes villains, he goes undetected because he is never in direct contact with any of his accomplices. Holmes even acknowledges Moriarty as his equal, and to quote Holmes in the novels, “he is a genius, a philosopher, an abstract thinker. He has a brain of the first order. He sits motionless, like a spider in the center of its web, but that web has a thousand radiations, and he knows well every quiver of each of them.”\n\nEven though Conan Doyle, the author of the original Sherlock Holmes series, managed to create such a potentially great and compelling villain to the franchise, Moriarty was left underutilized and only appeared in two chapters of the canon. But even in those two chapters, Moriarty made his mark on the Holmes franchise by proving himself to be the most dangerous criminal Holmes has ever encountered for his intelligence and cunning nature that was rivaled by only Holmes himself.\n\nUnder these circumstances, what does any avid Sherlock Holmes fan do with some writing and drawing talent? This anime series is the perfect answer to that question.\n\nThe series starts by introducing us to corrupt London, where the rich stay on top while the poor get gutted and exploited by those same rich people, and our antihero protagonist William. We begin to see William’s cunning wit when he acts as a consultant to the poor and rich, even as a child. His soon-to-be brother, Albert James Moriarty, notices him and chooses for William to be his new adoptive brother after his father asked him to choose an adopted child to gain a better reputation within the first-class (you see where this is going?)\n\nAnd because of this class divide, William gets mistreated by his new “family” members, but eventually gets his revenge by enlisting the help of, and essentially manipulating, the remaining Moriarty brothers to burn their house for the exploitation and mistreatment of the lower classes.\n\nEven though William did a terrible deed by murdering his adoptive family in cold blood, was his motivations wrong? That’s the question that’s brought up multiple times through the anime as he continues fighting for justice for the lower class soon, the main driving force for the climax of the two-cour series.\n\nAlthough I do not want to address anything more because this anime is truly spectacular and new watchers should go in without much of what goes on, Production I.G does a near-flawless job of both being a perfect complement to the original tale and a great stand-alone series by outlying and highlighting James Moriarty’s origins, motivations, and builds up perfectly to the climax of the story we will get in the second season: the clash between the wits of Sherlock Holmes and James Moriarty. The production value also heightens the tension with the great action animation and moving shots along with unforgettable facial expressions; the theme colors of the backgrounds and characters blend in the dark red colors of cunning evil and the dark green glum of London, setting the story's tone perfectly.\n\nAnd as someone who has never experienced the Holmes series himself minus a few movies, I can confidently say this is all I've ever wanted from a series like this. I will be eagerly waiting for its continuation in the spring, hungry for more."},{"id":8885,"score":80,"summary":"‘My horror at his crimes was lost in my admiration at his skill.’","body":"These Japanese do love Western detective fiction and, of course, no one would dare to skip the masterpiece of Sir Arthur Ignatius Conan Doyle in particular. This is understandable, because Holmes is one of the most popular detective characters in the whole world. After all, there are far too many movie adaptations around the whole world. Unfortunately, many people seem to miss another genius that you can analyze over and over again and find something new about him, someone who is not less charismatic and talented than Holmes himself. Someone who could have been even more of a genius than Holmes, had he not been a villain. Of course, I mean Professor James Moriarty, the ‘Napoleon of the crime world’, a professor of mathematics and the person who gained recognition of Sherlock Holmes.\n\nFor some reason, this particular character is often forgotten. And this is something Japanese mangaka decided to fix in 2016 and make a story about the youngest professor of Durham University (Sherlock Holmes: The Unauthorized Biography), a brilliant mathematician and a criminal, William James Moriarty. No, this is not a mistake. Rather, Conan Doyle himself was mistaken, (and, most likely, he simply did not think of it) when he gave the two Moriarty brothers the same name.\n\n‘Watson does, however, refer to the name of another family member when he writes of ‘the recent letters in which Colonel James Moriarty defends the memory of his brother’. In ‘The Adventure of the Empty House’ (1903), Holmes refers to Moriarty on one occasion as ‘Professor James Moriarty’. This is the only time Moriarty is given a first name, and oddly, it is the same as that of his purported brother. In the 1914 novel The Valley of Fear (written after the preceding two stories, but set earlier), Holmes says of Professor Moriarty: ‘He is unmarried. His younger brother is a station master in the west of England.’ In Sherlock Holmes: A Drama in Four Acts, an 1899 stage play of which Doyle was a co-author, he is named Professor Robert Moriarty.’\n\nWhat is the point of quoting the book, if we are talking about the anime adaptation? But the anime was created only thanks to the masterpiece of Sir Arthur Ignatius Conan Doyle, which means that facts like the name of the main character should be taken into account. So what do we have? Three Moriarty brothers, who are united by one name - James. How can you tell them apart? Make ‘James’ a middle name. This is how Albert James Moriarty, William James Moriarty and younger brother - Lewis James Moriarty appear.\n\nStory\n‘The end of the century before last, the British Empire rules the world, and the class system is the heart of this system. And then suddenly James Moriarty appears - a young man who wants to destroy the evil arising from class discrimination and create an ideal country, where there will be no place for oppression and your social status will be nothing, an empty sound.’ Moriarty the Patriot offers a new look at the world of Conan Doyle (the story is made in such a way that ‘A Study in Scarlet’ and ‘A Scandal in Bohemia’ are only small parts of Moriarty's big plan), and the unsightly side of the aristocracy that treats ordinary people like cattle or wild animals, which is why, while watching the anime, you can involuntarily begin to agree with the protagonist’s worldview, who does not even deny that he is ‘evil’. However, is evil done in the name of good truly evil? If this is evil, then who decided it? Maybe this was decided by the evil itself, which must be destroyed. Those who have read Conan Doyle will encounter many familiar names in the anime. Sherlock Holmes and John Watson, Colonel Sebastian Moran, Fred Porlock, etc… and the best girl, Mrs. Hudson.\n\nOverall\nI am disappointed. But I do not want to share my criticism(salt) with you and I think that the mangaka and the people responsible for the anime adaptation could have made a much better research; there are far too many flaws that are beyond obvious. But I forgive you, Japan. Though, you could have followed Yukimura Makoto example and made a better research. Anyways, this was, indeed, a very unusual watch and I would highly recommend to each and every anime fan to give it a try. No question about it, there are flaws, but there is something enjoyable about this anime adaptation."},{"id":8887,"score":80,"summary":"A solid and enjoyable watch","body":"Moriarty the patriot is my one of my favorites from this season. I’ve never really gotten into Sherlock content and the ones I had are limited to a cartoon I watched when I was younger and a live action series. But this was a solid and enjoyable watch, nonetheless.\n~~~img400(https://womenwriteaboutcomics.com/wp-content/uploads/2020/10/Yuukoku.no_.Moriarty.600.2950324.jpg)~~~\n__Story__ \n\nMoriarty the patriot is in Moriarty’s POV who plans to abolish the unfair class system between nobility and the lower class. While this first cour may be short it’s solid and demonstrates how the class system has thrown people of lower class into despair. Like a boy who fell in love with a girl of lower class than himself and as result she was killed or a Noble who ignored and let die the son of his gardener who was ill. The Scotland yard or any other official for the most part overlooks this because of their status and while Moriarty methods are out of the law manages to give these people justice. There are some episodes that feel very episodic but were still a nice watch.\n\n__Characters__\n\nWe’ve seen a handful of scenes from the main cast. They introduce who these characters are and what they’ll bring to the show. We have moriarty who has shown time and again his powerful intellect and resolve to cast out the noble devils. His backstory being one of the most powerful moments in the show. Not just for character development purposes but to show the strong bond between him and his brothers. His intelligence who can only be rivaled by Sherlock Holmes who in this version is quirky as he is smart and to moriarty the man who will help bring the corrupt nobility to light. We also have Moriarty’s reliable group of his brothers Louis and Albert, Sebastian Moran, and Fred Porlock. And sherlock’s colorful bunch of friends John H Watson, Ms. Hudson, and Inspector Lestrade. Hopefully in the second part we seem more moments and dynamics between the characters.  \n~~~img400(https://lostinanime.com/wp-content/uploads/2020/11/Yuukoku-no-Moriarty-06-26.jpg)~~~\n\n__Art/Animation__\n\nThe animation is one of the best parts of the anime in my opinion. The character and setting designs fit well together and are really great. Sometimes it gives me black butler vibes. The animation is especially  great when Moriarty puts his plans in motion. The colors in scenes sometimes change into different shades of red or like in ep 4 a black and white pallet to set the mood.\n~~~img400(https://lostinanime.com/wp-content/uploads/2020/11/Yuukoku-no-Moriarty-04-29.jpg)~~~\n\n__Music\n__\nI won’t lie and say that music is something I heavily pay attention to. Unless it’s prominent. But the opening is my favorite from this season. It’s really good and gets me ready for the episode. The ending is great as well.\n\n__Enjoyment__\n\nThis is probably my favorite from this season. I don’t openly look for the mystery or thriller genre. But I’m really happy when I find one I like. Just seeing what job the Moriarty crew would take on next was exciting, and if Sherlock appears in the episode even better. It even prompted me to read the skipped chapters in the manga. I’m not sure how the second cour is going to go but I’m pretty confident I’ll like it as well\n\n__Overall__\n\nA solid introduction to the world of Moriarty the patriot that sets up the sort of world and characters that will be covered in the story. Filled with beautiful animation and music. Although due to my very little knowledge about Sherlock related stuff or the time period I can’t really tell if any of the stuff happening is accurate to the time period or doing justice to the original works. Despite that I would happily recommend this to any anime fan interested.\n~~~img400(https://lostinanime.com/wp-content/uploads/2020/10/Yuukoku-no-Moriarty-02-46.jpg)~~~"},{"id":8927,"score":85,"summary":"behind red eyes: how yuukoku no moriarty tells the story of the lord of crime","body":"<img src=\"https://i.ibb.co/9NGwzLq/mtp-test.png](https://i.ibb.co/9NGwzLq/mtp-test.png)\" alt=\"mtp-test\" border=\"0\">\n<img src=\"https://i.ibb.co/pXrW0gM/summary.png](https://i.ibb.co/pXrW0gM/summary.png)\" alt=\"summary\" border=\"0\"> *In the late 19th century, the British Empire nobility reigns while its working-class suffers at their hands. Sympathetic to their plight, William James Moriarty wants to topple it all. Frustrated by the systemic inequity, Moriarty strategizes to fix the entire nation. Not even consulting detective Sherlock Holmes can stand in his way. It's time for crime to revolutionize the world!*\n\n**Warning: This review is NOT completely spoiler-free!**\n\n<img src=\"https://i.ibb.co/vzBgV12/story-and-characters.png](https://i.ibb.co/vzBgV12/story-and-characters.png)\" alt=\"story-and-characters\" border=\"0\">\nThere are only two Sherlock adaptions I've seen before Yuukoku no Moriarty - BBC's Sherlock and Warner Bros. Sherlock Holmes starring Robert Downey Jr. With that being said, it was quite refreshing to see how the focus of this show was implied on Moriarty and his past for the first episodes. I found myself empathizing with the Moriarty trio, although I knew what they were doing wasn't necessarily the \"right\" thing to do (but what is right or wrong anyway).\n\nAs time passes, we get to see how much potential (and..power?) this trio actually holds. We get to follow their thoughts as they plan their \"perfect crimes\"; their steps towards what they presume to be a  \"better future\". I personally found it very interesting to watch their very well thought-through plans come to life.\n\nAll in all I really enjoyed the main cast and the stories told around them. There's still a lot to unpack when it comes to characters with less screentime (such as Albert Moriarty), but I have a lot of hope for this to be part of the second season.\n\nAs expected, the relationship between Sherlock and Moriarty plays a crucial part in this series as well. It's very interesting (I'm probably overusing this word, my apologies xD) to watch their dynamic; to see how they both realize they found their counterpart; someone on their eye level. The picture below, a screenshot from the opening, captures this perfectly. They might have different ways and use different methods, but in the end, they are equal. <p align=\"right\">**Score: 8.5/10**</p>\n\n<img src=\"https://i.ibb.co/WKPKQ2x/catch-me-if-you-can.png](https://i.ibb.co/WKPKQ2x/catch-me-if-you-can.png)\" alt=\"catch-me-if-you-can\" border=\"0\">\n\n<img src=\"https://i.ibb.co/HYNHnnV/animation-and-vosuals.png](https://i.ibb.co/HYNHnnV/animation-and-vosuals.png)\" alt=\"animation-and-vosuals\" border=\"0\">\nThere is one thing I've been wanting to talk about ever since I started noticing it. The **colors**, especially **red, blue, yellow, and green** (all primary colors) seem to be of importance in the visual story Yuukoku no Moriarty is trying to tell. Although I haven't completely cracked the code yet; here are a few things I noticed.\n\n(I might be reading way too much into this, but I still had fun coming up with theories :D)\n\n- Majority of the main cast is representing one of the colors stated above. Based on their outfits and/or characteristics such as eye color, William Moriarty is associated with red, both Louis Moriarty and Sherlock Holmes with blue, Albert Moriarty and John Watson with green.\n\n- Keeping in mind how both Louis and Sherlock represent blue, it's interesting to take a look at the last episode of season 1. It gets very obvious that Louis dislikes Sherlock. Sure, they are enemies of some sort, but I think there might be something else behind Louis' feelings. Louis is used to being the person closest to William. He is the blue to Williams red. But suddenly, out of the blue (see what I did there? Ha..ha..h-) it's Sherlock who caught Williams's interest. Jealousy?\n\n- I'm still thinking about what red might stand for. Aside from being the color representing William Moriarty (and Louis, to some extent, as they both have red eyes), it seems to be a very present color whenever something is about to happen. The first sequence in the first episode is literally all red. A red moon and animals with red glowing eyes are reoccurring symbols.\n\n- Sherlocks nightmare was tinted green-yellowish. A similar color seems to appear when there are moments of high tension. Sometimes as subtle as shadows, sometimes very obvious and in-your-face.\n\nNow, putting all my color theories aside - in my opinion, Yuukoku no Moriarty is a very solid visual performance. That's all I have left to say. Nothing outstanding, but solid. <p align=\"right\">**Score: 8/10**</p>\n\n<img src=\"https://i.ibb.co/Ytz2hwq/music.png](https://i.ibb.co/Ytz2hwq/music.png)\" alt=\"music\" border=\"0\">\nI can't talk about this soundtrack without mentioning that the opening, \"Dying Wish\" by Tasuku Hatanaka, was the reason I got interested in Moriarty the Patriot in the first place. There hasn't been one episode where I skipped it, and I still love it.\n\n~~~youtube(https://youtu.be/_oC89JAdT_8)~~~\n\nBesides the opening, I didn't notice anything spectacular soundtrack wise. But maybe that's the point. If you don't notice the music is there, it might be just perfectly fitting. Or, in some cases, there simply no music at all. Those were the moments that stood out to me the most - in a positive way. I really liked how silence was used as a very effective tool to create a certain atmosphere.<p align=\"right\">**Score: 8/10**</p>\n\n<img src=\"https://i.ibb.co/nD8qQrK/personal-enjoyment.png](https://i.ibb.co/nD8qQrK/personal-enjoyment.png)\" alt=\"personal-enjoyment\" border=\"0\">\nSolid **10/10**. There's not much to add on to. :D\n\n<img src=\"https://i.ibb.co/WPNyXjB/overview.png](https://i.ibb.co/WPNyXjB/overview.png)\" alt=\"overview\" border=\"0\">\nI don't think there's much left to say. I personally really enjoyed Yuukoku no Moriarty, and I think a lot of other people will as well. The only thing I didn't like was the ending song (I have...questions). I am looking forward to season 2!"},{"id":9020,"score":90,"summary":"Moriarty the Patriot: A Crimson-Red Tale of Crime, Society and Morality","body":"~~~\nImg520(https://64.media.tumblr.com/1c300bc76394535833597b2cb47acab8/72b48e7636aa99f6-13/s1280x1920/4342dede0deb985973ac3dd565389b6bcb6fd0e2.gifv)\n\n*Moriarty the Patriot* has an interesting take on the widely famous story of Sherlock Holmes by Sir Arthur Conan Doyle. Instead of following Watson like we do in the novel series, we see what happens in England through the eyes of the criminal mastermind, William James Moriarty. And this unusual point of view brings rather interesting truths regarding the early 19th century Great Britain into light.\n\nWe see the themes of the brutality of the Aristocracy and Classism come into play as soon as the first episode begins. And these themes are built upon, and we get to see the hineous deeds of the nobles, and how badly they treat the common folks. Here comes our protagonist's (or the antagonist in the original story) role, he is here to change the society by eradicating the class system. The crimes are never done explicitly by him and we are always given reasons as to why he ended up targeting the said nobles, rather dark and gruesome reasons if I'm being honest. You'll hate the nobles and may even wish death upon them. This is where the show beings forth the question of morality. Is killing for the greater good of the people a crime? Is punishing the men who did nothing but belittle the commoners and made their lives hell a crime? The show never answers the question for you, and neither do any of the characters. This is why this show is great. All great shows are able to make the audience second guess their super-ego and question your own morality. Personally, I don't condemn murder no matter what, and taking law into your own hands even if it's for the greater good is still unlawful.\n\nBut revolutions never happen without taking matters into one's own hands, history books are the proofs. This is where the realistic attributes come into play. Despite being a fictional tale, the show is still grounded in reality. Every crime has a procedure of occurrence and the reactions after the commitment of the crime totally reflect the mindset of the people living in the era. The society was divided, and how differently the various characters react gives the audience an idea regarding their upbringing and the tension that the society held at that period.\n\nThere is the mystery tag attached to this show, and seeing the source material is actually a crime-mystery, it's no surprise the tag being there. However, if you're going into the show thinking you'll witness major brainstorming and detective analysis, you might be disappointed. While there are cases that are solved, especially towards the end of the first cour when Sherlock himself enters the scene, for most part as we're following William, the mystery element of the show is rather weak with him in the forefront. It's more of a psychological show, which for one is really good with all the concrete reasoning put into each action by the Moriarty and the ideologies clashing with each other.\n\nImg420(https://64.media.tumblr.com/fc61268f8870e697929633795d6a2dce/cd199a8845b2618e-16/s640x960/37641c9a8763f6d52de9cb61deae1c646d826d52.gifv)\n\nLet's quicky take a look at the characters too. First of all we have the Moriarty brothers, from the eldest to the youngest: Albert, William and Louis. Albert is a noble, who unlike most other people of his status is rather down to earth. He dislikes the way of the nobility, evidiently clear from his backstory. We don't see him do much on screen for the majority of the show, however he is the backbone to William's plans. William is able to carry out all his plans thanks to the position and influence of his elder brother. Next, William is as mentioned before is our protagonist and a genius at that. He is the only person to have ever challenged Sherlock in the department of intelect. As a viewer you're totally impressed by William's intelligence. He is a character whom you may love, hate or have a neutral opinion on as you see him in action. Personally, I am rather neutral on him. While I do dislike the crimes he commits, the show does enough to give the reasons behind why he targated the victims and his plan to revolutionalize the society. He has a charming personality too, and is never targeting the innocent, so I wouldn't blame if anyone falls for this gorgeous blonde. Louis, at least in the first cour, plays no major role. The three brothers represent idealism. Their actions are a result of their idealistic thoughts, and it's very interesting to see how twisted thinking can warp one's sense of justice.\n\nIf there is one person who can go toe to toe with William, it is Sherlock Holmes. Sherlock is charismatic, and his presence definitlely brightens up the show, strengthening his claim of being the protagonist in the original series. There's a point when the viewer may start to get fatigued of the usual episodes, Sherlock enters the scene at that time to change the pace. We follow Sherlock, we get to know him and the people around him as the show progresses. We understand his psychology especially after a major incident, and can't help but fall in love with him. His deduction skills can rival William yet in the first cour he is always one step behind, this creates a space of improvement for him. The supporting cast in this show are quite likable as well, and most of them have personalities with very few quirks involved. \n\nImg520(https://64.media.tumblr.com/c9bc30a832eb4aef398643f36055561d/9e29172ed26194e0-db/s400x600/5a0dba64dc355c70986f54af4b3334f9ffe46d27.gifv)\n\nIn the technical fields, *Moriarty the Patriot* shines brightly. In the visuals department, Production I.G. left to stones unturned to make the show as much visually appealing as possible. Yes, most of the characters are gorgeous, some may even complain too gorgeous; but keeping in mind the medium of consumtion the handsome men and beautiful women didn't hamper my experience. The animation is immaculate, the attention to details deserves a round of applause. Every carpet and tapestry has well detailed thread work, and the backgrounds never fail to impress. There is not a single shot that is remotely boring. There is always change of angles, and camera movements; cinematography is simply spectacular in this show. There are very few stills used in this show, almost everything is animated even the background characters. The usage of cgi is minimum, but whenever cgi is used it is seamless. The color palette and the lighting in this show also deserves a shoutout, there is excellent use of different colored lights to impart the emotions and intents of the characters. There is heavy usage of visual metaphors, such as using smoke to indicate the confused state of a character.\n\nThe ost is excellent, there is usage of the usual strings that bring a sense of urgency to every vital scene. But apart from that, there is also usage of \"Tabla\" an Indian drum that not only flares up the soundtrack but also alludes to the colonial endeavours of the Great Britain when the story took place. The opening theme is a personal favorite of mine, the clarity in the singer's voice is something you don't usually see in anime openings. The only thing in music that I found particularly distasteful, was the ending theme that could easily be discared. The voice acting is also on point, the voice actors were chosen aptly.\n\n\nTo conclude, I can only say that I never expected to enjoy this show as much as I did. There are some strong themes being dealt with in this show, and the superior technical elements only add to the experience. Even if you have not read the original source material, you'll never find yourself lost. This show can stand on its own as much as it can act as a spin off to Sir Arthur's original stories. *Moriarty the Patriot* is a show you won't like to miss out on, especially if you are interested in crime and historical-fictions. \n~~~"},{"id":10841,"score":87,"summary":"A delightful show with an interesting take on the famous Sherlock Holmes Series","body":"~~~img(https://dw9to29mmj727.cloudfront.net/promo/2016/6133-Header_Moriarty_v2_2000x800.jpg)~~~\n>\"Every fairytale needs a good old-fashioned villain.\"\n\nMoriarty the Patriot is a show about a villain, only with a twist applied; it's a show about an anti-hero- William James Moriarty, who is known to anyone remotely familiar with the Sherlock Holmes series. This show is an exciting take on the Sherlock Holmes series, featuring Moriarty as the protagonist of the story and views the world from his eyes. Animated by the studio Production I.G., it aired in the Fall of 2020. It's an anime that deserves a lot more attention than what it gets because having aired in a season filled with shows like Jujutsu Kaisen, Haikyuu, Tonikaku Kawaii, and DanMachi, it didn't get much-deserved attention. If you enjoy stories that challenge the moral compass of crime and oppression in society (e.g., Death Note, Monster, Code Geass) or detective stories with solving cases (e.g., Detective Conan, Hyouka), then you are going to have an amazing time watching this. Major genres that the series falls under are Mystery, Psychological, Detective, and Police.\n\n# __~~~Plot~~~__\nSet in late 19th Century Britain, the show explores a deep-rooted class-based system where the working class suffered at the hands of despicable nobility. During this time, crime, poverty and unemployment were at their highest, and ordinary people often died due to the mass spread of diseases.\nThe second son of the noble Moriarty household, William James Moriarty, is a maths professor with an incredible intellect and, outside of his teaching hours, acts as a private consultant willing to solve problems for anyone in need. However, he harbors a deep hatred for the state of society, and behind this gentle persona, he acts as a leader of a rebel group that aims to overthrow the oppressive force of nobility using his intellect.\n\n# __~~~Structure~~~__\nThe story is structured somewhat episodically with mini-crime arcs that can go anywhere from 1 to 3 episodes and follow a generally linear structure of storytelling apart from using some flashback sequences to provide necessary background towards character motivations.\nUsually, it follows a similar structure of a noble committing a crime that comes to Moriarty's notice who constructs a plan to take out that person and expose their wrongdoings.\n\n~~~img(https://i1.wp.com/www.otaquest.com/wp-content/uploads/2020/10/C2EAC33F-24D0-47C1-B901-7BECC825ACDC.jpeg?resize=640%2C359&ssl=1)~~~\n# __~~~Conflict~~~__\nThe conflict in this show is of the Character vs. The Society. Moriarty views British society as a dystopian empire plagued by the nobility who oppress the nation's ordinary people. The masses suffer from unemployment and live miserable lives. He wishes to overthrow this empire by removing the class system from society. However, he knows that it is impossible to commit mass killing of nobles and, hence, resort to a much more elaborate scheme to achieve this. He schemes out a plan of exposing the nobility's torment onto society by laying out what he calls \"perfect crimes\" and bestowing judgment upon oppressors while revealing their acts of atrocities to the masses.\nThe conflict forces the viewer to question their moral compass. Though Moriarty is by no means a good person, he knows this himself as it is said in the story by his brother Albert that- \n>\"He was pointing out the evil path towards the correct world, in front of god.\"\n\nAn enjoyable thing about the show is how its characters' lives are portrayed outside of the story's central conflict. Moriarty's life as a professor and his life at home with his brothers and Sherlock Holmes' life at Baker's street 221B are all some nicely placed breathing scenes in the show that also add layers to the characters.\n\n# __~~~Animation and Music~~~__\nThis is an aspect where the show has absolutely shined thanks to its fantastic studio Production I.G. The animation of the series is gorgeous, and the colors and camera angles used in various scenes to depict tension and internal struggles of characters are perfectly done. Combining it with the fantastic soundtracks that have been used during the series, it is a treat for both eyes and ears. Even if there was any CGI in the show, it must have been completely blended in since I can't remember an instance where I noticed it. The OP and ED used in the show are excellent, and I never skipped either of those in any episode, no matter how much I wanted to know what happens next in the story.\nThe character designs in the show are also very fresh and work seamlessly with its narrative, and I love them all. Great detail has been put into detailing the eyes of characters which adds a lot of value to the facial expressions and is often used to show what a character is feeling.\n\n~~~img(https://thecinemaholic.com/wp-content/uploads/2021/04/Moriarty-the-patriot.jpg)~~~\n# __~~~Characters~~~__\nNone of the characters in the show feel out of place. They are all driven by their motivations and have been given proper screen time for characterization. The dialogue delivery in the anime is also on point throughout, thus adding tremendous value to the narrative and characters.\nThe most interesting characters, of course, are Moriarty and Sherlock. Their interactions, though rare and brief, are amazingly done and give an excellent outlook to each character. While both are men with great motivations, Moriarty can go to any length to fulfill his, in contrast to Sherlock, who stays within the bounds of doing what is just.\nI love the fresh take on the character of Sherlock in this show. Contrary to how he is often characterized in other works as a man who lives in solitude, he has been portrayed as a cheerful and bright young man who loves mysteries. He truly shines through his interactions with Moriarty. Their first meeting is a fantastic scene where both win each other's respect and acknowledgment by displaying their extraordinary intellect, and their second meeting has the most amazing dialogues and dives into what they stand for as characters in this story.\n\nFinally, though the show is splendid for the most part, some problems with the show are that the crimes Moriarty initially commits are left unchallenged, with the only explanation being that to bystander's eyes, he was never connected with the crimes. It is only after the appearance of Sherlock that a worthy foe appears. I would have loved to see more interactions between Sherlock and Moriarty to have them place their views on justice, crime, and society and have a meaningful conversation along with their motives. However, that's likely to be addressed in future seasons. Overall, it's a delightful and fantastic show that will keep you hooked with an exciting and welcome take on the famous Sherlock Holmes series by spotlighting its most beloved villain James Moriarty."},{"id":12163,"score":100,"summary":"It stands by itself, while also providing a great eye opener for those who read the original stories.","body":"Even if you never read any of the Sherlock Holmes Adventures, I presume you'd find this series very enjoyable, if you find yourself to be ~~a crime enthusiast~~ a murder mystery enjoyer. This series can stand alone, because even if sometimes it references an Adventure, it always modifies it for a bit of comic (The \"Rache\" blood mark that now was \"Sherlock\" who got super excited of it).\n\nIt's even better if you find yourself in the same position as me, having read most/all of the Sherlock Holmes Adventures, because, not oly this series is a story by itself, you also discover more of Moriarty's character, nuancing your opinion of him. Example: in the Originals, Watson portrayed Moriarty as someone with the same objectives as Holmes (i.e. eradication of the bad) but his way of doing it was much more brute, because he killed murderers, or people that were potentially dangerous, while also manipulating Irene Adler and other people. Whereas, in this ~~spinoff~~ series, you see Moriarty manipulating people by their greed and desire of revenge, and making them kill the \"Bad guys\" becoming themselves murderers, after what Moriarty finishes them off in some sort of way (example: getting them caught), or helped those who were suffering, by helping them achieve their greatest desire. This point of view doesn't make Moriarty seem like a completely deranged person, but more like someone whose senses of right and wrong were dulled by past sufferings. And, because you see where he comes from and what he endured, you actually find yourself (or at least I did) empathizing with his character, and starting to see a whole new scheme. You now don't see Sherlock as a devilish-good person (because quite often Watson would wite something in the lines of \"He would have been the most dangerous person in history if he ever decided to go wrong\", and criticizing his use of diverse substances, while also describing it with some sort of admiration ~~I think~~), but more like a lawful-good kind of person, and you see that Moriarty is actually some sort of Angel-like devil, and not a devilish-evil (?) creature.\nNow, from the standpoint of a person who only watched the anime, you clearly could find Sherlock's shenanigans a bit endearing (like when he searches for a roomate). It also makes Holmes look a bit like a childish person, and sometimes you can find yourself thinking that he's the anti-hero. The Moriarty brothers are portrayed as a trio who works in the shadows, and does bad for the greater good. They almost appear as what French people describe as grey eminence, a person who (gently) manipulates the leader to act for the best, not wanting to be reknowned, but not being unknown, most likely known by a nickname ~!The Lord of Crime!~ (don't click on the spoiler if you didn't start S2).\nAnd Truly, it brings out a magnificent side.\nThe series also have a great load of suspense, which isalways very enjoyable (I hope my review was a little enjoyable too)"},{"id":14901,"score":90,"summary":"Did you think that the perfect crime does not exist? You were wrong.","body":"It is true that this series aired more than a year ago (October 2020) and that it already has several reviews, however I wanted to do one. In addition, it is an anime that little has been said about it, in my opinion, because before seeing it I had never heard it. I don't know if this will be your case\nWith that said, let's get started:\n~~~img220(https://i.imgur.com/IjjSscR.jpeg)~~~\nI started to see Yuukoku no Moriarty because it was about detectives, think about the thousands of cases that would be in the series, the adventures that will be lived, the mysteries to discover ... however I was completely wrong, it was not about discovering mysteries or murders, rather how to create and carry them out, these being the perfect crime.\n\n__~~~History:~~~__\n\nIn the 19th century, where the bureaucracy believed itself better than the common people, where crimes against the less fortunate went unnoticed, where injustices were the bread and butter. In the midst of this depraved society there is a boy, Albert James Moriarty, who hates the social system, but cannot do anything. All that changes when he meets William and Luis, two orphaned children, whom he finally decides to adopt (for secondary causes). With the great mind that William possesses and the purchasing power of Albert, and the desire of the three to create a system where everyone is treated equally, they will form the perfect alliance to bring down the nobility and fix society.\nWith this, William becomes the antihero of this series.\n\n~~~img220(https://i.imgur.com/XzDc0sz.jpeg)~~~\n\n__~~~Characters:~~~__\n\nLittle can be said without doing much spaoiling about each of the characters, so I'll talk about all of these in general.\nAlbert, William and Luis, the Moriarty brothers, Sebastian and Fred, strive to create a society where nobility and common people are treated equally. Thanks to the skills of each one, but especially to the ingenuity of William, they manage to carry out several perfect crimes, which fill the streets of London with chaos.\nSherlock and John, a detective and a doctor, the two together deal with the murder cases that William and the others unleash in London. \nSherlock is the only one capable of standing up to William's cunning.\n\n~~~img220(https://i.imgur.com/HbDdtNW.jpeg)~~~\n\n__~~~Music (opening):~~~__\n\nPersonally, the first time I heard the beginning of this series, my hair stood on end. It is true that I have some favorite openings, however, this one exceeded all expectations, like the anime itself, because the music, the lyrics, the colors and the images, everything is perfectly linked to create an indescribable feeling when listening to it. This has become my favorite.\nThe end is a 180º change, lively, energetic, happy, nothing to do with the opening.\n\n~~~img220(https://i.imgur.com/qTwd2yN.jpeg)~~~\n\n__~~~Conclusion:~~~__\n\nAfter concluding session 1, this is my conclusion:\nFor me, the plot, the characters, the music, the colors ... everything fits perfectly, as if it were the perfect crime. I was honestly surprised, I didn't think I'd like it that much.\nAlso, the end of the last chapter, leaves you with the perfect intrigue to want to know how the plan of William and the others will unfold, what methods will be used to solve the new problem that appears in the scene and how the story will be affected by the new characters.\n\nWhat will happen next? Let's find out in the 2nd session\n~~~img220(https://i.imgur.com/b9mFNPd.jpeg)~~~\n\n__~~~Gratitude:~~~__\nFirst of all, thank you very much for taking a few minutes to read this post. I must say that it is my first review, therefore, whether you have seen the anime or not, I would appreciate if you do not agree with the structure of this or see better to develop it in another way, let us know. so for the next one I can improve."},{"id":18080,"score":85,"summary":"A binge-worthy show that knows what it's doing","body":"~~~ Let me start off by saying that I've just finished binging part 1, and boy oh boy, this is right up my ally. \n\nLet's start with the plot which is already pretty interesting as we're following a villain's POV (for the majority). Despite that, this does not at all feel like a villain's origin story for some reason. Maybe it's due to the type of \"villain\" William Moriarty is. You see, his actions follow a just cause - let's get rid of all the bad people in the world to make it a less shitty place. Does that justify death? No, not at all. But that's exactly why it gets all the more interesting with Sherlock Holmes in the picture. But we'll talk about the characters in a bit.\n\nLet's talk about the way this show is portrayed.\nFirst, the core that's driving the premise of this show is that there is a societal problem in which people are treated based on their social standing. This is set in the late 19th century, and does well to portray that period. Our main character William is aware that this is a problem, that this is what makes the world so horrible to live in, and so, he wants to change that. That is his motivation driving his future actions. \n\nSecond, every crime that conspires is beautifully executed, in a way that allows you a look into each character's psychology, whether that character is a minor character that only appears in one episode, or a major character like William.\nHowever, what sets the two apart (minor vs major character) is that minor characters are very grounded from the beginning and it's very clear what their purpose is - it's not a bad thing at all -, while major characters, take William for example, continue to expand with each crime which sometimes leads you to rethink your previous ideas on what kind of character they are. One example of how this is well executed is in episode 7. ~!The the parallel between Enders running in the forest chasing after his victim, where he's so very confident in his actions, and him running in the halls running away after being exposed, where his world is crumbling to the point where he can't think clear. And they don't hide that parallel, in fact, they expose it.!~ \n\nBut once again, before we get to the characters, I just wanna mention the music, in particular, the opening. Opening and ending are both bangers, and quite a big contrast to each other with the opening definitely being the more fitting one to the tone of this anime. I personally like the opening more, it's got a pretty unique sound to it. But what also caught my eyes, were the lyrics - \"Set a thief to catch another thief\", \"That's a bloody world, an endlessly discriminatory society (dystopia)\" - which describes William to a tee. \n\nWell that leads us to the characters. Let's start with William James Moriarty. A very cunning guy, one who had me in a loop for a while cause while his goal is clear, it is his means of procuring his goals that made me confused. \"Is he doing it purely because of selfishness?\" was something I thought along the way but then I kept dismissing it because more than selfishness, it's arrogance. He is similar to Light this way. Something I'm very curious about is whether he finds enjoyment in it, or thinks this is solely the rational way of achieving his goal no matter what. However, what he does seem to find amusing is Sherlock Holmes.\nNow, Sherlock Holmes, what an interesting take on this well-known character. Especially with episode 10, I must say that was a very good dive into his thoughts of his actions and what consequences they might have. It's safe to say that he, while appears as being aloof and carefree but serious when it comes down to it, has more to him than meets the eye. \n\nBut the most interesting of it all, and what's most intriguing in this show is the dynamic between William and Sherlock. First of all, their meeting was pure tension, obviously the start of a build-up for something - a friends-before-enemies-relationship perhaps. But my goodness, every interaction between Sherlock and Williams is a series of psychological mind games. They both seem to have found something worthwhile interesting in each other. It's even prompting William's brother Louis to question William's weirdly sudden interest and fondness of Sherlock, who's apparently the only one who's earned William's respect (which of course is no easy feat).\nIt's safe to say that the best episodes are exactly when Sherlock and William are together despite it being rare. For now.  \n\nThe absolute best moment of the show has to be ''Catch me if you can, Mr. Holmes'' - from the tone in the voice down to William's expression, that was absolutely perfect.\n \nWith all that said, this is a very solid show, especially for all of us detective nerds out there. \n~~~"}],"siteUrl":"https://anilist.co/anime/114124","autoCreateForumThread":false,"modNotes":null,"stats":{"scoreDistribution":[{"score":10,"amount":151},{"score":20,"amount":64},{"score":30,"amount":162},{"score":40,"amount":287},{"score":50,"amount":853},{"score":60,"amount":1732},{"score":70,"amount":5890},{"score":80,"amount":12065},{"score":90,"amount":9895},{"score":100,"amount":6139}],"statusDistribution":[{"status":"CURRENT","amount":7672},{"status":"PLANNING","amount":45296},{"status":"COMPLETED","amount":51786},{"status":"DROPPED","amount":2458},{"status":"PAUSED","amount":3151}]},"isRecommendationBlocked":false,"recommendations":[{"mediaRecommendation":{"id":103638,"title":{"romaji":"Kabukichou Sherlock","english":"Case File nº221: Kabukicho","native":"歌舞伎町シャーロック","userPreferred":"Kabukichou Sherlock"},"type":"ANIME"}},{"mediaRecommendation":{"id":4898,"title":{"romaji":"Kuroshitsuji","english":"Black Butler","native":"黒執事","userPreferred":"Kuroshitsuji"},"type":"ANIME"}},{"mediaRecommendation":{"id":21291,"title":{"romaji":"Joker Game","english":"Joker Game","native":"ジョーカー・ゲーム","userPreferred":"Joker Game"},"type":"ANIME"}},{"mediaRecommendation":{"id":10798,"title":{"romaji":"UN-GO","english":"UN-GO","native":"UN-GO アン ゴ","userPreferred":"UN-GO"},"type":"ANIME"}},{"mediaRecommendation":{"id":7662,"title":{"romaji":"Shinrei Tantei Yakumo","english":"Psychic Detective Yakumo","native":"心霊探偵 八雲","userPreferred":"Shinrei Tantei Yakumo"},"type":"ANIME"}},{"mediaRecommendation":{"id":1535,"title":{"romaji":"DEATH NOTE","english":"Death Note","native":"DEATH NOTE","userPreferred":"DEATH NOTE"},"type":"ANIME"}},{"mediaRecommendation":{"id":1575,"title":{"romaji":"Code Geass: Hangyaku no Lelouch","english":"Code Geass: Lelouch of the Rebellion","native":"コードギアス 反逆のルルーシュ","userPreferred":"Code Geass: Hangyaku no Lelouch"},"type":"ANIME"}},{"mediaRecommendation":{"id":21711,"title":{"romaji":"91Days","english":"91 Days","native":"91Days","userPreferred":"91Days"},"type":"ANIME"}},{"mediaRecommendation":{"id":19,"title":{"romaji":"MONSTER","english":"Monster","native":"MONSTER","userPreferred":"MONSTER"},"type":"ANIME"}},{"mediaRecommendation":{"id":21311,"title":{"romaji":"Bungou Stray Dogs","english":"Bungo Stray Dogs","native":"文豪ストレイドッグス","userPreferred":"Bungou Stray Dogs"},"type":"ANIME"}},{"mediaRecommendation":{"id":20661,"title":{"romaji":"Zankyou no Terror","english":"Terror in Resonance","native":"残響のテロル","userPreferred":"Zankyou no Terror"},"type":"ANIME"}},{"mediaRecommendation":{"id":21066,"title":{"romaji":"Sakurako-san no Ashimoto ni wa Shitai ga Umatteiru","english":"Beautiful Bones -Sakurako's Investigation-","native":"櫻子さんの足下には死体が埋まっている","userPreferred":"Sakurako-san no Ashimoto ni wa Shitai ga Umatteiru"},"type":"ANIME"}},{"mediaRecommendation":{"id":13601,"title":{"romaji":"PSYCHO-PASS","english":"PSYCHO-PASS","native":"PSYCHO-PASS サイコパス","userPreferred":"PSYCHO-PASS"},"type":"ANIME"}},{"mediaRecommendation":{"id":117343,"title":{"romaji":"Munou na Nana","english":"Talentless Nana","native":"無能なナナ","userPreferred":"Munou na Nana"},"type":"ANIME"}},{"mediaRecommendation":{"id":98505,"title":{"romaji":"Princess Principal","english":"Princess Principal","native":"プリンセス・プリンシパル","userPreferred":"Princess Principal"},"type":"ANIME"}},{"mediaRecommendation":{"id":111951,"title":{"romaji":"Housekishou Richard-shi no Nazo Kantei","english":"The Case Files of Jeweler Richard","native":"宝石商リチャード氏の謎鑑定","userPreferred":"Housekishou Richard-shi no Nazo Kantei"},"type":"ANIME"}},{"mediaRecommendation":{"id":110350,"title":{"romaji":"ID: INVADED","english":"ID: INVADED","native":"イド：インヴェイデッド","userPreferred":"ID: INVADED"},"type":"ANIME"}},{"mediaRecommendation":{"id":235,"title":{"romaji":"Meitantei Conan","english":"Case Closed","native":"名探偵コナン","userPreferred":"Meitantei Conan"},"type":"ANIME"}},{"mediaRecommendation":{"id":1483,"title":{"romaji":"MASTER Keaton","english":null,"native":"MASTERキートン","userPreferred":"MASTER Keaton"},"type":"ANIME"}},{"mediaRecommendation":{"id":106918,"title":{"romaji":"Lord El-Melloi II-sei no Jikenbo: \"Rail Zeppelin\" Grace note","english":"Lord El-Melloi II's Case Files {Rail Zeppelin} Grace note","native":"ロード・エルメロイⅡ世の事件簿 {魔眼蒐集列車} Grace note","userPreferred":"Lord El-Melloi II-sei no Jikenbo: \"Rail Zeppelin\" Grace note"},"type":"ANIME"}},{"mediaRecommendation":{"id":110349,"title":{"romaji":"GREAT PRETENDER","english":"Great Pretender","native":"GREAT PRETENDER","userPreferred":"GREAT PRETENDER"},"type":"ANIME"}},{"mediaRecommendation":{"id":228,"title":{"romaji":"Jigoku Shoujo","english":"Hell Girl","native":"地獄少女","userPreferred":"Jigoku Shoujo"},"type":"ANIME"}},{"mediaRecommendation":{"id":7768,"title":{"romaji":"Tantei Opera Milky Holmes","english":"Detective Opera Milky Holmes","native":"探偵オペラ ミルキィホームズ","userPreferred":"Tantei Opera Milky Holmes"},"type":"ANIME"}},{"mediaRecommendation":{"id":101595,"title":{"romaji":"Princess Principal: Crown Handler - Chapter 1","english":"Princess Principal: ~Crown Handler~ 1","native":"プリンセス・プリンシパル Crown Handler 第1章","userPreferred":"Princess Principal: Crown Handler - Chapter 1"},"type":"ANIME"}},{"mediaRecommendation":{"id":21823,"title":{"romaji":"ACCA: 13-ku Kansatsu-ka","english":"ACCA: 13-Territory Inspection Dept.","native":"ACCA 13区監察課","userPreferred":"ACCA: 13-ku Kansatsu-ka"},"type":"ANIME"}}]}