{"id":116338,"idMal":41402,"title":{"romaji":"Mairimashita! Iruma-kun 2","english":"Welcome to Demon School! Iruma-kun Season 2","native":"魔入りました！入間くん 第2シリーズ","userPreferred":"Mairimashita! Iruma-kun 2"},"format":"TV","status":"FINISHED","episodes":21,"description":"The second season of <i>Mairimashita! Iruma-kun</i>.<br>\n<br>\nSuzuki Iruma, human and deeply non-aggressive, one day becomes the grandson of the great demon Sullivan. Doted on beyond belief, Iruma starts school where \"Grandpa\" serves as the chair... and finds, to his surprise, that he enjoys life there with Asmodeus, Clara, and the rest of his demon classmates. But just when Iruma thought he'd fitted in, there's more trouble ahead! A ring begins to talk, and Iruma... goes bad?! Iruma's chaotic, demonic life at school continues!<br>\n<br>\n(Source: NHK)","startDate":{"year":2021,"month":4,"day":17},"endDate":{"year":2021,"month":9,"day":11},"season":"SPRING","seasonYear":2021,"duration":25,"countryOfOrigin":"JP","isLicensed":true,"source":"MANGA","hashtag":"#魔入りました入間くん","trailer":"https://www.youtube.com/watch?v=NxqfMRZfVTA","updatedAt":1706295771,"coverImage":{"large":"https://s4.anilist.co/file/anilistcdn/media/anime/cover/large/bx116338-jbuJnLkPMcm7.jpg","medium":"https://s4.anilist.co/file/anilistcdn/media/anime/cover/medium/bx116338-jbuJnLkPMcm7.jpg","small":"https://s4.anilist.co/file/anilistcdn/media/anime/cover/small/bx116338-jbuJnLkPMcm7.jpg","color":"#e4c95d"},"bannerImage":"https://s4.anilist.co/file/anilistcdn/media/anime/banner/116338-LexsWZ3dXsod.jpg","genres":["Comedy","Fantasy","Supernatural"],"synonyms":["Welcome to Demon School, Iruma-kun! Season 2","入间同学入魔了 第二季","入间同学入魔了！2","อิรุมะคุง พจญในแดนปีศาจ! ภาค 2"],"averageScore":80,"meanScore":80,"favourites":2017,"popularity":68761,"trending":2,"tags":[{"id":46,"name":"School","isMediaSpoiler":false},{"id":15,"name":"Demons","isMediaSpoiler":false},{"id":82,"name":"Male Protagonist","isMediaSpoiler":false},{"id":56,"name":"Shounen","isMediaSpoiler":false},{"id":105,"name":"Ensemble Cast","isMediaSpoiler":false},{"id":1277,"name":"Found Family","isMediaSpoiler":false},{"id":29,"name":"Magic","isMediaSpoiler":false},{"id":244,"name":"Isekai","isMediaSpoiler":false},{"id":1052,"name":"Adoption","isMediaSpoiler":false},{"id":84,"name":"School Club","isMediaSpoiler":false},{"id":812,"name":"Butler","isMediaSpoiler":false},{"id":254,"name":"Kemonomimi","isMediaSpoiler":false},{"id":1090,"name":"Monster Boy","isMediaSpoiler":false},{"id":139,"name":"Love Triangle","isMediaSpoiler":false},{"id":186,"name":"Crossdressing","isMediaSpoiler":true},{"id":259,"name":"Monster Girl","isMediaSpoiler":false},{"id":265,"name":"Musical","isMediaSpoiler":false},{"id":931,"name":"Tomboy","isMediaSpoiler":false}],"relations":[{"id":107693,"title":{"english":"Welcome to Demon School! Iruma-kun","native":"魔入りました！入間くん","romaji":"Mairimashita! Iruma-kun","userPreferred":"Mairimashita! Iruma-kun"},"type":"ANIME"},{"id":99324,"title":{"english":"Welcome to Demon School! Iruma-kun","native":"魔入りました！入間くん","romaji":"Mairimashita! Iruma-kun","userPreferred":"Mairimashita! Iruma-kun"},"type":"MANGA"},{"id":130735,"title":{"english":null,"native":"魔入りました！入間くん カルエゴ外伝","romaji":"Mairimashita! Iruma-kun: Kalego Gaiden","userPreferred":"Mairimashita! Iruma-kun: Kalego Gaiden"},"type":"MANGA"},{"id":139092,"title":{"english":"Welcome to Demon School! Iruma-kun Season 3","native":"魔入りました！入間くん 第3シリーズ","romaji":"Mairimashita! Iruma-kun 3","userPreferred":"Mairimashita! Iruma-kun 3"},"type":"ANIME"}],"characters":[{"id":135018,"name":"Iruma Suzuki"},{"id":135019,"name":"Clara Valac"},{"id":135022,"name":"Alice Asmodeus"},{"id":135020,"name":"Ameri Azazel"},{"id":135023,"name":"Sullivan"},{"id":135021,"name":"Kalego Naberius"},{"id":151767,"name":"Romiere Ronove"},{"id":193946,"name":"Alikred"},{"id":148552,"name":"Jazz M. Andro"},{"id":135024,"name":"Sabro Sabnock"},{"id":148542,"name":"Lead Shax"},{"id":216059,"name":"Assi"},{"id":148543,"name":"Schneider Allocer"},{"id":148547,"name":"Kamui Caim"},{"id":147760,"name":"Keroli Crocell"},{"id":148548,"name":"Picero Agares"},{"id":148544,"name":"Johnny Western  Zagan"},{"id":148549,"name":"Quichelight Kimaris"},{"id":147759,"name":"Opera"},{"id":148545,"name":"Goemon Garp"},{"id":148546,"name":"Elizabetta Ix"},{"id":157337,"name":"Miki"},{"id":151769,"name":"Shichirou Balam"},{"id":151768,"name":"Kiriwo Amy"},{"id":157335,"name":"Hyudarin"}],"staff":[{"id":122515,"name":"Osamu Nishi"},{"id":109581,"name":"Makoto Moriwaki"},{"id":110641,"name":"Kazuyuki Fudeyasu"},{"id":128900,"name":"Akihiko Sano"},{"id":124717,"name":"Akimitsu Honma"},{"id":129444,"name":"DA PUMP"},{"id":131102,"name":"Amatsuki"},{"id":120046,"name":"Yumiko Hara"},{"id":146264,"name":"Emi Onodera"},{"id":148132,"name":"Motoki Nakanishi"},{"id":110641,"name":"Kazuyuki Fudeyasu"},{"id":120046,"name":"Yumiko Hara"},{"id":109581,"name":"Makoto Moriwaki"},{"id":134373,"name":"Hisatake Hayashi"},{"id":197024,"name":"Yoshitaka Nagata"},{"id":185488,"name":"Ako Nakazawa"},{"id":221329,"name":"Yuuka Shiga"},{"id":148893,"name":"Ayaka Tsujihashi"},{"id":148893,"name":"Ayaka Tsujihashi"},{"id":95735,"name":"Tatsuhisa Suzuki"},{"id":106184,"name":"Nao Touyama"},{"id":185759,"name":"Vitor Mello"},{"id":129183,"name":"Jalen Cassell"},{"id":297557,"name":"Kaylyn Saucedo"},{"id":115536,"name":"Rachel Robinson"}],"studios":[{"id":6116,"name":"Bandai Namco Pictures","isAnimationStudio":true},{"id":317,"name":"NHK Enterprises","isAnimationStudio":false},{"id":111,"name":"NHK","isAnimationStudio":false}],"isFavourite":false,"isAdult":false,"isLocked":false,"nextAiringEpisode":null,"airingSchedule":[{"airingAt":1618648500,"timeUntilAiring":-87650759,"episode":1},{"airingAt":1619253300,"timeUntilAiring":-87045959,"episode":2},{"airingAt":1619858100,"timeUntilAiring":-86441159,"episode":3},{"airingAt":1620462900,"timeUntilAiring":-85836359,"episode":4},{"airingAt":1621067700,"timeUntilAiring":-85231559,"episode":5},{"airingAt":1621672500,"timeUntilAiring":-84626759,"episode":6},{"airingAt":1622277300,"timeUntilAiring":-84021959,"episode":7},{"airingAt":1622882100,"timeUntilAiring":-83417159,"episode":8},{"airingAt":1623486900,"timeUntilAiring":-82812359,"episode":9},{"airingAt":1624091700,"timeUntilAiring":-82207559,"episode":10},{"airingAt":1624696500,"timeUntilAiring":-81602759,"episode":11},{"airingAt":1625301300,"timeUntilAiring":-80997959,"episode":12},{"airingAt":1625906100,"timeUntilAiring":-80393159,"episode":13},{"airingAt":1626510900,"timeUntilAiring":-79788359,"episode":14},{"airingAt":1627115700,"timeUntilAiring":-79183559,"episode":15},{"airingAt":1627720500,"timeUntilAiring":-78578759,"episode":16},{"airingAt":1628325300,"timeUntilAiring":-77973959,"episode":17},{"airingAt":1628930100,"timeUntilAiring":-77369159,"episode":18},{"airingAt":1629534900,"timeUntilAiring":-76764359,"episode":19},{"airingAt":1630744500,"timeUntilAiring":-75554759,"episode":20},{"airingAt":1631349300,"timeUntilAiring":-74949959,"episode":21}],"trends":[{"date":1583506800,"trending":463,"popularity":0,"inProgress":null},{"date":1583593200,"trending":774,"popularity":0,"inProgress":null},{"date":1583679600,"trending":242,"popularity":679,"inProgress":9},{"date":1583766000,"trending":137,"popularity":1326,"inProgress":27},{"date":1583852400,"trending":88,"popularity":1565,"inProgress":31},{"date":1583938800,"trending":76,"popularity":1707,"inProgress":36},{"date":1584025200,"trending":47,"popularity":1808,"inProgress":39},{"date":1584111600,"trending":79,"popularity":1887,"inProgress":45},{"date":1584198000,"trending":71,"popularity":1942,"inProgress":47},{"date":1584284400,"trending":64,"popularity":2023,"inProgress":49},{"date":1584370800,"trending":66,"popularity":2111,"inProgress":57},{"date":1584457200,"trending":65,"popularity":2186,"inProgress":60},{"date":1584543600,"trending":45,"popularity":2259,"inProgress":62},{"date":1584630000,"trending":53,"popularity":2382,"inProgress":70},{"date":1584716400,"trending":37,"popularity":2382,"inProgress":70},{"date":1584802800,"trending":38,"popularity":2448,"inProgress":72},{"date":1584889200,"trending":60,"popularity":2500,"inProgress":81},{"date":1584975600,"trending":52,"popularity":2554,"inProgress":85},{"date":1585062000,"trending":35,"popularity":2631,"inProgress":90},{"date":1585148400,"trending":40,"popularity":2684,"inProgress":95},{"date":1585234800,"trending":42,"popularity":2730,"inProgress":98},{"date":1585321200,"trending":37,"popularity":2831,"inProgress":102},{"date":1585407600,"trending":44,"popularity":2831,"inProgress":102},{"date":1585494000,"trending":33,"popularity":2877,"inProgress":102},{"date":1585580400,"trending":32,"popularity":2922,"inProgress":101}],"externalLinks":["https://www.crunchyroll.com/welcome-to-demon-school-iruma-kun","https://twitter.com/nep_irumakun","https://twitter.com/iruma_kun","https://www.youtube.com/playlist?list=PLwLSw1_eDZl125CuqMqbAfph7jPIt7sHd","https://www6.nhk.or.jp/anime/program/detail.html?i=iruma","https://www.bilibili.tv/en/media/1003171","https://youtube.com/@animeofficial5506"],"streamingEpisodes":[{"title":"Episode 21 - Words for My Friends","thumbnail":"https://img1.ak.crunchyroll.com/i/spire4-tmb/0f48803ee50106a162966bec5c248b381677926185_full.jpg","url":"http://www.crunchyroll.com/welcome-to-demon-school-iruma-kun/episode-21-words-for-my-friends-887705","site":"Crunchyroll"},{"title":"Episode 20 - Bad Company / Heartfelt Cooking Class","thumbnail":"https://img1.ak.crunchyroll.com/i/spire1-tmb/3b558f9392f1dac07e1f37f77e6692231677316086_full.jpg","url":"http://www.crunchyroll.com/welcome-to-demon-school-iruma-kun/episode-20-bad-company-heartfelt-cooking-class-887704","site":"Crunchyroll"},{"title":"Episode 19 - The Instructors' Banquet","thumbnail":"https://img1.ak.crunchyroll.com/i/spire1-tmb/5afe844d65b826c3c9c83205f47821671676725718_full.jpg","url":"http://www.crunchyroll.com/welcome-to-demon-school-iruma-kun/episode-19-the-instructors-banquet-887703","site":"Crunchyroll"},{"title":"Episode 18 - Welcome Back","thumbnail":"https://img1.ak.crunchyroll.com/i/spire4-tmb/4bc4d12bba8a0a0306cfa9bcba4036721676113526_full.jpg","url":"http://www.crunchyroll.com/welcome-to-demon-school-iruma-kun/episode-18-welcome-back-887702","site":"Crunchyroll"},{"title":"Episode 17 - Legend Leaf","thumbnail":"https://img1.ak.crunchyroll.com/i/spire1-tmb/348059e5d0b427fff5fe06a98b925b501675512027_full.jpg","url":"http://www.crunchyroll.com/welcome-to-demon-school-iruma-kun/episode-17-legend-leaf-887701","site":"Crunchyroll"},{"title":"Episode 16 - The End of the Harvest Festival","thumbnail":"https://img1.ak.crunchyroll.com/i/spire3-tmb/82dbc632c8044daa3ade19fd7f08f3621674898981_full.jpg","url":"http://www.crunchyroll.com/welcome-to-demon-school-iruma-kun/episode-16-the-end-of-the-harvest-festival-887700","site":"Crunchyroll"},{"title":"Episode 15 - The True Worth of the Archer","thumbnail":"https://img1.ak.crunchyroll.com/i/spire1-tmb/30a71e0890db54f1e2b49ddb1dda12ad1674294305_full.jpg","url":"http://www.crunchyroll.com/welcome-to-demon-school-iruma-kun/episode-15-the-true-worth-of-the-archer-887699","site":"Crunchyroll"},{"title":"Episode 14 - Lead's Distress","thumbnail":"https://img1.ak.crunchyroll.com/i/spire3-tmb/127c7f148c4bb7cde1d54ee5320124ff1673695996_full.jpg","url":"http://www.crunchyroll.com/welcome-to-demon-school-iruma-kun/episode-14-leads-distress-887698","site":"Crunchyroll"},{"title":"Episode 13 - My Very Own Magic","thumbnail":"https://img1.ak.crunchyroll.com/i/spire3-tmb/65260d8206b2a6a569c99a4a1cb900841673088902_full.jpg","url":"http://www.crunchyroll.com/welcome-to-demon-school-iruma-kun/episode-13-my-very-own-magic-872017","site":"Crunchyroll"},{"title":"Episode 12 - Wish Upon Your Bow","thumbnail":"https://img1.ak.crunchyroll.com/i/spire1-tmb/5eadbab26e38f8b429505ae4a3966d4e1671885393_full.jpg","url":"http://www.crunchyroll.com/welcome-to-demon-school-iruma-kun/episode-12-wish-upon-your-bow-872016","site":"Crunchyroll"},{"title":"Episode 11 - Toto the Genie","thumbnail":"https://img1.ak.crunchyroll.com/i/spire3-tmb/58c135d164f61522177bdaead56041321671277264_full.jpg","url":"http://www.crunchyroll.com/welcome-to-demon-school-iruma-kun/episode-11-toto-the-genie-872015","site":"Crunchyroll"},{"title":"Episode 10 - The Iruma I Know","thumbnail":"https://img1.ak.crunchyroll.com/i/spire3-tmb/d1ef19cd4333b1c5cedc22e280fcd6ba1670669464_full.jpg","url":"http://www.crunchyroll.com/welcome-to-demon-school-iruma-kun/episode-10-the-iruma-i-know-872014","site":"Crunchyroll"},{"title":"Episode 9 - The Dorodoro Brothers' Provocation","thumbnail":"https://img1.ak.crunchyroll.com/i/spire2-tmb/c69dbc4f5e62b4895ae2bfec998689481670065943_full.jpg","url":"http://www.crunchyroll.com/welcome-to-demon-school-iruma-kun/episode-9-the-dorodoro-brothers-provocation-872013","site":"Crunchyroll"},{"title":"Episode 8 - Can We Make 100 Friends? / The Students I'm Proud Of","thumbnail":"https://img1.ak.crunchyroll.com/i/spire1-tmb/99f83d4fae9bfb458131a8d5a7e988e51669457854_full.jpg","url":"http://www.crunchyroll.com/welcome-to-demon-school-iruma-kun/episode-8-can-we-make-100-friends-the-students-im-proud-of-872012","site":"Crunchyroll"},{"title":"Episode 7 - Clara's Toy Box / A Night Filled with Screams","thumbnail":"https://img1.ak.crunchyroll.com/i/spire4-tmb/00f40fa5b14fbf01181afde06a76d60e1669031211_full.jpg","url":"http://www.crunchyroll.com/welcome-to-demon-school-iruma-kun/episode-7-claras-toy-box-a-night-filled-with-screams-872011","site":"Crunchyroll"},{"title":"Episode 6 - Devilishly Pure","thumbnail":"https://img1.ak.crunchyroll.com/i/spire4-tmb/cb976541238ef990d2e62c29180a22de1668253243_full.jpg","url":"http://www.crunchyroll.com/welcome-to-demon-school-iruma-kun/episode-6-devilishly-pure-872010","site":"Crunchyroll"},{"title":"Episode 5 - Cunning Demons","thumbnail":"https://img1.ak.crunchyroll.com/i/spire4-tmb/778d466b2e57c16f50264527a01f94c81667645927_full.jpg","url":"http://www.crunchyroll.com/welcome-to-demon-school-iruma-kun/episode-5-cunning-demons-872009","site":"Crunchyroll"},{"title":"Episode 4 - The Signal That the Harvest Festival Has Begun","thumbnail":"https://img1.ak.crunchyroll.com/i/spire3-tmb/b58f8cab445da0a0278e4c92cd4b8fb31667036181_full.jpg","url":"http://www.crunchyroll.com/welcome-to-demon-school-iruma-kun/episode-4-the-signal-that-the-harvest-festival-has-begun-872008","site":"Crunchyroll"},{"title":"Episode 3 - Iruma's True Feelings","thumbnail":"https://img1.ak.crunchyroll.com/i/spire1-tmb/d6c8221505c36f97f0be46720ca77ae91666435367_full.jpg","url":"http://www.crunchyroll.com/welcome-to-demon-school-iruma-kun/episode-3-irumas-true-feelings-872007","site":"Crunchyroll"},{"title":"Episode 2 - Master Bachiko","thumbnail":"https://img1.ak.crunchyroll.com/i/spire1-tmb/eaa57cf15ca7cbd2909a3a8b586758fb1665828568_full.jpg","url":"http://www.crunchyroll.com/welcome-to-demon-school-iruma-kun/episode-2-master-bachiko-872006","site":"Crunchyroll"},{"title":"Episode 1 - The Misfit Class's New Term","thumbnail":"https://img1.ak.crunchyroll.com/i/spire2-tmb/6722a1c1fc827dc070af00a2b4d4a4e21665225223_full.jpg","url":"http://www.crunchyroll.com/welcome-to-demon-school-iruma-kun/episode-1-the-misfit-classs-new-term-872005","site":"Crunchyroll"}],"rankings":[{"rank":231,"type":"RATED","context":"highest rated all time","year":null,"season":null},{"rank":25,"type":"RATED","context":"highest rated","year":2021,"season":null},{"rank":54,"type":"POPULAR","context":"most popular","year":2021,"season":null},{"rank":8,"type":"RATED","context":"highest rated","year":2021,"season":"SPRING"},{"rank":14,"type":"POPULAR","context":"most popular","year":2021,"season":"SPRING"}],"mediaListEntry":null,"reviews":[{"id":14187,"score":100,"summary":"Iruma-kun 2 is fantastic","body":"tl;dr: Watch the damn show. It is fantastic. \nI knew this would happen. I purposely waited for this to finish airing completely because I just knew it would be that good. Boy could I not put it down. Mairimashita! Iruma-kun 2 compeltely met my expectations, and then blew them out of the water. One of the best ways I've seen Mairimashita descirbed is as a comfy saturday morning cartoon. And I completely get that and agree with it. The show has quite a simple and silly plot, super silly character, and silly interactions that almost make you feel like you could have watched this show when you were seven years old. Do not be fooled though. Under that guise of a cutesy anime we have extremely well written story and characters. Season one was pretty exceptional in my opinion, yet season two still blew it out of the park. There was not a single dull moment in this season. I literally found myself watching episode after episode dying to figure out what happens next. One of the most surprising things to me was just how well Iruma developed as a character. Through meeting several demons, a nice romance subplot, the father figure that sullivan is, we see Iruma seriously blossoming in this season. Arguably the best thing about this season is the extra side of Iruma that is shown. Without spoiling it, I think it was my favorite moment of the season. I really hope we can see more of Iruma like this in the future as it created so many interesting moments.There is pay off after pay off and I love it so much. The fun and goofy moments perfectly satisyfy my sweet tooth, while the more serious moments scattered across the show provide a perfect break from that sweetness. One of the greatest things about this show for me personally is the romance subplot. As a big fan of romance in general, I can appreicate when the romance isn't overdone, poorly written, and too cheesy. The final thing I seriously appreciate about this one is how well written the side characters are. Each side character truley has a purpose and is their own person. At no point does it feel that a side character is there purely for fluff or to make Iruma look better in any way. They all have their own ambitions and their own way of growing throughout this season as well. Stuff that like really is what pushes an anime up to greatness. Mairimashita Iruma-kun 2 is genuinely an example of a perfect anime and gets a perfect score from me. I know I'm not the only one who enjoyed this anime to this extent. I would very much so be interested in hearing what other peoples favorite moment was. Overall I'm very much looking forward to season three and I sincerely hope more people watch this show."}],"siteUrl":"https://anilist.co/anime/116338","autoCreateForumThread":false,"modNotes":null,"stats":{"scoreDistribution":[{"score":10,"amount":78},{"score":20,"amount":32},{"score":30,"amount":77},{"score":40,"amount":143},{"score":50,"amount":523},{"score":60,"amount":1185},{"score":70,"amount":4517},{"score":80,"amount":9277},{"score":90,"amount":6720},{"score":100,"amount":3618}],"statusDistribution":[{"status":"CURRENT","amount":8144},{"status":"PLANNING","amount":16525},{"status":"COMPLETED","amount":40745},{"status":"DROPPED","amount":1156},{"status":"PAUSED","amount":2191}]},"isRecommendationBlocked":false,"recommendations":[{"mediaRecommendation":{"id":111428,"title":{"romaji":"Maou-jou de Oyasumi","english":"Sleepy Princess in the Demon Castle","native":"魔王城でおやすみ","userPreferred":"Maou-jou de Oyasumi"},"type":"ANIME"}},{"mediaRecommendation":{"id":9919,"title":{"romaji":"Ao no Exorcist","english":"Blue Exorcist","native":"青の祓魔師","userPreferred":"Ao no Exorcist"},"type":"ANIME"}},{"mediaRecommendation":{"id":2993,"title":{"romaji":"Rosario to Vampire","english":"Rosario + Vampire","native":"ロザリオとバンパイア","userPreferred":"Rosario to Vampire"},"type":"ANIME"}},{"mediaRecommendation":{"id":3588,"title":{"romaji":"Soul Eater","english":"Soul Eater","native":"ソウルイーター","userPreferred":"Soul Eater"},"type":"ANIME"}},{"mediaRecommendation":{"id":4192,"title":{"romaji":"Hayate no Gotoku!!","english":"Hayate the Combat Butler!!","native":"ハヤテのごとく！！","userPreferred":"Hayate no Gotoku!!"},"type":"ANIME"}},{"mediaRecommendation":{"id":2026,"title":{"romaji":"Hayate no Gotoku!","english":"Hayate the Combat Butler","native":"ハヤテのごとく！","userPreferred":"Hayate no Gotoku!"},"type":"ANIME"}},{"mediaRecommendation":{"id":1604,"title":{"romaji":"Katekyou Hitman REBORN!","english":"REBORN!","native":"家庭教師ヒットマンREBORN!","userPreferred":"Katekyou Hitman REBORN!"},"type":"ANIME"}},{"mediaRecommendation":{"id":469,"title":{"romaji":"Karin","english":"Karin: Chibi Vampire","native":"かりん","userPreferred":"Karin"},"type":"ANIME"}},{"mediaRecommendation":{"id":21804,"title":{"romaji":"Saiki Kusuo no Ψ-nan","english":"The Disastrous Life of Saiki K.","native":"斉木楠雄のΨ難","userPreferred":"Saiki Kusuo no Ψ-nan"},"type":"ANIME"}},{"mediaRecommendation":{"id":21269,"title":{"romaji":"SERVAMP","english":"SERVAMP","native":"SERVAMP","userPreferred":"SERVAMP"},"type":"ANIME"}},{"mediaRecommendation":{"id":15809,"title":{"romaji":"Hataraku Maou-sama!","english":"The Devil is a Part-Timer!","native":"はたらく魔王さま!","userPreferred":"Hataraku Maou-sama!"},"type":"ANIME"}},{"mediaRecommendation":{"id":2104,"title":{"romaji":"Seto no Hanayome","english":"My Bride is a Mermaid","native":"瀬戸の花嫁","userPreferred":"Seto no Hanayome"},"type":"ANIME"}},{"mediaRecommendation":{"id":112301,"title":{"romaji":"Maou Gakuin no Futekigousha: Shijou Saikyou no Maou no Shiso, Tensei shite Shison-tachi no Gakkou e Kayou","english":"The Misfit of Demon King Academy: History’s Strongest Demon King Reincarnates and Goes to School with His Descendants","native":"魔王学院の不適合者 ～史上最強の魔王の始祖、転生して子孫たちの学校へ通う～","userPreferred":"Maou Gakuin no Futekigousha: Shijou Saikyou no Maou no Shiso, Tensei shite Shison-tachi no Gakkou e Kayou"},"type":"ANIME"}},{"mediaRecommendation":{"id":107490,"title":{"romaji":"Machikado Mazoku","english":"The Demon Girl Next Door","native":"まちカドまぞく","userPreferred":"Machikado Mazoku"},"type":"ANIME"}},{"mediaRecommendation":{"id":20755,"title":{"romaji":"Ansatsu Kyoushitsu","english":"Assassination Classroom","native":"暗殺教室","userPreferred":"Ansatsu Kyoushitsu"},"type":"ANIME"}},{"mediaRecommendation":{"id":21170,"title":{"romaji":"Ansatsu Kyoushitsu 2","english":"Assassination Classroom 2","native":"暗殺教室 2","userPreferred":"Ansatsu Kyoushitsu 2"},"type":"ANIME"}},{"mediaRecommendation":{"id":118103,"title":{"romaji":"Kyuuketsuki Sugu Shinu","english":"The Vampire Dies in No Time","native":"吸血鬼すぐ死ぬ","userPreferred":"Kyuuketsuki Sugu Shinu"},"type":"ANIME"}},{"mediaRecommendation":{"id":21459,"title":{"romaji":"Boku no Hero Academia","english":"My Hero Academia","native":"僕のヒーローアカデミア","userPreferred":"Boku no Hero Academia"},"type":"ANIME"}},{"mediaRecommendation":{"id":20431,"title":{"romaji":"Hoozuki no Reitetsu","english":"Hozuki's Coolheadedness","native":"鬼灯の冷徹","userPreferred":"Hoozuki no Reitetsu"},"type":"ANIME"}},{"mediaRecommendation":{"id":10216,"title":{"romaji":"Yondemasu yo, Azazel-san. (TV)","english":"You're Being Summoned, Azazel","native":"よんでますよ、アザゼルさん。","userPreferred":"Yondemasu yo, Azazel-san. (TV)"},"type":"ANIME"}},{"mediaRecommendation":{"id":860,"title":{"romaji":"Makai Senki Disgaea","english":"Netherworld Battle Chronicle: Disgaea","native":"魔界戦記ディスガイア","userPreferred":"Makai Senki Disgaea"},"type":"ANIME"}},{"mediaRecommendation":{"id":100714,"title":{"romaji":"Jashin-chan Dropkick","english":"Dropkick on My Devil!","native":"邪神ちゃんドロップキック","userPreferred":"Jashin-chan Dropkick"},"type":"ANIME"}},{"mediaRecommendation":{"id":853,"title":{"romaji":"Ouran Koukou Host Club","english":"Ouran High School Host Club","native":"桜蘭高校ホスト部","userPreferred":"Ouran Koukou Host Club"},"type":"ANIME"}},{"mediaRecommendation":{"id":130706,"title":{"romaji":"Akuma-kun (ONA)","english":"Akuma Kun","native":"悪魔くん (ONA)","userPreferred":"Akuma-kun (ONA)"},"type":"ANIME"}},{"mediaRecommendation":{"id":166522,"title":{"romaji":"Hime-sama, \"Goumon\" no Jikan desu","english":"'Tis Time for \"Torture,\" Princess","native":"姫様“拷問”の時間です","userPreferred":"Hime-sama, \"Goumon\" no Jikan desu"},"type":"ANIME"}}]}