{"id":116674,"idMal":41467,"title":{"romaji":"BLEACH: Sennen Kessen-hen","english":"BLEACH: Thousand-Year Blood War","native":"BLEACH 千年血戦篇","userPreferred":"BLEACH: Sennen Kessen-hen"},"format":"TV","status":"FINISHED","episodes":13,"description":"Was it all just a coincidence, or was it inevitable?\n<br><br>\nIchigo Kurosaki gained the powers of a Soul Reaper through a chance encounter. As a Substitute\nSoul Reaper, Ichigo became caught in the turmoil of the Soul Society, a place where deceased\nsouls gather. But with help from his friends, Ichigo overcame every challenge to become even\nstronger.\n<br><br>\nWhen new Soul Reapers and a new enemy appear in his hometown of Karakura, Ichigo jumps\nback into the battlefield with his Zanpakuto to help those in need. Meanwhile, the Soul Society\nis observing a sudden surge in the number of Hollows being destroyed in the World of the Living.\nThey also receive separate reports of residents in the Rukon District having gone missing. Finally,\nthe Seireitei, home of the Soul Reapers, comes under attack by a group calling themselves the\nWandenreich.\n<br><br>\nLed by Yhwach, the father of all Quincies, the Wandenreich declare war against the Soul Reapers\nwith the following message: <i>\"Five days from now, the Soul Society will be annihilated by the\nWandenreich.\"</i>\n<br><br>\nThe history and truth kept hidden by the Soul Reapers for a thousand long years is finally brought\nto light.\n<br><br>\nAll things must come to an end as Ichigo Kurosaki's final battle begins!","startDate":{"year":2022,"month":10,"day":11},"endDate":{"year":2022,"month":12,"day":27},"season":"FALL","seasonYear":2022,"duration":24,"countryOfOrigin":"JP","isLicensed":true,"source":"MANGA","hashtag":"#BLEACH_anime #BLEACHTYBW","trailer":"https://www.youtube.com/watch?v=fzR82oXbjnY","updatedAt":1706296612,"coverImage":{"large":"https://s4.anilist.co/file/anilistcdn/media/anime/cover/large/bx116674-p3zK4PUX2Aag.jpg","medium":"https://s4.anilist.co/file/anilistcdn/media/anime/cover/medium/bx116674-p3zK4PUX2Aag.jpg","small":"https://s4.anilist.co/file/anilistcdn/media/anime/cover/small/bx116674-p3zK4PUX2Aag.jpg","color":"#e45043"},"bannerImage":"https://s4.anilist.co/file/anilistcdn/media/anime/banner/116674-l2YlIyJzvGSV.jpg","genres":["Action","Adventure","Supernatural"],"synonyms":["بليتش: حرب الألف سنة الدموية","Bleach: La guerre sanglante de mille ans"],"averageScore":88,"meanScore":88,"favourites":7693,"popularity":113857,"trending":4,"tags":[{"id":111,"name":"War","isMediaSpoiler":false},{"id":43,"name":"Swordplay","isMediaSpoiler":false},{"id":56,"name":"Shounen","isMediaSpoiler":false},{"id":66,"name":"Super Power","isMediaSpoiler":false},{"id":82,"name":"Male Protagonist","isMediaSpoiler":false},{"id":85,"name":"Tragedy","isMediaSpoiler":true},{"id":94,"name":"Gore","isMediaSpoiler":false},{"id":147,"name":"Afterlife","isMediaSpoiler":false},{"id":639,"name":"Body Horror","isMediaSpoiler":false},{"id":636,"name":"Cosmic Horror","isMediaSpoiler":true},{"id":321,"name":"Urban Fantasy","isMediaSpoiler":false},{"id":285,"name":"Terrorism","isMediaSpoiler":false},{"id":326,"name":"Cultivation","isMediaSpoiler":false},{"id":1091,"name":"Religion","isMediaSpoiler":false},{"id":208,"name":"Mythology","isMediaSpoiler":false},{"id":153,"name":"Time Skip","isMediaSpoiler":true},{"id":931,"name":"Tomboy","isMediaSpoiler":false},{"id":90,"name":"CGI","isMediaSpoiler":false},{"id":1068,"name":"Angels","isMediaSpoiler":true}],"relations":[{"id":30012,"title":{"english":"Bleach","native":"BLEACH","romaji":"BLEACH","userPreferred":"BLEACH"},"type":"MANGA"},{"id":269,"title":{"english":"Bleach","native":"BLEACH","romaji":"BLEACH","userPreferred":"BLEACH"},"type":"ANIME"},{"id":142033,"title":{"english":"Rapport","native":"Rapport","romaji":"Rapport","userPreferred":"Rapport"},"type":"ANIME"},{"id":159322,"title":{"english":"BLEACH: Thousand-Year Blood War - The Separation","native":"BLEACH 千年血戦篇-訣別譚-","romaji":"BLEACH: Sennen Kessen-hen - Ketsubetsu-tan","userPreferred":"BLEACH: Sennen Kessen-hen - Ketsubetsu-tan"},"type":"ANIME"}],"characters":[{"id":5,"name":"Ichigo Kurosaki"},{"id":6,"name":"Rukia Kuchiki"},{"id":1086,"name":"Sousuke Aizen"},{"id":906,"name":"Renji Abarai"},{"id":575,"name":"Yasutora Sado"},{"id":1080,"name":"Grimmjow Jaegerjaquez"},{"id":564,"name":"Uryuu Ishida"},{"id":7,"name":"Orihime Inoue"},{"id":1083,"name":"Ryuuken Ishida"},{"id":2553,"name":"Isshin Kurosaki"},{"id":210,"name":"Kisuke Urahara"},{"id":71949,"name":"Jugram Haschwalth"},{"id":165028,"name":"Pernida  Parnkgjas"},{"id":5726,"name":"Genryuusai Yamamoto"},{"id":4730,"name":"Nelliel Tu Oderschvank"},{"id":7059,"name":"Isane Kotetsu"},{"id":904,"name":"Rangiku Matsumoto"},{"id":1151,"name":"Ikkaku Madarame"},{"id":3217,"name":"Tier Harribel"},{"id":3911,"name":"Yumichika Ayasegawa"},{"id":5727,"name":"Choujiro Sasakibe"},{"id":2161,"name":"Hanatarou Yamada"},{"id":1093,"name":"Izuru Kira"},{"id":5728,"name":"Marechiyo Oomaeda"},{"id":1092,"name":"Momo Hinamori"}],"staff":[{"id":96880,"name":"Tite Kubo"},{"id":119841,"name":"Tomohisa Taguchi"},{"id":119841,"name":"Tomohisa Taguchi"},{"id":101891,"name":"Masashi Kudou"},{"id":100147,"name":"Shirou Sagisu"},{"id":211516,"name":"Masashi Itou"},{"id":106857,"name":"Masaki Hiramatsu"},{"id":134960,"name":"Yukio Hasegawa"},{"id":148166,"name":"Kiyoshi Komatsubara"},{"id":148683,"name":"Kumiko Takayanagi"},{"id":131330,"name":"Satoshi Sakai"},{"id":131330,"name":"Satoshi Sakai"},{"id":128822,"name":"Yoshihiro Kanno"},{"id":128822,"name":"Yoshihiro Kanno"},{"id":230051,"name":"Young-Hoon Jeong"},{"id":230051,"name":"Young-Hoon Jeong"},{"id":120014,"name":"Yoshio Tanioka"},{"id":125367,"name":"Toshiki Amada"},{"id":163008,"name":"Saori Gouda"},{"id":142580,"name":"Akinori  Mishima"},{"id":140950,"name":"Kazuhiro Yamada "},{"id":255967,"name":"Kazushi Gotou"},{"id":156904,"name":"Toshihiro Sasaki"},{"id":119896,"name":"Yukio Nagasaki"},{"id":223891,"name":"Sadahiko Tominaga"}],"studios":[{"id":1,"name":"Studio Pierrot","isAnimationStudio":true},{"id":6570,"name":"Shueisha","isAnimationStudio":false},{"id":16,"name":"TV Tokyo","isAnimationStudio":false},{"id":53,"name":"Dentsu","isAnimationStudio":false},{"id":17,"name":"Aniplex","isAnimationStudio":false}],"isFavourite":false,"isAdult":false,"isLocked":false,"nextAiringEpisode":null,"airingSchedule":[{"airingAt":1665414000,"timeUntilAiring":-40884914,"episode":1},{"airingAt":1666018800,"timeUntilAiring":-40280114,"episode":2},{"airingAt":1666623600,"timeUntilAiring":-39675314,"episode":3},{"airingAt":1667228400,"timeUntilAiring":-39070514,"episode":4},{"airingAt":1667833200,"timeUntilAiring":-38465714,"episode":5},{"airingAt":1668438000,"timeUntilAiring":-37860914,"episode":6},{"airingAt":1669042800,"timeUntilAiring":-37256114,"episode":7},{"airingAt":1669647600,"timeUntilAiring":-36651314,"episode":8},{"airingAt":1670252400,"timeUntilAiring":-36046514,"episode":9},{"airingAt":1670857200,"timeUntilAiring":-35441714,"episode":10},{"airingAt":1671462000,"timeUntilAiring":-34836914,"episode":11},{"airingAt":1672066800,"timeUntilAiring":-34232114,"episode":12},{"airingAt":1672066800,"timeUntilAiring":-34232114,"episode":13}],"trends":[{"date":1584457200,"trending":610,"popularity":0,"inProgress":null},{"date":1584543600,"trending":1188,"popularity":0,"inProgress":null},{"date":1584630000,"trending":288,"popularity":911,"inProgress":16},{"date":1584716400,"trending":272,"popularity":1892,"inProgress":34},{"date":1584802800,"trending":196,"popularity":2180,"inProgress":42},{"date":1584889200,"trending":117,"popularity":2476,"inProgress":45},{"date":1584975600,"trending":70,"popularity":2663,"inProgress":47},{"date":1585062000,"trending":62,"popularity":2784,"inProgress":48},{"date":1585148400,"trending":34,"popularity":2866,"inProgress":53},{"date":1585234800,"trending":41,"popularity":2937,"inProgress":52},{"date":1585321200,"trending":44,"popularity":2988,"inProgress":52},{"date":1585407600,"trending":41,"popularity":3056,"inProgress":54},{"date":1585494000,"trending":40,"popularity":3115,"inProgress":53},{"date":1585580400,"trending":32,"popularity":3226,"inProgress":56},{"date":1585666800,"trending":27,"popularity":3226,"inProgress":56},{"date":1585753200,"trending":29,"popularity":3268,"inProgress":58},{"date":1585839600,"trending":23,"popularity":3312,"inProgress":58},{"date":1585926000,"trending":25,"popularity":3353,"inProgress":58},{"date":1586012400,"trending":34,"popularity":3384,"inProgress":60},{"date":1586098800,"trending":47,"popularity":3424,"inProgress":59},{"date":1586185200,"trending":28,"popularity":3552,"inProgress":61},{"date":1586271600,"trending":19,"popularity":3613,"inProgress":61},{"date":1586358000,"trending":20,"popularity":3648,"inProgress":61},{"date":1586444400,"trending":24,"popularity":3648,"inProgress":61},{"date":1586530800,"trending":14,"popularity":3713,"inProgress":61}],"externalLinks":["https://twitter.com/bleachanimation","https://bleach-anime.com/","https://www.instagram.com/bleach_official_anime/","https://www.bilibili.tv/en/media/2069614","https://www.youtube.com/playlist?list=PLxSscENEp7Jg3pUga3XbHeMfWLXRMGVQY","https://www.hulu.com/series/bleach-thousand-year-blood-war-02a3c8c0-4f1d-4610-bbb4-5b8e9468d7b1","https://www.disneyplus.com/series/bleach-thousand-year-blood-war/4Afet1Q421gy","https://www.primevideo.com/detail/0U0SHH4OQIO8SD6GXYWX93N24X/","https://www.starplus.com/series/bleach-thousand-year-blood-war/4Afet1Q421gy","https://www.netflix.com/title/70204957","https://www.tiktok.com/@bleachanimation"],"streamingEpisodes":[],"rankings":[{"rank":13,"type":"RATED","context":"highest rated all time","year":null,"season":null},{"rank":334,"type":"POPULAR","context":"most popular all time","year":null,"season":null},{"rank":2,"type":"RATED","context":"highest rated","year":2022,"season":null},{"rank":18,"type":"POPULAR","context":"most popular","year":2022,"season":null},{"rank":1,"type":"RATED","context":"highest rated","year":2022,"season":"FALL"},{"rank":8,"type":"POPULAR","context":"most popular","year":2022,"season":"FALL"}],"mediaListEntry":null,"reviews":[{"id":19389,"score":100,"summary":"Love requited in full","body":"The Thousand Year Blood War is a story that I have read before, it’s a story that I have re-read even; that’s why in this analysis I aim to not only comment on elements which make bleach a fantastic story, but also comment on what this adaptation does to enhance it.\n\n~~~img(https://cdn.discordapp.com/attachments/862727365732991007/1046834024313802752/image.png)~~~\n\n# The Poems\n\nIn the past few years, a prevailing narrative within the community has been that Tite Kubo is an unskilled writer, and by extension, Bleach is a lackluster story. This was a point I never cared to argue against before, however, revisiting the world of soul reapers and magic swords through this anime has made it clear to me that these preconceptions are unsubstantiated, it just takes a little effort to uncover Kubo’s strengths as a writer.\n\nThe poems are the first little thing that the team behind this anime adaptation uses to show that they truly understand Kubo’s style.\n\nIf you’re a manga reader you might have noticed that every volume begins with a poem which gives a hint to what you are about to see. Not only do these old poems show up to replace the usual episode previews, the care has been taken to include new poems written by Kubo so that each episode can feature one. These poems betray Kubo’s sensibilities and they are the first step to seeing how the writing in Bleach is more like poetry, full of metaphors and symbolism.\n\n~~~img(https://cdn.discordapp.com/attachments/862727365732991007/1056982613950214194/image.png)~~~\n\n# The Battle\n\nOne of the most frequent themes of Bleach is that through conflict people can reach an understanding. This is often exemplified through Ichigo and his fights against Aizen, Byakuya, and Ginjo, to name just a few. It’s no surprise that for the final arc of the story this theme would make a return in its most extreme form yet, through the battle between Kenpachi Zaraki and Yachiru Unohana, this is **the battle**.\n\nThis exchange of sadistic sword swinging and murderous maiming maneuvers is in fact the deepest display of affection that this anime has to offer. This duel plays out with enough passion to make me shudder even now after seeing it happen so many times before. The battle delivers scenes unlike anything I have seen from a shounen anime despite it not looking as flashy as what the competition is offering. In moments like these you learn to appreciate the brilliant direction put on display, the choreography, and the sound design, everything coming together to form one of the most memorable scenes of the genera. \n\n~~~img(https://cdn.discordapp.com/attachments/862727365732991007/1051896074463367208/image.png)~~~\n\nThese two characters who are seemingly polar opposites are in fact so perfect for each other that they cannot help but to destroy themselves, the only scars that hurt are the ones they gave each other. The understanding I mentioned earlier reaches its most heightened state in the brief moments before Unohana’s life is taken. The dreamlike image of two skeletons duking it out in battle evokes the meaning of the fight, __two people locked in a deadly trance which strips them to their most base forms, unchained from any limit__. It’s only after Zaraki awakens that we break away from this imagery. \n\nAll throughout this encounter Unohana has been stronger, more powerful, more agile, but when the battle reaches its climax, they are finally on a level playing field. Their monologues merge into a dialogue, and they achieve a perfect state where they can communicate almost telepathically, simply by exchanging blows. In the end it’s the strength they both sought that gives them their purest moment of bliss and also takes them away from the only person who could match them.\n\nI used to interpret the passion of this fight as two lovers in a self-destructive dance, now through the anime I can also see a motherly love coming from Unohana, her life culminating in this final trial where she gives all she had to awaken the true Kenpachi.\n\n~~~img(https://cdn.discordapp.com/attachments/862727365732991007/1051901299773427835/image.png)~~~\n\n# The Rain\n\nThis is the all-encompassing element of Bleach. **Sadness embodied**.\n\nEvery crucial moment of this story has been enveloped by the cold mantle of rain; I don’t even have to name them because I’m sure some have already sprung to your mind. \n\nTo see everything but the rain is to see only the happy moments of life, but sadly not us nor the characters in Bleach can escape the rain forever. Its uncomfortable, it might challenge us, but enduring the rain is what makes us grow. When Ichigo is thrown out of the soul society his entire sense of self is thrown into confusion, it’s only after he can face his past marred by the rain that he can reclaim the symbolic manifestations of his identity: his zanpakuto and the combat pass left with Ikumi. \n\n~~~img(https://cdn.discordapp.com/attachments/862727365732991007/1054457901462323241/image.png)~~~\n\n# The Fire\n\nSymbolically, fire can be seen as many different things, destruction, growth, purity, rebirth. I find that all of these meanings are represented perfectly within Yamamoto. He is the fire that defeated Yhwach’s army a thousand years ago, the same fire that nurtured the soul society and its Shinigami, and in the end, __the fire that burns out without resistance__ in the face of an overwhelming force. \n\nYamamoto’s demise was tragic, his mental fortitude flickering akin to a candle in the wind. He was far from perfect as someone like Mayuri would point out but he was the beacon which guided the Gotei 13, and now that his fire is gone it’s time for a new leader to rise from the ashes of war. Kyoraku’s promotion to head captain was something cleverly foreshadowed by the opening of this anime, and the direction of the anime works towards showing how intertwined his fate is with his old teacher. \n\nIn many ways his opposite, Kyoraku is forced to mature quickly, and pick up the mantle left by his predecessor, but that’s all I can say for now. The future will definitely test Kyoraku again and I will definitely be there to talk about it.\n\n~~~img(https://cdn.discordapp.com/attachments/862727365732991007/1041972475703070750/image.png)~~~\n\n# The Conclusion\n\nIn many ways I feel like the anime is filled with these small gestures of affection towards the original work. The poems, the battle, the rain, the fire. Every tiny thing converges to create a product which pays respect to the source material while also elevating it with a stellar directorial style and solid animation and music.\n\nI’ve been a fan of bleach for so long that I wasn’t sure if the anime could ever surpass my expectations, but I found that it managed to do much more than that, it has returned to me in equal all of the love which I’ve been pouring into it. I don’t have to live in fear of lost happiness because I know, __Bleach has come back__.\n\n~~~img(https://cdn.discordapp.com/attachments/862727365732991007/1057009203073523842/poem.PNG)\n~~~"},{"id":19396,"score":90,"summary":"The Glorious Return of The Strawberry","body":"~~~Img(https://i.postimg.cc/nLQpqJXQ/BA961169-A57-D-406-E-8-C40-C87731-A1-D748.png)\n\nₜₕₑ ₛₜᵣₐ᭙᥇ₑᵣᵣꪗ ᵣₑₜᵤᵣₙₛ\n\n_Bleach_ has a distinctive appeal that lies in its poetic and emotive narrative, its stylish battles, unique character designs and truly fascinating lore infused with all kinds of symbolism. The _Thousand Year Blood War_ arc portrays the compelling story of a never-ending dispute between 2 races determined to let their ideals prevail no matter the circumstances nor the consequences. 2 old leaders with a thousand year long history that resent each other to the heart, and also 2 of the younger generation who may have the opportunity to initiate dialogue, this time for good, and change things for the better. The anime adaptation certainly does justice to the original source and does not fail to show _Bleach_ at its best, as it entertains and embodies every aspect that makes it so beloved.\n\nimg(https://i.postimg.cc/wBwmDPHx/52-F97-D16-8983-48-C4-B42-D-3-FCFF2-A75-FDC.png)\n\nThe production and direction of the anime adaptation is outstanding. I love every single detail such as the newly written poems by Kubo at the end of each episode, the iconic title cards, the transitions between scenes and the brilliantly choreographed battles; everything that makes bleach feel unique is cleverly assembled to deliver a great experience to the spectator. The anime feels more like a passion project; the understanding and love of the production team for Kubo's original work is depicted in each scene and even in the smallest of details. Although, the pace and animation quality fluctuate especially in the first 2 to 4 episodes, from episode 5 onwards significant improvement is noticeable, there is consistency in the animation quality, and a new height is reached at episode 6:\n\n_The Fire_\n\nA true masterpiece, a brilliantly directed episode with movie quality production that continued to evoke all kinds of emotions within me, even after my second rewatch. It is the long awaited battle between Genryūsai Shigekuni Yamamoto and “Yhwach” the Quincy King, that many avid fans have longed for to see on the screens, it surely lives up to the hype. \n\nImg(https://i.postimg.cc/wxXjN6Pk/p.png)\n༺❁༻\n\n_Born in the dark_\n\nIf people thought _The Fire_ would be the highlight of the season they were wrong. It is followed by Episode 7: _Born in the dark_, another production masterpiece and absolute spectacle to the eye. It is the final battle of a brutal first invasion by the enemy army, a frenetic and emotional fight between Ichigo Kurosaki who lusts for revenge and the invader leader, Yhwach, who does not hesitate to bring down his opponent leaving him conflicted and completely hopeless.\n\nImg(https://i.postimg.cc/G3fBCktS/6-E781-AA0-3981-4906-A99-E-3-CF4-E84-FFF6-E-1-201-a.png)\n༺❁༻\n\n_The battle_\n\nOne of my favourite moments in the Thousand Year Blood War is adapted in both episodes 9: _The drop_ and episode 10: _The battle_. It is another long awaited moment beloved by many including myself, of 2 simple yet elaborate characters. Both seem polar opposites but in reality share the same twisted pleasure they experience during a fight to the death. An _“Ode to Battle”_ by Tite Kubo filled with imagery and symbolism, beautifully adapted into a frenzied but also romantic battle between the strongest. A blissful but yet tragic end to my favourite character in _Bleach_, _The first Kenpachi_, Yachiru Unohana.\n\nImg(https://i.postimg.cc/Y0fjyz8X/49-DCF699-4-EDF-4-D15-93-FD-C10-ACD59-FE05-1-201-a.jpg)\n༺❁༻\n\n_Nothing but the Rain_\n\n_June Truth & The Blade is Me_ somehow feel like the perfect closure to what has been the start of a brutal war. The anime delivers a beautiful flashback that made me shed tears. It is a captivating story to find oneself, a never told truth from the past that Ichigo Kurosaki needed to hear from his father to finally escape the rain, a recurring theme in _Bleach_ that symbolises pure sadness. He is now able to choose the right path and unlock his true potential, his determination will never waver.\n\nImg(https://i.postimg.cc/1Rw137Fb/4.jpg)\n༺❁༻\n\n__The scenery__\n\nOne thing I really appreciate are the new added scenes never seen before in the manga. We get to see an epic flashback from a 1000 years ago of the first battle between Shinigami and Quincy, as well as a close up reveal of the original _Gotei 13 Squad Captains_. It is such a pleasant surprise and honestly, Kubo is a master of the pen, his character designs are second to none.\n\nThe creative direction and especially the music production are wonderful. Remixing the OG OSTs was a brilliant move by Shiro Sagisu. The colour palettes chosen for each episode fit beautifully the tone of the events being displayed on the screen. You can really notice the change in atmosphere between each location and get totally immersed in the plot. The world of the living's night sky,  Hueco Mundo's eerie darkness, the imperial Soul Society (Seireitei), the ethereal Reiryoku, the mysterious white castle that is Silbern, and even the Garganta, all these locations look truly otherworldly and seem to not belong in the same anime. \n\nImg(https://i.postimg.cc/W45Kyp8g/47-C5162-F-3851-453-A-B823-CBAB963-E284-F.png)\n\n\n___The Conclusion___\n\nThe studio has promised better quality for the second cour of the final arc in 2023... I really cannot get more excited! I am very grateful to the staff and Tite Kubo for their hard work, artistic vision and determination to deliver this long awaited and beautiful project that has far surpassed my expectations and has reminded me of how much I love _Bleach_.\n\n༺❁༻~~~"},{"id":19410,"score":1,"summary":"just your classic Bleach review ","body":"Before we start with the actual review, there is important stuff to clear up. \nMe and Bleach were never good friends, so my Review can be a little harsh.\nI didn't read the manga, so I can't compare these, but it doesn't matter. (is what I thought) And because some Bleach fans don't know how to properly rate stuff, I need to keep the perfect balance when it comes to scoring.\n\nWithout further ado, let's start with one of the main characters in this series.\nRukia was shown for a total of 4 episodes out of 13.\nThat is something roughly between 1-2 minutes screen time. Which most she spent doing nothing. She said something while she was K.Od \nfrom not fighting anyone or anything. That basically sums up what she \"the main character\" was doing while her brother \"the sidecharacter\" was\nactually fighting.\n\nNow listen carefully, i ... shit ... you ... not. Throughout the whole anime, I didn't even notice they took Rukia with them. Like legit, they took her in that ball thing, I didn't even notice. She was in the water healing with them, but I was only looking at the boys for fan service purposes. When you think ok that's stupid no it gets even more quirky. I open up YT and get this as a recommendation youtube(https://www.youtube.com/watch?v=ybu63goqBFY&ab_channel=Pegaseus19m) \nThen three questions come into my mind. 1. Why didn't I read the manga, so I could shit on this way more? 2. Why wasn't this animated? 3. Why doesn't anilist allow negative scoring? Through \"reliable sources\" I got insight on the manga and can leave this statement uncommented: The bleach anime censors, changes or leaves stuff out which is fairly cringe. While it got better on the censor part, I'm not satisfied with the other two and probably never will.\n \nNext we get into some story. This might be spoiler so watch yourself.\nThere is this russian girl and I always forget her name. I think I will just call her Urahara, but that is the guy's name, so Unohana ? Doshana? Arohara something-hana it was. Her whole existence was pointless. She only lived to get devoured by the guy with the spiky hair, Jinpachi ? Whatever his name was. I thought her glow up was pretty cool, and I think in the manga it would  probably be way more emotional than the anime, but what do I know. Maybe she gets the ichigo treatment (Plotarmor for no reason and then getting healed by the fake Nami whatever her name was.) but probably not.\n\nLet's not forget this memorable moment as well. img(https://i.imgur.com/Jfo0hEI.png) When I saw this, I couldn't help but feel a little bad. It reminded me of the time I read berserk, a true masterpiece  compared to bleach, which is a truly bad anime. Sometimes the skeletons still appear in my nightmares, but that's to be expected from the immersive, flawless 3d animation. My only question is why didn't they warn me before so I could buy 3d glasses, it would've enchanted the experience tenfold.\n\nAnother part that I want to mention is Ichigos parent's backstory. Yeah, I know it's boring and no one really cares about him, but for  some reason he gets the most screen time, so I thought why not make an exception. Me and everyone who didn't read the manga easily predicted him to be Half-Hallow. When you saw his father fighting the black guy which is called white for some reason, you could easily predict that he had intercourse with it.\n\nSo far I only said bad things or to be more precise only the hard truth.\nLet me say one good thing, then. The grandpa guy was cool, Ryujinjakka or what his name was. The fight was cool, his flashbacks were cool. \nHis bankai was also cool. The fight all in all was the highlight of the anime.\n\nWith that I would like to thank you all and have a wonderful day"},{"id":19435,"score":100,"summary":"Bleach's Triumphant Return Makes Me Very Bubbly","body":"YES. \n\nAfter a long painful decade following the original 2004 anime’s abrupt cancellation in 2012 and the manga’s rushed conclusion, dealing with slander and mockery, Bleach finally returns to the limelight. Bleach fans have had it rough, not even able to tell others they were fans of the series in fear of being viciously mocked by fans of other anime.\n\nAnd above all else, the one I feel for the most during all this was Kubo himself. Weekly Shounen Jump is a brutal industry that eats up mangaka like Kubo and Togashi, (just to name a couple of victims) and poops out manga. Sitting at their desks, hunched over, for hours upon hours a day, barely eating and sleeping. It was a crippling, unsustainable lifestyle. \n\nIn Kubo’s case, drawing Bleach in such excruciatingly exquisite detail with very little rest in between chapters took a horrible toll on his body, ending up with such agonizing pain. Like Togashi before him with YuYu Hakusho, he was forced to hasten Bleach’s end with a tore crucial ligament in his arm. I really can’t blame him for how tragically sloppy Bleach ended, given his condition.\nI’m actually in awe that his amazing art never suffered any severe decline in quality in his condition. It was still amazing all the way until the end. It speaks volumes to his talent and endurance.\n\nAfter healing from his injury, Kubo took up work as a character designer on a RPG, and, after realising how lonely he was without his characters, made a spin-off manga of Bleach called Burn the Witch which expanded the Soul Society. This led him to creating the brilliant one-shot of Bleach’s Hell verse, further expanding on Bleach’s lore after the timeskip at the end of the manga.\nFinally, in November 2021, Bleach’s triumphant return was announced, thus the production of legendary manga’s final arc yet to be adapted began. And here we are in December 2022, following the conclusion of part 1 of the Thousand Year Blood War arc. It still feels surreal. \n\nAnimation – Even though I’m not a fan of Demon Slayer or any Ufotable series in general, I have to give them huge credit for setting a new standard for animation. Even Toei’s had to up their game after cutting corners on One Piece’s artstyle for many years until Demon Slayer exploded onto the scene. Studio Pierrot is no different. They brought their double A-game to Bleach’s Thousand Year Blood War arc. The shading was wonderfully dim, really fitting the sombre and serious tone they were aiming for. Characters have also been detailed exquisitely, really bringing Kubo’s artstyle to life. \n\nSound – The score was excellent, taking iconic pieces of Bleach’s sound and revamping them like Nothing can be Explained and Precipice of the Defeat. I absolutely loved all of the rebirth osts and the little twists the studio added to them. \n\nAction – Bleach’s bread and butter as a shounen battle manga and Studio Pierrot pulled through. Fast, hard-hitting, explosive and impactful; Studio Pierrot went all in animating some of the most spectacular fights in the series. Yamamoto’s swan song was given particular love. After waiting 10 years to see his Bankai in full motion, our expectations were absolutely met. It had fantastic build up, too, turning the black of night (when the Quincy invasion started) into scorching daylight, cracking Shunsui’s lips and rendering Toshiro’s stolen Bankai moot due to the moisture in the air being vaporized by Yamamoto’s immense power.\nIt was truly a sight to beheld. \n\nStudio Pierrot’s little touches – I loved all the little touches they added, like title cards appearing around the characters’ faces when they were first introduced. The anime exclusives are a great complement to the manga. Sasakibe was even given a backstory after he died, perfectly revealed right before the sternritter that killed him was about to unleash it on Yamamoto. It was portrayed beautifully and helped to shred context on their friendship. Sasakibe was Yamamoto’s long-time friend for over a millennium. It just makes his funeral, in hindsight, all the more saddening. \nSome fans were unhappy with the studio’s removal of Byakuya’s speech being cut in the anime, but I think that was done for the better. Yamamoto was already feeling despair, so letting silence reign here lends the mood of the scene that much more impact. The whole less is more thing. This is Kubo’s philosophy, which is why he gave the go-ahead for the cut happen. \n\nOther cuts include the removal of the comedic gags. This saddens me a bit, but I can understand. It’s much more difficult fitting in levity in an anime than it is in an manga. Had they tried, the tone might have become chaotic like Demon Slayer’s. Cutting out the comedic gags allows the serious moments to shine with much more weight and gravity.\n\nAnimation - 10/10\nArtstyle - 10/10\nScore - 10/10\nVoice-acting 10/10\n\nFinal score: 10/10   \t\t\n\nBleach is back and I'm very, very happy"},{"id":19454,"score":90,"summary":"The king is back. All part of Aizen's plan ofc.","body":"__Overview:\n__\n\nWell not going to go too in depth with any events due to it being quite the experience to enjoy a ride through. Might be a bit broken due to that but eh, feel like this is the best way to go about it lol. \n\nAfter a 10 year hiatus Bleach is back. They drop right into showing the face of our main man Yhwach and a smirking face. Followed by some warning lights informing everybody its about to get real real. However, that’s one the more to come, first they have to introduce our all too familiar gang with some flashiness and the number one remastered song version. \n\nIntroductions do not last long as we all know what this arc is going to be about… the Quincies. As such, Ichigo runs into the first instance of one as the midroll is about to play cutting to a disappearance of an entire district of people in Rukon district. It is all adding to the suspense and mystery of what is about to hit and hit hard… The first invasion. \n\nYhwach has had 1000 years of prep it shows they mean business. The quincies invade in and stir up some stuff with old man Yamamoto, killing the first divisions vice captain. With the vice captain warning that they are able to steal bankais. \n\nThis is all just a simple warning though, to show that when they come back all will perish by their hands… or so they believe. Quickly after Kurosaki and gang are called into Hueco Mundo to find out just what is going on. In Hueco Mundo the Arrancar are being killed and forced to make a choice of life or death with death being the only real answer. All this to further show how strong the Quincy are and flex their powers a bit before the true invasion against Soul Society. \n\nIchigo and gang are able to make it in somewhat timely fashion to save some but this is really to section off Ichigo to fight Quilge Opie as Soul Society feels the full force of the invasion. Anyways that is all the prelude type story that happens before the real story begins with pillars of light shine down upon Soul Society unleashing the Quincy forces in full.  As they come in it’s a one sided massacre, several known characters engage and many across the court guard squad start to fall. None able to make full use of their powers due to if they unleash bankai, it will be immediately stolen away. Granting a heavy one sided advantage towards the Quincy forced.\n\nAn advantage that lasts up until the point they piss off Yamamoto to the point of unleashing his power. Yamamoto believing it is as simple as he is too powerful for them to steal his bankai. Which would make sense… except its mislead in that they never truly understood the full power of his bankai, hence why they could steal it… but we know how that ends when Yhwach is finally done playing games. Before the end of this section some backstory of Yamamoto is given. Followed by an :rtusalute: and Ichigo showing up only to be knocked with his bankai snapped.\n\nThe Quincy time limit is up though, saving the Soul Society for the time being. They are all forced to return to where they came from. Leaving everything in shambles with the chain of command all stirred up with everything that is happening and what will shortly happen again if things are not adjusted accordingly. \n\nIntroduction to zero squad… the small squad that equals the entire firepower of the Soul Society, yes, including Yamamoto. They are simply beyond strong and are the ones in charge of defending the Soul King. The Soul King being the target of Aizen’s plan that was shot down by Ichigo and Urahara. Ichigo must go to them to restore his blade since resting will not restore a broken bankai as a broken bankai cannot be fixed. \n\nAs Ichigo is proceeding through the tasks required by the zero squad Kenpachi is to fight and unlock his real power. Kenpachi has to fight the original Kenpachi unleashing his mental limiter with all the questions related to his power answered, followed by a sad ending to a beloved person for it to happen. Through it he is finally able to wake up and unlock his true power and strength, able to hear his swords spirit and communicate with it. But to not spoil too much of this unveil wont be explaining much and gloss over it heh. \n\nWell back to Ichigo and his training, he is now able to take on his past self too [?] sort of, he has a vastly different thing compared to Kenpachi but is a past that he must face that related to him being a jack of all trades in order to gain his sword back. With the end of the season the forging of his new blade, hot off the forge. Tagged with other captains doing prep work to prepare for the second invasion that is to come sooner than later. \n\n__Visuals/Music:__\n\nVisuals are simply put, very well done. They are taking how good they were from the end of Bleach original run and building upon it. Every episode is near movie quality animation. However ther eis one thing that stands out very much and hopefully will be polished up come release of bluerays. That being the CG, it is not bad but could be a lot better. It is very apparent when used but tolerable. Wouldn’t take too much to polish it out and meld it in better and hopefully that is done on BD’s. Regular character designs and such like the backdrops, all clean and very well done. \n\nAt the end of each episode there is a Haiku that is prompted alongside a art piece to follow. Every art piece at the end relating to that episode in some way, mainly with it being of one of the characters or even several in that episode. Each art piece shown is background quality to keep it short. Well worth saving all 13 of them from this season. \n\nAs for the music, it builds upon the original soundtrack. None of the original is used but the entire OST got a remaster. Each piece being on par with original. No complaints and they are used appropriately. Placed when it is needed to better help the viewer get immersed or feel a certain type of emotion. No complaints from the remaster, both original and this one have their strengths and very little downsides. \n\n__Final Thoughts:__\n\nVery highly recommend to anybody that is interested in bleach. Those who have not seen bleach, well it’s a great time to start and catch up. Preferably skip the filler for the best experience. \n\nBleach has always been one of my all time favorite anime. Seeing it finally be taken off hiatus and have its final arc animated, and animated in this fashion is simply amazing. It has been done justice so far that’s for sure.\n\nKubo is said to be working closely with the production and will be adjusting or adding things along the way and that makes it all the better… here’s to hoping the ending will be properly shown as Kubo intended originally before getting shafted with the wrap up schedule. \n\nCharacters (main) – 5/5 \nCharacters (sub) – 5/5 \nEnjoyment – 5/5 \nVisuals – 4/5 \nMusic – 4/5 \nStory – 4/5\n\n```Overall Ratings - Rec: 5/5 Raw: 90%```"},{"id":23311,"score":95,"summary":"The Perfection of TYBW's first cour","body":"Bleach is a series that needs no introduction. It is known as one of the Big 3 for a reason. Over the past year, this series has become one of my favorite pieces of anime/manga of all time. One of the reasons I decided to start Bleach in the summer of 2022 is due to its next season being released two months later. So of course, I had binged the OG anime in no time flat. I even delved straight into the manga as soon as I was done, I enjoyed it THAT much. But this is not a review about that, it's about the greatness that Thousand Year Blood War's first cour has to offer (will be referring to it as TYBW going forward)\n\nFirst and foremost, the presentation is insane. Studio Pierrot was always a studio that could fumble their adaptations (Tokyo Ghoul, Black Clover, the first two seasons of Kingdom, etc.) I don't know what kind of crack they were on when they were animating this but this looks on par with movie-level productions. It still blows me away even after watching it for the third time since it first aired.\n\nThe story from the manga, while rushed near the end of its lifetime, was still great although I had wished some scenes be expanded upon. And hey what do you know this adaptation set out to stick to the source material well while expanding on what could have been done better. This could be attributed to Kubo being directly involved with the anime production as he has not been writing much over the past couple of years besides that Bleach one shot.\n\nScenes in the anime now have such a cinematic and emotional beat to them: take for instance the iconic \"Protect the Soul Society\" You can feel the dread Ichigo goes through while trying to help out. But my favorite part of this cour would HAVE to be Kenpachi vs Unohana. The fight itself is animated beautifully. The red and black background for Unohanas Bankai is the perfect stage for it. This rewatch made it hit hard. \n\nShirou Sagisu returns to compose the music for TYBW. His work is near perfection. All of the tracks in this are peak. I know him for his work on the Berserk anime and say what you will, the score of it has to be the best part of that experience.\n\nAlso, that ending is the actual PERFECT place to leave off at, Ichigo realizing he does not need the power of others and being able to rely on his untapped potential (with the great Number One song playing in the background) \n\nDid not plan to make this as complex as my Vinland review, just something to put out there to show my love for this adaptation/series! I am still debating whether I should give this a perfect score but I think for this review's sake, I'll keep it at the score I had it at since it originally finished."}],"siteUrl":"https://anilist.co/anime/116674","autoCreateForumThread":true,"modNotes":null,"stats":{"scoreDistribution":[{"score":10,"amount":307},{"score":20,"amount":52},{"score":30,"amount":74},{"score":40,"amount":138},{"score":50,"amount":350},{"score":60,"amount":634},{"score":70,"amount":2175},{"score":80,"amount":6046},{"score":90,"amount":14651},{"score":100,"amount":16848}],"statusDistribution":[{"status":"CURRENT","amount":15644},{"status":"PLANNING","amount":36192},{"status":"COMPLETED","amount":59364},{"status":"DROPPED","amount":870},{"status":"PAUSED","amount":1787}]},"isRecommendationBlocked":false,"recommendations":[{"mediaRecommendation":{"id":113415,"title":{"romaji":"Jujutsu Kaisen","english":"JUJUTSU KAISEN","native":"呪術廻戦","userPreferred":"Jujutsu Kaisen"},"type":"ANIME"}},{"mediaRecommendation":{"id":21,"title":{"romaji":"ONE PIECE","english":"ONE PIECE","native":"ONE PIECE","userPreferred":"ONE PIECE"},"type":"ANIME"}},{"mediaRecommendation":{"id":20,"title":{"romaji":"NARUTO","english":"Naruto","native":"NARUTO -ナルト-","userPreferred":"NARUTO"},"type":"ANIME"}},{"mediaRecommendation":{"id":101922,"title":{"romaji":"Kimetsu no Yaiba","english":"Demon Slayer: Kimetsu no Yaiba","native":"鬼滅の刃","userPreferred":"Kimetsu no Yaiba"},"type":"ANIME"}},{"mediaRecommendation":{"id":97940,"title":{"romaji":"Black Clover","english":"Black Clover","native":"ブラッククローバー","userPreferred":"Black Clover"},"type":"ANIME"}},{"mediaRecommendation":{"id":392,"title":{"romaji":"Yuu☆Yuu☆Hakusho","english":"Yu Yu Hakusho: Ghostfiles","native":"幽☆遊☆白書","userPreferred":"Yuu☆Yuu☆Hakusho"},"type":"ANIME"}},{"mediaRecommendation":{"id":1735,"title":{"romaji":"NARUTO: Shippuuden","english":"Naruto: Shippuden","native":"NARUTO -ナルト- 疾風伝","userPreferred":"NARUTO: Shippuuden"},"type":"ANIME"}},{"mediaRecommendation":{"id":20447,"title":{"romaji":"Noragami","english":"Noragami","native":"ノラガミ","userPreferred":"Noragami"},"type":"ANIME"}},{"mediaRecommendation":{"id":116673,"title":{"romaji":"BURN THE WITCH","english":"BURN THE WITCH","native":"BURN THE WITCH","userPreferred":"BURN THE WITCH"},"type":"ANIME"}},{"mediaRecommendation":{"id":11061,"title":{"romaji":"HUNTER×HUNTER (2011)","english":"Hunter x Hunter (2011)","native":"HUNTER×HUNTER (2011)","userPreferred":"HUNTER×HUNTER (2011)"},"type":"ANIME"}},{"mediaRecommendation":{"id":154,"title":{"romaji":"Shaman King","english":"Shaman King","native":"シャーマンキング","userPreferred":"Shaman King"},"type":"ANIME"}},{"mediaRecommendation":{"id":1482,"title":{"romaji":"D.Gray-man","english":"D.Gray-man","native":"ディー・グレイマン","userPreferred":"D.Gray-man"},"type":"ANIME"}},{"mediaRecommendation":{"id":9919,"title":{"romaji":"Ao no Exorcist","english":"Blue Exorcist","native":"青の祓魔師","userPreferred":"Ao no Exorcist"},"type":"ANIME"}},{"mediaRecommendation":{"id":8247,"title":{"romaji":"BLEACH: Jigoku-hen","english":"Bleach the Movie: Hell Verse","native":"BLEACH 地獄篇","userPreferred":"BLEACH: Jigoku-hen"},"type":"ANIME"}},{"mediaRecommendation":{"id":145064,"title":{"romaji":"Jujutsu Kaisen 2nd Season","english":"JUJUTSU KAISEN Season 2","native":"呪術廻戦 第2期","userPreferred":"Jujutsu Kaisen 2nd Season"},"type":"ANIME"}},{"mediaRecommendation":{"id":128893,"title":{"romaji":"Jigokuraku","english":"Hell’s Paradise","native":"地獄楽","userPreferred":"Jigokuraku"},"type":"ANIME"}},{"mediaRecommendation":{"id":97938,"title":{"romaji":"BORUTO: NARUTO NEXT GENERATIONS","english":"Boruto: Naruto Next Generations","native":"BORUTO-ボルト- NARUTO NEXT GENERATIONS","userPreferred":"BORUTO: NARUTO NEXT GENERATIONS"},"type":"ANIME"}},{"mediaRecommendation":{"id":169362,"title":{"romaji":"BURN THE WITCH #0.8","english":"BURN THE WITCH #0.8","native":"BURN THE WITCH #0.8","userPreferred":"BURN THE WITCH #0.8"},"type":"ANIME"}}]}