{"id":125869,"idMal":43760,"title":{"romaji":"Hikari no Ou","english":"The Fire Hunter","native":"火狩りの王","userPreferred":"Hikari no Ou"},"format":"TV","status":"FINISHED","episodes":10,"description":"Outside the magical barriers lies a world overrun by fiery beasts known as Flame Demons, and the only ones who can protect humanity are the Fire Hunters. In the dark woods where the beasts roam is where Touko, a young villager, is rescued from attack by one of these skilled trackers, Koushi. But their meeting was no accident, and a new destiny begins. <br>\n<br>\n(Source: Crunchyroll)","startDate":{"year":2023,"month":1,"day":14},"endDate":{"year":2023,"month":3,"day":18},"season":"WINTER","seasonYear":2023,"duration":24,"countryOfOrigin":"JP","isLicensed":true,"source":"OTHER","hashtag":"#火狩りの王","trailer":"https://www.youtube.com/watch?v=nkBeXGAFCvU","updatedAt":1706177328,"coverImage":{"large":"https://s4.anilist.co/file/anilistcdn/media/anime/cover/large/bx125869-pR0WHBob195S.jpg","medium":"https://s4.anilist.co/file/anilistcdn/media/anime/cover/medium/bx125869-pR0WHBob195S.jpg","small":"https://s4.anilist.co/file/anilistcdn/media/anime/cover/small/bx125869-pR0WHBob195S.jpg","color":"#e4bbae"},"bannerImage":"https://s4.anilist.co/file/anilistcdn/media/anime/banner/125869-LY5Ee6ifOct5.jpg","genres":["Action","Adventure","Drama","Fantasy","Mystery"],"synonyms":null,"averageScore":61,"meanScore":62,"favourites":91,"popularity":14413,"trending":0,"tags":[{"id":98,"name":"Female Protagonist","isMediaSpoiler":false},{"id":93,"name":"Post-Apocalyptic","isMediaSpoiler":false},{"id":433,"name":"Animals","isMediaSpoiler":false},{"id":95,"name":"Steampunk","isMediaSpoiler":false},{"id":250,"name":"Rural","isMediaSpoiler":false},{"id":456,"name":"Conspiracy","isMediaSpoiler":false},{"id":85,"name":"Tragedy","isMediaSpoiler":false},{"id":654,"name":"Denpa","isMediaSpoiler":false}],"relations":[{"id":162842,"title":{"english":"The Fire Hunter Season 2","native":"火狩りの王 第2シーズン","romaji":"Hikari no Ou 2nd Season","userPreferred":"Hikari no Ou 2nd Season"},"type":"ANIME"}],"characters":[{"id":289308,"name":"Akira"},{"id":289309,"name":"Hinako"},{"id":289310,"name":"Koushi"},{"id":289311,"name":"Touko"},{"id":289312,"name":"Kira"},{"id":289313,"name":"Roroku"},{"id":290251,"name":"Kun"},{"id":36309,"name":"Narrator"},{"id":290257,"name":"Takimi"},{"id":290267,"name":"Sakuroku"},{"id":290266,"name":"Yuoshichi"},{"id":290263,"name":"Kaho"},{"id":290260,"name":"Enzen"},{"id":290264,"name":"Hibari"},{"id":290261,"name":"Haiju"},{"id":290256,"name":"Shouzou"},{"id":290259,"name":"Hitou"},{"id":290258,"name":"Hotaru"},{"id":290262,"name":"Benio"},{"id":290265,"name":"Hibana"},{"id":318037,"name":"Kanata"},{"id":317675,"name":"Yanagi"},{"id":317674,"name":"Kiri"},{"id":317673,"name":"Yururuho"}],"staff":[{"id":194341,"name":"Rieko Hinata"},{"id":102449,"name":"Akihiro Yamada"},{"id":101837,"name":"Junji Nishimura"},{"id":99097,"name":"Mamoru Oshii"},{"id":99097,"name":"Mamoru Oshii"},{"id":144019,"name":"Takuya Saitou"},{"id":144019,"name":"Takuya Saitou"},{"id":115781,"name":"Kazuchika Kise"},{"id":130405,"name":"Toshihisa Kaiya"},{"id":100304,"name":"Kenji Kawai"},{"id":118586,"name":"Kazuhiro Wakabayashi"},{"id":131189,"name":"Kazunori Ozawa"},{"id":142284,"name":"Gouichi Iwahata"},{"id":142284,"name":"Gouichi Iwahata"},{"id":144391,"name":"Mika Nakajima"},{"id":292693,"name":"Tomohiro Matsubara"},{"id":105312,"name":"Hiromasa Ogura"},{"id":174571,"name":"Youko Watanabe"},{"id":193339,"name":"Makiko Yamazaki"},{"id":193339,"name":"Makiko Yamazaki"},{"id":218981,"name":"Hideo Sakurai"},{"id":147676,"name":"Eiji Arai"},{"id":138562,"name":"Junichi Uematsu"},{"id":156200,"name":"Yukiko Kanno"},{"id":95090,"name":"Maaya Sakamoto"}],"studios":[{"id":33,"name":"WOWOW","isAnimationStudio":false},{"id":6101,"name":"Signal.MD","isAnimationStudio":true}],"isFavourite":false,"isAdult":false,"isLocked":false,"nextAiringEpisode":null,"airingSchedule":[{"airingAt":1673703000,"timeUntilAiring":-32498543,"episode":1},{"airingAt":1674307800,"timeUntilAiring":-31893743,"episode":2},{"airingAt":1674912600,"timeUntilAiring":-31288943,"episode":3},{"airingAt":1675517400,"timeUntilAiring":-30684143,"episode":4},{"airingAt":1676122200,"timeUntilAiring":-30079343,"episode":5},{"airingAt":1676727000,"timeUntilAiring":-29474543,"episode":6},{"airingAt":1677331800,"timeUntilAiring":-28869743,"episode":7},{"airingAt":1677936600,"timeUntilAiring":-28264943,"episode":8},{"airingAt":1678541400,"timeUntilAiring":-27660143,"episode":9},{"airingAt":1679146200,"timeUntilAiring":-27055343,"episode":10}],"trends":[{"date":1604502000,"trending":3,"popularity":0,"inProgress":null},{"date":1604588400,"trending":73,"popularity":0,"inProgress":null},{"date":1604674800,"trending":18,"popularity":26,"inProgress":null},{"date":1604761200,"trending":11,"popularity":83,"inProgress":null},{"date":1604847600,"trending":7,"popularity":116,"inProgress":1},{"date":1604934000,"trending":4,"popularity":122,"inProgress":1},{"date":1605020400,"trending":1,"popularity":128,"inProgress":1},{"date":1605106800,"trending":1,"popularity":131,"inProgress":1},{"date":1605193200,"trending":3,"popularity":131,"inProgress":1},{"date":1605279600,"trending":2,"popularity":133,"inProgress":1},{"date":1605366000,"trending":6,"popularity":136,"inProgress":1},{"date":1605452400,"trending":1,"popularity":139,"inProgress":1},{"date":1605538800,"trending":2,"popularity":140,"inProgress":1},{"date":1605625200,"trending":2,"popularity":140,"inProgress":1},{"date":1605711600,"trending":3,"popularity":142,"inProgress":1},{"date":1605798000,"trending":3,"popularity":145,"inProgress":1},{"date":1605884400,"trending":3,"popularity":148,"inProgress":1},{"date":1606057200,"trending":1,"popularity":151,"inProgress":1},{"date":1606230000,"trending":1,"popularity":153,"inProgress":1},{"date":1606489200,"trending":2,"popularity":155,"inProgress":1},{"date":1606575600,"trending":1,"popularity":157,"inProgress":1},{"date":1607439600,"trending":1,"popularity":163,"inProgress":1},{"date":1607612400,"trending":1,"popularity":167,"inProgress":1},{"date":1607785200,"trending":1,"popularity":169,"inProgress":1},{"date":1608303600,"trending":2,"popularity":171,"inProgress":1}],"externalLinks":["https://hikarinoou-anime.com/","https://twitter.com/HikarinoOuAnime","https://www.crunchyroll.com/series/GJ0H7Q5X9","https://www.iq.com/album/1vd3lccf4px"],"streamingEpisodes":[],"rankings":[],"mediaListEntry":{"id":318656734,"status":"PLANNING"},"reviews":[{"id":20311,"score":74,"summary":"A Cohesive, Deep Story, With Animation Shortcomings","body":"The moment I laid eyes on this show, I could immediately tell that veterans of the anime industry were working on this. The likes of Mamoru Oshii, and Junji Nishimura working on this left me having high expectations for this show, and it delivered, to some extent. The story telling and world building has a more older style to it, with it being more of a slow burn. It reminded me of the older Studio Ghibli films, like Princess Mononoke, with its forest settings. There was also a lot of world building and exposition, and while it made it a bit hard to keep up with everything at points, it was quite intriguing watching and listening to all the lore around the fire hunters and the changes of human civilization.\n\nUnfortunately, early on, there were signs of this show having a very limited budget, and I could tell with the shortcuts in the animation, the CG, and the unpolished designs. However, I will say the unpolished designs sort of worked for this type of show, and the line work was decent. It was a good effort, nonetheless, by studio Signal M.D. \n\nThe music was a very well executed aspect of the show, with the OST contributing to the overall ambience of the shots and settings. The OP and ED were both great as well, with the former being my favourite opening of the season.\n\nTo give you a gist of the show, it revolves around an industrial-esque world where human civilization is not driven by fire anymore, but lives in constant fear of it. However, there is hope to collect a new type of energy, with collecting stones that emit light and steam, which is the job for fire hunters.\n\nTouko, a young girl, is in trouble in the woods, and gets saved by a Fire Hunter, who sadly perishes saving her, leaving his dog, Kanata behind. She embarks on a journey to return Kanata to his relatives, along with his weapon. Meanwhile, Koushi, who is the Fire Hunter’s son, is adopted by a wealthy family, and in their mansion and in the outdoors, he learns truths about the history and lore about the Fire Hunters and royal family, and researches to try to save the world from its eventual demise. Their two paths start out separate at first, and slowly come together.\n\nThe show does get a little heavy on exposition, and it gets hard to follow at times, but it’s definitely intriguing. The execution of the lore telling might make the story a little boring at times, with its restricted use of animation, which constantly uses stills to tell the story. While the story is wholly interesting, the execution is a bit lacking. The characters seem more like vessels to tell a larger story, and while they have distinct personalities, there wasn’t much to break down from their interactions. They have their realisms around how they interact with the cruel world around them, but that’s about it.\n\nIf you value cohesive storytelling and world building a lot, this might be an anime you’ll enjoy. For me, while I did enjoy the storytelling and world building, but the animation ultimately did take away from some of my enjoyment here. There was some good ambience, background shots, and an excellent soundtrack as well. This adaptation basically tells me that the novel itself was quite amazing, and this adaptation gave it some movement to go along with it. In a mediocre season overall, this still ended up as one of the better shows of the season, and I would give this a light recommendation."},{"id":20312,"score":82,"summary":"The shadow on the wall is not just cast by fire – in this case, the shadow itself IS fire.","body":"~~~webm(https://www.sakugabooru.com/data/35e20d3b8decdaed8a16ead2f26cfaf3.mp4)~~~\n\nTo reside in *The Fire Hunter’s* world is to be perpetually afraid of something. Whether that something in particular is a Fiend that is running wild, or even your fellow man, it’s always present and looming. And it is easy to understand way; in the past, a terrible catastrophe struck humankind and made it so that humanity could no longer harness fire. Coming into proximity of it would lead to the body instantly burning, and if it should happen to occur within a group of many people…well, it doesn’t take much imagination to think about what could happen. And the show does not shy away on showing just how terrible it really is. The sea of black, red, and orange bathe the screen as people scream for the pain to stop, as though they were mere kindling that allows the fire to spread at an alarming rate. In a flash, everything could be gone. So, there’s only one option that seems sensible: cloister yourself from everyone else, and keep outside contact to a minimum. Choose loneliness.\n\nIt is this cloistering quality that makes *The Fire Hunter* a hard sell, both as a seasonal anime and as a general fantasy story. The idea of a sprawling world for our characters to explore and meet so many new faces (along with an equally-sprawling soundtrack) as they fight against a relatively clear-cut evil is traded away. Where is the sense of grand adventure? Instead, what we see and experience is an intense interiority, which allows for the series to develop some fantastic subtextual worldbuilding. Both in terms of the larger social structure and character relationships, there are constant layers to be unpacked and chewed on. Within the pods of villages that exist on the outskirts of the capital city and beyond, they had to learn to defend themselves against the possibility of the fire that could kill them, but they cannot survive purely on their own. A single village can only have access to so many resources, so it became necessary to create a commodity that can bring commerce of some kind (muku paper, or a paper to communicate with the gods, being the most-referenced in-show). \n\nThe world is thusly one that, as sequestered as a village might want to be, must rely on others for money, bartering, and liquid fire. And presiding over their safety from the Fiends are the Fire Hunters, the ones whose sickles and dogs kill Fiends for their golden blood to create a new source of light and heat. Whether as a village or as a villager, the ability to work determines one’s worth. With Fire Hunters acting as both guardian and harvester of the most-precious of all resources, they achieve a quasi-divine reverence among the people of the show’s universe.\n\nThis interplay between isolation, reliance, and the Fire Hunters’ guardianship is what brings us into the narrative proper, with Touko being in the wrong place at the wrong time. As a Fire Hunter sacrifices his own life in a forest to slay a Fiend so that Touko can live, she is subsequently marked by her own family and village as having committed a cardinal sin. She is regarded as a harbinger of misfortune, and must atone for, albeit indirectly, causing the Fire Hunter’s death. Such is the weight of the sin that her own sister wears a black mask as Touko boards the train, treating her as akin to an undesirable. And as a mere child, Touko is the most reluctant of reluctant heroes, perhaps bound more by a sense of duty to return Kanata and the Fire Hunter’s sickle to his family in the capital rather than any inner drive that she may have at the start. She boards the truck not knowing at all what awaits her, and the derisive attitudes of her home and any she might encounter on the way insinuate that the journey will be anything but pleasant, or safe for that matter. She’ll learn a lot as she travels on about the cold world around her.\n\n~~~webm(https://www.sakugabooru.com/data/77af0060e30a75e4ee0b18ca757819f8.mp4)~~~\n\nBut her journey of discovering is not one she undertakes alone. *The Fire Hunter* has another story move in parallel to Touko, that of Koushi, the now-orphaned son of a famed Fire Hunter who is taken in by a wealthy family in the capital. Gifted with a beautiful mind, he accepts the offer by the Okibis to escape the old life he once lived, along with having proper doctors look after his sister, in exchange for using that mind of his. There is apprehension about the current state of the world, and Okibi wants Koushi to figure out how to make like his father did and harness skyfire, an even-more-powerful substance from certain Fiends. Between the Fire Hunter’s death involving Touko and what Okibi is asking of Koushi, humanity seems to be hurrying its way to another conflict, and one that might have just as dire consequences for their existence. Moments of levity are few and far between; it is only when Okibi’s daughter Kira seems rather taken with Koushi, or one of the eventual brides-to-be on Touko’s train say something caustic, that the series allows itself to breathe for a moment. \n\nThe pieces move slowly and deliberately, almost like a mournful dance rather than a grand spectacle, best encapsulated by its aesthetic decisions. The series plays itself like a series of theatrical tableaux, both in terms of its emphasis on specific moments of heightened tension and in visual presentation. The soundtrack lacks any of the grand-sweeping orchestrations or soaring triumphs of brass, woodwinds, and strings with explosive percussion that we sometimes expect from the standard fantasy fare. Things are more brooding; the music adopts lower tones and murkier timbres as stringed instruments play in their lower registers and the percussion feels less broad and more echoed. It is meditative rather than epic. Complete with highly-stylized still-shots that deliberately contrast with the rest of the presentation, they read as a kind of contemporary spin on the famed “Dezaki postcard memory,” meant to signify either overtly or subtextually just how important or extreme a particular person or moment in time really is. The affect is that *The Fire Hunter* tends to be more suggestive than anime normally produces, with Nishimura Junji treating its world and Oshii Mamoru’s series composition of the original novels as museum pieces.\n\n~~~img550(https://cdn.discordapp.com/attachments/994559859859136592/1068953837991366717/hikarinoou.png)~~~\n\n#####~~~(This image of Kira is one of the few times that the series allows softer yellows and whites into the aesthetic, showing that her heart is, perhaps, one of the few points of light in a miserable world)~~~\n\nAnd nearly every painting in that museum is a breathing testament of misery and murkiness. The palette employed throughout the series is muted, as even the golden blood of the slain Fiends feels almost too dense and congealed to be “bright.” It is unnatural both in that sense and in the natural sense that we associate blood with red. Even when properly harnessed as either a source of light or heat in its yellow hue, that unnatural quality remains. The only real source of light comes from fire (which we know is the ultimate death sentence), the sun which is rarely shown, or in selective postcard memories. The use of setting and placement of the characters within it robs the world of its happiness, as though even the mere implication of fire and heat is something that must be avoided at all costs. Especially as the stories of Koushi and Touko continue on their way, it allows a real contrast between the higher-class house and its comforts that Koushi enjoys versus the cold, hard steel of Touko’s train or the shaded canopy of the forest she travels through. At times, it is intensely claustrophobic. At others, it feels so vast so as to feel that something is just wrong. Every inch of *The Fire Hunter* is tinged with something to be afraid of, no matter who is traveling with you, where you are, or what is waiting out there.\n\nI mentioned before that *The Fire Hunter* is a bit of a hard sell. Barring the fact that it’s only one season at present, its affect is, on some level, quite alienating, and the narrative runs thick (as do its infodumps). Yet, the unfolding mysteries about the Spiders, the Fiends, Okibi’s goal, Kira’s feelings, Touko’s quest, the divine clans, and many other things make a dystopic steampunk-esque fantasy that feels like more is constantly waiting to be unearthed. Its off-kilter form of presentation and animated character acting gives tension, repose, and rumination plenty of time to dig into the earth, and its world is only revealed to be more horrifying the further it goes along.  In the midst of its bleakness, a few characters stand poised to take their steps into whatever fire-laden fate awaits them.\n\nJust remember that the metaphorical shadow on the wall is not just cast by fire – in this case, the shadow itself IS fire.\n\n~~~img550(https://www.sakugabooru.com/data/sample/bf4b2192468675f2c6cb4ba9d717e707.jpg)~~~"},{"id":20399,"score":31,"summary":"Started as one of the most promising shows of the season, ended as the greatest disappointment.","body":"~~~img(https://starcrossedanime.com/wp-content/uploads/2023/03/Fire-Hunter-Banner.png)~~~\n\nNovels. The progenitor. The alpha and the omega. So often ignored for its easier to digest kin, Light Novels and Web Novels, yet often containing some of the best stories I've ever experienced. In anime, they gave us works such as *<a href=\"https://anilist.co/anime/101903/Run-with-the-Wind/\">Run With the Wind</a>*, *<a href=\"https://anilist.co/anime/7785/The-Tatami-Galaxy/\">Tatami Galaxy</a>* and *<a href=\"https://anilist.co/anime/21703/The-Great-Passage/\">Fune wo Amu</a>*. However sometimes... Sometimes even Novels fail us, as they have by giving us todays topic. Animated by studio <a href=\"https://anilist.co/studio/6101/SignalMD\">Signal MD</a>, directed by <a href=\"https://anilist.co/staff/101837/Junji-Nishimura\">Junji Nishumura</a> of *Vlad Love* fame (?), with music by <a href=\"https://anilist.co/staff/100304/Kenji-Kawai\">Kenji Kawai</a> and art direction from <a href=\"https://anilist.co/staff/105312/Hiromasa-Ogura\">Hiromasa Ogura</a>, I give to you the most disappointing show of the Winter 2023 season: *Hikari no Ou* AKA *The Fire Hunter*.\n\n**Be warned, this review contains minor unmarked spoilers for *The Fire Hunter*. It also contains major spoilers in some sections however these will be heavily marked to avoid accidents**.\n\n~~~webm(https://www.sakugabooru.com/data/a6525d5b353e69b0de747edb6d949594.mp4)~~~\n~~~[Video Link](https://www.sakugabooru.com/data/a6525d5b353e69b0de747edb6d949594.mp4)~~~\n\n#~~~__Production__~~~\n\nAs always, the best place to start with a series is with its production. For *Fire Hunter* though, this might actually be the *worst* way to start. Simply put, *Fire Hunter* looks terrible. What little is worthy of praise ends up getting misused and drowned out. The beautifully colored eye-catches are a prime example of this. These are *stunning*. Often the highlight of an episode, these eye-catches are easily the most memorable visuals *Fire Hunter* has. The detailed line work and vibrant colors, how they change ever so slightly to fit both the situation and characters depicted within. Used well, they can greatly augment a scene and make up for lackluster animation. And aside from a few scenes, such as Touko, our lead, cleaning a toilet for some reason, they are! *Fire Hunter's* problem though is, well... basically everything else.\n\nThe easiest way to put it would be that *Fire Hunter* simply feels incomplete. Like the production was running behind or something. For one of the most egregious examples, simply look at the screenshot I've provided below. Do you see how each of 3 houses have completely different lighting? Despite being on the same street, with street lamps in front of them? This is what we in the business call a \"compositing oopsie\". And this isn't the only scene it happens in! There are a number of others throughout the shows run where nothing feels like they belong in the scene together. Combine that with lackluster, choppy, detail-less animation like the scene above, which is the norm I might add, and you have a show that doesn't ever really look... appealing. In any way. Sometimes you can watch a show just for its production, but not with *Fire Hunter*.\n\n~~~img(https://starcrossedanime.com/wp-content/uploads/2023/03/image.png)~~~\n\nNormally this wouldn't be so bad. *Plenty* of bad looking shows manage to cover for their shortcomings. They never look *good* but they at least avoid looking *offensive*. But that's where *Fire Hunter* again fails. Junji Nishimura is an experienced director, he's been doing this for over a decade. But you wouldn't know that from watching *Fire Hunter*, as the *way* the show is shot is often just as damning as the content itself. Cutting from scene to scene at the most jarring moment, breaking their flow and snapping the viewer out of the experience. Black title cards to tell us who the next scene is about, rather then just showing us. Overlaying garish reaction shots over marginally interesting action. *Fire Hunter* would be an unpleasant experience to watch even if it actually was animated well. Together though? This is one of the most abysmal productions I've seen in ages.\n\nIt's a shame, because *Fire Hunter* had an absolutely beautiful aesthetic in its <a href=\"https://www.youtube.com/watch?v=bg1HKNd5PUc\">OP</a>. While a completely unreasonable and unrealistic ask, had *Fire Hunter* looked like that, and been directed with the same skill, I could easily see it becoming the standout of the season. It wouldn't even have needed to be particularly animated, just take the art style and put some care into it. Instead what we got was... Well a disappointment. And sadly, as someone who absolutely adored *Fire Hunter's* 1st episode and had high hopes for it, the disappointment doesn't stop here. Because while you can ignore a bad production for a phenomenal story, or a mediocre story for a phenomenal production, *Fire Hunter* is mediocre on both counts.\n\n~~~img(https://starcrossedanime.com/wp-content/uploads/2023/01/Fire-Hunter-2.1.jpg)~~~\n\n#~~~__Narrative__~~~\n\nThat's right, *Fire Hunter* is about as poorly written as it is drawn. Well maybe that's unfair. After all, I haven't read the original novels by Rieko Hinata. If they *are* any good though, this adaptation isn't doing them any favors. Because despite getting 10 whole episodes, despite traveling across the country from a remote village to the busy capital, despite all this setup regarding a possible coup and coming war (Don't worry all of this is mentioned in the first 2 episodes), if you were to ask me what happened... I wouldn't be able to say much. This is in large part due to *Fire Hunter* clearly being a much larger story then can be contained in 10 mediocre episodes. 4 novels is a lot. More then that though, I think it comes down to how *Fire Hunter* connects it's story and keeps it moving forward.\n\nSpoiler warning for a number of events in the second half of *Fire Hunter*. Short summary: *Fire Hunter* has numerous dubious coincidences, questionable decisions and undermines its own setting regularly.\n\n~!Take for instance one scene near the end of this season. Koushi, our male lead from the capital, has discovered a book in the library with a lot of questionable, but important, information. Inside the book he found red hairs, meaning someone was here not to long ago. So what does he do when he meets Akira, a red-haired Fire Hunter whom he has no personal knowledge of and no reason to believe has any connection to this book? Why he immediately asks if the brother she mentioned had red hair and, upon hearing he did, assumes he must have written in it himself and invites them to see to. I suppose red hair *might* be rare enough to do that? But even then, it's an incredibly flimsy connection to make.\n\nOr what about Flame Fiends are apparently these terrible and terrifying monsters? Things that can upend armed metal trucks, threaten villages and have to be hunted by specialized combatants? Does it make any sense for a young girl to be able to kill one of these on her own, when we've seen multiple professional Fire Hunters fall to them already? Maybe that would fit in a battle shounen, but in a serious character drama like *Fire Hunter? Then there's stuff like Kou, a Spider, being snuck into the capital and no one seeming to care. Or how there's apparently a tunnel, unguarded, leading directly into a forest filled with Flame Fiends, etc etc. Can these things be explained away? Yes. Does that in any way make them good writing? No.!~\n\nNow I'm willing to believe that the novels *Fire Hunter* originated from put a lot more care into the presentation of these details. That they are explained in much better ways, that we are simply missing information due to the nature of this adaptation. After all, plenty of these ideas are great. Turning Touko into a strong-willed Fire Hunter after her upraising in a village, or the whole plot with the Spiders/Divine Clan, are both good. *Fire Hunter* has a lot of good ideas, and I want to believe they are executed on well. But at least as far as this adaptation is concerned, it doesn't. *Fire Hunter* is dully written, dully communicated, and dully produced. It is, in every way, dull. And this extends to the characters as well!\n\n~~~img(https://starcrossedanime.com/wp-content/uploads/2023/02/The-Fire-Hunter-4.3.jpg)~~~\n\n#~~~__Characters__~~~\n\nOnce again, *Fire Hunter* shows *promise* here. The ideas behind their individual stories, of Touko going from a meek village girl to a strong and independent Fire Hunter, of Kaho's quest to establish her own life and reason to live, of Koushi's desire to protect his family and learn what happened to his father. Individually these are all great ideas. And a few of these even go well, with Koushi's relationship with his father being perhaps my favorite little mini-story of the show! But somewhere along the way from novel to anime, as Junji Nishimura attempts to pick out all of the most relevant details and communicate them in a TV format, what made these stories work seems to have been lost. Because by the end of the season, few of them felt particularly compelling.\n\nTo talk about these in any semblance detail I will have to dive into spoiler territory. If you haven't watched *Fire Hunter* and don't want to be spoiled, then this is a tldr: Both Touko and Koushi's stories are, as I said, good ideas. But the way *Fire Hunter* progresses them, such as Touko standing up to deal with conflict herself rather then getting walked over, are handled in the worst way possible. The steps, the ideas, are correct. Their *execution* is what failed for me.\n\n~!So, what do I mean by Touko's execution failing? Well simply put, rather then having her take small steps towards independence and self-realization, *Fire Hunter* kind of has her just... skip most of it. There's no real progress there. Just one day she's a meek girl cleaning toilets, the next she's table to kill fearsome Flame Fiends all on her own. Either the Flame Fiends aren't near as dangerous as we were lead to believe, so weak they could be killed by a child and thus no real threat at all, or Touko has no business killing one as an untrained civilian. Neither are particularly good for the story, and this happens *multiple times*. And to top it all off, I sort of just can't stand her voice. This is separate from the narrative issues, but it's worth saying: I hate how Touko sounds.\n\nKoushi has a very similar problem. *Fire Hunter* sets his arc up from the beginning to be a more political one. Of people preparing to protect themselves, of standing up against their government, the Divine Clans. There is a mentor character, Yuoshichi, who seems to be priming Koushi for this. Asking him to create and develop new weapons so they can defend themselves against the evil Spiders. Yet multiple times throughout the story, *Fire Hunter* tries to make us doubt Yuoshichi, with it never amounting to anything. On top of that, Koushi himself doesn't have any real connection to Yuoshichi's struggle. He doesn't hate the Divine Clans, nor is he a put down and ignored public worker with a family routinely endangered by their negligence. He's an exceptionally gifted student who's dad just so happened to have a stash of rare fire! It's just not very... compelling.!~\n\nIt's these sorts of issues, of Koushi not being connected to his own primary conflict, of Touko's not being handled with any sort of grace or finesse, that made it impossible for me to care about, or become invested in, these characters. Perhaps if *Fire Hunter* had handled them with a bit more grace, had taken more time or presented their stories with the care and attention they probably deserve, then they would have worked. But it didn't. So they don't.\n\n~~~img(https://starcrossedanime.com/wp-content/uploads/2023/01/The-Fire-Hunter-3.2.jpg)~~~\n\n#~~~__OST__~~~\n\nFinally we come to the OST, and I sadly have very little to write here. Composed by Kenji Kawai, a man who has demonstrated his talents multiple times in series like *Mob Psycho 100*, *Eden of the East* and *Seirei no Moribito*, *Fire Hunter* should be a shoo in for a solid track list. However over the course of watching *Fire Hunter*, I can't say that's the case. It's not bad per se. I would have to remember any of it to dub it such. Rather, it's just incredibly forgettable. Some of this is no doubt due to how poorly *Fire Hunter* integrated anything and everything into itself. I can't think of a single moment (Outside the OP, which was fantastic but also performed by Leo Ieiri not Kenji Kawai) where the music heightened a scene. That's how little an impact it left on me.\n\nBy the same token however, I also can't think of any scenes or moments where the music took me *out* of the show. Perhaps this was due to never being in it to begin with, what with how terrible every other aspect was. If so, that isn't really praise. Whatever the reason though, the fact remains that *Fire Hunter's* music never made a scene *worse*. So while you won't watch it just for the music like you will say... *Megalo Box* (God I love Mabanua), you also won't turn it off because of it either. And looking at the rest of this review, that might be the kindest thing I have said about *Fire Hunter* yet.\n\n~~~img(https://starcrossedanime.com/wp-content/uploads/2023/02/Fire-Hunter-6.8.jpg)~~~\n\n#~~~__Passion Isn't Always Enough__~~~\n\nWith that we come to the personal section of this review. This is where I drop any pretense of \"objectivity\", as little as that means when talking about media, and just try to communicate my personal experience with the show. If you aren't interested in that, or don't want to be spoiled, then feel free to skip! This has no bearing on the score and is really just me trying to open up about my experience. So without further ado, in we go! And remember, spoiler warning!\n\n~!So... *Fire Hunter*. In case it wasn't obvious by this point, I really didn't like how it turned out. My initial impressions of the series was actually pretty good! *Fire Hunter* had the premier of the season, fantastically setting up an interesting world and two engaging plotlines. All the pieces were in place. I was strapped in and ready to go! And then... the next episode happened. And the next and the next. Initially it was just some production woes. Animation was stilted or nonexistent, backgrounds and characters got less and less detailed, compositing was abandoned almost entirely it feels like. These sucked, sure. But an anime doesn't have to be particularly *animated* to be good. I'd have accepted a power point if *Fire Hunter* could have at least made it palatable. Where it went wrong was when these production woes started to effect the story.\n\nThese cuts to black as we jump between characters, the awkward scene transitions, the way episodes are paced. Even were the content good, which I still dispute, the way it's presented fails the source material. It sucks any and all emotion from the work, leaving me with not but growing disappointment. I hoped every week that *Fire Hunter* would live up to the potential of its world. That it would properly explore the ramifications of not being able to use fire. Or how scary these beasts that could feasibly kill them with a touch are. Instead, *Fire Hunter* spends half its time on a half-baked political intrigue in the capital that really only serves to dump lore and the other half on a messy, ugly trek through the woods to the capital.\n\nEvery time I *wanted* to care for *Fire Hunter*, it found a new way to turn me off. It took a world full of interesting ideas and reduced it to an amusement park walk through the woods. It wouldn't be so bad if *Fire Hunter* was trash from the beginning. At least then you wouldn't have any expectations for it. But the fact that it started promising, only to disappoint every episode after, is what makes it hurt so much and why I'm so annoyed by the series.!~\n\n~~~img(https://starcrossedanime.com/wp-content/uploads/2023/01/Fire-Hunter-2.3.jpg)~~~\n\n#~~~__Conclusion__~~~\n\nAll in all, *Fire Hunter* had one of the most promising starts of the Winter 2023 season. It was engaging and beautiful in its own dystopian way. But as the series went on, it failed to live up to that promise. It fell deeper and deeper into a production pit, which ended up taking the narrative with it. Are there things to like here, is it different from most anime you see today? Yes! And maybe that's enough for you. But for me? It was a challenge just to finish it for the sake of writing this review. Maybe the 2nd season that was just announced will be able to fix some of this. Maybe its disastrous production can be cleaned up. If so, I won't be around to see it. *Fire Hunter* has already burned me once, and I won't let it do so again.\n\nThanks for reading! If you want to leave a comment, positive or negative, you can leave it [here](https://anilist.co/activity/537088597)."},{"id":23364,"score":80,"summary":"Some products are created and designed to be niche. This is one of them.","body":"\"The Fire Hunter\" is a series that was designed to cater to a niche audience, and as such, it would have been a flop for the masses, even if it had a big budget and the backing of a powerful studio. However, for those who enjoy slow narratives, real emotions, and a cinematic experience that is both delicate and infinitely tragic, \"The Fire Hunter\" is a sublime work of art. \n\nThe series was conceived based on the 4 novels written by Rieko Hinata and directed by veteran filmmaker Junji Nishimura, who has also directed cult classics like Ranma ½ and Urusei Yatsura. The character design, done by Akihiro Yamada, who is known for his work on \"Lost Continent\" and \"RahXephon,\" is both beautiful and realistic, making \"The Fire Hunter\" a must-watch for anime fans who appreciate absolute quality.\n\n\n``<hr>\n~~~img220(https://upload.wikimedia.org/wikipedia/en/1/1f/Hikari_no_%C5%8C_novel_volume_1_cover.jpg)\n<figcaption>Cover of the first volume</figcaption>\n<hr>\n~~~\n\n\nThe plot of the story is quite complex and requires the viewer's full attention. The premise revolves around the idea that men have failed to use fire, wisdom, and knowledge responsibly. As a result, the divinities have punished them by taking away their abilities and making them weak and vulnerable before the power of fire. \n\nThe story takes place in a post-apocalyptic world, and the plot revolves around uncovering the events that led to the world's downfall and the future of it. One of the striking features of the story is that it launches into a strong exposition of the facts right away. This is done through still frames and drawing drafts, which give the experience a book-oriented feel, almost like a visual novel.\n\nDespite the budget constraints, the experience of those involved in making the story makes it unique. The palettes used in the story are reminiscent of artists like Hokusai, and the opening track visually shows a lot of love for the Ukiyo-e genre.\n\n<hr>\n\n~~~youtube(https://www.youtube.com/watch?v=bg1HKNd5PUc&ab_channel=Crunchyroll)~~~\n\n<HR>\n\n\nThe dialogues and characters in this work are very realistic, without exaggerating their pain or delving too deeply into their past. Everyone is afraid, and the foul beasts that surround the world are dangerous.\n\nOne of the protagonists, Koushi, asks early on in the drama, \"How can we live with this fragile body?\" This fragility is similar to our own, making us empathetic.\n\nWhen someone dies, we cry, but life goes on.\n\nI find this work to be unique. While it may not have achieved global success, it is worthy of a calm, slow viewing, without rushing through to see things we've already seen. I am certain of one thing: there are not many anime similar to this.\n\nNow, it's time for the second season. I hope someone decides to translate the four novels of this Promethean journey."}],"siteUrl":"https://anilist.co/anime/125869","autoCreateForumThread":false,"modNotes":null,"stats":{"scoreDistribution":[{"score":10,"amount":43},{"score":20,"amount":49},{"score":30,"amount":132},{"score":40,"amount":271},{"score":50,"amount":460},{"score":60,"amount":756},{"score":70,"amount":877},{"score":80,"amount":495},{"score":90,"amount":228},{"score":100,"amount":58}],"statusDistribution":[{"status":"CURRENT","amount":1601},{"status":"PLANNING","amount":6775},{"status":"COMPLETED","amount":3790},{"status":"DROPPED","amount":1668},{"status":"PAUSED","amount":579}]},"isRecommendationBlocked":false,"recommendations":[{"mediaRecommendation":{"id":1827,"title":{"romaji":"Seirei no Moribito","english":"Moribito: Guardian of the Spirit","native":"精霊の守り人","userPreferred":"Seirei no Moribito"},"type":"ANIME"}},{"mediaRecommendation":{"id":13125,"title":{"romaji":"Shinsekai yori","english":"From the New World","native":"新世界より","userPreferred":"Shinsekai yori"},"type":"ANIME"}},{"mediaRecommendation":{"id":102891,"title":{"romaji":"Shika no Ou: Yuna to Yakusoku no Tabi","english":"The Deer King","native":"鹿の王 ユナと約束の旅","userPreferred":"Shika no Ou: Yuna to Yakusoku no Tabi"},"type":"ANIME"}},{"mediaRecommendation":{"id":5420,"title":{"romaji":"Kemono no Souja Erin","english":"Erin","native":"獣の奏者エリン","userPreferred":"Kemono no Souja Erin"},"type":"ANIME"}},{"mediaRecommendation":{"id":2596,"title":{"romaji":"Shinreigari: Ghost Hound","english":"Ghost Hound","native":"神霊狩 Ghost Hound","userPreferred":"Shinreigari: Ghost Hound"},"type":"ANIME"}},{"mediaRecommendation":{"id":114535,"title":{"romaji":"Fumetsu no Anata e","english":"To Your Eternity","native":"不滅のあなたへ","userPreferred":"Fumetsu no Anata e"},"type":"ANIME"}},{"mediaRecommendation":{"id":138714,"title":{"romaji":"Heike Monogatari","english":"The Heike Story","native":"平家物語","userPreferred":"Heike Monogatari"},"type":"ANIME"}},{"mediaRecommendation":{"id":21196,"title":{"romaji":"Koutetsujou no Kabaneri","english":"Kabaneri of the Iron Fortress","native":"甲鉄城のカバネリ","userPreferred":"Koutetsujou no Kabaneri"},"type":"ANIME"}},{"mediaRecommendation":{"id":387,"title":{"romaji":"Haibane Renmei","english":"Haibane Renmei","native":"灰羽連盟","userPreferred":"Haibane Renmei"},"type":"ANIME"}},{"mediaRecommendation":{"id":572,"title":{"romaji":"Kaze no Tani no Nausicaä","english":"Nausicaä of the Valley of the Wind","native":"風の谷のナウシカ","userPreferred":"Kaze no Tani no Nausicaä"},"type":"ANIME"}},{"mediaRecommendation":{"id":164,"title":{"romaji":"Mononoke-hime","english":"Princess Mononoke","native":"もののけ姫","userPreferred":"Mononoke-hime"},"type":"ANIME"}},{"mediaRecommendation":{"id":26,"title":{"romaji":"TEXHNOLYZE","english":"Texhnolyze","native":"TEXHNOLYZE","userPreferred":"TEXHNOLYZE"},"type":"ANIME"}},{"mediaRecommendation":{"id":2966,"title":{"romaji":"Ookami to Koushinryou","english":"Spice and Wolf","native":"狼と香辛料","userPreferred":"Ookami to Koushinryou"},"type":"ANIME"}},{"mediaRecommendation":{"id":486,"title":{"romaji":"Kino no Tabi: the Beautiful World","english":"Kino's Journey","native":"キノの旅 -the Beautiful World-","userPreferred":"Kino no Tabi: the Beautiful World"},"type":"ANIME"}},{"mediaRecommendation":{"id":110200,"title":{"romaji":"Vlad Love","english":"VLAD LOVE","native":"ぶらどらぶ","userPreferred":"Vlad Love"},"type":"ANIME"}},{"mediaRecommendation":{"id":163137,"title":{"romaji":"Oooku","english":"Ōoku: The Inner Chambers","native":"大奥","userPreferred":"Oooku"},"type":"ANIME"}},{"mediaRecommendation":{"id":153,"title":{"romaji":"Juuni Kokuki","english":"The Twelve Kingdoms","native":"十二国記","userPreferred":"Juuni Kokuki"},"type":"ANIME"}},{"mediaRecommendation":{"id":144144,"title":{"romaji":"Ooyukiumi no Kaina","english":"Kaina of the Great Snow Sea","native":"大雪海のカイナ","userPreferred":"Ooyukiumi no Kaina"},"type":"ANIME"}},{"mediaRecommendation":{"id":140660,"title":{"romaji":"Arknights: Reimei Zensou","english":"Arknights: PRELUDE TO DAWN","native":"アークナイツ 黎明前奏","userPreferred":"Arknights: Reimei Zensou"},"type":"ANIME"}}]}