{"id":125909,"idMal":37008,"title":{"romaji":"TSUKIPRO THE ANIMATION 2","english":"TSUKIPRO THE ANIMATION 2","native":"TSUKIPRO THE ANIMATION 2","userPreferred":"TSUKIPRO THE ANIMATION 2"},"format":"TV","status":"FINISHED","episodes":13,"description":"The second season of <i>TSUKIPRO THE ANIMATION</i>.\n<br><br>\n<i>Note: The broadcast was interrupted after the 8th episode due to COVID cases among staff members. The Season started airing again from episode 1 on October 6, 2021</i>","startDate":{"year":2021,"month":7,"day":7},"endDate":{"year":2021,"month":12,"day":29},"season":"SUMMER","seasonYear":2021,"duration":24,"countryOfOrigin":"JP","isLicensed":true,"source":"ORIGINAL","hashtag":"#プロアニ","trailer":"https://www.youtube.com/watch?v=uHJegYLmaIU","updatedAt":1706262111,"coverImage":{"large":"https://s4.anilist.co/file/anilistcdn/media/anime/cover/large/bx125909-sCXVdbSJPpgo.jpg","medium":"https://s4.anilist.co/file/anilistcdn/media/anime/cover/medium/bx125909-sCXVdbSJPpgo.jpg","small":"https://s4.anilist.co/file/anilistcdn/media/anime/cover/small/bx125909-sCXVdbSJPpgo.jpg","color":null},"bannerImage":"https://s4.anilist.co/file/anilistcdn/media/anime/banner/125909-JQDoDyobhLII.jpg","genres":["Music"],"synonyms":null,"averageScore":55,"meanScore":58,"favourites":19,"popularity":1275,"trending":0,"tags":[{"id":115,"name":"Idol","isMediaSpoiler":false},{"id":88,"name":"Primarily Male Cast","isMediaSpoiler":false},{"id":105,"name":"Ensemble Cast","isMediaSpoiler":false},{"id":110,"name":"Band","isMediaSpoiler":false},{"id":90,"name":"CGI","isMediaSpoiler":false},{"id":494,"name":"Twins","isMediaSpoiler":false},{"id":1063,"name":"Cute Boys Doing Cute Things","isMediaSpoiler":false},{"id":308,"name":"Video Games","isMediaSpoiler":false}],"relations":[{"id":97904,"title":{"english":"TSUKIPRO THE ANIMATION","native":"TSUKIPRO THE ANIMATION","romaji":"TSUKIPRO THE ANIMATION","userPreferred":"TSUKIPRO THE ANIMATION"},"type":"ANIME"}],"characters":[{"id":123976,"name":"Sora Ohara"},{"id":123970,"name":"Koki Eto"},{"id":123968,"name":"Ryouta Sakuraba"},{"id":123964,"name":"Ichiru Kuga"},{"id":123963,"name":"Issei Kuga"},{"id":123967,"name":"Mamoru Fujimura"},{"id":123965,"name":"Shuu Izumi"},{"id":123975,"name":"Morihito Arihara"},{"id":123969,"name":"Kensuke Yaegashi"},{"id":123972,"name":"Nozomu Nanase"},{"id":123966,"name":"Eichi Horimiya"},{"id":123973,"name":"Ren Munakata"},{"id":123980,"name":"Takamura Shiki"},{"id":123974,"name":"Soshi Kagurazaka"},{"id":123978,"name":"Tsubasa Okui"},{"id":123977,"name":"Dai Murase"},{"id":123979,"name":"Sera Rikka"}],"staff":[{"id":111355,"name":"Shigeru Kimiya"},{"id":130445,"name":"Satoko Sekine"},{"id":186969,"name":"Tohiro Shijima"},{"id":171701,"name":"Fujiwara"},{"id":186971,"name":"Yuu Satsuki"},{"id":107586,"name":"Takeshi Hama"},{"id":194497,"name":"Akira Takizawa"}],"studios":[{"id":753,"name":"PRA","isAnimationStudio":true},{"id":6168,"name":"Dynamo Pictures","isAnimationStudio":false}],"isFavourite":false,"isAdult":false,"isLocked":false,"nextAiringEpisode":null,"airingSchedule":[{"airingAt":1625664600,"timeUntilAiring":-80634853,"episode":1},{"airingAt":1626269400,"timeUntilAiring":-80030053,"episode":2},{"airingAt":1626874200,"timeUntilAiring":-79425253,"episode":3},{"airingAt":1627479000,"timeUntilAiring":-78820453,"episode":4},{"airingAt":1628083800,"timeUntilAiring":-78215653,"episode":5},{"airingAt":1628688600,"timeUntilAiring":-77610853,"episode":6},{"airingAt":1629293400,"timeUntilAiring":-77006053,"episode":7},{"airingAt":1629898200,"timeUntilAiring":-76401253,"episode":8},{"airingAt":1638365400,"timeUntilAiring":-67934053,"episode":9},{"airingAt":1638970200,"timeUntilAiring":-67329253,"episode":10},{"airingAt":1639575000,"timeUntilAiring":-66724453,"episode":11},{"airingAt":1640179800,"timeUntilAiring":-66119653,"episode":12},{"airingAt":1640784600,"timeUntilAiring":-65514853,"episode":13}],"trends":[{"date":1604674800,"trending":41,"popularity":0,"inProgress":null},{"date":1604761200,"trending":10,"popularity":52,"inProgress":1},{"date":1604847600,"trending":7,"popularity":61,"inProgress":1},{"date":1604934000,"trending":3,"popularity":67,"inProgress":1},{"date":1605020400,"trending":3,"popularity":70,"inProgress":1},{"date":1605106800,"trending":3,"popularity":73,"inProgress":1},{"date":1605193200,"trending":3,"popularity":76,"inProgress":2},{"date":1605279600,"trending":1,"popularity":79,"inProgress":2},{"date":1605366000,"trending":3,"popularity":81,"inProgress":2},{"date":1605538800,"trending":2,"popularity":83,"inProgress":2},{"date":1605625200,"trending":1,"popularity":86,"inProgress":2},{"date":1605798000,"trending":1,"popularity":89,"inProgress":3},{"date":1605884400,"trending":2,"popularity":91,"inProgress":3},{"date":1606057200,"trending":1,"popularity":93,"inProgress":3},{"date":1606402800,"trending":1,"popularity":96,"inProgress":3},{"date":1606575600,"trending":1,"popularity":97,"inProgress":3},{"date":1606748400,"trending":1,"popularity":99,"inProgress":3},{"date":1606834800,"trending":1,"popularity":101,"inProgress":3},{"date":1607007600,"trending":2,"popularity":104,"inProgress":3},{"date":1607094000,"trending":1,"popularity":107,"inProgress":3},{"date":1607180400,"trending":2,"popularity":107,"inProgress":3},{"date":1607353200,"trending":1,"popularity":111,"inProgress":4},{"date":1607526000,"trending":1,"popularity":113,"inProgress":4},{"date":1607871600,"trending":3,"popularity":116,"inProgress":4},{"date":1608130800,"trending":3,"popularity":121,"inProgress":4}],"externalLinks":["http://tsukipro-anime.com/","https://twitter.com/tsukipro_anime","https://www.hidive.com/tv/tsukipro-the-animation-2"],"streamingEpisodes":[],"rankings":[],"mediaListEntry":null,"reviews":null,"siteUrl":"https://anilist.co/anime/125909","autoCreateForumThread":false,"modNotes":null,"stats":{"scoreDistribution":[{"score":10,"amount":7},{"score":20,"amount":9},{"score":30,"amount":11},{"score":40,"amount":18},{"score":50,"amount":42},{"score":60,"amount":28},{"score":70,"amount":40},{"score":80,"amount":15},{"score":90,"amount":14},{"score":100,"amount":13}],"statusDistribution":[{"status":"CURRENT","amount":100},{"status":"PLANNING","amount":759},{"status":"COMPLETED","amount":291},{"status":"DROPPED","amount":81},{"status":"PAUSED","amount":44}]},"isRecommendationBlocked":false,"recommendations":[{"mediaRecommendation":{"id":20950,"title":{"romaji":"Tsukiuta. THE ANIMATION","english":"TSUKIUTA. The Animation","native":"ツキウタ。 THE ANIMATION","userPreferred":"Tsukiuta. THE ANIMATION"},"type":"ANIME"}},{"mediaRecommendation":{"id":141062,"title":{"romaji":"TECHNOROID: OVERMIND","english":"Technoroid OVERMIND","native":"テクノロイド オーバーマインド","userPreferred":"TECHNOROID: OVERMIND"},"type":"ANIME"}}]}