{"id":126213,"idMal":44037,"title":{"romaji":"Shin no Nakama ja Nai to Yuusha no Party wo Oidasareta node, Henkyou de Slow Life suru Koto ni shimashita","english":"Banished from the Hero’s Party, I Decided to Live a Quiet Life in the Countryside","native":"真の仲間じゃないと勇者のパーティーを追い出されたので、辺境でスローライフすることにしました","userPreferred":"Shin no Nakama ja Nai to Yuusha no Party wo Oidasareta node, Henkyou de Slow Life suru Koto ni shimashita"},"format":"TV","status":"FINISHED","episodes":13,"description":"A heroic and mighty adventurer dreams of...opening a pharmacy?<br>\n<br>\nRed was once a part of the Hero’s party, a group destined to save the world by fighting the Raging Demon Lord. But after being betrayed by his comrade, Red hopes to start anew by opening a small apothecary in a sleepy town on the frontier. While keeping his past life a secret is the goal, it won’t be easy...especially when a beautiful adventurer from his past asks to move in.<br>\n<br>\n(Source: Funimation)","startDate":{"year":2021,"month":10,"day":6},"endDate":{"year":2021,"month":12,"day":29},"season":"FALL","seasonYear":2021,"duration":24,"countryOfOrigin":"JP","isLicensed":true,"source":"LIGHT_NOVEL","hashtag":"#真の仲間","trailer":"https://www.youtube.com/watch?v=ZWXm83PhXYI","updatedAt":1706296597,"coverImage":{"large":"https://s4.anilist.co/file/anilistcdn/media/anime/cover/large/bx126213-cXF3hsCcOipI.jpg","medium":"https://s4.anilist.co/file/anilistcdn/media/anime/cover/medium/bx126213-cXF3hsCcOipI.jpg","small":"https://s4.anilist.co/file/anilistcdn/media/anime/cover/small/bx126213-cXF3hsCcOipI.jpg","color":"#435dff"},"bannerImage":"https://s4.anilist.co/file/anilistcdn/media/anime/banner/126213-1nOONZyGeIfR.jpg","genres":["Action","Adventure","Fantasy","Romance","Slice of Life"],"synonyms":["Banished from the Heroes' Party, I Decided to Live a Quiet Life in the Countryside","ผมโดนกลุ่มผู้กล้าขับไส เลยต้องไปสโลว์ไลฟ์ที่ชายแดน","Banished from the brave man's group, I decided to lead a slow life in the back country.","I Was Kicked out of the Hero’s Party Because I Wasn’t a True Companion so I Decided to Have a Slow Life at the Frontier"],"averageScore":68,"meanScore":69,"favourites":1505,"popularity":72599,"trending":5,"tags":[{"id":29,"name":"Magic","isMediaSpoiler":false},{"id":1045,"name":"Heterosexual","isMediaSpoiler":false},{"id":659,"name":"Medicine","isMediaSpoiler":false},{"id":779,"name":"Kuudere","isMediaSpoiler":true},{"id":164,"name":"Tsundere","isMediaSpoiler":true},{"id":15,"name":"Demons","isMediaSpoiler":false},{"id":145,"name":"Work","isMediaSpoiler":false},{"id":489,"name":"Drugs","isMediaSpoiler":true},{"id":598,"name":"Elf","isMediaSpoiler":false},{"id":163,"name":"Yandere","isMediaSpoiler":true},{"id":466,"name":"Lost Civilization","isMediaSpoiler":true},{"id":1091,"name":"Religion","isMediaSpoiler":false},{"id":43,"name":"Swordplay","isMediaSpoiler":false},{"id":100,"name":"Nudity","isMediaSpoiler":false},{"id":94,"name":"Gore","isMediaSpoiler":false}],"relations":[{"id":104475,"title":{"english":"Banished from the Hero's Party, I Decided to Live a Quiet Life in the Countryside","native":"真の仲間じゃないと勇者のパーティーを追い出されたので、辺境でスローライフすることにしました","romaji":"Shin no Nakama janai to Yuusha no Party wo Oidasareta node, Henkyou de Slow Life suru Koto ni shimashita","userPreferred":"Shin no Nakama janai to Yuusha no Party wo Oidasareta node, Henkyou de Slow Life suru Koto ni shimashita"},"type":"MANGA"},{"id":103294,"title":{"english":"Banished from the Hero's Party, I Decided to Live a Quiet Life in the Countryside","native":"真の仲間じゃないと勇者のパーティーを追い出されたので、辺境でスローライフすることにしました","romaji":"Shin no Nakama janai to Yuusha no Party wo Oidasareta node, Henkyou de Slow Life suru Koto ni shimashita","userPreferred":"Shin no Nakama janai to Yuusha no Party wo Oidasareta node, Henkyou de Slow Life suru Koto ni shimashita"},"type":"MANGA"},{"id":156131,"title":{"english":"Banished from the Hero's Party, I Decided to Live a Quiet Life in the Countryside Season 2","native":"真の仲間じゃないと勇者のパーティーを追い出されたので、辺境でスローライフすることにしました 2nd","romaji":"Shin no Nakama ja Nai to Yuusha no Party wo Oidasareta node, Henkyou de Slow Life suru Koto ni shimashita 2nd","userPreferred":"Shin no Nakama ja Nai to Yuusha no Party wo Oidasareta node, Henkyou de Slow Life suru Koto ni shimashita 2nd"},"type":"ANIME"}],"characters":[{"id":196215,"name":"Rit"},{"id":196216,"name":"Ares Srowa"},{"id":196217,"name":"Ruti Ragnason"},{"id":196218,"name":"Red"},{"id":204987,"name":"Yarandrala"},{"id":206865,"name":"Albert"},{"id":206863,"name":"Tanta"},{"id":206860,"name":"Nao"},{"id":226689,"name":"Gonze"},{"id":226690,"name":"Mido"},{"id":206864,"name":"Stormthunder"},{"id":206861,"name":"Newman"},{"id":240580,"name":"Dir"},{"id":240579,"name":"Megria"},{"id":206862,"name":"Theodora Dephilo"},{"id":206866,"name":"Danan LeBeau"},{"id":246068,"name":"Tisse Garland"},{"id":251046,"name":"Keith"},{"id":251045,"name":"Maya"},{"id":251047,"name":"Oliver"},{"id":251044,"name":"Campbell"},{"id":251050,"name":"Monhei"},{"id":260900,"name":"Onnanoko"},{"id":314077,"name":"Ademi"},{"id":314078,"name":"Bighawk"}],"staff":[{"id":121602,"name":"Yasumo"},{"id":126718,"name":"Zappon"},{"id":122910,"name":"Makoto Hoshino"},{"id":123350,"name":"Megumi Shimizu"},{"id":186273,"name":"Ruriko Watanabe"},{"id":154040,"name":"Mihoko Ookawa"},{"id":182704,"name":"Ayako Tanai"},{"id":146239,"name":"Youko Sugita"},{"id":136434,"name":"Yoshinori Iwanaga"},{"id":159173,"name":"Mamiko Mizutani"},{"id":136434,"name":"Yoshinori Iwanaga"},{"id":154367,"name":"Yoshie Matsumoto"},{"id":154040,"name":"Mihoko Ookawa"},{"id":154367,"name":"Yoshie Matsumoto"},{"id":159173,"name":"Mamiko Mizutani"},{"id":148480,"name":"Yukiko Ashino"},{"id":154191,"name":"Aiko Mizuno"},{"id":128603,"name":"Kenji Takehara"},{"id":148484,"name":"Tsukasa Ohira"},{"id":121967,"name":"Keisuke Yanagi"},{"id":119893,"name":"Nobuyuki Abe"},{"id":105082,"name":"Yukari Hashimoto"},{"id":246066,"name":"Yui Nishio"},{"id":246067,"name":"Kouji Mizuguchi"},{"id":140346,"name":"JYOCHO"}],"studios":[{"id":6416,"name":"WolfsBane","isAnimationStudio":true},{"id":6170,"name":"Studio Flad","isAnimationStudio":false},{"id":323,"name":"Nippon Columbia","isAnimationStudio":false},{"id":6955,"name":"On-Lead","isAnimationStudio":false},{"id":6698,"name":"KADOKAWA","isAnimationStudio":false}],"isFavourite":false,"isAdult":false,"isLocked":false,"nextAiringEpisode":null,"airingSchedule":[{"airingAt":1633527000,"timeUntilAiring":-72772556,"episode":1},{"airingAt":1634131800,"timeUntilAiring":-72167756,"episode":2},{"airingAt":1634736600,"timeUntilAiring":-71562956,"episode":3},{"airingAt":1635341400,"timeUntilAiring":-70958156,"episode":4},{"airingAt":1635946200,"timeUntilAiring":-70353356,"episode":5},{"airingAt":1636551000,"timeUntilAiring":-69748556,"episode":6},{"airingAt":1637155800,"timeUntilAiring":-69143756,"episode":7},{"airingAt":1637760600,"timeUntilAiring":-68538956,"episode":8},{"airingAt":1638365400,"timeUntilAiring":-67934156,"episode":9},{"airingAt":1638970200,"timeUntilAiring":-67329356,"episode":10},{"airingAt":1639575000,"timeUntilAiring":-66724556,"episode":11},{"airingAt":1640179800,"timeUntilAiring":-66119756,"episode":12},{"airingAt":1640784600,"timeUntilAiring":-65514956,"episode":13}],"trends":[{"date":1605538800,"trending":220,"popularity":0,"inProgress":null},{"date":1605625200,"trending":188,"popularity":0,"inProgress":null},{"date":1605711600,"trending":73,"popularity":274,"inProgress":6},{"date":1605798000,"trending":15,"popularity":449,"inProgress":8},{"date":1605884400,"trending":10,"popularity":510,"inProgress":8},{"date":1605970800,"trending":19,"popularity":525,"inProgress":8},{"date":1606057200,"trending":10,"popularity":557,"inProgress":8},{"date":1606143600,"trending":5,"popularity":557,"inProgress":8},{"date":1606230000,"trending":8,"popularity":575,"inProgress":9},{"date":1606316400,"trending":8,"popularity":575,"inProgress":9},{"date":1606402800,"trending":4,"popularity":591,"inProgress":10},{"date":1606489200,"trending":6,"popularity":597,"inProgress":11},{"date":1606575600,"trending":3,"popularity":602,"inProgress":11},{"date":1606662000,"trending":3,"popularity":611,"inProgress":12},{"date":1606748400,"trending":7,"popularity":617,"inProgress":12},{"date":1606834800,"trending":4,"popularity":625,"inProgress":12},{"date":1606921200,"trending":6,"popularity":632,"inProgress":12},{"date":1607094000,"trending":2,"popularity":642,"inProgress":13},{"date":1607180400,"trending":8,"popularity":642,"inProgress":13},{"date":1607266800,"trending":2,"popularity":648,"inProgress":13},{"date":1607353200,"trending":8,"popularity":651,"inProgress":13},{"date":1607526000,"trending":1,"popularity":661,"inProgress":13},{"date":1607612400,"trending":4,"popularity":663,"inProgress":13},{"date":1607698800,"trending":3,"popularity":668,"inProgress":13},{"date":1607785200,"trending":3,"popularity":668,"inProgress":13}],"externalLinks":["https://twitter.com/shinnonakama_tv","https://shinnonakama.com/","https://www.funimation.com/shows/banished-from-the-heros-party-i-decided-to-live-a-quiet-life-in-the-countryside/","https://www.bilibili.tv/media/1019175","https://www.crunchyroll.com/banished-from-the-heros-party-i-decided-to-live-a-quiet-life-in-the-countryside"],"streamingEpisodes":[{"title":"Episode 3 - Zoltan's Solstice Festival","thumbnail":"https://img1.ak.crunchyroll.com/i/spire2-tmb/41061a3f6a3c0d519f4bf444c796f5121705837849_full.jpg","url":"http://www.crunchyroll.com/banished-from-the-heros-party-i-decided-to-live-a-quiet-life-in-the-countryside/episode-3-zoltans-solstice-festival-918314","site":"Crunchyroll"},{"title":"Episode 2 - The Gem Beast","thumbnail":"https://img1.ak.crunchyroll.com/i/spire1-tmb/f64ef062db7887a826dd13c69cd919b61705232765_full.jpg","url":"http://www.crunchyroll.com/banished-from-the-heros-party-i-decided-to-live-a-quiet-life-in-the-countryside/episode-2-the-gem-beast-918313","site":"Crunchyroll"},{"title":"Episode 1 - Let's Go On a Quiet Little Journey","thumbnail":"https://img1.ak.crunchyroll.com/i/spire4-tmb/fa044076387b77c0255f7835f7c1fd681704636806_full.jpg","url":"http://www.crunchyroll.com/banished-from-the-heros-party-i-decided-to-live-a-quiet-life-in-the-countryside/episode-1-lets-go-on-a-quiet-little-journey-918312","site":"Crunchyroll"}],"rankings":[{"rank":87,"type":"RATED","context":"highest rated","year":2021,"season":null},{"rank":50,"type":"POPULAR","context":"most popular","year":2021,"season":null},{"rank":19,"type":"RATED","context":"highest rated","year":2021,"season":"FALL"},{"rank":11,"type":"POPULAR","context":"most popular","year":2021,"season":"FALL"}],"mediaListEntry":{"id":231848707,"status":"COMPLETED"},"reviews":[{"id":17603,"score":100,"summary":"An unexspected delight!\n\nI went into this anime not expecting much. But it turned out to be a joy! ","body":"Banished from the Hero’s Party, I Decided to Live a Quiet Life in the Countryside \nComposite Rating 10/10\n\nThis was going to be an 8 or 9 for me. But the ending pushed me over to a 10.\n\nAnimation/Design 9/10\n\nI personally loved the animation. \n\nCharacters 10/10 [Spoliers]\n\nRed and Rin are the best. They are such a humble and warming couple. I also feel like they complimented each other soo nicely. Considering one came from the Heros party and the other is/was a princess, they were made for each other. I also like how they took their relationship slow, but that it actually developed as the show progressed.\n\nRuti was also great. At first, she reminds me of Gowther from the seven deadly sins. But the character develops nicely towards the end. I also love how she breaks bounds in a work that says you have to follow your Blessing gift. Very inspirational. \n\nTisse may have been my single favorite character. She was really the Hero's greatest friend. The way she saves Red's life, knowing that if she has let Ruti kill her own brother, She would have never forgiven herself. and the way that she was always there for Ruti even after she renounced the Heros blessing. I also \n\nLastly, the town folk: The town actually felt alive. There were many notable townspeople that actually played a part in the story. And ones that you even want to know what happens next. All in all, I think that they were all great.\n\nAudio/Soundtrack 8/10\n\nThe music was nice and fitting. I personally loved the intro.\n\nSynopsis (background information and description)\n\nThe anime is based in a world where everyone is born with a 'Devine blessing'. This is like their class, it determines what skills they will get and what they will be inherently good at. The main character Red's sister has the Hero blessing. They are in a party with some others including the Sage. One day the Sage says that the Red is holding them back and that he should leave the party without telling his sister. The nice guy Red is, he leaves the party. He goes far away to open an apothecary. He does odd jobs to get enough money to build an apothecary. On the first day, someone walks in. Rit, a girl he has worked with while being in the Hero's part. She convinces him to let her work at the shop, she helps him with the business side of things and around the shop. She also insists she moves in. From here their romance blooms. They help the town out where they can and get into other mischief.... There is more ... you'll have to watch!\n\nConclusion:\n\nI love this anime, honestly everything about it. The fact that it was a slice of life that has romance, action, and fantasy. The characters were one of the best parts for me. Red was not a cocky MC or a wimp. He was powerfull and yet humble. And I liked the fact that he knew that he was stronger than most, and not that he was too nieve to see it. Overall, I liked the story and how Red and Rin's relationship developed over the course of the anime. Great show, great development, great ending. 10/10"},{"id":20142,"score":72,"summary":"The main duo is great, but the rest fell short of what it could have been. ","body":"I feel like this show had some interesting ideas going for it but there were several subplots that just didn't work for me.\nEarlier on in it I may have given it an 80 or higher, but by the end I felt like 70 was becoming generous.\n\nThe main couple is great, probably one of the more satisfying ones I've seen in a while, and definitely the highlight of the show. Red is a very solid protagonist, especially when compared to all his competition of generic brown hair dude in the fantasy anime scene. He is resourceful and kind, and the reasons he was \"banished\" from the heroes party made sense, I feel like everyone has doubted their worth in group settings. ~!It's very touching seeing how the Hero's Party struggles after he's gone and them all admitting how much they needed him, except for Ares of course, who lives in denial to the end.!~\nThe way Red supports his new community and even guides one of the kids in town who has anxieties over his blessing is also very fitting for the former guide of the Hero's Party.\nAnd speaking of the townsfolk, their were overall great. I felt like they added a lot of life to the story where a lesser supporting cast would have left the world feeling empty and dull. They definitely help Red feel like a part of the community rather than an MC in a world of stock background man #3.\nRit was endearing and I found it really enjoyable to see how considerate she was of Red's situation while still pushing to be involved in his life. If you went by flashbacks alone she could have come off as a generic tsundere but she was much more than that.\nUnfortunately, I felt like much of the heroes party was left neglected and underdeveloped though. \nThe Hero Ruti was developed enough and had some great moments. ~!Unfortunately her blessing shut off her emotions for most of the show which hurt her character for me, I felt like we needed more time to actually get to know the real Ruti. !~\nTisse was a good addition to the group and it was nice watching her friendship with Ruti grow. \nDanan was characterized as all brawn no brain and he had one or two impressive moments but felt underdeveloped. \nTheodora and Yarandrala were barely given any development and I felt like by the end i still knew next to nothing about them. \nLast of them, Ares was an interesting character and it's impossible to discuss him in detail without getting heavy on spoilers, but as basically as I can describe him, I felt like he was an interesting idea that could have been executed better. He was Red's rival and it would have been nice to see where that rivalry came from, how it developed. The show had flashbacks often, it would have been nice if one of them was able to expand on their relationship more than Ares doesn't like Red, and Red deals with it.\n\nThe plot overall was fun early on. Red and Rit work off each other well and they integrate into the town in a believable and enjoyable way. Red helps the townsfolk but he never feels like some op dude who pulls solutions out of nowhere for every issue, in many ways he's just another member of the community there to help out.\nIt starts to fall apart for me ones they add a bunch of arbitrary plot contrivances and weird character motivations to create conflict for the sake of conflict. I wish it had kept more to the SOL aspects but it started adding conflicts that didn't make sense for the location they were in. Zoltan is repeatedly described as a sleepy and unassuming frontier town with no strategic value and so few resources bandits don't see it as worth their time. So it felt very contrived that several conflicts arose in Zoltan when the instigators had no reason to be there, and that's not even mentioning that by sheer coincidence: ~!the first hero's high-tech, underground, mega lab structure lies right under the the backwater edge of nowhere settlement!~\n\nIt was above par for fantasy anime, and as a sucker for SOL I appreciated it being present, but I feel like the premise had a lot more potential than the execution and was carried by the duo of Red and Rit. Had it leaned more heavily on the SOL side of the premise it would have been an easy 80-90, but as it stands, the story and supporting cast (as good as the townsfolk were) left much to be desired and Red and Rit deserve a better plot. The way their relationship develops is still immensely satisfying, but the rest of the show feels like a distraction from that rather than helping to build it most of the time."},{"id":23236,"score":40,"summary":"If you like generic isekai, this one is for you. All it's missing is the MC complaining about how much his life sucked!","body":"4/10 -- I disliked it more than I enjoyed it. Extremely light spoilers (1st episode).\n It looked interesting to me because the whole plot is supposed to be \"Man, adventuring? Not my cuppa tea! I'm retiring!\". That's actually pretty unique and could lead to a great story! Which it is for like the first 4-5 episodes, and during those the show is greatly enjoyable. The interactions between the townsfolk are especially well done and feel natural. But then the rest of it is... not good. Let me go through my grievances like a list. Yeah, that'll work. An airing of greivances. That'll work.\n\n1. The dude is totally retiring, but you know, he still goes around solving the town's secret/not secret Sackler conspiracy and the gargantuan climatic battle over the last couple of episodes which I won't spoil.\n2. The whole premise is that the MC is told off by a guy in the party to leave Episode 1 because \"he's not helpful ever\" and he just accepts this without any issue immediately, despite the fact that when the hero's party is on screen they cannot stop jerking off the MC in his absence, and at one point say he would be the strongest swordsman if his little sister, the hero, didn't have the blessing to be the hero. They also do literally nothing to look for him until AT LEAST half a year since he disappeared, not including the time before the show when he was wandering around.\n3. The romance which takes up a significant amount of screen time is extremely bland and undeveloped, they both say to eachother \"Oh hey, I remember you from when we were together for like two weeks a while ago. We were both madly in love with eachother (not really)!\" and then the romantic interest just moves into the MC's house.\n4. Plenty of plot holes involving major events besides the MC getting booted from the party. A thorough explanation would contain spoilers, so it is not included in this review.\n5. The MC's little sister/the hero is obsessed with him because he's the only one who ever talked to her and was nice while also being an awkward and psycho monster killer because of her 'blessing', which itself is not bad, but she never suffers any actual consequences for being super duper scary that she makes people draw weapons when she looks at them. All good! Plenty of trust in the hero's party!\n6. The ending is terrible. Not 'French Connection' tier terrible ending, but it's pretty bad. Nobody suffers any consequences except for the two Filthy McRotten dudes, despite the fact that everyone else but the MC by that point have been grievously wounded. That is pretty standard anime trope, where the people who still attempted to murder their friends or those who sacrificed themselves for their friends get healed and forgiven instantly. (because... ????) But also, the MC who is supposedly of a lower combat power (but not really since he's the greatest swordsman ever (except not really because that's not his blessing)) uses a super technique to end the final climatic battle where it gets really dicey in all of 15 seconds using some bullshit move he pulls out of nowhere. A complete deus ex machina. \n7. Just like a million other animes, for no reason at all, they shoehorn in a lot of video game RPG elements into the show. Instead of honing their skills or whatever they... gain XP. The only thing that's stopping the show from being an Isekai is that the MC doesn't say he was rebirthed, but it has almost every other trope. Hell, in the lyrics of the OP, they state \"born into another world\". Were they going to make an isekai but changed it a little at the last minute but didn't redo the song?\n8. The show is far too talkative, and the scriptwriters assume that the viewer is dumb as rocks. E.g., in one of the last episodes a character says \"Oh wow, the hero has no friends and nobody likes her because she's so socially awkward because she's the hero!\"... even though that was established many many episodes ago many many times with many many flashbacks... did I mention this show is OBSESSED with flashbacks? No, you can't just take what they say. You HAVE to show it happening flashbacked. And the final lesson is hit over your head numerous times by the characters dialogues. \"You don't be who other people want you to be! be yourself!\" Wow, thank you, I didn't understand that at all from the 13 episodes before where the MC was also talking about how great it was to retire and be himself!\n9. Generic moeblob art style. Bo-ring! Wow, it's so nice all these animators used their skills to make an animation that is difficult to distinguish from any other isekai released the same year--no, same decade. Great!"}],"siteUrl":"https://anilist.co/anime/126213","autoCreateForumThread":false,"modNotes":null,"stats":{"scoreDistribution":[{"score":10,"amount":209},{"score":20,"amount":197},{"score":30,"amount":470},{"score":40,"amount":927},{"score":50,"amount":2382},{"score":60,"amount":4800},{"score":70,"amount":8290},{"score":80,"amount":5384},{"score":90,"amount":2839},{"score":100,"amount":1490}],"statusDistribution":[{"status":"CURRENT","amount":7508},{"status":"PLANNING","amount":17375},{"status":"COMPLETED","amount":42517},{"status":"DROPPED","amount":3510},{"status":"PAUSED","amount":1689}]},"isRecommendationBlocked":false,"recommendations":[{"mediaRecommendation":{"id":112608,"title":{"romaji":"Slime Taoshite 300-nen, Shiranai Uchi ni Level MAX ni Nattemashita","english":"I've Been Killing Slimes for 300 Years and Maxed Out My Level","native":"スライム倒して300年、知らないうちにレベルMAXになってました","userPreferred":"Slime Taoshite 300-nen, Shiranai Uchi ni Level MAX ni Nattemashita"},"type":"ANIME"}},{"mediaRecommendation":{"id":114302,"title":{"romaji":"Cheat Kusushi no Slow Life: Isekai ni Tsukurou Drugstore","english":"Drug Store in Another World - The Slow Life of a Cheat Pharmacist","native":"チート薬師のスローライフ～異世界に作ろうドラッグストア～","userPreferred":"Cheat Kusushi no Slow Life: Isekai ni Tsukurou Drugstore"},"type":"ANIME"}},{"mediaRecommendation":{"id":107871,"title":{"romaji":"Princess Connect! Re:Dive","english":"Princess Connect! Re:Dive","native":"プリンセスコネクト！Re:Dive","userPreferred":"Princess Connect! Re:Dive"},"type":"ANIME"}},{"mediaRecommendation":{"id":21776,"title":{"romaji":"Kobayashi-san Chi no Maidragon","english":"Miss Kobayashi's Dragon Maid","native":"小林さんちのメイドラゴン","userPreferred":"Kobayashi-san Chi no Maidragon"},"type":"ANIME"}},{"mediaRecommendation":{"id":123802,"title":{"romaji":"Seijo no Maryoku wa Bannou desu","english":"The Saint's Magic Power is Omnipotent","native":"聖女の魔力は万能です","userPreferred":"Seijo no Maryoku wa Bannou desu"},"type":"ANIME"}},{"mediaRecommendation":{"id":115740,"title":{"romaji":"Kamitachi ni Hirowareta Otoko","english":"By the Grace of the Gods","native":"神達に拾われた男","userPreferred":"Kamitachi ni Hirowareta Otoko"},"type":"ANIME"}},{"mediaRecommendation":{"id":114340,"title":{"romaji":"Kuma Kuma Kuma Bear","english":"Kuma Kuma Kuma Bear","native":"くまクマ熊ベアー","userPreferred":"Kuma Kuma Kuma Bear"},"type":"ANIME"}},{"mediaRecommendation":{"id":106479,"title":{"romaji":"Itai no wa Iya nano de Bougyoryoku ni Kyokufuri Shitai to Omoimasu.","english":"BOFURI: I Don't Want to Get Hurt, so I'll Max Out My Defense.","native":"痛いのは嫌なので防御力に極振りしたいと思います。","userPreferred":"Itai no wa Iya nano de Bougyoryoku ni Kyokufuri Shitai to Omoimasu."},"type":"ANIME"}},{"mediaRecommendation":{"id":2966,"title":{"romaji":"Ookami to Koushinryou","english":"Spice and Wolf","native":"狼と香辛料","userPreferred":"Ookami to Koushinryou"},"type":"ANIME"}},{"mediaRecommendation":{"id":99263,"title":{"romaji":"Tate no Yuusha no Nariagari","english":"The Rising of the Shield Hero","native":"盾の勇者の成り上がり","userPreferred":"Tate no Yuusha no Nariagari"},"type":"ANIME"}},{"mediaRecommendation":{"id":21428,"title":{"romaji":"Hai to Gensou no Grimgar","english":"Grimgar of Fantasy and Ash","native":"灰と幻想のグリムガル","userPreferred":"Hai to Gensou no Grimgar"},"type":"ANIME"}},{"mediaRecommendation":{"id":140457,"title":{"romaji":"Yuusha, Yamemasu","english":"I'm Quitting Heroing","native":"勇者、辞めます","userPreferred":"Yuusha, Yamemasu"},"type":"ANIME"}},{"mediaRecommendation":{"id":114959,"title":{"romaji":"Yaojing Zhongzhi Shouce","english":null,"native":"妖精种植手册","userPreferred":"Yaojing Zhongzhi Shouce"},"type":"ANIME"}},{"mediaRecommendation":{"id":136707,"title":{"romaji":"Isekai Yakkyoku","english":"Parallel World Pharmacy","native":"異世界薬局","userPreferred":"Isekai Yakkyoku"},"type":"ANIME"}},{"mediaRecommendation":{"id":150695,"title":{"romaji":"Yuusha Party wo Tsuihou Sareta Beast Tamer, Saikyoushu no Nekomimi Shoujo to Deau","english":"Beast Tamer","native":"勇者パーティーを追放されたビーストテイマー、最強種の猫耳少女と出会う","userPreferred":"Yuusha Party wo Tsuihou Sareta Beast Tamer, Saikyoushu no Nekomimi Shoujo to Deau"},"type":"ANIME"}},{"mediaRecommendation":{"id":137909,"title":{"romaji":"Ningen Fushin no Boukensha-tachi ga Sekai wo Sukuu you desu","english":"Ningen Fushin: Adventurers Who Don’t Believe in Humanity Will Save the World","native":"人間不信の冒険者たちが世界を救うようです","userPreferred":"Ningen Fushin no Boukensha-tachi ga Sekai wo Sukuu you desu"},"type":"ANIME"}},{"mediaRecommendation":{"id":152523,"title":{"romaji":"Kaiko sareta Ankoku Heishi (30-dai) no Slow na Second Life","english":"Chillin’ in My 30s after Getting Fired from the Demon King’s Army","native":"解雇された暗黒兵士（30代）のスローなセカンドライフ","userPreferred":"Kaiko sareta Ankoku Heishi (30-dai) no Slow na Second Life"},"type":"ANIME"}},{"mediaRecommendation":{"id":146850,"title":{"romaji":"Isekai Nonbiri Nouka","english":"Farming Life in Another World","native":"異世界のんびり農家","userPreferred":"Isekai Nonbiri Nouka"},"type":"ANIME"}},{"mediaRecommendation":{"id":135102,"title":{"romaji":"Kamitachi ni Hirowareta Otoko 2","english":"By the Grace of the Gods 2","native":"神達に拾われた男２","userPreferred":"Kamitachi ni Hirowareta Otoko 2"},"type":"ANIME"}},{"mediaRecommendation":{"id":156067,"title":{"romaji":"Tondemo Skill de Isekai Hourou Meshi","english":"Campfire Cooking in Another World with my Absurd Skill","native":"とんでもスキルで異世界放浪メシ","userPreferred":"Tondemo Skill de Isekai Hourou Meshi"},"type":"ANIME"}},{"mediaRecommendation":{"id":100112,"title":{"romaji":"Kenja no Mago","english":"Wise Man’s Grandchild","native":"賢者の孫","userPreferred":"Kenja no Mago"},"type":"ANIME"}},{"mediaRecommendation":{"id":103632,"title":{"romaji":"Kumo desu ga, Nani ka?","english":"So I'm a Spider, So What?","native":"蜘蛛ですが、なにか？","userPreferred":"Kumo desu ga, Nani ka?"},"type":"ANIME"}},{"mediaRecommendation":{"id":156184,"title":{"romaji":"Boukensha ni Naritai to Miyako ni Deteitta Musume ga S Rank ni Natteta","english":"My Daughter Left the Nest and Returned an S-Rank Adventurer","native":"冒険者になりたいと都に出て行った娘がＳランクになってた","userPreferred":"Boukensha ni Naritai to Miyako ni Deteitta Musume ga S Rank ni Natteta"},"type":"ANIME"}},{"mediaRecommendation":{"id":158028,"title":{"romaji":"Sokushi Cheat ga Saikyou Sugite, Isekai no Yatsura ga Marude Aite ni Naranai n desu ga.","english":"My Instant Death Ability is Overpowered","native":"即死チートが最強すぎて、異世界のやつらがまるで相手にならないんですが。","userPreferred":"Sokushi Cheat ga Saikyou Sugite, Isekai no Yatsura ga Marude Aite ni Naranai n desu ga."},"type":"ANIME"}},{"mediaRecommendation":{"id":169935,"title":{"romaji":"Saikyou Tank no Meikyuu Kouryaku: Tairyoku 9999 no Rare Skill-mochi Tank, Yuusha Party wo Tsuihou Sareru","english":"The Strongest Tank's Labyrinth Raids -A Tank with a Rare 9999 Resistance Skill Got Kicked from the Hero's Party-","native":"最強タンクの迷宮攻略　～体力9999のレアスキル持ちタンク、勇者パーティーを追放される～","userPreferred":"Saikyou Tank no Meikyuu Kouryaku: Tairyoku 9999 no Rare Skill-mochi Tank, Yuusha Party wo Tsuihou Sareru"},"type":"ANIME"}}]}