{"id":129192,"idMal":47163,"title":{"romaji":"Tensei Kenja no Isekai Life: Daini no Shokugyo wo Ete, Sekai Saikyou ni Narimashita","english":"My Isekai Life: I Gained a Second Character Class and Became the Strongest Sage in the World!","native":"転生賢者の異世界ライフ ～第二の職業を得て、世界最強になりました～","userPreferred":"Tensei Kenja no Isekai Life: Daini no Shokugyo wo Ete, Sekai Saikyou ni Narimashita"},"format":"TV","status":"FINISHED","episodes":12,"description":"Getting isekai’d to a magical world and developing incredible powers is every otaku’s wildest dream, but for salaryman Yuuji Sano, it’s the stuff of absolute nightmare! He’s in the middle of a mountain of work when he gets unwillingly pulled into a fantasy realm, where he accomplishes the enviable feat of developing a second character class by making the most of his Monster Tamer abilities. Now he’s traded the office for adventuring to make a living, but he keeps getting roped into major events because his powers are unmatched, second to none — and he doesn't even realize it yet!<br>\n<br>\n(Source: Sentai Filmworks)","startDate":{"year":2022,"month":7,"day":4},"endDate":{"year":2022,"month":9,"day":12},"season":"SUMMER","seasonYear":2022,"duration":24,"countryOfOrigin":"JP","isLicensed":true,"source":"LIGHT_NOVEL","hashtag":"#転生賢者","trailer":"https://www.youtube.com/watch?v=3mEJhTTl-eI","updatedAt":1706295789,"coverImage":{"large":"https://s4.anilist.co/file/anilistcdn/media/anime/cover/large/bx129192-75DPSYZDWXgR.jpg","medium":"https://s4.anilist.co/file/anilistcdn/media/anime/cover/medium/bx129192-75DPSYZDWXgR.jpg","small":"https://s4.anilist.co/file/anilistcdn/media/anime/cover/small/bx129192-75DPSYZDWXgR.jpg","color":"#436bf1"},"bannerImage":null,"genres":["Action","Adventure","Comedy","Fantasy"],"synonyms":["เกิดใหม่ในต่างโลกเป็นปราชญ์แกร่งสุดโดยไม่รู้ตัว"],"averageScore":61,"meanScore":61,"favourites":1057,"popularity":47796,"trending":2,"tags":[{"id":244,"name":"Isekai","isMediaSpoiler":false},{"id":29,"name":"Magic","isMediaSpoiler":false},{"id":82,"name":"Male Protagonist","isMediaSpoiler":false},{"id":586,"name":"Cult","isMediaSpoiler":true},{"id":1091,"name":"Religion","isMediaSpoiler":false},{"id":322,"name":"Assassins","isMediaSpoiler":true},{"id":224,"name":"Dragons","isMediaSpoiler":false}],"relations":[{"id":106145,"title":{"english":null,"native":"転生賢者の異世界ライフ ～第二の職業を得て、世界最強になりました～","romaji":"Tensei Kenja no Isekai Life: Daini no Shokugyo wo Ete, Sekai Saikyou ni Narimashita","userPreferred":"Tensei Kenja no Isekai Life: Daini no Shokugyo wo Ete, Sekai Saikyou ni Narimashita"},"type":"MANGA"},{"id":106144,"title":{"english":"My Isekai Life: I Gained a Second Character Class and Became the Strongest Sage in the World!","native":"転生賢者の異世界ライフ ～第二の職業を得て、世界最強になりました～","romaji":"Tensei Kenja no Isekai Life: Daini no Shokugyo wo Ete, Sekai Saikyou ni Narimashita","userPreferred":"Tensei Kenja no Isekai Life: Daini no Shokugyo wo Ete, Sekai Saikyou ni Narimashita"},"type":"MANGA"}],"characters":[{"id":258200,"name":"Yuuji"},{"id":258201,"name":"Dryad"},{"id":258202,"name":"Proud Wolf"},{"id":273042,"name":"Sura"},{"id":273043,"name":"Surapatch"},{"id":273044,"name":"Mayusura"},{"id":273045,"name":"Surahappa"},{"id":273046,"name":"Higesura"},{"id":273047,"name":"Pekesura"},{"id":281643,"name":"Resin"},{"id":281645,"name":"Gale"},{"id":281646,"name":"Aegis"},{"id":281647,"name":"Lily"},{"id":286924,"name":"Rayard"},{"id":286925,"name":"Ellis"},{"id":286926,"name":"Steil"},{"id":286927,"name":"Lisa"},{"id":286928,"name":"Tina"},{"id":286929,"name":"Gelios"},{"id":286930,"name":"Rodis"},{"id":303712,"name":"Boukensha A"},{"id":303700,"name":"Boukensha B"},{"id":303695,"name":"Boukensha C"},{"id":303714,"name":"Monban A"},{"id":303709,"name":"Monban B"}],"staff":[{"id":123169,"name":"Huuka Kazabana"},{"id":123168,"name":"Shotou Shinkou"},{"id":143790,"name":"Kiyotaka  Suzuki"},{"id":134263,"name":"Keisuke Kojima"},{"id":260270,"name":"Norihito Saitama"},{"id":260270,"name":"Norihito Saitama"},{"id":120036,"name":"Aiko Taira"},{"id":134263,"name":"Keisuke Kojima"},{"id":121350,"name":"Gin"},{"id":148634,"name":"Satoshi Takezawa"},{"id":118519,"name":"Naohiro Fukushima"},{"id":143791,"name":"Keisuke Gotou"},{"id":180819,"name":"Shunsuke Kobayashi"},{"id":133057,"name":"Ryou Tanaka"},{"id":210876,"name":"Non Stop Rabbit"},{"id":153576,"name":"Mai Kanno"},{"id":121455,"name":"Miharu Hanai"},{"id":118921,"name":"Nichika Oomori"},{"id":174347,"name":"Kuon Erisa"},{"id":259588,"name":"Haruna Mikawa"},{"id":137842,"name":"Hikaru Toono"},{"id":118519,"name":"Naohiro Fukushima"},{"id":134263,"name":"Keisuke Kojima"},{"id":134263,"name":"Keisuke Kojima"},{"id":154001,"name":"Yasunori Gotou"}],"studios":[{"id":6217,"name":"REVOROOT","isAnimationStudio":true},{"id":144,"name":"Pony Canyon","isAnimationStudio":false},{"id":6562,"name":"SB Creative","isAnimationStudio":false},{"id":7237,"name":"GREE Entertainment","isAnimationStudio":false},{"id":58,"name":"Square Enix","isAnimationStudio":false},{"id":6424,"name":"Sammy","isAnimationStudio":false},{"id":843,"name":"BS Fuji","isAnimationStudio":false},{"id":6994,"name":"BS Nippon","isAnimationStudio":false},{"id":166,"name":"Movic","isAnimationStudio":false}],"isFavourite":false,"isAdult":false,"isLocked":false,"nextAiringEpisode":null,"airingSchedule":[{"airingAt":1656932400,"timeUntilAiring":-49366389,"episode":1},{"airingAt":1656932400,"timeUntilAiring":-49366389,"episode":2},{"airingAt":1657537200,"timeUntilAiring":-48761589,"episode":3},{"airingAt":1658142000,"timeUntilAiring":-48156789,"episode":4},{"airingAt":1658746800,"timeUntilAiring":-47551989,"episode":5},{"airingAt":1659351600,"timeUntilAiring":-46947189,"episode":6},{"airingAt":1659956400,"timeUntilAiring":-46342389,"episode":7},{"airingAt":1660561200,"timeUntilAiring":-45737589,"episode":8},{"airingAt":1661166000,"timeUntilAiring":-45132789,"episode":9},{"airingAt":1661770800,"timeUntilAiring":-44527989,"episode":10},{"airingAt":1662375600,"timeUntilAiring":-43923189,"episode":11},{"airingAt":1662980400,"timeUntilAiring":-43318389,"episode":12}],"trends":[{"date":1612018800,"trending":123,"popularity":0,"inProgress":null},{"date":1612105200,"trending":237,"popularity":0,"inProgress":null},{"date":1612191600,"trending":39,"popularity":400,"inProgress":5},{"date":1612278000,"trending":30,"popularity":453,"inProgress":8},{"date":1612364400,"trending":11,"popularity":486,"inProgress":9},{"date":1612450800,"trending":9,"popularity":504,"inProgress":9},{"date":1612537200,"trending":7,"popularity":515,"inProgress":9},{"date":1612623600,"trending":12,"popularity":520,"inProgress":10},{"date":1612710000,"trending":8,"popularity":532,"inProgress":8},{"date":1612796400,"trending":5,"popularity":544,"inProgress":8},{"date":1612882800,"trending":4,"popularity":550,"inProgress":8},{"date":1612969200,"trending":10,"popularity":555,"inProgress":8},{"date":1613055600,"trending":4,"popularity":563,"inProgress":8},{"date":1613142000,"trending":13,"popularity":568,"inProgress":8},{"date":1613228400,"trending":8,"popularity":578,"inProgress":9},{"date":1613314800,"trending":6,"popularity":586,"inProgress":9},{"date":1613401200,"trending":3,"popularity":589,"inProgress":9},{"date":1613487600,"trending":7,"popularity":594,"inProgress":9},{"date":1613574000,"trending":2,"popularity":601,"inProgress":10},{"date":1613660400,"trending":4,"popularity":607,"inProgress":10},{"date":1613746800,"trending":6,"popularity":610,"inProgress":10},{"date":1613833200,"trending":5,"popularity":615,"inProgress":10},{"date":1613919600,"trending":2,"popularity":622,"inProgress":12},{"date":1614006000,"trending":2,"popularity":625,"inProgress":12},{"date":1614092400,"trending":1,"popularity":627,"inProgress":13}],"externalLinks":["https://twitter.com/tenseikenja_PR","https://tenseikenja.com/","https://www.hidive.com/tv/my-isekai-life-i-gained-a-second-character-class-and-became-the-strongest-sage-in-the-world","https://www.youtube.com/playlist?list=PLxSscENEp7JjK9g9OFhHzcZwAQDYFqVYU","https://instagram.com/tenseikenja_pr","https://www.tiktok.com/@tenseikenja_pr","https://www.bilibili.tv/media/1061248","https://www.amazon.com/wanted-Protect-Town-Broadcast-Subtitled/dp/B0B8N6DN1J/"],"streamingEpisodes":[],"rankings":[{"rank":52,"type":"POPULAR","context":"most popular","year":2022,"season":null},{"rank":15,"type":"POPULAR","context":"most popular","year":2022,"season":"SUMMER"}],"mediaListEntry":{"id":283731125,"status":"COMPLETED"},"reviews":null,"siteUrl":"https://anilist.co/anime/129192","autoCreateForumThread":false,"modNotes":null,"stats":{"scoreDistribution":[{"score":10,"amount":269},{"score":20,"amount":324},{"score":30,"amount":644},{"score":40,"amount":1129},{"score":50,"amount":2072},{"score":60,"amount":3320},{"score":70,"amount":3418},{"score":80,"amount":1701},{"score":90,"amount":995},{"score":100,"amount":687}],"statusDistribution":[{"status":"CURRENT","amount":6533},{"status":"PLANNING","amount":12857},{"status":"COMPLETED","amount":22784},{"status":"DROPPED","amount":4529},{"status":"PAUSED","amount":1093}]},"isRecommendationBlocked":false,"recommendations":[{"mediaRecommendation":{"id":101280,"title":{"romaji":"Tensei Shitara Slime Datta Ken","english":"That Time I Got Reincarnated as a Slime","native":"転生したらスライムだった件","userPreferred":"Tensei Shitara Slime Datta Ken"},"type":"ANIME"}},{"mediaRecommendation":{"id":99263,"title":{"romaji":"Tate no Yuusha no Nariagari","english":"The Rising of the Shield Hero","native":"盾の勇者の成り上がり","userPreferred":"Tate no Yuusha no Nariagari"},"type":"ANIME"}},{"mediaRecommendation":{"id":112301,"title":{"romaji":"Maou Gakuin no Futekigousha: Shijou Saikyou no Maou no Shiso, Tensei shite Shison-tachi no Gakkou e Kayou","english":"The Misfit of Demon King Academy: History’s Strongest Demon King Reincarnates and Goes to School with His Descendants","native":"魔王学院の不適合者 ～史上最強の魔王の始祖、転生して子孫たちの学校へ通う～","userPreferred":"Maou Gakuin no Futekigousha: Shijou Saikyou no Maou no Shiso, Tensei shite Shison-tachi no Gakkou e Kayou"},"type":"ANIME"}},{"mediaRecommendation":{"id":100112,"title":{"romaji":"Kenja no Mago","english":"Wise Man’s Grandchild","native":"賢者の孫","userPreferred":"Kenja no Mago"},"type":"ANIME"}},{"mediaRecommendation":{"id":129191,"title":{"romaji":"Shikkakumon no Saikyou Kenja","english":"The Strongest Sage with the Weakest Crest","native":"失格紋の最強賢者","userPreferred":"Shikkakumon no Saikyou Kenja"},"type":"ANIME"}},{"mediaRecommendation":{"id":101547,"title":{"romaji":"Isekai Cheat Magician","english":"Isekai Cheat Magician","native":"異世界チート魔術師","userPreferred":"Isekai Cheat Magician"},"type":"ANIME"}},{"mediaRecommendation":{"id":129898,"title":{"romaji":"Sekai Saikou no Ansatsusha, Isekai Kizoku ni Tensei suru","english":"The World's Finest Assassin Gets Reincarnated in Another World as an Aristocrat","native":"世界最高の暗殺者、異世界貴族に転生する","userPreferred":"Sekai Saikou no Ansatsusha, Isekai Kizoku ni Tensei suru"},"type":"ANIME"}},{"mediaRecommendation":{"id":108465,"title":{"romaji":"Mushoku Tensei: Isekai Ittara Honki Dasu","english":"Mushoku Tensei: Jobless Reincarnation","native":"無職転生 ～異世界行ったら本気だす～","userPreferred":"Mushoku Tensei: Isekai Ittara Honki Dasu"},"type":"ANIME"}},{"mediaRecommendation":{"id":126546,"title":{"romaji":"Seirei Gensouki","english":"Seirei Gensouki: Spirit Chronicles","native":"精霊幻想記","userPreferred":"Seirei Gensouki"},"type":"ANIME"}},{"mediaRecommendation":{"id":100668,"title":{"romaji":"Arifureta Shokugyou de Sekai Saikyou","english":"Arifureta: From Commonplace to World's Strongest","native":"ありふれた職業で世界最強","userPreferred":"Arifureta Shokugyou de Sekai Saikyou"},"type":"ANIME"}},{"mediaRecommendation":{"id":115740,"title":{"romaji":"Kamitachi ni Hirowareta Otoko","english":"By the Grace of the Gods","native":"神達に拾われた男","userPreferred":"Kamitachi ni Hirowareta Otoko"},"type":"ANIME"}},{"mediaRecommendation":{"id":112608,"title":{"romaji":"Slime Taoshite 300-nen, Shiranai Uchi ni Level MAX ni Nattemashita","english":"I've Been Killing Slimes for 300 Years and Maxed Out My Level","native":"スライム倒して300年、知らないうちにレベルMAXになってました","userPreferred":"Slime Taoshite 300-nen, Shiranai Uchi ni Level MAX ni Nattemashita"},"type":"ANIME"}},{"mediaRecommendation":{"id":97907,"title":{"romaji":"Death March Kara Hajimaru Isekai Kyousoukyoku","english":"Death March to the Parallel World Rhapsody","native":"デスマーチからはじまる異世界狂想曲","userPreferred":"Death March Kara Hajimaru Isekai Kyousoukyoku"},"type":"ANIME"}},{"mediaRecommendation":{"id":145260,"title":{"romaji":"Kuro no Shoukanshi","english":"Black Summoner","native":"黒の召喚士","userPreferred":"Kuro no Shoukanshi"},"type":"ANIME"}},{"mediaRecommendation":{"id":98491,"title":{"romaji":"Isekai wa Smartphone to Tomo ni.","english":"In Another World With My Smartphone","native":"異世界はスマートフォンとともに。","userPreferred":"Isekai wa Smartphone to Tomo ni."},"type":"ANIME"}},{"mediaRecommendation":{"id":133844,"title":{"romaji":"Overlord IV","english":"Overlord IV","native":"オーバーロードⅣ","userPreferred":"Overlord IV"},"type":"ANIME"}},{"mediaRecommendation":{"id":132474,"title":{"romaji":"Gaikotsu Kishi-sama, Tadaima Isekai e Odekakechuu","english":"Skeleton Knight in Another World","native":"骸骨騎士様、只今異世界へお出掛け中","userPreferred":"Gaikotsu Kishi-sama, Tadaima Isekai e Odekakechuu"},"type":"ANIME"}},{"mediaRecommendation":{"id":106319,"title":{"romaji":"Hachi-nan tte, Sore wa Nai deshou!","english":"The 8th Son? Are You Kidding Me?","native":"八男って、それはないでしょう！","userPreferred":"Hachi-nan tte, Sore wa Nai deshou!"},"type":"ANIME"}},{"mediaRecommendation":{"id":125206,"title":{"romaji":"Tsuki ga Michibiku Isekai Douchuu","english":"TSUKIMICHI -Moonlit Fantasy-","native":"月が導く異世界道中","userPreferred":"Tsuki ga Michibiku Isekai Douchuu"},"type":"ANIME"}},{"mediaRecommendation":{"id":156067,"title":{"romaji":"Tondemo Skill de Isekai Hourou Meshi","english":"Campfire Cooking in Another World with my Absurd Skill","native":"とんでもスキルで異世界放浪メシ","userPreferred":"Tondemo Skill de Isekai Hourou Meshi"},"type":"ANIME"}},{"mediaRecommendation":{"id":151807,"title":{"romaji":"Ore dake Level Up na Ken","english":"Solo Leveling","native":"俺だけレベルアップな件","userPreferred":"Ore dake Level Up na Ken"},"type":"ANIME"}}]}