{"id":129196,"idMal":47164,"title":{"romaji":"Dungeon ni Deai wo Motomeru no wa Machigatteiru Darou ka IV: Shin Shou Meikyuu-hen","english":"Is It Wrong to Try to Pick Up Girls in a Dungeon? IV","native":"ダンジョンに出会いを求めるのは間違っているだろうかⅣ 新章 迷宮篇","userPreferred":"Dungeon ni Deai wo Motomeru no wa Machigatteiru Darou ka IV: Shin Shou Meikyuu-hen"},"format":"TV","status":"FINISHED","episodes":11,"description":"The fourth season of <i>Dungeon ni Deai wo Motomeru no wa Machigatteiru Darou ka</i>.<br>\n<br>\nIntrepid adventurer Bell Cranel has leveled up, but he can’t rest on his dungeoneering laurels just yet. The Hestia Familia still has a long way to go before it can stand toe-to-toe with the other Familias of Orario — but before Bell can set out on his next mission, reports of a brutal murder rock the adventuring community! One of Bell’s trusted allies stands accused of the horrible crime, and it’s up to Bell and his friends to clear their name and uncover a nefarious plot brewing in the dungeon’s dark depths.<br>\n<br>\n(Source: Sentai Filmworks)","startDate":{"year":2022,"month":7,"day":21},"endDate":{"year":2022,"month":9,"day":29},"season":"SUMMER","seasonYear":2022,"duration":24,"countryOfOrigin":"JP","isLicensed":true,"source":"LIGHT_NOVEL","hashtag":"#danmachi #ダンまち","trailer":"https://www.youtube.com/watch?v=1Z_0xP-bS4Y","updatedAt":1706296602,"coverImage":{"large":"https://s4.anilist.co/file/anilistcdn/media/anime/cover/large/bx129196-eFVs05hMbVSm.jpg","medium":"https://s4.anilist.co/file/anilistcdn/media/anime/cover/medium/bx129196-eFVs05hMbVSm.jpg","small":"https://s4.anilist.co/file/anilistcdn/media/anime/cover/small/bx129196-eFVs05hMbVSm.jpg","color":"#5dbbf1"},"bannerImage":"https://s4.anilist.co/file/anilistcdn/media/anime/banner/129196-bs6Z7VXXsyNd.jpg","genres":["Action","Adventure","Comedy","Fantasy","Romance"],"synonyms":["มันผิดรึไงถ้าใจอยากจะพบรักในดันเจี้ยน ภาค 4","Danmachi IV","Dungeon ni Deai wo Motomeru no wa Machigatteiru Darou ka 4th Season","Is It Wrong to Try to Pick Up Girls in a Dungeon? Season 4","Liệu Có Sai Lầm Khi Tìm Kiếm Cuộc Gặp Gỡ Định Mệnh Trong Hầm Ngục? IV: Chương Mới Phần Mê Cung","ダンまちⅣ"],"averageScore":77,"meanScore":77,"favourites":1701,"popularity":76046,"trending":6,"tags":[{"id":604,"name":"Dungeon","isMediaSpoiler":false},{"id":82,"name":"Male Protagonist","isMediaSpoiler":false},{"id":253,"name":"Gods","isMediaSpoiler":false},{"id":208,"name":"Mythology","isMediaSpoiler":false},{"id":29,"name":"Magic","isMediaSpoiler":false},{"id":43,"name":"Swordplay","isMediaSpoiler":false},{"id":23,"name":"Female Harem","isMediaSpoiler":false},{"id":86,"name":"Primarily Female Cast","isMediaSpoiler":false},{"id":1310,"name":"Travel","isMediaSpoiler":false},{"id":259,"name":"Monster Girl","isMediaSpoiler":true},{"id":598,"name":"Elf","isMediaSpoiler":false},{"id":254,"name":"Kemonomimi","isMediaSpoiler":false},{"id":105,"name":"Ensemble Cast","isMediaSpoiler":false},{"id":558,"name":"Mermaid","isMediaSpoiler":true},{"id":779,"name":"Kuudere","isMediaSpoiler":false},{"id":94,"name":"Gore","isMediaSpoiler":false},{"id":335,"name":"Tanned Skin","isMediaSpoiler":false},{"id":90,"name":"CGI","isMediaSpoiler":false},{"id":870,"name":"Cannibalism","isMediaSpoiler":true},{"id":100,"name":"Nudity","isMediaSpoiler":false}],"relations":[{"id":85162,"title":{"english":"Is It Wrong to Try to Pick Up Girls in a Dungeon?","native":"ダンジョンに出会いを求めるのは間違っているのだろうか","romaji":"Dungeon ni Deai wo Motomeru no wa Machigatteiru Darou ka","userPreferred":"Dungeon ni Deai wo Motomeru no wa Machigatteiru Darou ka"},"type":"MANGA"},{"id":112124,"title":{"english":"Is It Wrong to Try to Pick Up Girls in a Dungeon? III","native":"ダンジョンに出会いを求めるのは間違っているだろうかⅢ","romaji":"Dungeon ni Deai wo Motomeru no wa Machigatteiru Darou ka III","userPreferred":"Dungeon ni Deai wo Motomeru no wa Machigatteiru Darou ka III"},"type":"ANIME"},{"id":155211,"title":{"english":"Is It Wrong to Try to Pick Up Girls in a Dungeon? IV Part 2","native":"ダンジョンに出会いを求めるのは間違っているだろうかⅣ 深章 厄災篇","romaji":"Dungeon ni Deai wo Motomeru no wa Machigatteiru Darou ka IV: Shin Shou Yakusai-hen","userPreferred":"Dungeon ni Deai wo Motomeru no wa Machigatteiru Darou ka IV: Shin Shou Yakusai-hen"},"type":"ANIME"}],"characters":[{"id":88860,"name":"Bell Cranel"},{"id":87654,"name":"Hestia"},{"id":142923,"name":"Mikoto Yamato"},{"id":142537,"name":"Cassandra Ilion"},{"id":142545,"name":"Aisha Belka"},{"id":142535,"name":"Daphne Lauros"},{"id":138250,"name":"Welf Crozzo"},{"id":142551,"name":"Sanjouno Haruhime"},{"id":143055,"name":"Kashima  Ouka"},{"id":142553,"name":"Chigusa Hitachi"},{"id":88897,"name":"Liliruca Arde"},{"id":279197,"name":"Marie"},{"id":279198,"name":"Luvis Lilix"},{"id":279199,"name":"Dormul Bolster"},{"id":142543,"name":"Takemikazuchi"},{"id":142544,"name":"Hephaestus"},{"id":142549,"name":"Miach"},{"id":88896,"name":"Eina Tulle"},{"id":142546,"name":"Naaza  Erisuis"},{"id":183121,"name":"Fels"},{"id":88890,"name":"Ryuu  Lion"},{"id":143051,"name":"Asfi Al Andromeda"},{"id":181352,"name":"Bors Elder"},{"id":134595,"name":"Loki"},{"id":142541,"name":"Ganesha"}],"staff":[{"id":118412,"name":"Fujino Oomori"},{"id":98249,"name":"Suzuhito Yasuda"},{"id":121294,"name":"Shigeki Kimoto"},{"id":118412,"name":"Fujino Oomori"},{"id":109939,"name":"Hideki Shirane"},{"id":103074,"name":"Jin Aketagawa"},{"id":115885,"name":"Keiji Inai"},{"id":105935,"name":"Hideki Tachibana"},{"id":211545,"name":"Jeong-Ryeon Kim"},{"id":132886,"name":"Tomomi Andou"},{"id":132889,"name":"Shingo Fukuyo"},{"id":145109,"name":"Kentarou Tsubone"},{"id":137163,"name":"sajou no hana"},{"id":95869,"name":"Saori Hayami"},{"id":105935,"name":"Hideki Tachibana"},{"id":132883,"name":"Yoshiyuki Nogami"},{"id":105935,"name":"Hideki Tachibana"},{"id":121294,"name":"Shigeki Kimoto"},{"id":121294,"name":"Shigeki Kimoto"},{"id":222835,"name":"Isao Suzuki"},{"id":121294,"name":"Shigeki Kimoto"},{"id":150021,"name":"Akira Teramoto"},{"id":234020,"name":"Shouta Minami"},{"id":136913,"name":"Yuuka Kozutsumi"},{"id":144238,"name":"Mizuki Takahashi"}],"studios":[{"id":415,"name":"Warner Bros. Japan","isAnimationStudio":false},{"id":7,"name":"J.C. Staff","isAnimationStudio":true},{"id":777,"name":"Hakuhodo DY Music & Pictures","isAnimationStudio":false},{"id":6562,"name":"SB Creative","isAnimationStudio":false},{"id":460,"name":"KLOCKWORX","isAnimationStudio":false},{"id":166,"name":"Movic","isAnimationStudio":false},{"id":6612,"name":"FuRyu","isAnimationStudio":false},{"id":7237,"name":"GREE Entertainment","isAnimationStudio":false},{"id":6127,"name":"EGG FIRM","isAnimationStudio":true},{"id":376,"name":"Sentai Filmworks","isAnimationStudio":false}],"isFavourite":false,"isAdult":false,"isLocked":false,"nextAiringEpisode":null,"airingSchedule":[{"airingAt":1658412000,"timeUntilAiring":-47886792,"episode":1},{"airingAt":1659016800,"timeUntilAiring":-47281992,"episode":2},{"airingAt":1659621600,"timeUntilAiring":-46677192,"episode":3},{"airingAt":1660226400,"timeUntilAiring":-46072392,"episode":4},{"airingAt":1660831200,"timeUntilAiring":-45467592,"episode":5},{"airingAt":1661436000,"timeUntilAiring":-44862792,"episode":6},{"airingAt":1662040800,"timeUntilAiring":-44257992,"episode":7},{"airingAt":1662645600,"timeUntilAiring":-43653192,"episode":8},{"airingAt":1663250400,"timeUntilAiring":-43048392,"episode":9},{"airingAt":1663855200,"timeUntilAiring":-42443592,"episode":10},{"airingAt":1664460000,"timeUntilAiring":-41838792,"episode":11}],"trends":[{"date":1612018800,"trending":1681,"popularity":0,"inProgress":null},{"date":1612105200,"trending":3091,"popularity":0,"inProgress":null},{"date":1612191600,"trending":536,"popularity":4394,"inProgress":73},{"date":1612278000,"trending":246,"popularity":5148,"inProgress":92},{"date":1612364400,"trending":185,"popularity":5449,"inProgress":93},{"date":1612450800,"trending":115,"popularity":5660,"inProgress":99},{"date":1612537200,"trending":88,"popularity":5786,"inProgress":100},{"date":1612623600,"trending":89,"popularity":5887,"inProgress":101},{"date":1612710000,"trending":81,"popularity":5992,"inProgress":102},{"date":1612796400,"trending":47,"popularity":6083,"inProgress":103},{"date":1612882800,"trending":59,"popularity":6150,"inProgress":105},{"date":1612969200,"trending":57,"popularity":6216,"inProgress":105},{"date":1613055600,"trending":62,"popularity":6283,"inProgress":106},{"date":1613142000,"trending":38,"popularity":6353,"inProgress":107},{"date":1613228400,"trending":48,"popularity":6398,"inProgress":107},{"date":1613314800,"trending":37,"popularity":6457,"inProgress":106},{"date":1613401200,"trending":42,"popularity":6499,"inProgress":107},{"date":1613487600,"trending":40,"popularity":6560,"inProgress":106},{"date":1613574000,"trending":34,"popularity":6613,"inProgress":108},{"date":1613660400,"trending":30,"popularity":6661,"inProgress":108},{"date":1613746800,"trending":53,"popularity":6693,"inProgress":109},{"date":1613833200,"trending":38,"popularity":6754,"inProgress":110},{"date":1613919600,"trending":49,"popularity":6807,"inProgress":111},{"date":1614006000,"trending":30,"popularity":6860,"inProgress":111},{"date":1614092400,"trending":44,"popularity":6900,"inProgress":111}],"externalLinks":["https://twitter.com/danmachi_anime","http://danmachi.com/","https://www.hidive.com/tv/is-it-wrong-to-try-to-pick-up-girls-in-a-dungeon-iv","https://beta.crunchyroll.com/series/G6DQN9KGR/is-it-wrong-to-try-to-pick-up-girls-in-a-dungeon","https://www.bilibili.tv/media/1060924","https://www.hulu.com/series/is-it-wrong-to-try-to-pick-up-girls-in-a-dungeon-fc1b26af-bd07-4034-95e6-a494d8528069","https://www.tiktok.com/@danmachi_official","https://www.instagram.com/danmachi_official/"],"streamingEpisodes":[{"title":"Episode 1 - Bell Cranel | Adventurer","thumbnail":"https://img1.ak.crunchyroll.com/i/spire3-tmb/e348b3acdd7b6ce1a603c0951adb27801428076414_full.jpg","url":"http://www.crunchyroll.com/is-it-wrong-to-try-to-pick-up-girls-in-a-dungeon/episode-1-bell-cranel-adventurer-818593","site":"Crunchyroll"},{"title":"Episode 2 - Monsterphilia | Monster Festival","thumbnail":"https://img1.ak.crunchyroll.com/i/spire3-tmb/4172628eaa5d6ba0177dfa158e091a571428451183_full.jpg","url":"http://www.crunchyroll.com/is-it-wrong-to-try-to-pick-up-girls-in-a-dungeon/episode-2-monsterphilia-monster-festival-818594","site":"Crunchyroll"},{"title":"Episode 3 - Hestia Knife | The Blade of a God","thumbnail":"https://img1.ak.crunchyroll.com/i/spire4-tmb/bbc6c692da2f91c7f0bfefdd33c6d9891429130704_full.jpg","url":"http://www.crunchyroll.com/is-it-wrong-to-try-to-pick-up-girls-in-a-dungeon/episode-3-hestia-knife-the-blade-of-a-god-818595","site":"Crunchyroll"},{"title":"Episode 4 - Supporter | The Weak","thumbnail":"https://img1.ak.crunchyroll.com/i/spire4-tmb/19576143adf179b5ce7824420595bbb71429564707_full.jpg","url":"http://www.crunchyroll.com/is-it-wrong-to-try-to-pick-up-girls-in-a-dungeon/episode-4-supporter-the-weak-818596","site":"Crunchyroll"},{"title":"Episode 5 - Grimoire | Magic Book","thumbnail":"https://img1.ak.crunchyroll.com/i/spire3-tmb/24aa316b4cb94e2f480ed0b4b2d5bef51430263333_full.jpg","url":"http://www.crunchyroll.com/is-it-wrong-to-try-to-pick-up-girls-in-a-dungeon/episode-5-grimoire-magic-book-818597","site":"Crunchyroll"},{"title":"Episode 6 - Liliruca Arde | Reason","thumbnail":"https://img1.ak.crunchyroll.com/i/spire4-tmb/9e2ee8e72cc681d5a0952512eb776d7a1430330117_full.jpg","url":"http://www.crunchyroll.com/is-it-wrong-to-try-to-pick-up-girls-in-a-dungeon/episode-6-liliruca-arde-reason-818598","site":"Crunchyroll"},{"title":"Episode 7 - Aiz Wallenstein | Sword Princess","thumbnail":"https://img1.ak.crunchyroll.com/i/spire4-tmb/1bef31af96fea3e731ace076d02fe2371431461536_full.jpg","url":"http://www.crunchyroll.com/is-it-wrong-to-try-to-pick-up-girls-in-a-dungeon/episode-7-aiz-wallenstein-sword-princess-818599","site":"Crunchyroll"},{"title":"Episode 8 - Argonaut | Wanting To Be A Hero","thumbnail":"https://img1.ak.crunchyroll.com/i/spire3-tmb/7a6af7f3257c78b3b4841ad742478f961432144935_full.jpg","url":"http://www.crunchyroll.com/is-it-wrong-to-try-to-pick-up-girls-in-a-dungeon/episode-8-argonaut-wanting-to-be-a-hero-818600","site":"Crunchyroll"},{"title":"Episode 9 - Welf Crozzo | Blacksmith","thumbnail":"https://img1.ak.crunchyroll.com/i/spire3-tmb/d216967be477b7798c01563c58c8e3691432856291_full.jpg","url":"http://www.crunchyroll.com/is-it-wrong-to-try-to-pick-up-girls-in-a-dungeon/episode-9-welf-crozzo-blacksmith-818602","site":"Crunchyroll"},{"title":"Episode 10 - Pass Parade Procession of Monsters","thumbnail":"https://img1.ak.crunchyroll.com/i/spire1-tmb/19af3e75583b6adaf42dcb70b77b75051433465463_full.jpg","url":"http://www.crunchyroll.com/is-it-wrong-to-try-to-pick-up-girls-in-a-dungeon/episode-10-pass-parade-procession-of-monsters-818611","site":"Crunchyroll"},{"title":"Episode 11 - Under Resort | Labyrinth Utopia","thumbnail":"https://img1.ak.crunchyroll.com/i/spire2-tmb/4f8b974f8f5d06f5c63be9807e17f3ea1434122692_full.jpg","url":"http://www.crunchyroll.com/is-it-wrong-to-try-to-pick-up-girls-in-a-dungeon/episode-11-under-resort-labyrinth-utopia-818612","site":"Crunchyroll"},{"title":"Episode 12 - Show | Evil Intentions","thumbnail":"https://img1.ak.crunchyroll.com/i/spire3-tmb/996da6ca8d7acd5599b550e9006adaff1434585454_full.jpg","url":"http://www.crunchyroll.com/is-it-wrong-to-try-to-pick-up-girls-in-a-dungeon/episode-12-show-evil-intentions-818613","site":"Crunchyroll"},{"title":"Episode 13 - Familia Myth | The Story of a Familia","thumbnail":"https://img1.ak.crunchyroll.com/i/spire1-tmb/2fafebe483b617dacba41facd2a508111435270371_full.jpg","url":"http://www.crunchyroll.com/is-it-wrong-to-try-to-pick-up-girls-in-a-dungeon/episode-13-familia-myth-the-story-of-a-familia-818614","site":"Crunchyroll"}],"rankings":[{"rank":446,"type":"RATED","context":"highest rated all time","year":null,"season":null},{"rank":36,"type":"RATED","context":"highest rated","year":2022,"season":null},{"rank":27,"type":"POPULAR","context":"most popular","year":2022,"season":null},{"rank":9,"type":"RATED","context":"highest rated","year":2022,"season":"SUMMER"},{"rank":9,"type":"POPULAR","context":"most popular","year":2022,"season":"SUMMER"}],"mediaListEntry":{"id":285685574,"status":"COMPLETED"},"reviews":[{"id":18543,"score":83,"summary":"When the dungeon gets tired of the games.","body":"__Overview:__\n\nBrestia takes a side character role this time around. Its time for some raw story. Whats that, not enough dungeon the people say? Well well well, there is dungeon in here and it gets spicy. Might as well get right into it given episode 0 is all the recap a person could ask for.\n\nFirst bit is a quick dive down there to get familiar with the area that we will be well acquainted with in the coming eps. Also, a certain Marie makes and appearance hehe. Wholesome interactions with bell. Again is setup for the hardship to come. \n\nAfter completion there’s a new title for adventurers meeting. Expectedly Bell is the talk of city once again. \n\nMeat an taters comes in now though. A simple expedition handed to bells group with a simple goal. What could go wrong. Well more dungeon is what goes wrong. On the way out they are met with a murder mystery, they have to investigate and assist due to the ones involved. Down some floors with this riot. Simply put for the rest, big monster, what could get worse, oh shit that’s worse. Wait it really cant get any worse, right? Who again, phew its over… right? Mangaka san please stop, its enough dungeon now.\n\nOh it goes from 0 to 100, then 200 very fast with the last arc covered. Back of mind hopes fulfilled while incorporating new characters and really showing off the severity of the dungeon and why Zeus is no longer top dog. Ending with a edge of seat moment that is satisfied by seeing this is 2 cour and a one season downtime to help cope with what is about to hit us.\n\n__Visuals/Music:__\n\nVisuals of danmachi are unique and have more of a blobish flow to them that works very well. Other anime have copied this style with varying results which should speak volume. The animation of fights is something else that is very noteworthy. No complaints from start to finish about how animation is done in and outside of fights. Bluerays for Danmachi are known to only further express what makes the show on a tier that allows for this many successful seasons. \n\nMusic is great as well with silence being used when needed and proper osts used for emotional scenes that help keep a viewer immersed in whats going on. While also peaking emotions during sad or intense scenes. Where it falls short is the use of mic rupture/peak sound effects. These mic rupture effects are something many shows put in to try and show a more powerful event happening, but it really takes away from immersion and harms the scene. However, with the caliber of animation and ost that danmachi carries with it, mitigation of demersion is able to happen but it is still there. Only benefits would be seen from using better sound effects for many scenes.\n\n__Final Thoughts:__\n\nHighly recommend danmachi to others as it is a show with a great world built around it and an even better character and story wrapped around it. \n\nBrestia may not make an appearance as prominent as other seasons which is a shame. Somehow it truly doesn’t matter much though lol, the rest of this season carries it hard where less tiddies or more tiddies wouldn’t have made a difference. When she is shown, oh is still blissful for those wondering :mrclean: \n\nThe ending of this season… LN readers, sorry to say but im glad we only have a 3 month wait kek, that 9 month wait for the next volume must have been hell, a hell worth waiting for though lol.\n\nCharacters (main) – 5/5 \nCharacters (sub) – 4/5 \nEnjoyment – 4/5 \nVisuals – 5/5 \nMusic – 3/5 \nStory – 4/5\n`Overall Ratings - Rec: 4/5 Raw: 83%`"},{"id":19541,"score":60,"summary":"Insulted by all the exposition","body":"# ~~~__Overview__~~~\nI can't say I recommend this. I've been watching this series each season ongoing since 2015 but I'm calling it. I feel insulted by all the exposition, leave some room for viewers to think for themselves and figure things out or at least explain things only once.\n\n# ~~~__Story : 2/10__~~~\nNo surprise whatsoever. The plot is straightforward, no turning back, no back story, nothing. Straight from an elementary student's writing. \nThe story of each episode is quite literally: the party encountered danger, one character showed their power, the problem solved. Then another problem appeared which needs a character to get stronger to solve it, the character gets stronger, the problem solved.\n\nEasily the most brutal and gory season, so much blood and deaths, yet I cared so little. Why? Characters were introduced just to be torn in half within 2-3 minutes. The writer wants gore and deaths yet doesn't want to lose any well established characters. Every death ends up feeling so cheap yet gory and disgusting, it's like watching someone step on insects just for the hell of it.\n\nYou can make a fight feel difficult without killing nobodies if you use your imagination a bit more, many other animes managed to do it. You can also go the other route and make it sad by killing people that viewers have established connection with, many other animes managed to do it...\n\nI also have a huge issue with the way they repeat things over and over and over again. Ryuu's past was explained at least 3 times in the last 2 episodes and over 5 times in the season, and the way everyone just stops fighting and listens to the story being told over and over just irritated me.\n\nMany character's do some real frustrating things, for example at some point in the story we get introduced to a character that has an ability to foretell the future in her dreams, yet nobody wants to listen to her, even though her dreams proven consistently accurate.\n\nBell's actions don't make sense and are frankly... Stupid. A person kills hundreds of people and brags about it in his face, and Bell just decides to spare him and let him go continue doing what he does best, kill innocents.\n\n~~~__Bad person:__ continues hurting Bell and his friends\n__Bell:__\nimg220(https://i.imgur.com/Eu56FCr.png)~~~\n\n#~~~__Sounds : 7/10__~~~\nThe sound is great. The music fits well and is generally acceptable. Nothing seems out of place and the voice acting is great, with each character's voice recognizable even if without seeing their faces.\n\n#~~~__Thoughts__~~~\nYou actually have to be high as hell to enjoy watching this, you need to throw common sense out of the window, otherwise most character's actions will frustrate you. You also need to pass out when they explain the same thing 3 times in the same episode, then wake up at the good parts (good animations btw). Probably not watching the 2023 season."}],"siteUrl":"https://anilist.co/anime/129196","autoCreateForumThread":false,"modNotes":null,"stats":{"scoreDistribution":[{"score":10,"amount":103},{"score":20,"amount":79},{"score":30,"amount":172},{"score":40,"amount":314},{"score":50,"amount":822},{"score":60,"amount":1767},{"score":70,"amount":5454},{"score":80,"amount":8298},{"score":90,"amount":5012},{"score":100,"amount":2563}],"statusDistribution":[{"status":"CURRENT","amount":7208},{"status":"PLANNING","amount":25991},{"status":"COMPLETED","amount":40631},{"status":"DROPPED","amount":929},{"status":"PAUSED","amount":1287}]},"isRecommendationBlocked":false,"recommendations":[{"mediaRecommendation":{"id":101280,"title":{"romaji":"Tensei Shitara Slime Datta Ken","english":"That Time I Got Reincarnated as a Slime","native":"転生したらスライムだった件","userPreferred":"Tensei Shitara Slime Datta Ken"},"type":"ANIME"}},{"mediaRecommendation":{"id":11757,"title":{"romaji":"Sword Art Online","english":"Sword Art Online","native":"ソードアート・オンライン","userPreferred":"Sword Art Online"},"type":"ANIME"}},{"mediaRecommendation":{"id":101165,"title":{"romaji":"Goblin Slayer","english":"GOBLIN SLAYER","native":"ゴブリンスレイヤー","userPreferred":"Goblin Slayer"},"type":"ANIME"}},{"mediaRecommendation":{"id":20832,"title":{"romaji":"Overlord","english":"Overlord","native":"オーバーロード","userPreferred":"Overlord"},"type":"ANIME"}},{"mediaRecommendation":{"id":125206,"title":{"romaji":"Tsuki ga Michibiku Isekai Douchuu","english":"TSUKIMICHI -Moonlit Fantasy-","native":"月が導く異世界道中","userPreferred":"Tsuki ga Michibiku Isekai Douchuu"},"type":"ANIME"}},{"mediaRecommendation":{"id":97986,"title":{"romaji":"Made in Abyss","english":"Made in Abyss","native":"メイドインアビス","userPreferred":"Made in Abyss"},"type":"ANIME"}},{"mediaRecommendation":{"id":114745,"title":{"romaji":"Made in Abyss: Retsujitsu no Ougonkyou","english":"Made in Abyss: The Golden City of the Scorching Sun","native":"メイドインアビス 烈日の黄金郷","userPreferred":"Made in Abyss: Retsujitsu no Ougonkyou"},"type":"ANIME"}},{"mediaRecommendation":{"id":17265,"title":{"romaji":"Log Horizon","english":"Log Horizon","native":"ログ・ホライズン","userPreferred":"Log Horizon"},"type":"ANIME"}}]}