{"id":131005,"idMal":48466,"title":{"romaji":"Kyoukai Senki","english":"AMAIM Warrior at the Borderline","native":"境界戦機","userPreferred":"Kyoukai Senki"},"format":"TV","status":"FINISHED","episodes":13,"description":"In 2061 AD, Japan is dominated. Divided and ruled by the four major economic blocs of the world, the Japanese people spent their days oppressed as subjugated citizens. Japan became the front line of the world where AMAIM, a human-type special mobile weapon deployed by each economic zone, strode about.. One day, Amou Shiiba, a boy who loves machines, meets i-LeS (autonomous thinking AI) named \"Gai,\" and this leads him to throw himself into the battle to reclaim Japan, by piloting the AMAIM \"Kenbu\" built by himself.<br>\n<br>\n(Source: Crunchyroll)","startDate":{"year":2021,"month":10,"day":5},"endDate":{"year":2021,"month":12,"day":28},"season":"FALL","seasonYear":2021,"duration":24,"countryOfOrigin":"JP","isLicensed":true,"source":"ORIGINAL","hashtag":"#kk_senki #境界戦機","trailer":"https://www.youtube.com/watch?v=JsdTwQubNWE","updatedAt":1706261758,"coverImage":{"large":"https://s4.anilist.co/file/anilistcdn/media/anime/cover/large/bx131005-khLbX1nMCBxB.jpg","medium":"https://s4.anilist.co/file/anilistcdn/media/anime/cover/medium/bx131005-khLbX1nMCBxB.jpg","small":"https://s4.anilist.co/file/anilistcdn/media/anime/cover/small/bx131005-khLbX1nMCBxB.jpg","color":"#f15d93"},"bannerImage":"https://s4.anilist.co/file/anilistcdn/media/anime/banner/131005-X53CBI87n5tk.jpg","genres":["Fantasy","Mecha","Sci-Fi"],"synonyms":["เคียวไคเซ็นกิ สงครามจักรกล"],"averageScore":59,"meanScore":59,"favourites":82,"popularity":8857,"trending":0,"tags":[{"id":160,"name":"Real Robot","isMediaSpoiler":false},{"id":517,"name":"Artificial Intelligence","isMediaSpoiler":false},{"id":82,"name":"Male Protagonist","isMediaSpoiler":false},{"id":85,"name":"Tragedy","isMediaSpoiler":false},{"id":34,"name":"Military","isMediaSpoiler":false},{"id":217,"name":"Dystopian","isMediaSpoiler":false},{"id":103,"name":"Politics","isMediaSpoiler":false},{"id":285,"name":"Terrorism","isMediaSpoiler":false},{"id":252,"name":"Revenge","isMediaSpoiler":false},{"id":102,"name":"Coming of Age","isMediaSpoiler":false}],"relations":[{"id":143203,"title":{"english":"AMAIM Warrior at the Borderline Part 2","native":"境界戦機 第二部","romaji":"Kyoukai Senki Part 2","userPreferred":"Kyoukai Senki Part 2"},"type":"ANIME"},{"id":161647,"title":{"english":"AMAIM Warrior at the Borderline UltraSteel Ogre-Gear","native":"境界戦機 極鋼ノ装鬼","romaji":"Kyoukai Senki: Kyokkou no Souki","userPreferred":"Kyoukai Senki: Kyokkou no Souki"},"type":"ANIME"}],"characters":[{"id":250346,"name":"Nayuta"},{"id":250345,"name":"Kei"},{"id":250344,"name":"Amou Shiiba"},{"id":250348,"name":"Gai"},{"id":250349,"name":"Shion Shishibe"},{"id":250347,"name":"Gashin Tezuka"},{"id":255544,"name":"Sun Chung"},{"id":255545,"name":"Brad Watt"},{"id":255546,"name":"Misuzu Maki"},{"id":255547,"name":"Kate Burn"},{"id":255549,"name":"Ho Guan"},{"id":255550,"name":"Takeru Muramatsu"},{"id":255551,"name":"Gouken Kumai"},{"id":255552,"name":"Eiji Umasaki"},{"id":255554,"name":"Jeffery Wilson"},{"id":255555,"name":"Risa Kouzaki"},{"id":255556,"name":"Raymond Hardy"},{"id":314086,"name":"Dahlia Lvov"},{"id":314087,"name":"Alexei Zelenoy"}],"staff":[{"id":123020,"name":"Kenichi Oonuki"},{"id":97415,"name":"Noboru Kimura"},{"id":115631,"name":"Nobuyoshi Habara"},{"id":103626,"name":"Kanetake Ebikawa"},{"id":119839,"name":"Rasmus Faber"},{"id":118610,"name":"Ippei Gyoubu"},{"id":104303,"name":"Kenji Teraoka"},{"id":213326,"name":"Yuuya Koyanagi"},{"id":213325,"name":"Ken Okuyama"},{"id":146195,"name":"Shinya Kusumegi"},{"id":165819,"name":"Hiroshi Arisawa"},{"id":146208,"name":"Akiko Inoue"},{"id":146264,"name":"Emi Onodera"},{"id":138384,"name":"Yousuke Motoki "},{"id":122252,"name":"Norifumi Nakamura"},{"id":144390,"name":"Nariyuki Ogi"},{"id":187414,"name":"Yoshitaka Murakami"},{"id":129168,"name":"Michio Murakawa"},{"id":103074,"name":"Jin Aketagawa"},{"id":123020,"name":"Kenichi Oonuki"},{"id":186053,"name":"Manabu Kuroda"},{"id":210387,"name":"Yoshikazu Beniya"},{"id":103539,"name":"Tatsuyuki Nagai"},{"id":133715,"name":"Mitsuru Ishihara"},{"id":169338,"name":"Tatsuya Arai"}],"studios":[{"id":6573,"name":"Sunrise Beyond","isAnimationStudio":true},{"id":6551,"name":"Sunrise Music","isAnimationStudio":false},{"id":306,"name":"Magic Capsule","isAnimationStudio":false}],"isFavourite":false,"isAdult":false,"isLocked":false,"nextAiringEpisode":null,"airingSchedule":[{"airingAt":1633365000,"timeUntilAiring":-72934596,"episode":1},{"airingAt":1633969800,"timeUntilAiring":-72329796,"episode":2},{"airingAt":1634574600,"timeUntilAiring":-71724996,"episode":3},{"airingAt":1635179400,"timeUntilAiring":-71120196,"episode":4},{"airingAt":1635784200,"timeUntilAiring":-70515396,"episode":5},{"airingAt":1636389000,"timeUntilAiring":-69910596,"episode":6},{"airingAt":1636993800,"timeUntilAiring":-69305796,"episode":7},{"airingAt":1637598600,"timeUntilAiring":-68700996,"episode":8},{"airingAt":1638203400,"timeUntilAiring":-68096196,"episode":9},{"airingAt":1638808200,"timeUntilAiring":-67491396,"episode":10},{"airingAt":1639413000,"timeUntilAiring":-66886596,"episode":11},{"airingAt":1640017800,"timeUntilAiring":-66281796,"episode":12},{"airingAt":1640622600,"timeUntilAiring":-65676996,"episode":13}],"trends":[{"date":1615820400,"trending":65,"popularity":0,"inProgress":null},{"date":1615906800,"trending":81,"popularity":0,"inProgress":null},{"date":1615993200,"trending":19,"popularity":150,"inProgress":1},{"date":1616079600,"trending":11,"popularity":179,"inProgress":2},{"date":1616166000,"trending":6,"popularity":197,"inProgress":2},{"date":1616252400,"trending":8,"popularity":203,"inProgress":2},{"date":1616338800,"trending":6,"popularity":209,"inProgress":2},{"date":1616425200,"trending":6,"popularity":219,"inProgress":2},{"date":1616511600,"trending":8,"popularity":225,"inProgress":2},{"date":1616598000,"trending":7,"popularity":233,"inProgress":2},{"date":1616684400,"trending":11,"popularity":239,"inProgress":2},{"date":1616770800,"trending":3,"popularity":246,"inProgress":2},{"date":1616857200,"trending":11,"popularity":253,"inProgress":4},{"date":1616943600,"trending":5,"popularity":264,"inProgress":3},{"date":1617030000,"trending":7,"popularity":269,"inProgress":3},{"date":1617116400,"trending":9,"popularity":276,"inProgress":4},{"date":1617202800,"trending":7,"popularity":281,"inProgress":4},{"date":1617289200,"trending":5,"popularity":291,"inProgress":4},{"date":1617375600,"trending":9,"popularity":295,"inProgress":4},{"date":1617462000,"trending":5,"popularity":306,"inProgress":4},{"date":1617548400,"trending":6,"popularity":310,"inProgress":4},{"date":1617634800,"trending":2,"popularity":318,"inProgress":5},{"date":1617721200,"trending":4,"popularity":322,"inProgress":5},{"date":1617807600,"trending":5,"popularity":327,"inProgress":5},{"date":1617894000,"trending":3,"popularity":328,"inProgress":4}],"externalLinks":["https://twitter.com/kyoukai_senki","https://www.kyoukai-senki.net/","https://www.funimation.com/shows/amaim-warrior-at-the-borderline/","https://www.iq.com/album/28q78lyprk9","https://www.crunchyroll.com/amaim-warrior-at-the-borderline"],"streamingEpisodes":[{"title":"Episode 1 - Activate","thumbnail":"https://img1.ak.crunchyroll.com/i/spire3-tmb/8afbd2edad39424769da89e7a0e301eb1648345150_full.jpg","url":"http://www.crunchyroll.com/amaim-warrior-at-the-borderline/episode-1-activate-841704","site":"Crunchyroll"},{"title":"Episode 2 - Voyage","thumbnail":"https://img1.ak.crunchyroll.com/i/spire4-tmb/69537b4e363286cda216402cdb316d9f1648345508_full.jpg","url":"http://www.crunchyroll.com/amaim-warrior-at-the-borderline/episode-2-voyage-841705","site":"Crunchyroll"},{"title":"Episode 3 - Reason to Fight","thumbnail":"https://img1.ak.crunchyroll.com/i/spire4-tmb/a469a95b6af259de141d885248cff5e01648345572_full.jpg","url":"http://www.crunchyroll.com/amaim-warrior-at-the-borderline/episode-3-reason-to-fight-841706","site":"Crunchyroll"},{"title":"Episode 4 - Separate Ways","thumbnail":"https://img1.ak.crunchyroll.com/i/spire1-tmb/4f1ca3b62c0860099971b48b4e91b5eb1648345524_full.jpg","url":"http://www.crunchyroll.com/amaim-warrior-at-the-borderline/episode-4-separate-ways-841707","site":"Crunchyroll"},{"title":"Episode 5 - Determination","thumbnail":"https://img1.ak.crunchyroll.com/i/spire2-tmb/410fd351eb7583f4ec5b3fb163d898ec1648345627_full.jpg","url":"http://www.crunchyroll.com/amaim-warrior-at-the-borderline/episode-5-determination-841708","site":"Crunchyroll"},{"title":"Episode 6 - Journey","thumbnail":"https://img1.ak.crunchyroll.com/i/spire2-tmb/daedf5e77e5962818fb58df899c8185d1648345755_full.jpg","url":"http://www.crunchyroll.com/amaim-warrior-at-the-borderline/episode-6-journey-841709","site":"Crunchyroll"},{"title":"Episode 7 - The Hunt","thumbnail":"https://img1.ak.crunchyroll.com/i/spire2-tmb/dedeefb72f3f0a0041c9f13dffd2156a1648346171_full.jpg","url":"http://www.crunchyroll.com/amaim-warrior-at-the-borderline/episode-7-the-hunt-841710","site":"Crunchyroll"},{"title":"Episode 8 - Path to Recovery","thumbnail":"https://img1.ak.crunchyroll.com/i/spire2-tmb/3f380556427f0ea4da60f7ba9cd959751648346196_full.jpg","url":"http://www.crunchyroll.com/amaim-warrior-at-the-borderline/episode-8-path-to-recovery-841715","site":"Crunchyroll"},{"title":"Episode 9 - Autonomous Area","thumbnail":"https://img1.ak.crunchyroll.com/i/spire1-tmb/85fbfa79e5a2413f9447743dc8de3cb41648346204_full.jpg","url":"http://www.crunchyroll.com/amaim-warrior-at-the-borderline/episode-9-autonomous-area-841716","site":"Crunchyroll"},{"title":"Episode 10 - Expedition","thumbnail":"https://img1.ak.crunchyroll.com/i/spire3-tmb/e13ba8071dbf7c52654b6ded120ff9591648346179_full.jpg","url":"http://www.crunchyroll.com/amaim-warrior-at-the-borderline/episode-10-expedition-841718","site":"Crunchyroll"},{"title":"Episode 11 - Encirclement","thumbnail":"https://img1.ak.crunchyroll.com/i/spire1-tmb/63c2be680b07ebc0eeb3848c851330561648346293_full.jpg","url":"http://www.crunchyroll.com/amaim-warrior-at-the-borderline/episode-11-encirclement-841719","site":"Crunchyroll"},{"title":"Episode 12 - Battle of the Oki Islands (Part 1)","thumbnail":"https://img1.ak.crunchyroll.com/i/spire2-tmb/ae4d41a3b469dc90c14b2c0c6ade2de81648346316_full.jpg","url":"http://www.crunchyroll.com/amaim-warrior-at-the-borderline/episode-12-battle-of-the-oki-islands-part-1-841721","site":"Crunchyroll"},{"title":"Episode 13 - Battle of the Oki Islands (Part 2)","thumbnail":"https://img1.ak.crunchyroll.com/i/spire2-tmb/53aa73ab3d5d3061e2a1e00e86e0a9111648346407_full.jpg","url":"http://www.crunchyroll.com/amaim-warrior-at-the-borderline/episode-13-battle-of-the-oki-islands-part-2-841722","site":"Crunchyroll"},{"title":"Episode 14 - Eight Months Later","thumbnail":"https://img1.ak.crunchyroll.com/i/spire1-tmb/ea6963587b1ef094b38897f93c42f7ae1649691009_full.jpg","url":"http://www.crunchyroll.com/amaim-warrior-at-the-borderline/episode-14-eight-months-later-843011","site":"Crunchyroll"},{"title":"Episode 15 - Reunion","thumbnail":"https://img1.ak.crunchyroll.com/i/spire4-tmb/43c8a47bb83c192906fabd457a760a9b1650295794_full.jpg","url":"http://www.crunchyroll.com/amaim-warrior-at-the-borderline/episode-15-reunion-843012","site":"Crunchyroll"},{"title":"Episode 16 - Fierce Battle","thumbnail":"https://img1.ak.crunchyroll.com/i/spire1-tmb/899dedaa32208943d1906ea0e279fe741650895827_full.jpg","url":"http://www.crunchyroll.com/amaim-warrior-at-the-borderline/episode-16-fierce-battle-843013","site":"Crunchyroll"},{"title":"Episode 17 - TRYVECTA","thumbnail":"https://img1.ak.crunchyroll.com/i/spire2-tmb/24bece5ad7200227931280b2929337b51651497855_full.jpg","url":"http://www.crunchyroll.com/amaim-warrior-at-the-borderline/episode-17-tryvecta-843014","site":"Crunchyroll"},{"title":"Episode 18 - The Sanctuary","thumbnail":"https://img1.ak.crunchyroll.com/i/spire2-tmb/5cffef53d08dd4d3a47457bf8d28b20f1652101944_full.jpg","url":"http://www.crunchyroll.com/amaim-warrior-at-the-borderline/episode-18-the-sanctuary-843015","site":"Crunchyroll"},{"title":"Episode 19 - Anniversary","thumbnail":"https://img1.ak.crunchyroll.com/i/spire3-tmb/ad495f1fc9ea5fa60cb1ca650beae2231652704802_full.jpg","url":"http://www.crunchyroll.com/amaim-warrior-at-the-borderline/episode-19-anniversary-843016","site":"Crunchyroll"},{"title":"Episode 20 - New Japan Cooperation Organization","thumbnail":"https://img1.ak.crunchyroll.com/i/spire3-tmb/c8db951822e5177f1eb0e4d5e3aad1dc1653300162_full.jpg","url":"http://www.crunchyroll.com/amaim-warrior-at-the-borderline/episode-20-new-japan-cooperation-organization-843017","site":"Crunchyroll"},{"title":"Episode 21 - Signs of Upheaval","thumbnail":"https://img1.ak.crunchyroll.com/i/spire3-tmb/b7bd10a9b08d61c1488c40651bd320ef1653922427_full.jpg","url":"http://www.crunchyroll.com/amaim-warrior-at-the-borderline/episode-21-signs-of-upheaval-843018","site":"Crunchyroll"},{"title":"Episode 22 - Fugitives","thumbnail":"https://img1.ak.crunchyroll.com/i/spire4-tmb/0737e160a033ccb3604a26dc81fc02461654504533_full.jpg","url":"http://www.crunchyroll.com/amaim-warrior-at-the-borderline/episode-22-fugitives-843019","site":"Crunchyroll"},{"title":"Episode 23 - Outbreak of War","thumbnail":"https://img1.ak.crunchyroll.com/i/spire1-tmb/bd071661934a3154ecb6cdb64e0ff42e1655107106_full.jpg","url":"http://www.crunchyroll.com/amaim-warrior-at-the-borderline/episode-23-outbreak-of-war-843020","site":"Crunchyroll"},{"title":"Episode 24 - Hokuriku Frontline (Part 1)","thumbnail":"https://img1.ak.crunchyroll.com/i/spire1-tmb/bfa652ba53e561145893eb23b05485181655739157_full.jpg","url":"http://www.crunchyroll.com/amaim-warrior-at-the-borderline/episode-24-hokuriku-frontline-part-1-843021","site":"Crunchyroll"},{"title":"Episode 25 - Hokuriku Frontline (Part 2)","thumbnail":"https://img1.ak.crunchyroll.com/i/spire4-tmb/4d9348a203e0a288ca814cd42a44de461656324826_full.jpg","url":"http://www.crunchyroll.com/amaim-warrior-at-the-borderline/episode-25-hokuriku-frontline-part-2-843022","site":"Crunchyroll"}],"rankings":[{"rank":29,"type":"RATED","context":"highest rated","year":2021,"season":"FALL"},{"rank":27,"type":"POPULAR","context":"most popular","year":2021,"season":"FALL"}],"mediaListEntry":null,"reviews":[{"id":14802,"score":15,"summary":"Painfully bland. Being an all 2D animated mecha with no CGI gave me hope but it was lazy 2D animation.","body":"Kyoukai Senki is so painfully bland I had to drag myself to finish it. The constant \"Amou saves the day\" and slice of life like episodes dragged it down too much. The plot progresses so slowly, and though I tried to be patient and give it a chance, it just wasn't done well at all. It was exciting to see a mecha series that would focus on 2D animation and completely ditch CGI, but it did an awful job in doing that. Lots of times the animation is Scarlet Nexus tier bad in that it uses still frame fights with flashy lights and cheap effects to make it look like animation. You can tell some episodes threw the animation completely out the window while only a few were consistent.\n\nAmou is in that pile of boring protagonists. He hardly felt memorable and his character barely progressed anywhere. Yes, he wants to be a hero and save people, but the writing is so shallow and hollow about it. To fix him, the first thing I would do is change the hideous yellow shirt he wears. For being a political series, that was done awful and underwhelming. Some of the main characters barely even got any development, and they can't cheap out on me and say to wait for the 2nd cour where it could get better because the 1st cour should be strong as well. \n\nShion had potential to be a great character but the series would rather focus on her making clay pots than fighting for the resistance.\n\nBrad Watt is a cocky and smug high IQ individual that can scientifically breakdown a mecha fight for you just by staring at the dirt they fought on which I found hilariously absurd.\n\nI understand Gashin's struggle under the context his father, but his character mostly felt annoyingly bitter.\n\nThe Pokemon were annoying, especially Gai. How could they reduce Violet Evergarden's voice actor down with a minor role voicing a hideous white blob with a boomerang mouth.\n\nThis all ties into many of the characters, the heroes and villains, in that they did not have anywhere near enough screen time to be relevant, and many just disappeared since the staff figured they'd just come back in the second cour.\n\nGhost is the only part of Kouykai Senki that I enjoyed. It's a learning AI that is so advanced it should have learned to jump out of the series and go after the writers before they can think of a cheap way to write him off since it is so obscenely strong. The main cast decide that in order to beat it, they have to do the same thing that doesn't work over and over again. Still, I enjoyed the type of destructive force Ghost can be.\n\nWith a second cour over the horizon, the suffering will continue. Still, the staff got carried away and left far too much unanswered and unresolved. At least the ending song and last episode were nice, though the episode was all action and nothing more."},{"id":21770,"score":47,"summary":"A war glorifying Japanese nationalism propaganda, yet an engaging political mecha anime.","body":"The mecha genre has undergone significant evolution, raising questions about its current relevance. While some detractors dismiss __AMAIM Warrior at the Borderline__ as a cheap [Gundam](https://anilist.co/anime/80/) knockoff, a closer examination of modern mecha titles, including Gundam itself, reveals how the genre has transformed to cater to the preferences of a new generation. Traditional tropes and elements have been reimagined and reshaped, aligning with the changing tastes and demands of contemporary anime audiences. This observation is not solely based on personal claims; even Takuya Okamoto, the producer of Witch from Mercury at studio Sunrise, [acknowledges that classic Gundam titles no longer resonate with modern viewers](http://4nn.cx/.190729). This phenomenon extends beyond mecha alone and can be seen across various subgenres.\n\nMany long-time fans and seasoned mecha enthusiasts have understandably grown disenchanted with the genre, shifting their attention to alternative forms of entertainment. Mecha anime has become inundated with tired elements and tropes, including school settings, waifu-baits, edgy immature presentation, otaku culture, horny fanservice, and moe character designs. These prevailing trends have alienated the older generation of mecha fans who yearn for a departure from the modernised and formulaic aspects prevalent in contemporary mecha titles.\n\nHowever, in this landscape of fatigue, a handful of lesser-known titles, such as AMAIM, have boldly reintroduced old-school political mecha tropes into the modern era. Regrettably, due to its departure from conventional elements, the series has largely escaped the notice of both traditional mecha enthusiasts and contemporary audiences. The veterans have grown disillusioned, hesitant to venture into new mecha titles, while fans of the modern approach find AMAIM unappealing compared to their usual fare. Consequently, the series finds itself trapped in a paradoxical position, failing to capture the attention of either group.\n\nThat being said, while AMAIM successfully avoids employing tropes that don't belong in a political mecha, and that retro mecha fans, including myself, have grown weary of in anime, it is crucial to note that the mere avoidance of these tropes does not automatically make an anime exceptional. It takes more than the absence of undesirable elements to create a truly remarkable and memorable work.\n\nAMAIM Warrior at the Borderline, another production from Sunrise and helmed by the veteran director [Habara Nobuyoshi](https://anilist.co/staff/115631/), renowned for his niche 'cult classic' mecha anime like [Fafner](https://anilist.co/anime/75/) (dubbed a 'discount [Evangelion](https://anilist.co/anime/30/)') and [Broken Blade](https://anilist.co/anime/6772/) (labelled a 'discount Gundam'), offers a simple yet intriguing premise rooted in political war drama. The story unfolds in a world where four rival nations, where not America, not Russia, not Australia, and not China, vie for control over Japan. Concurrently, a Japanese resistance military faction named Yatagarasu, fights to reclaim their homeland, joined by unexpected allies from not Germany (and not Italy, if this is going where I think it's going), adding another layer of complexity to the conflict. This multi-faceted setup presents a stage populated by at least five different nations, turning Japan into a war-torn battleground.\n\nWhat sets AMAIM apart from the two abovementioned titles is its ability to strike a delicate balance; rather than strictly focusing on angsty teenagers battling monsters with giant robots or delivering a run-of-the-mill political war drama with a fully adult cast. It features fewer emo kids fighting in a war that involves a dangerous and enigmatic entity—an unmanned robot called 'Ghost' which is scary and nearly invincible.\n\nThe anime begins by immersing viewers in a dystopian future where Japan teeters on the edge of collapse due to economic failures, an aging population, and low birth rates. This setting effectively establishes the dire state of the country and the need for external assistance. The audience is introduced to a Japan on the brink of societal breakdown, where powerful nations and allied forces respond to the crisis by deploying highly advanced humanoid war machines called AMAIM. This deployment aims to 'aid' Japan during this tumultuous time but ultimately leads to the Boundary War. The anime successfully establishes a dystopian narrative that delves into profound themes such as identity, nationalism, and personal connections within a struggling Japan. By providing a vivid depiction of a society on the verge of collapse, it introduces viewers to a diverse cast of characters who navigate this complex and hostile environment.\n\nThe narrative follows Amou Shiiba, a young scavenger who navigates the divided landscape of Japan, scavenging discarded AMAIM parts. Through Amou's experiences, the anime prompts viewers to contemplate the consequences of external intervention and occupation on a nation's identity and the lives of its individuals. The tension between Japanese locals and foreign forces highlights the cultural and social divide within a multicultural society. It raises questions about the clash of values and power dynamics in a world where occupation and resistance exist side by side. The presence of Japanese terrorists and extraterritorial jurisdiction hints at a complex power dynamic and foreshadows potential conflicts that arise from the occupation.\n\nThe anime explores themes of hopelessness and limited prospects within a struggling society through Amou's introspective monologues. The socio-economic challenges facing Japan, including high unemployment and a declining GDP, permeate the narrative, creating an atmosphere of despair and frustration. For Amou, his connection with machines becomes a form of escapism and a coping mechanism in a world where he can exert control and agency. It also touches upon the concept of identity and the anonymity of online relationships. Amou's interactions with his online friends, whose true identities and locations remain unknown, underscore the significance of shared interests and virtual communities as sources of support and camaraderie.\n\nAmou, the central protagonist, after becoming a fugitive, finds himself taken to the base camp of Yatagarasu, where he is exposed to the operations and ideals of the resistance group. The base camp serves as a central hub for individuals who are dedicated to fighting for Japan's independence. It is here that Amou is given an opportunity to align himself with a cause greater than himself and become part of the struggle. Amou, who was previously focused on personal survival and evading capture, is now faced with a decision that will shape his future. The leaders of Yatagarasu present Amou with 'compelling reasons' and motivations to join their fight; they even have Risa try hard to convince Amou to join their group; she even strips her shirt for Amou so that the young teenage boy knows if he joins the Yatagarasu, he will get to hang out with some hot chicks...what? 'That scene was not sexualised', you say? But, in-universe, it's still sexy; I mean, it may not be sexy to us, but it was sexy for him, you know what I mean? Anyway, jokes aside, Amou was still hesitant and reluctantly joined, only to leave them and then rejoin, lol. What an obnoxious, indecisive sucker Amou was. But at least the Yatagarasu respected his choice, even though they were fine with the idea of recruiting child soldiers, right?\n\nThe anime continues to depict intense action sequences and emotional character development as the team faces challenges and confronts the enemy. The importance of teamwork and the resilience of the human spirit are highlighted throughout the battles. The narrative also delves into themes of revenge, loss, and the complexities of decision-making in times of war. It introduces the central conflict between the Japanese resistance and the occupying forces, showcasing the bravery and sacrifices made by the young characters involved in the resistance movement. The story sets the stage for political maneuvering, as well as the introduction of the Ghost robot as a formidable threat. It reveals further political complexities and introduces a neutral country such as Brenson Corp, expanding the scope of the conflict and highlighting the multi-layered nature of the war.\n\nWhile [some may dismiss the premise as mere Japanese nationalism propaganda](https://www.animefeminist.com/amaim-warrior-at-the-borderline-episode-1/), which holds some truth, it is essential to recognise that the quality of a story extends beyond its thematic exploration. Even if it were propaganda, it would not automatically render the story bad. The key lies in providing engaging storytelling while subtly critiquing the political themes at play. Unfortunately, one of the weaknesses of AMAIM is its lack of moral ambiguity. The series leans towards a blatant and preachy narrative in favour of nationalism, presenting anti-nationalist characters as either selfish and power-hungry or simply dim-witted, pathetic pacifists. This oversimplification robs the story of the potential for a nuanced exploration of complex political ideologies and the shades of grey within them.\n\nMoreover, the credibility of the war setting is another point where AMAIM stumbles. In a genre centered around mechanised warfare, it becomes crucial to maintain a level of realism and believability in the strategic aspects of the conflict. While AMAIM isn't pretentious and doesn't try to be strategically complex, or involves chess in its battles, it is still important to show plausible strategies and tactics in war. AMAIM often falls into the trap of employing contrived plot points to drive the war forward. The war loses its meaning when a few giant robots easily overpower entire armies or launch sudden attacks on supposedly secure cities without enemies' prior knowledge. This diminishes the effectiveness and credibility of other units, undermining the tension they should bring to the story. When a single giant robot can effortlessly destroy not just one, but two military platoons, it becomes more akin to a battle-shounen disguised as a political war mecha.\n\nSome may criticise the anime for glorifying war, and they are not wrong based on what the anime has presented in this installment. Amou, the protagonist, acted like a 'wuss' and refuses to 'get in the damn robot' to fight alongside the Japanese resistance military. Meanwhile, his angry and vengeful partner, Gashin, constantly urges Amou to join them and fight the invaders. Eventually, Gashin is proven right: 'You can't protect those you love without fighting, you can't stop war without engaging in it, you must wage a war to end wars; you must crush your enemies, see them driven before you, and to hear the lamentations of their women! Where is your sense of patriotism and nationalism?! Yes, you must murder people to reclaim former glory of your homeland!' Except you don't, 'cause you're fighting unmanned robots, well, most of the time. It's still dull! The futuristic sci-fi setting, with highly intelligent artificial intelligence, may excuse the absence of traditional war drama tropes, but can we consider it an intriguing war drama when there are minimal civilian casualties and enemy soldiers barely get killed? I wanted to see more murdering and explosions goddammit! So, here you go, anti-war literature lovers who dislike war glorification. You somewhat got what you wanted with the pacifist 'wuss' excuse of a protagonist, even though the show consistently calls out his lack of 'solid practical principles'.\n\nWhile the storytelling in question may draw criticism for its perceived glorification of war and departure from classical war drama tropes, it offers thought-provoking elements that delve into deeper themes. The anime dares to question the necessity of violence as a means to achieve goals, challenging the protagonist's pacifist stance and exploring the profound consequences of colonisation on culture. In this regard, it presents a morally grey landscape that encourages viewers to ponder the practical principles and ethics guiding the characters' actions.\n\nThe narrative raises pertinent inquiries regarding the motivations behind warfare and the vested business interests at play. It underscores how war serves as a catalyst for the proliferation of weapons and resources, creating a lucrative ecosystem that satisfies the ambitions of profit-seeking individuals. The cycle of war drives the demand for more weapons and war-related resources, perpetuating a circle of commerce that brings satisfaction to greedy businessmen.\n\nThe anime also deserves credit for its skillful development of the side characters, especially from the American military, most notably Captain Brad Watt. Through their portrayals, the anime conveys a significant message about the importance of nationalism and the quest for independence. It highlights the potential loss of Japanese culture in the absence of resistance against colonisation and emphasises how the destructive force of colonisation erodes cultural identities. The concept of 'cultural suicide' emerges during a conversation between Captain Brad and his comrade, where the captain, despite being an adversary to the Japanese nationalists, raises this point. This exchange not only serves as a commentary on anti-colonial nationalism but also helps create sympathetic antagonists, challenging the notion that every soldier is inherently driven by nationalist fervour.\n\nOne plot point that perplexes me is how the Americans managed to gather data and create simulations of MAILeS-type AMAIM from the incident at Yatagarasu's base. They had no direct involvement in the battle and were unaware of the terrorists' location prior to the attack, ruling out the possibility of espionage or having a mole within Yatagarasu. Although they eventually discovered the enemy's base after the sudden assault and arrived at the scene later, it was after Yatagarasu had supposedly destroyed evidence, and the Asian military had already cleared the area before the Americans. The notion that detailed data about the three giant robots was obtained solely through the captain's examination of the aftermath seems implausible to me. It feels forced and unconvincing, given the weak explanation provided.\n\nFurthermore, the narrative includes infodumps that present crucial information and raises important questions that should have been addressed earlier in the story, such as the origins of Yatagarasu's MAILeS-type AMAIMs and i-LeS. These revelations contribute to the story's depth and draw attention to significant aspects that warrant earlier exploration. The anime could have integrated these details more seamlessly into the narrative to avoid the feeling of delayed exposition.\n\nIn terms of tone, AMAIM skillfully blends elements of gloominess with occasional childish humour. Characters like Gai, the AI 'Digimon', offer comic relief without undermining the serious nature of the anime. This contrast provides hope for the emotionally broken teenage protagonists who lack nurturing parents and emotional support. This balance of light-hearted moments with the darker themes adds layers to the characters' emotional journeys.\n\nVisually, AMAIM skillfully portrays a post-apocalyptic landscape characterised by dilapidated cityscapes and war-torn environments. The deliberate use of contrasting colour palettes, with vibrant hues for the AMAIM machines juxtaposed against desaturated tones for the surroundings, reinforces the sense of a bleak and divided world. This visual dichotomy underscores the stark contrast between the advanced technology of the AMAIMs and the crumbling state of society, further emphasising the themes of hope versus despair and technological advancement versus societal decay.\n\nThe animation quality of the show avoids the common modern anime reliance on CGI, although it remains at an average level. While the character designs may not be excessively appealing, they are also not off-putting. One commendable aspect is that the girl in the team isn't sexually designed, and it's refreshing to see a respectable and modest female character design in a time when sexualised designs have become the norm in anime.\n\nAdditionally, the mecha designs effectively convey their respective attributes without relying on excessive plot explanations. For instance, you can easily discern the specialisation of the main three mecha robots through their shapes, weapons, and maneuvering. Kenbu is specialised in defense, featuring larger shields and a balanced offensive capability. On the other hand, Jogan is clearly designed for long-range combat, equipped with firearms, a sniper, and grenades. Finally, Reiki is purely offensive, exhibiting agility, speed, wings for flight, and a spear as its weapon.\n\nOverall, AMAIM's journey was a mixed bag: a strong start, a weak middle, and a mediocre conclusion. AMAIM may not reach the pinnacle of excellence in the mecha genre, but hey, it is still better than most 2020s anime and far superior to the majority of modern anime offerings. Strong introduction, captivating world-building, and intense mecha battles. Then it drops into a shaky middle—pacing issues, characters on life support. The plot loses stream. Conclusion is mediocre, but it tries. Doesn't always deliver, but has flashes of brilliance on occasion. Ambitious themes, thought-provoking moments, and flashy mecha battles—a treat for mecha fans. Consider it, but keep your expectations in check!"}],"siteUrl":"https://anilist.co/anime/131005","autoCreateForumThread":false,"modNotes":null,"stats":{"scoreDistribution":[{"score":10,"amount":44},{"score":20,"amount":49},{"score":30,"amount":129},{"score":40,"amount":237},{"score":50,"amount":431},{"score":60,"amount":598},{"score":70,"amount":496},{"score":80,"amount":286},{"score":90,"amount":142},{"score":100,"amount":69}],"statusDistribution":[{"status":"CURRENT","amount":1062},{"status":"PLANNING","amount":3015},{"status":"COMPLETED","amount":3041},{"status":"DROPPED","amount":1346},{"status":"PAUSED","amount":393}]},"isRecommendationBlocked":false,"recommendations":[{"mediaRecommendation":{"id":1575,"title":{"romaji":"Code Geass: Hangyaku no Lelouch","english":"Code Geass: Lelouch of the Rebellion","native":"コードギアス 反逆のルルーシュ","userPreferred":"Code Geass: Hangyaku no Lelouch"},"type":"ANIME"}},{"mediaRecommendation":{"id":21268,"title":{"romaji":"Kidou Senshi Gundam: Tekketsu no Orphans","english":"Mobile Suit GUNDAM Iron Blooded Orphans","native":"機動戦士ガンダム 鉄血のオルフェンズ","userPreferred":"Kidou Senshi Gundam: Tekketsu no Orphans"},"type":"ANIME"}},{"mediaRecommendation":{"id":93,"title":{"romaji":"Kidou Senshi Gundam SEED","english":"Mobile Suit Gundam Seed","native":"機動戦士ガンダムSEED","userPreferred":"Kidou Senshi Gundam SEED"},"type":"ANIME"}},{"mediaRecommendation":{"id":10808,"title":{"romaji":"Kidou Senshi Gundam AGE","english":"Mobile Suit Gundam AGE","native":"機動戦士ガンダムAGE","userPreferred":"Kidou Senshi Gundam AGE"},"type":"ANIME"}},{"mediaRecommendation":{"id":10793,"title":{"romaji":"Guilty Crown","english":"Guilty Crown","native":"ギルティクラウン","userPreferred":"Guilty Crown"},"type":"ANIME"}},{"mediaRecommendation":{"id":89,"title":{"romaji":"Kidou Senshi Victory Gundam","english":"Mobile Suit Victory Gundam","native":"機動戦士Vガンダム","userPreferred":"Kidou Senshi Victory Gundam"},"type":"ANIME"}},{"mediaRecommendation":{"id":20667,"title":{"romaji":"Shirogane no Ishi: Argevollen","english":"ARGEVOLLEN","native":"白銀の意思 アルジェヴォルン","userPreferred":"Shirogane no Ishi: Argevollen"},"type":"ANIME"}},{"mediaRecommendation":{"id":116589,"title":{"romaji":"86: Eighty Six","english":"86 EIGHTY-SIX","native":"86－エイティシックス－","userPreferred":"86: Eighty Six"},"type":"ANIME"}},{"mediaRecommendation":{"id":131878,"title":{"romaji":"Gyakuten Sekai no Denchi Shoujo","english":"RUMBLE GARANNDOLL","native":"逆転世界ノ電池少女","userPreferred":"Gyakuten Sekai no Denchi Shoujo"},"type":"ANIME"}},{"mediaRecommendation":{"id":21820,"title":{"romaji":"Digimon Universe: Appli Monsters","english":"Digimon Universe App Monsters","native":"デジモンユニバース アプリモンスターズ","userPreferred":"Digimon Universe: Appli Monsters"},"type":"ANIME"}},{"mediaRecommendation":{"id":131586,"title":{"romaji":"86: Eighty Six Part 2","english":"86 EIGHTY-SIX Part 2","native":"86－エイティシックス－ 第2クール","userPreferred":"86: Eighty Six Part 2"},"type":"ANIME"}},{"mediaRecommendation":{"id":90,"title":{"romaji":"Shin Kidou Senki Gundam Wing","english":"Mobile Suit Gundam Wing","native":"新機動戦記ガンダムW","userPreferred":"Shin Kidou Senki Gundam Wing"},"type":"ANIME"}},{"mediaRecommendation":{"id":2581,"title":{"romaji":"Kidou Senshi Gundam 00","english":"Mobile Suit Gundam 00","native":"機動戦士ガンダム00","userPreferred":"Kidou Senshi Gundam 00"},"type":"ANIME"}},{"mediaRecommendation":{"id":87502,"title":{"romaji":"Megaton-kyuu Musashi","english":null,"native":"メガトン級ムサシ","userPreferred":"Megaton-kyuu Musashi"},"type":"ANIME"}},{"mediaRecommendation":{"id":75,"title":{"romaji":"Soukyuu no Fafner","english":"Fafner","native":"蒼穹のファフナー","userPreferred":"Soukyuu no Fafner"},"type":"ANIME"}},{"mediaRecommendation":{"id":146922,"title":{"romaji":"Kidou Senshi Gundam: Suisei no Majo - PROLOGUE","english":"Mobile Suit Gundam: The Witch from Mercury - PROLOGUE","native":"機動戦士ガンダム 水星の魔女 PROLOGUE","userPreferred":"Kidou Senshi Gundam: Suisei no Majo - PROLOGUE"},"type":"ANIME"}},{"mediaRecommendation":{"id":20632,"title":{"romaji":"Aldnoah.Zero","english":"ALDNOAH.ZERO","native":"アルドノア・ゼロ","userPreferred":"Aldnoah.Zero"},"type":"ANIME"}},{"mediaRecommendation":{"id":142541,"title":{"romaji":"Megaton-kyuu Musashi Season 2","english":null,"native":"メガトン級ムサシ シーズン2","userPreferred":"Megaton-kyuu Musashi Season 2"},"type":"ANIME"}}]}