{"id":131863,"idMal":48633,"title":{"romaji":"Liar Liar","english":"Liar, Liar","native":"ライアー・ライアー","userPreferred":"Liar Liar"},"format":"TV","status":"FINISHED","episodes":12,"description":"A mind game of lies and deceit begins! At Academy Island, students battle in Games to win stars, hoping to earn the prestigious title “Seven Star.” Sarasa is last year’s champion and is on track to win again until Hiroto, a new transfer student, hits the scene. Surprisingly, Hiroto defeats her by sheer luck! Now, he must use bluffs and trickery to stay on top. <br>\n<br>\n(Source: Crunchyroll)","startDate":{"year":2023,"month":7,"day":8},"endDate":{"year":2023,"month":9,"day":16},"season":"SUMMER","seasonYear":2023,"duration":24,"countryOfOrigin":"JP","isLicensed":true,"source":"LIGHT_NOVEL","hashtag":"#ライアー・ライアー","trailer":"https://www.youtube.com/watch?v=zgsfXAXfCTU","updatedAt":1706294671,"coverImage":{"large":"https://s4.anilist.co/file/anilistcdn/media/anime/cover/large/bx131863-G7bfAMPea08v.png","medium":"https://s4.anilist.co/file/anilistcdn/media/anime/cover/medium/bx131863-G7bfAMPea08v.png","small":"https://s4.anilist.co/file/anilistcdn/media/anime/cover/small/bx131863-G7bfAMPea08v.png","color":"#a143f1"},"bannerImage":"https://s4.anilist.co/file/anilistcdn/media/anime/banner/131863-obGtvQ1ncBxA.jpg","genres":["Psychological","Romance"],"synonyms":["Ложь на лжи"],"averageScore":62,"meanScore":62,"favourites":787,"popularity":39445,"trending":4,"tags":[{"id":82,"name":"Male Protagonist","isMediaSpoiler":false},{"id":46,"name":"School","isMediaSpoiler":false},{"id":91,"name":"Gambling","isMediaSpoiler":false},{"id":1228,"name":"Primarily Teen Cast","isMediaSpoiler":false},{"id":164,"name":"Tsundere","isMediaSpoiler":false},{"id":23,"name":"Female Harem","isMediaSpoiler":false},{"id":1045,"name":"Heterosexual","isMediaSpoiler":false},{"id":249,"name":"Maids","isMediaSpoiler":false},{"id":772,"name":"Shapeshifting","isMediaSpoiler":false},{"id":267,"name":"Chuunibyou","isMediaSpoiler":false},{"id":1456,"name":"Femboy","isMediaSpoiler":false}],"relations":[{"id":111265,"title":{"english":null,"native":"ライアー・ライアー","romaji":"Liar Liar","userPreferred":"Liar Liar"},"type":"MANGA"},{"id":115906,"title":{"english":"Liar, Liar","native":"ライアー・ライアー 嘘つき転校生はイカサマチートちゃんとゲームを制するそうです","romaji":"Liar Liar: Usotsuki Tenkousei wa Ikasama Cheat chan to Game wo Seisuru sou desu","userPreferred":"Liar Liar: Usotsuki Tenkousei wa Ikasama Cheat chan to Game wo Seisuru sou desu"},"type":"MANGA"}],"characters":[{"id":161366,"name":"Sarasa Saionji"},{"id":161368,"name":"Shirayuki Himeji"},{"id":161367,"name":"Hiroto Shinohara"},{"id":298576,"name":"Noa Akizuki"},{"id":298577,"name":"Tsumugi Shiina"},{"id":298578,"name":"Natsume Ichinose"},{"id":298579,"name":"Ami Kagaya"},{"id":298581,"name":"Fuuka Tatara"},{"id":298583,"name":"Yuuki Tsuji"},{"id":300916,"name":"Seiran Kugasaki"},{"id":300917,"name":"Suzuran Kazami"},{"id":300918,"name":"Shinji Enomoto"},{"id":300919,"name":"Nanase Asamiya"}],"staff":[{"id":144225,"name":"Konomi Kino"},{"id":144224,"name":"Haruki Kuou"},{"id":237458,"name":"Satoru Ohno"},{"id":205862,"name":"Naoki Matsuura"},{"id":205722,"name":"Yumi Nakamura"},{"id":218517,"name":"Momoka Toyoda"},{"id":167105,"name":"Yasuya Yuki"},{"id":259746,"name":"Tomotaka Park"},{"id":165272,"name":"Bolun Cai"},{"id":121967,"name":"Keisuke Yanagi"},{"id":138285,"name":"Ryousuke Naya"},{"id":154774,"name":"Kuniyuki Takahashi"},{"id":156490,"name":"Keiichi Hirokawa"},{"id":101731,"name":"May'n"},{"id":301912,"name":"SMILE PRINCESS"},{"id":101731,"name":"May'n"},{"id":160028,"name":"Shin Furuya"},{"id":190812,"name":"Masahiro Tateno"},{"id":190812,"name":"Masahiro Tateno"},{"id":130673,"name":"TeddyLoid"},{"id":130673,"name":"TeddyLoid"},{"id":156490,"name":"Keiichi Hirokawa"},{"id":156490,"name":"Keiichi Hirokawa"},{"id":103146,"name":"Hatsuki Tsuji"},{"id":163900,"name":"Chika Suzumura"}],"studios":[{"id":6216,"name":"GEEKTOYS","isAnimationStudio":true},{"id":7232,"name":"CyberAgent","isAnimationStudio":false},{"id":6698,"name":"KADOKAWA","isAnimationStudio":false},{"id":109,"name":"Shouchiku","isAnimationStudio":false},{"id":7345,"name":"GEEK PICTURES","isAnimationStudio":false},{"id":6259,"name":"TOKYO MX","isAnimationStudio":false},{"id":6796,"name":"BS Asahi","isAnimationStudio":false},{"id":7373,"name":"qooop","isAnimationStudio":false},{"id":6891,"name":"Bushiroad Move","isAnimationStudio":false}],"isFavourite":false,"isAdult":false,"isLocked":false,"nextAiringEpisode":null,"airingSchedule":[{"airingAt":1688823000,"timeUntilAiring":-17475068,"episode":1},{"airingAt":1688823000,"timeUntilAiring":-17475068,"episode":2},{"airingAt":1689427800,"timeUntilAiring":-16870268,"episode":3},{"airingAt":1690032600,"timeUntilAiring":-16265468,"episode":4},{"airingAt":1690637400,"timeUntilAiring":-15660668,"episode":5},{"airingAt":1691242200,"timeUntilAiring":-15055868,"episode":6},{"airingAt":1691847000,"timeUntilAiring":-14451068,"episode":7},{"airingAt":1692451800,"timeUntilAiring":-13846268,"episode":8},{"airingAt":1693056600,"timeUntilAiring":-13241468,"episode":9},{"airingAt":1693661400,"timeUntilAiring":-12636668,"episode":10},{"airingAt":1694266200,"timeUntilAiring":-12031868,"episode":11},{"airingAt":1694871000,"timeUntilAiring":-11427068,"episode":12}],"trends":[{"date":1617202800,"trending":172,"popularity":0,"inProgress":null},{"date":1617289200,"trending":222,"popularity":102,"inProgress":null},{"date":1617375600,"trending":58,"popularity":401,"inProgress":2},{"date":1617462000,"trending":47,"popularity":479,"inProgress":5},{"date":1617548400,"trending":33,"popularity":522,"inProgress":7},{"date":1617634800,"trending":37,"popularity":558,"inProgress":8},{"date":1617721200,"trending":30,"popularity":600,"inProgress":10},{"date":1617807600,"trending":12,"popularity":633,"inProgress":10},{"date":1617894000,"trending":8,"popularity":656,"inProgress":10},{"date":1617980400,"trending":10,"popularity":665,"inProgress":10},{"date":1618066800,"trending":5,"popularity":681,"inProgress":10},{"date":1618153200,"trending":4,"popularity":688,"inProgress":10},{"date":1618239600,"trending":4,"popularity":695,"inProgress":11},{"date":1618326000,"trending":6,"popularity":704,"inProgress":11},{"date":1618412400,"trending":3,"popularity":713,"inProgress":11},{"date":1618498800,"trending":1,"popularity":719,"inProgress":11},{"date":1618585200,"trending":4,"popularity":719,"inProgress":11},{"date":1618671600,"trending":9,"popularity":725,"inProgress":12},{"date":1618758000,"trending":7,"popularity":734,"inProgress":12},{"date":1618844400,"trending":4,"popularity":744,"inProgress":12},{"date":1618930800,"trending":5,"popularity":748,"inProgress":12},{"date":1619017200,"trending":7,"popularity":759,"inProgress":13},{"date":1619103600,"trending":5,"popularity":768,"inProgress":13},{"date":1619190000,"trending":4,"popularity":784,"inProgress":14},{"date":1619276400,"trending":3,"popularity":788,"inProgress":15}],"externalLinks":["https://liar-liar-anime.com/","https://twitter.com/liar2_official","https://youtube.com/@liar-liar_official","https://www.crunchyroll.com/series/GXJHM3G34/liar-liar","https://www.youtube.com/playlist?list=PLxSscENEp7JjkPdp_FsLuBLF3bhThKUWd","https://www.bilibili.tv/en/media/2084824"],"streamingEpisodes":[{"title":"Episode 12 - Together with You","thumbnail":"https://img1.ak.crunchyroll.com/i/spire1-tmb/58596b0a658e44df89c74fdfae4e9dc21694862822_full.jpg","url":"http://www.crunchyroll.com/liar-liar/episode-12-together-with-you-910974","site":"Crunchyroll"},{"title":"Episode 11 - Soldiers and Friends","thumbnail":"https://img1.ak.crunchyroll.com/i/spire4-tmb/1621df1e821df17f99bc33c07a1890871694255503_full.jpg","url":"http://www.crunchyroll.com/liar-liar/episode-11-soldiers-and-friends-910030","site":"Crunchyroll"},{"title":"Episode 10 - Heroes and Tricks","thumbnail":"https://img1.ak.crunchyroll.com/i/spire1-tmb/4b3f53dd7aebcdbe493725081970594a1693658899_full.jpg","url":"http://www.crunchyroll.com/liar-liar/episode-10-heroes-and-tricks-909409","site":"Crunchyroll"},{"title":"Episode 9 - Facing Off and Flushing Out","thumbnail":"https://img1.ak.crunchyroll.com/i/spire1-tmb/dc451dc6ea9904d38e784c844df83ce91693043780_full.jpg","url":"http://www.crunchyroll.com/liar-liar/episode-9-facing-off-and-flushing-out-909137","site":"Crunchyroll"},{"title":"Episode 8 - Good Night","thumbnail":"https://img1.ak.crunchyroll.com/i/spire2-tmb/3682441ceb7a22eea3889454cedac8d41692455753_full.jpg","url":"http://www.crunchyroll.com/liar-liar/episode-8-good-night-908782","site":"Crunchyroll"},{"title":"Episode 7 - Silence and Change","thumbnail":"https://img1.ak.crunchyroll.com/i/spire1-tmb/289420c3e2062c8aee55596d24be2eb51693075326_full.jpg","url":"http://www.crunchyroll.com/liar-liar/episode-7-silence-and-change-908424","site":"Crunchyroll"},{"title":"Episode 6 - Treasures in the Darkness","thumbnail":"https://img1.ak.crunchyroll.com/i/spire2-tmb/a7bea9ed8ae2966e6a7eb645a1683bf91691228058_full.jpg","url":"http://www.crunchyroll.com/liar-liar/episode-6-treasures-in-the-darkness-908022","site":"Crunchyroll"},{"title":"Episode 5 - A Fighting Chance in Eyes of Blue","thumbnail":"https://img1.ak.crunchyroll.com/i/spire3-tmb/38c6d3c2ce06017f713be4bb35c45d881691865159_full.jpg","url":"http://www.crunchyroll.com/liar-liar/episode-5-a-fighting-chance-in-eyes-of-blue-907392","site":"Crunchyroll"},{"title":"Episode 4 - Chocolate and the Devil","thumbnail":"https://img1.ak.crunchyroll.com/i/spire2-tmb/641f8d6109da183a2b366983df3526f61691262793_full.jpg","url":"http://www.crunchyroll.com/liar-liar/episode-4-chocolate-and-the-devil-906980","site":"Crunchyroll"},{"title":"Episode 3 - A Dead Heat and Determination","thumbnail":"https://img1.ak.crunchyroll.com/i/spire4-tmb/5b8ddfe5c3cc198b7611b3cb8e6440d71690656372_full.jpg","url":"http://www.crunchyroll.com/liar-liar/episode-3-a-dead-heat-and-determination-906621","site":"Crunchyroll"},{"title":"Episode 2 - Loyalty and Performance","thumbnail":"https://img1.ak.crunchyroll.com/i/spire1-tmb/8a6c268f998ba28aba898029bc8e41d21690052048_full.jpg","url":"http://www.crunchyroll.com/liar-liar/episode-2-loyalty-and-performance-906209","site":"Crunchyroll"},{"title":"Episode 1 - The King and the Lie","thumbnail":"https://img1.ak.crunchyroll.com/i/spire1-tmb/3356af5f1560ea3461d5fcb611fb2d6d1690051927_full.jpg","url":"http://www.crunchyroll.com/liar-liar/episode-1-the-king-and-the-lie-906208","site":"Crunchyroll"}],"rankings":[{"rank":66,"type":"POPULAR","context":"most popular","year":2023,"season":null},{"rank":14,"type":"POPULAR","context":"most popular","year":2023,"season":"SUMMER"}],"mediaListEntry":{"id":360291795,"status":"CURRENT"},"reviews":[{"id":22231,"score":34,"summary":"Oh I'm In Trouble? Let Me Do Some Hacks Real Quick!","body":"Years of waiting for a *No Game, No Life* Season 2, and people were thinking this would be similar to that. Well, let me just say, if you thought *NGNL* was stupid, this will be some abyss fiction to you. With a title like *Liar, Liar*, you’d expect that it’d be all about cheating and lying through games, and while there’s plenty of that in this anime, it’s done in a very underwhelming way, with contrivances up the wazoo. Powers come out of nowhere, twists come out of nowhere, and in the end, it’s just a trashy harem show with no real spice whatsoever. I’m not usually a fan of ecchi, but I’m not gonna lie, maybe some more ecchi could have at least kept my attention on the screen more.\n\nThe premise in a nutshell is that Shinohara Hiroto goes to Academy Island, where everything is settled through games, with the strongest student having the ranking of “seven stars”. Hiroto beats the strongest student on his first day, and took the name away from her, becoming the strongest himself, albeit in a fake sense, thus the anime name. The anime started out decently, as something I could call dumb fun at least, but as the show went along, it became heavily contrived and overly complicated, yet bland because of the numerous info dumps throughout the show. That said, the explanations and the world building just wasn’t up to snuff, as sometimes the games just contradicted themselves or an extra rule would be thrown in last minute. It kind of reminded me of *Classroom of the Elite*, with the rankings and competitions, but just infinitely more stupid.\n\nThe production quality looked fine at first, but like the plot, declined in quality as the show went along as well. The animation was mediocre along with the character designs, and the voice acting had some hiccups too at points, as some of the louder, more epic lines (with big mouth flap movements, mind you) were delivered in such a lackluster way, like the VAs were just bored out of their minds reading their scripts. The best part of the entire show was probably the OP and some of the music, in terms of the technical aspects go.\n\nCharacter wise, they were very tropey and one-note. You got the tsundere, the OP protagonist, and a maid. Harem hijinks ensue. Whoop-dee-do. \n\nOverall, this anime was exactly what I feared it would be, though I was coping that after a very solid premiere episode, it would keep up the fun times, but unfortunately, it fell off relatively quickly due to the poor writing and characterization. Just another schlock suspense anime that will be forgotten quickly, not even turning off my brain was able to allow me to enjoy it, though in my opinion it is still minimally watchable for anyone who enjoys the premise and has a high tolerance for buffoonery."},{"id":22262,"score":25,"summary":"Rename this to Boring, Boring","body":"Liar, Liar is a “Psychological”-Game, Harem Light Novel by Kuou Haruki. It was adapted into a 12-episode anime by __GEEKTOYS__. A lackluster studio, whose only other anime I watched was Dead Mount Death Play.\n\n~~~img270(https://s4.anilist.co/file/anilistcdn/media/anime/cover/large/bx131863-G7bfAMPea08v.png) img270(https://s4.anilist.co/file/anilistcdn/media/manga/cover/large/bx115906-EZvldVED019c.jpg)~~~\n\nLet us go into the nitty-gritty. If you saw this anime and thought, it would be a good substitute for No Game No Life or Classroom of the Elite. Well sorry to say, but this anime is straight __trash__~\n\nOur generic-looking MC __Shinohara Hiroto__ transfers to Academy Island. A huge school island that never explains what they teach. All you need to know is that everything is settled through games. \n\nEach student is ranked from 1 to 7 stars, with their advanced phones they play VR competitive games. The MC lucks out and beats the strongest player by accident, in the process gains a unique star that allows him to forge his account from a 1 star to a 7 star. The principal helps him out cause idk. Now Shinohara must pretend to be “him”, but slowly becomes “him” as the story goes. Shinohara is not a horrible MC, just very generic and behaves like your typical anime virgin.\n\n~~~img720(https://i0.wp.com/www.animefeminist.com/wp-content/uploads/2023/07/LiarLiar_Premiere_Screenshot1b.png?fit=1873%2C1054&ssl=1)~~~\n\nWhat is so bad about this anime? The games. The games are baaaad.\nAn anime about outsmarting their opponents in games and yet they suck? \n\nAll of the games feel made up or aren’t common enough for the average viewer to understand them. Some are creative but needlessly complex. A good chunk of an episode explains the rules of their made-up game. But it is all worthless as the rules are looser than Elinalise from Mushoko Tensei.\n\nThe abilities… one of the worst writing decisions I have ever seen. Each player can use up to 3 or more abilities in the games, depending on their rank the stronger the ability is. They can be whatever the fuck you want to create fake tension or Dues ex Machinas, such as:\n-\tthe ability to change the rules, \n-\tan ability that reset someone’s win, \n-\tan ability that allows you to waste 5 crucial turns of your opponent, \n-\tan ability to switch players, so you later realize you won against the wrong person.\n\nAll of these abilities are random, and they appear when the story needs them to. \n\nImagine writing a game scenario where players A & B have a race. Player B goes through the finish line first, but Player A wins because of his ability that didn’t exist until I wrote it. The ability can be something like, whoever crosses the finish line first loses. Then I give you the illusion that the character was so smart when it’s just utter nonsense. \n\nThe anime further proves the games are all nonsense, by the fact that the main character actively cheats in his games. In one game that was Pokemon-inspired, the anime presented a final boss loli who had a -99lvl. \nThe rules? I don’t care, basically, she had to be in the positive values, so Shinohara calls up anime Lester to crack her account and set her level to 30. He then wins and people think he’s smart. Nobody questions how that was possible.\n\nSo when the games suck, the anime becomes BORING.\n\n~~~img720(https://cdn.epicstream.com/images/ncavvykf/epicstream/b128fb56c594ebce943e4180b72ffe8c41ad27de-2087x1177.jpg)~~~\n\nEverything else? Side characters suck, the animation is below average, the sound design is questionable, music is fairly good. I cannot speak for the light novel, since it is abundantly clear that this adaptation was rushed and an overall mess."}],"siteUrl":"https://anilist.co/anime/131863","autoCreateForumThread":false,"modNotes":null,"stats":{"scoreDistribution":[{"score":10,"amount":175},{"score":20,"amount":229},{"score":30,"amount":495},{"score":40,"amount":769},{"score":50,"amount":1284},{"score":60,"amount":2176},{"score":70,"amount":2501},{"score":80,"amount":1438},{"score":90,"amount":782},{"score":100,"amount":418}],"statusDistribution":[{"status":"CURRENT","amount":7725},{"status":"PLANNING","amount":12963},{"status":"COMPLETED","amount":13080},{"status":"DROPPED","amount":4528},{"status":"PAUSED","amount":1149}]},"isRecommendationBlocked":false,"recommendations":[{"mediaRecommendation":{"id":98659,"title":{"romaji":"Youkoso Jitsuryoku Shijou Shugi no Kyoushitsu e","english":"Classroom of the Elite","native":"ようこそ実力至上主義の教室へ","userPreferred":"Youkoso Jitsuryoku Shijou Shugi no Kyoushitsu e"},"type":"ANIME"}},{"mediaRecommendation":{"id":130298,"title":{"romaji":"Kage no Jitsuryokusha ni Naritakute!","english":"The Eminence in Shadow","native":"陰の実力者になりたくて！","userPreferred":"Kage no Jitsuryokusha ni Naritakute!"},"type":"ANIME"}},{"mediaRecommendation":{"id":126047,"title":{"romaji":"Deatte 5-byou de Battle","english":"Battle Game in 5 Seconds","native":"出会って5秒でバトル","userPreferred":"Deatte 5-byou de Battle"},"type":"ANIME"}},{"mediaRecommendation":{"id":17729,"title":{"romaji":"Grisaia no Kajitsu","english":"The Fruit of Grisaia","native":"グリザイアの果実","userPreferred":"Grisaia no Kajitsu"},"type":"ANIME"}},{"mediaRecommendation":{"id":21092,"title":{"romaji":"Rakudai Kishi no Cavalry","english":"Chivalry of a Failed Knight","native":"落第騎士の英雄譚（キャバルリィ）","userPreferred":"Rakudai Kishi no Cavalry"},"type":"ANIME"}},{"mediaRecommendation":{"id":19815,"title":{"romaji":"No Game No Life","english":"No Game, No Life","native":"ノーゲーム・ノーライフ","userPreferred":"No Game No Life"},"type":"ANIME"}},{"mediaRecommendation":{"id":21131,"title":{"romaji":"Gakusen Toshi Asterisk","english":"The Asterisk War","native":"学戦都市アスタリスク","userPreferred":"Gakusen Toshi Asterisk"},"type":"ANIME"}},{"mediaRecommendation":{"id":15583,"title":{"romaji":"Date A Live","english":"Date A Live","native":"デート・ア・ライブ","userPreferred":"Date A Live"},"type":"ANIME"}},{"mediaRecommendation":{"id":98314,"title":{"romaji":"Kakegurui","english":"Kakegurui","native":"賭ケグルイ","userPreferred":"Kakegurui"},"type":"ANIME"}},{"mediaRecommendation":{"id":6347,"title":{"romaji":"Baka to Test to Shoukanjuu","english":"Baka and Test - Summon the Beasts","native":"バカとテストと召喚獣","userPreferred":"Baka to Test to Shoukanjuu"},"type":"ANIME"}},{"mediaRecommendation":{"id":21875,"title":{"romaji":"No Game No Life Zero","english":"No Game, No Life Zero","native":"ノーゲーム・ノーライフ ゼロ","userPreferred":"No Game No Life Zero"},"type":"ANIME"}},{"mediaRecommendation":{"id":20769,"title":{"romaji":"No Game No Life Specials","english":"No Game No Life Specials","native":"ノーゲーム・ノーライフ ミニ","userPreferred":"No Game No Life Specials"},"type":"ANIME"}},{"mediaRecommendation":{"id":100876,"title":{"romaji":"Kakegurui ××","english":"Kakegurui xx","native":"賭ケグルイ××","userPreferred":"Kakegurui ××"},"type":"ANIME"}},{"mediaRecommendation":{"id":107622,"title":{"romaji":"Kakegurui Picture Drama","english":null,"native":"賭ケグルイ","userPreferred":"Kakegurui Picture Drama"},"type":"ANIME"}},{"mediaRecommendation":{"id":105190,"title":{"romaji":"Darwin's Game","english":"Darwin's Game","native":"ダーウィンズゲーム","userPreferred":"Darwin's Game"},"type":"ANIME"}},{"mediaRecommendation":{"id":21851,"title":{"romaji":"Busou Shoujo Machiavellianism","english":"Armed Girl's Machiavellism","native":"武装少女マキャヴェリズム","userPreferred":"Busou Shoujo Machiavellianism"},"type":"ANIME"}},{"mediaRecommendation":{"id":112301,"title":{"romaji":"Maou Gakuin no Futekigousha: Shijou Saikyou no Maou no Shiso, Tensei shite Shison-tachi no Gakkou e Kayou","english":"The Misfit of Demon King Academy: History’s Strongest Demon King Reincarnates and Goes to School with His Descendants","native":"魔王学院の不適合者 ～史上最強の魔王の始祖、転生して子孫たちの学校へ通う～","userPreferred":"Maou Gakuin no Futekigousha: Shijou Saikyou no Maou no Shiso, Tensei shite Shison-tachi no Gakkou e Kayou"},"type":"ANIME"}},{"mediaRecommendation":{"id":21700,"title":{"romaji":"Rokudenashi Majutsu Koushi to Akashic Records","english":"Akashic Records of Bastard Magic Instructor","native":"ロクでなし魔術講師と禁忌教典(アカシックレコード)","userPreferred":"Rokudenashi Majutsu Koushi to Akashic Records"},"type":"ANIME"}},{"mediaRecommendation":{"id":132525,"title":{"romaji":"Build Divide: Code Black","english":"BUILD-DIVIDE -#000000- CODE BLACK","native":"ビルディバイド -#000000​(コードブラック)-","userPreferred":"Build Divide: Code Black"},"type":"ANIME"}},{"mediaRecommendation":{"id":146066,"title":{"romaji":"Youkoso Jitsuryoku Shijou Shugi no Kyoushitsu e 3rd Season","english":"Classroom of the Elite Season 3","native":"ようこそ実力至上主義の教室へ 第3期","userPreferred":"Youkoso Jitsuryoku Shijou Shugi no Kyoushitsu e 3rd Season"},"type":"ANIME"}}]}