{"id":132526,"idMal":48777,"title":{"romaji":"Build Divide: Code White","english":"BUILD-DIVIDE -#​FFFFFF- CODE WHITE","native":"ビルディバイド -#FFFFFF-(コードホワイト)","userPreferred":"Build Divide: Code White"},"format":"TV","status":"FINISHED","episodes":12,"description":"Neo Kyoto is now a city in ruins, looking nothing like it did before. The people are being rounded up by the King's servants, known as KUGE, and deposited into \"Barrels\" to steal their magical power. All in order to keep the King going...\n<br><br>\nAnd now a girl appears, with the KUGE in pursuit. She's the former King, Kurabe Kikka. Although she was once known as the most powerful King in Neo Kyoto's history, even Kikka is helpless against the KUGE, and is constantly on the run from them. After all, Kikka has no Build-Divide deck in hand. Day after day, she continues to flee with no respite, consumed by all kinds of regrets. Now that she's on the brink of despair, who should reach out a helping hand to her but...?\n<br><br>\nIn the ruins of Neo Kyoto, the two girls take each other by the hand. And now, their battle is about to begin... the one that will lead them to the person that they both cherish.\n<br><br>\n(Source: Official Website)","startDate":{"year":2022,"month":4,"day":3},"endDate":{"year":2022,"month":6,"day":26},"season":"SPRING","seasonYear":2022,"duration":24,"countryOfOrigin":"JP","isLicensed":true,"source":"OTHER","hashtag":"#ビルディバイド","trailer":"https://www.youtube.com/watch?v=hb4lyr5INas","updatedAt":1706294710,"coverImage":{"large":"https://s4.anilist.co/file/anilistcdn/media/anime/cover/large/bx132526-okGRyho25ZFE.png","medium":"https://s4.anilist.co/file/anilistcdn/media/anime/cover/medium/bx132526-okGRyho25ZFE.png","small":"https://s4.anilist.co/file/anilistcdn/media/anime/cover/small/bx132526-okGRyho25ZFE.png","color":"#e49343"},"bannerImage":null,"genres":["Action","Sci-Fi"],"synonyms":["Build Divide 2nd season","ビルディバイド コードホワイト"],"averageScore":64,"meanScore":65,"favourites":81,"popularity":5224,"trending":1,"tags":[{"id":178,"name":"Card Battle","isMediaSpoiler":false},{"id":217,"name":"Dystopian","isMediaSpoiler":false},{"id":93,"name":"Post-Apocalyptic","isMediaSpoiler":true},{"id":153,"name":"Time Skip","isMediaSpoiler":false},{"id":244,"name":"Isekai","isMediaSpoiler":false},{"id":98,"name":"Female Protagonist","isMediaSpoiler":false}],"relations":[{"id":132525,"title":{"english":"BUILD-DIVIDE -#000000- CODE BLACK","native":"ビルディバイド -#000000​(コードブラック)-","romaji":"Build Divide: Code Black","userPreferred":"Build Divide: Code Black"},"type":"ANIME"}],"characters":[{"id":232543,"name":"Hiyori Munenashi"},{"id":232542,"name":"Naomitsu Enjou"},{"id":267071,"name":"Kanagi Rinpu"},{"id":267073,"name":"Tatsumi Ishinome"},{"id":267072,"name":"Higuma Mario"},{"id":232539,"name":"Teruto Kurabe"},{"id":232541,"name":"Kikka"},{"id":280839,"name":"Reira Kanagi"},{"id":232540,"name":"Sakura Banka"}],"staff":[{"id":114169,"name":"EGOIST"},{"id":146419,"name":"Who-ya Extended"},{"id":115885,"name":"Keiji Inai"},{"id":124913,"name":"Yoriko Tomita"},{"id":101016,"name":"Yoshikazu Iwanami"},{"id":118775,"name":"Shinpei Tomooka"},{"id":209641,"name":"Kenta Higashouji"},{"id":152514,"name":"Yuki Komada"},{"id":128746,"name":"Hikaru Muno"},{"id":118775,"name":"Shinpei Tomooka"},{"id":119000,"name":"Homura Kawamoto"},{"id":152514,"name":"Yuki Komada"},{"id":133965,"name":"Minoru Morita"},{"id":214132,"name":"Katsunori Kikuchi"},{"id":142241,"name":"Keiichi Honda"},{"id":143189,"name":"Mai  Hasegawa"},{"id":260924,"name":"Tsubukiken"},{"id":134976,"name":"Ikuo Yoshida"},{"id":212922,"name":"Masaru Hamada"},{"id":158356,"name":"Ayako Suzuki"},{"id":124913,"name":"Yoriko Tomita"},{"id":149034,"name":"Nobuhiro Nakayama"},{"id":235061,"name":"Yasushi Tomoda"},{"id":136015,"name":"Shinji Itadaki"},{"id":225990,"name":"Touma Kanbara"}],"studios":[{"id":17,"name":"Aniplex","isAnimationStudio":false},{"id":839,"name":"LIDENFILMS","isAnimationStudio":true}],"isFavourite":false,"isAdult":false,"isLocked":false,"nextAiringEpisode":null,"airingSchedule":[{"airingAt":1648913400,"timeUntilAiring":-57385262,"episode":1},{"airingAt":1649518200,"timeUntilAiring":-56780462,"episode":2},{"airingAt":1650123000,"timeUntilAiring":-56175662,"episode":3},{"airingAt":1650727800,"timeUntilAiring":-55570862,"episode":4},{"airingAt":1651332600,"timeUntilAiring":-54966062,"episode":5},{"airingAt":1652542200,"timeUntilAiring":-53756462,"episode":6},{"airingAt":1653147000,"timeUntilAiring":-53151662,"episode":7},{"airingAt":1653751800,"timeUntilAiring":-52546862,"episode":8},{"airingAt":1654356600,"timeUntilAiring":-51942062,"episode":9},{"airingAt":1654961400,"timeUntilAiring":-51337262,"episode":10},{"airingAt":1655566200,"timeUntilAiring":-50732462,"episode":11},{"airingAt":1656171000,"timeUntilAiring":-50127662,"episode":12}],"trends":[{"date":1618758000,"trending":22,"popularity":0,"inProgress":null},{"date":1618844400,"trending":10,"popularity":13,"inProgress":null},{"date":1618930800,"trending":9,"popularity":37,"inProgress":null},{"date":1619017200,"trending":3,"popularity":45,"inProgress":null},{"date":1619103600,"trending":6,"popularity":48,"inProgress":null},{"date":1619362800,"trending":1,"popularity":54,"inProgress":null},{"date":1619622000,"trending":2,"popularity":56,"inProgress":null},{"date":1619708400,"trending":1,"popularity":58,"inProgress":null},{"date":1619794800,"trending":1,"popularity":60,"inProgress":1},{"date":1619881200,"trending":1,"popularity":60,"inProgress":1},{"date":1620140400,"trending":2,"popularity":62,"inProgress":1},{"date":1620313200,"trending":2,"popularity":64,"inProgress":1},{"date":1620572400,"trending":1,"popularity":68,"inProgress":1},{"date":1620745200,"trending":4,"popularity":69,"inProgress":1},{"date":1620918000,"trending":3,"popularity":73,"inProgress":1},{"date":1621177200,"trending":2,"popularity":76,"inProgress":1},{"date":1621263600,"trending":3,"popularity":79,"inProgress":1},{"date":1621436400,"trending":1,"popularity":84,"inProgress":1},{"date":1621609200,"trending":2,"popularity":86,"inProgress":1},{"date":1621695600,"trending":1,"popularity":89,"inProgress":1},{"date":1621782000,"trending":3,"popularity":89,"inProgress":1},{"date":1622041200,"trending":4,"popularity":92,"inProgress":1},{"date":1622127600,"trending":2,"popularity":95,"inProgress":1},{"date":1622214000,"trending":1,"popularity":97,"inProgress":1},{"date":1622300400,"trending":3,"popularity":98,"inProgress":1}],"externalLinks":["https://anime.build-divide.com/","https://twitter.com/build_divide","https://crunchyroll.com/series/GG5H5XDE1/build-divide-000000-code-black","https://www.funimation.com/shows/build-divide-000000-code-black/","https://www.iq.com/album/build-divide-ffffff-code-white-2022-1rcwc036mrl","https://www.bilibili.tv/media/1048242/"],"streamingEpisodes":[{"title":"Episode 1 - When You Wish Upon a Star","thumbnail":"https://img1.ak.crunchyroll.com/i/spire2-tmb/e5e3388efa45c7b970bc57b5c2b343dd1633775426_full.jpg","url":"http://www.crunchyroll.com/build-divide-000000-code-black/episode-1-when-you-wish-upon-a-star-819814","site":"Crunchyroll"},{"title":"Episode 2 - Lonely Baby Bird","thumbnail":"https://img1.ak.crunchyroll.com/i/spire3-tmb/8d161fc537b70619c379e5cbd1c70d8f1634400693_full.jpg","url":"http://www.crunchyroll.com/build-divide-000000-code-black/episode-2-lonely-baby-bird-819815","site":"Crunchyroll"},{"title":"Episode 3 - Fiery Feelings","thumbnail":"https://img1.ak.crunchyroll.com/i/spire1-tmb/88dd3430d19ebac3e9946ec14bef11d31634987305_full.jpg","url":"http://www.crunchyroll.com/build-divide-000000-code-black/episode-3-fiery-feelings-819816","site":"Crunchyroll"},{"title":"Episode 4 - Flower and Storm","thumbnail":"https://img1.ak.crunchyroll.com/i/spire4-tmb/7ff16579f998353c9012f1f5a36958e31635583621_full.jpg","url":"http://www.crunchyroll.com/build-divide-000000-code-black/episode-4-flower-and-storm-819817","site":"Crunchyroll"},{"title":"Episode 5 - Cake and Fishhook","thumbnail":"https://img1.ak.crunchyroll.com/i/spire2-tmb/63b60da07a2af96e202a8a84f59880ab1636205353_full.jpg","url":"http://www.crunchyroll.com/build-divide-000000-code-black/episode-5-cake-and-fishhook-819818","site":"Crunchyroll"},{"title":"Episode 6 - Path of Light","thumbnail":"https://img1.ak.crunchyroll.com/i/spire2-tmb/ebf3fbc716aa76857138993dfeafafcb1636797233_full.jpg","url":"http://www.crunchyroll.com/build-divide-000000-code-black/episode-6-path-of-light-821144","site":"Crunchyroll"},{"title":"Episode 7 - Ah! Vous dirai-je, Mer","thumbnail":"https://img1.ak.crunchyroll.com/i/spire3-tmb/2709704320a1fac5691c54654359a5211637407713_full.jpg","url":"http://www.crunchyroll.com/build-divide-000000-code-black/episode-7-ah-vous-dirai-je-mer-821145","site":"Crunchyroll"},{"title":"Episode 8 - Buried Memories","thumbnail":"https://img1.ak.crunchyroll.com/i/spire4-tmb/b13453d3231516aaa0d5698da79f19d11638017114_full.jpg","url":"http://www.crunchyroll.com/build-divide-000000-code-black/episode-8-buried-memories-821146","site":"Crunchyroll"},{"title":"Episode 9 - Reach for the Stars","thumbnail":"https://img1.ak.crunchyroll.com/i/spire1-tmb/45347fa5e6f9c5badfe7bd2e9a34fa631638627075_full.jpg","url":"http://www.crunchyroll.com/build-divide-000000-code-black/episode-9-reach-for-the-stars-821147","site":"Crunchyroll"},{"title":"Episode 10 - A Wish","thumbnail":"https://img1.ak.crunchyroll.com/i/spire1-tmb/466887ca0aa62029a4fbfb3c73bcd5181639242544_full.jpg","url":"http://www.crunchyroll.com/build-divide-000000-code-black/episode-10-a-wish-821148","site":"Crunchyroll"},{"title":"Episode 11 - Heads or Tails","thumbnail":"https://img1.ak.crunchyroll.com/i/spire3-tmb/8eef40db55c4975009206998192fe5321639825431_full.jpg","url":"http://www.crunchyroll.com/build-divide-000000-code-black/episode-11-heads-or-tails-821149","site":"Crunchyroll"},{"title":"Episode 12 - End of the Road","thumbnail":"https://img1.ak.crunchyroll.com/i/spire3-tmb/0c27010f6c974974bfcefbd3775016da1640443263_full.jpg","url":"http://www.crunchyroll.com/build-divide-000000-code-black/episode-12-end-of-the-road-821150","site":"Crunchyroll"}],"rankings":[{"rank":30,"type":"RATED","context":"highest rated","year":2022,"season":"SPRING"}],"mediaListEntry":null,"reviews":[{"id":17384,"score":85,"summary":"Just as great as the first season, with changes","body":"As a continuation of Build Divide: Code Black, this season’s Code White builds upon the experiences our characters faced while introducing new concepts with a strong emphasis on the individual personalities and changes each character goes through. \n\nThis season begins with a switch in the protagonist – as Teruto was captured by the system and made the King of Neo Kyoto, we begin this season three years after this event and are presented with a runaway Kikka, attempting to find her way around a world dealing with Build-Divide battles and opposing factions looking to take control of a post-Neo Kyoto world. One faction is called KUGE, representing the wishes of the King, and captures people it considers problematic to serve as fodder for the King, coming to discover Kikka and leading a chase to capture her. Ultimately, Kikka comes to realize her and the central message of this season:  her sins from last season are catching up to her, and while she desires the comfort of others and, most importantly, forgiveness for her actions, can she really be forgiven by all those she wronged? Out of nowhere, Hiyori, who has been looking on for some while, drops down mid-Build-Divide battle, with the simple message that even if she may be mad at Kikka for what happened to Teruto and Sakura, Teruto ultimately wanted to save her, and if she were willing to join her in her journey to save Teruto, then she would be more than happy to take the lead, giving her another shot to correct her sins.\n~~~img(https://i.imgur.com/KT6GgVV.jpg)~~~\nThe rest of the plot revolves around destroying KUGE forces as Hiyori and company continue towards the central tower, home to Neo Kyoto and where Teruto is located, along with the companions they made along the way. For the most part, all the same characters from Code Black are present in Code White under new roles, mainly dealing in anti-KUGE fights. However, Naomitsu and Ishinome take on more prominent roles, both in assisting our crew in reaching Teruto and in explaining some of the past relating to Build-Divide and Neo Kyoto, namely in the discovery and research of Build-Divide cards having powers and previous attempts at discovering a power source for the King and Neo Kyoto as a whole. Higuma retains his role as a bad guy, initially attempting to gain more power to power the King before being revealed that Higuma had been instrumental in Build-Divide research centuries ago, initially trying to save the people of Neo Kyoto before becoming corrupted and wanting power for himself. Ultimately, with Hiyori rescuing Teruto from the chains of being the King, Teruto makes a correct gamble against Higuma and defeats him, bringing this conflict to an end and bringing Neo Kyoto back to normalcy, reverting it to the condition we saw in the first few episodes in Code Black.\n~~~img(https://i.imgur.com/e1tri7A.jpg)~~~\nIn all honesty, the plot in Code White is not as polished as it was in Code Black. While this might be due to most of the exposition for this series being done in the first season, Code White is presented with certain plot points simply being presented without buildup, and some ideas, like KUGE and, later on, WILL, only being used at the moment with no real connection to plot development. Most importantly, Code White can be generalized as demonstrating character development, backstory that both answers some questions but creates some more, and the eventual rescue of Teruto. And while the Build Divide battles are just as, if not more, polished and well-animated compared to last season, they follow a more obvious cycle of our main characters worried about defeat, a pep talk about the power of friendship/power/unity, and ending with a “surprise” victory against the enemy. While there are moments where the plot goes a good job of progressing the story, it ultimately leaves more to desire after the events of Code Black.\n\nHowever, while Code Black had a fantastic plot, Code White is saved with its excellent cast. This season, Kikka is confronted by the idea of sins and whether or not she deserves forgiveness for her actions – she is aware that while she was manipulated to harm others in her role as the King, she is nonetheless remorseful of her actions and struggles with the idea of being wanted, a central theme for many of the early episodes this season. Hiyori, on her quest to rescue Teruto, is well aware of what Kikka has done but takes her in not only because it is what Teruto would have liked but also because she believes in the remorseful Kikka and separates former King Kikka from a fragile and confused Kikka as introduced this season. Most importantly, we see a Kikka vastly contrasting that from last season, which I can only best describe as a sister wanting to be back with her brother, a view shared by Hiyori as well. As the episodes progress, our main duo learns to rely on each other and others as well, changing them from being distant in the beginning to a powerful duo by the end of the series while also justifying the idea that past actions do not necessarily make who you are in the future. \n~~~img(https://i.imgur.com/slQwY4Q.jpg)~~~\nUltimately, Code White continues the greatness of Code Black and provides a satisfying conclusion to this part of the story while also leaving room for an additional story down the line. And while I might not have thoroughly enjoyed the plot this season, this enjoyment is more than made up by amazing character development and the messages the characters bring to the anime. While “original trading card anime” is not something I would have usually shown an interest in or much less watch, these past two seasons have been a treat. Whatever else may come from the future of Build Divide is unknown, but at the very least, I was delighted to see our main characters grow and develop between these two seasons (massive shoutout to Hiyori, more Hiyori-like main characters please).  \n~~~img(https://i.imgur.com/7JJ2uJG.jpg)~~~"}],"siteUrl":"https://anilist.co/anime/132526","autoCreateForumThread":false,"modNotes":null,"stats":{"scoreDistribution":[{"score":10,"amount":29},{"score":20,"amount":16},{"score":30,"amount":35},{"score":40,"amount":76},{"score":50,"amount":153},{"score":60,"amount":266},{"score":70,"amount":343},{"score":80,"amount":192},{"score":90,"amount":130},{"score":100,"amount":76}],"statusDistribution":[{"status":"CURRENT","amount":561},{"status":"PLANNING","amount":2267},{"status":"COMPLETED","amount":1973},{"status":"DROPPED","amount":268},{"status":"PAUSED","amount":155}]},"isRecommendationBlocked":false,"recommendations":[{"mediaRecommendation":{"id":550,"title":{"romaji":"Yu☆Gi☆Oh!","english":null,"native":"遊☆戯☆王","userPreferred":"Yu☆Gi☆Oh!"},"type":"ANIME"}},{"mediaRecommendation":{"id":20615,"title":{"romaji":"selector infected WIXOSS","english":"selector infected WIXOSS","native":"selector infected WIXOSS","userPreferred":"selector infected WIXOSS"},"type":"ANIME"}}]}