{"id":133844,"idMal":48895,"title":{"romaji":"Overlord IV","english":"Overlord IV","native":"オーバーロードⅣ","userPreferred":"Overlord IV"},"format":"TV","status":"FINISHED","episodes":13,"description":"The fourth season of <i>Overlord</i>.\n<br><br>\nE-Rantel, the capital city of the newly established Sorcerer Kingdom, suffers from a dire shortage of goods. Once a prosperous city known for its trade, it now faces a crisis due to its caution—or even fear—of its king, Ainz Ooal Gown. To make amends, Ainz sends Albedo to the city as a diplomatic envoy.\n<br><br>\nMeanwhile, the cardinals of the Slane Theocracy discuss how to retaliate against Ainz after his attack crippled the Re-Estize Kingdom's army, plotting for the Baharuth Empire to take over the Sorcerer Kingdom. However, when Emperor Jircniv Rune Farlord El Nix arranges a meeting with the Theocracy's messengers at a colosseum, he is confronted by none other than Ainz himself.\n<br><br>\nWith their secret gathering now out in the open, the emperor and his guests learn that Ainz has challenged the Warrior King, the empire's greatest fighter, to a duel. With Ainz's motivations beyond his comprehension, Jircniv can do nothing but watch as humanity's future changes before his very eyes.\n<br><br>\n(Source: MAL Rewrite)","startDate":{"year":2022,"month":7,"day":5},"endDate":{"year":2022,"month":9,"day":27},"season":"SUMMER","seasonYear":2022,"duration":24,"countryOfOrigin":"JP","isLicensed":true,"source":"LIGHT_NOVEL","hashtag":"#overlord_anime","trailer":"https://www.youtube.com/watch?v=tNYQjEyTO6s","updatedAt":1706296455,"coverImage":{"large":"https://s4.anilist.co/file/anilistcdn/media/anime/cover/large/bx133844-E32FjKZ0XxEs.jpg","medium":"https://s4.anilist.co/file/anilistcdn/media/anime/cover/medium/bx133844-E32FjKZ0XxEs.jpg","small":"https://s4.anilist.co/file/anilistcdn/media/anime/cover/small/bx133844-E32FjKZ0XxEs.jpg","color":"#e45d78"},"bannerImage":"https://s4.anilist.co/file/anilistcdn/media/anime/banner/133844-uIaUmh5aJX3M.jpg","genres":["Action","Adventure","Fantasy"],"synonyms":["Overlord 4","โอเวอร์ลอร์ด ภาค 4","โอเวอร์ ลอร์ด จอมมารพิชิตโลก ภาค 4"],"averageScore":80,"meanScore":80,"favourites":3497,"popularity":107446,"trending":6,"tags":[{"id":104,"name":"Anti-Hero","isMediaSpoiler":false},{"id":29,"name":"Magic","isMediaSpoiler":false},{"id":499,"name":"Skeleton","isMediaSpoiler":false},{"id":456,"name":"Conspiracy","isMediaSpoiler":true},{"id":244,"name":"Isekai","isMediaSpoiler":false},{"id":112,"name":"Virtual World","isMediaSpoiler":false},{"id":82,"name":"Male Protagonist","isMediaSpoiler":false},{"id":15,"name":"Demons","isMediaSpoiler":false},{"id":103,"name":"Politics","isMediaSpoiler":false},{"id":23,"name":"Female Harem","isMediaSpoiler":false},{"id":931,"name":"Tomboy","isMediaSpoiler":false},{"id":249,"name":"Maids","isMediaSpoiler":false},{"id":94,"name":"Gore","isMediaSpoiler":false},{"id":252,"name":"Revenge","isMediaSpoiler":true},{"id":665,"name":"Succubus","isMediaSpoiler":false},{"id":259,"name":"Monster Girl","isMediaSpoiler":false},{"id":90,"name":"CGI","isMediaSpoiler":false},{"id":1090,"name":"Monster Boy","isMediaSpoiler":false},{"id":1456,"name":"Femboy","isMediaSpoiler":false},{"id":74,"name":"Vampire","isMediaSpoiler":false},{"id":123,"name":"Male Harem","isMediaSpoiler":false},{"id":152,"name":"Zombie","isMediaSpoiler":false}],"relations":[{"id":85976,"title":{"english":"Overlord","native":"オーバーロード","romaji":"Overlord","userPreferred":"Overlord"},"type":"MANGA"},{"id":101474,"title":{"english":"Overlord III","native":"オーバーロードⅢ","romaji":"Overlord III","userPreferred":"Overlord III"},"type":"ANIME"},{"id":133845,"title":{"english":null,"native":"劇場版 オーバーロード 聖王国編","romaji":"Overlord: Sei Oukoku-hen","userPreferred":"Overlord: Sei Oukoku-hen"},"type":"ANIME"},{"id":151898,"title":{"english":null,"native":"オーバーロード ぷれぷれぷれあです4","romaji":"Overlord: Ple Ple Pleiades 4","userPreferred":"Overlord: Ple Ple Pleiades 4"},"type":"ANIME"}],"characters":[{"id":89103,"name":"Momonga"},{"id":89126,"name":"Mare Bello Fiore"},{"id":89122,"name":"Albedo"},{"id":89121,"name":"Shalltear Bloodfallen"},{"id":89125,"name":"Demiurge"},{"id":89138,"name":"Cocytus"},{"id":89129,"name":"Aura Bella Fiora"},{"id":174103,"name":"Philip Dayton L'Eyre Montserrat"},{"id":282398,"name":"Vesture Kloff Di Laufen"},{"id":125881,"name":"Evileye"},{"id":127670,"name":"Tina"},{"id":128287,"name":"Climb"},{"id":127241,"name":"Renner Theiere Chardelon Ryle Vaiself"},{"id":128567,"name":"Zanac Valleon Igana Ryle  Vaiself"},{"id":128263,"name":"Brain Unglaus"},{"id":89154,"name":"Pandora's Actor"},{"id":128569,"name":"Hamusuke"},{"id":130219,"name":"Foire"},{"id":126961,"name":"Jircniv Rune Farlord El Nix"},{"id":284923,"name":"Fith"},{"id":127432,"name":"Shasuryu Shasha"},{"id":175042,"name":"Pluton Ainzach"},{"id":139673,"name":"Nigredo"},{"id":286480,"name":"Death Cavalier"},{"id":191160,"name":"Hilma Cygnaeus"}],"staff":[{"id":119069,"name":"Kugane Maruyama"},{"id":119090,"name":"so-bin"},{"id":121193,"name":"Naoyuki Itou"},{"id":144687,"name":"Satoshi Tasaki"},{"id":121844,"name":"Yukie Sugawara"},{"id":121844,"name":"Yukie Sugawara"},{"id":127401,"name":"OxT"},{"id":196367,"name":"Mayu Maeshima"},{"id":132523,"name":"Taiki Imamura"},{"id":132523,"name":"Taiki Imamura"},{"id":132523,"name":"Taiki Imamura"},{"id":142427,"name":"Kyouko Takeuchi"},{"id":142427,"name":"Kyouko Takeuchi"},{"id":142427,"name":"Kyouko Takeuchi"},{"id":144432,"name":"Junji Okubo"},{"id":144432,"name":"Junji Okubo"},{"id":144432,"name":"Junji Okubo"},{"id":110647,"name":"Shigemi Ikeda"},{"id":136063,"name":"Shuuichi Ookubo"},{"id":120001,"name":"Yukiko Maruyama"},{"id":136064,"name":"Kayoko Tomono"},{"id":136062,"name":"Miho  Norisue"},{"id":146149,"name":"Yukie Noguchi"},{"id":179842,"name":"Yasutaka Tanaka"},{"id":203811,"name":"Yoshio Watanabe"}],"studios":[{"id":11,"name":"MADHOUSE","isAnimationStudio":true},{"id":6698,"name":"KADOKAWA","isAnimationStudio":false},{"id":777,"name":"Hakuhodo DY Music & Pictures","isAnimationStudio":false},{"id":238,"name":"AT-X","isAnimationStudio":false},{"id":7113,"name":"NTT Plala","isAnimationStudio":false}],"isFavourite":false,"isAdult":false,"isLocked":false,"nextAiringEpisode":null,"airingSchedule":[{"airingAt":1657026000,"timeUntilAiring":-49272799,"episode":1},{"airingAt":1657630800,"timeUntilAiring":-48667999,"episode":2},{"airingAt":1658235600,"timeUntilAiring":-48063199,"episode":3},{"airingAt":1658840400,"timeUntilAiring":-47458399,"episode":4},{"airingAt":1659445200,"timeUntilAiring":-46853599,"episode":5},{"airingAt":1660050000,"timeUntilAiring":-46248799,"episode":6},{"airingAt":1660654800,"timeUntilAiring":-45643999,"episode":7},{"airingAt":1661259600,"timeUntilAiring":-45039199,"episode":8},{"airingAt":1661864400,"timeUntilAiring":-44434399,"episode":9},{"airingAt":1662469200,"timeUntilAiring":-43829599,"episode":10},{"airingAt":1663074000,"timeUntilAiring":-43224799,"episode":11},{"airingAt":1663678800,"timeUntilAiring":-42619999,"episode":12},{"airingAt":1664283600,"timeUntilAiring":-42015199,"episode":13}],"trends":[{"date":1620399600,"trending":1803,"popularity":0,"inProgress":null},{"date":1620486000,"trending":6053,"popularity":0,"inProgress":null},{"date":1620572400,"trending":1432,"popularity":7508,"inProgress":110},{"date":1620658800,"trending":694,"popularity":9347,"inProgress":132},{"date":1620745200,"trending":445,"popularity":10156,"inProgress":160},{"date":1620831600,"trending":307,"popularity":10630,"inProgress":173},{"date":1620918000,"trending":256,"popularity":10981,"inProgress":183},{"date":1621004400,"trending":203,"popularity":11277,"inProgress":187},{"date":1621090800,"trending":153,"popularity":11483,"inProgress":189},{"date":1621177200,"trending":203,"popularity":11696,"inProgress":194},{"date":1621263600,"trending":139,"popularity":11894,"inProgress":197},{"date":1621350000,"trending":107,"popularity":12046,"inProgress":202},{"date":1621436400,"trending":114,"popularity":12206,"inProgress":205},{"date":1621522800,"trending":103,"popularity":12335,"inProgress":212},{"date":1621609200,"trending":90,"popularity":12454,"inProgress":219},{"date":1621695600,"trending":84,"popularity":12566,"inProgress":220},{"date":1621782000,"trending":90,"popularity":12665,"inProgress":224},{"date":1621868400,"trending":93,"popularity":12776,"inProgress":227},{"date":1621954800,"trending":73,"popularity":12885,"inProgress":228},{"date":1622041200,"trending":62,"popularity":12977,"inProgress":228},{"date":1622127600,"trending":51,"popularity":13059,"inProgress":229},{"date":1622214000,"trending":73,"popularity":13131,"inProgress":233},{"date":1622300400,"trending":71,"popularity":13219,"inProgress":237},{"date":1622386800,"trending":55,"popularity":13307,"inProgress":239},{"date":1622473200,"trending":60,"popularity":13384,"inProgress":244}],"externalLinks":["http://overlord-anime.com/","https://twitter.com/over_lord_anime","https://www.youtube.com/playlist?list=PLxSscENEp7JjqetlKeUq9vjhLa8yg4vBx","https://www.crunchyroll.com/overlord","https://www.bilibili.tv/media/1060852","https://www.iq.com/album/2f696ilgi3t","https://www.funimation.com/shows/overlord/"],"streamingEpisodes":[{"title":"Episode 1 - End and Beginning","thumbnail":"https://img1.ak.crunchyroll.com/i/spire1-tmb/b0b4730ef0a27db3125ce574d83a0ee81494830437_full.jpg","url":"http://www.crunchyroll.com/overlord/episode-1-end-and-beginning-829157","site":"Crunchyroll"},{"title":"Episode 2 - Floor Guardians","thumbnail":"https://img1.ak.crunchyroll.com/i/spire4-tmb/f6b7803c41748f4814b2a6a26914a7ed1494830450_full.jpg","url":"http://www.crunchyroll.com/overlord/episode-2-floor-guardians-829160","site":"Crunchyroll"},{"title":"Episode 3 - Battle at Carne Village","thumbnail":"https://img1.ak.crunchyroll.com/i/spire4-tmb/f8be8e5c6098724d8f4c8e420081b80e1494831102_full.jpg","url":"http://www.crunchyroll.com/overlord/episode-3-battle-at-carne-village-829162","site":"Crunchyroll"},{"title":"Episode 4 - Ruler of Death","thumbnail":"https://img1.ak.crunchyroll.com/i/spire2-tmb/f914d7d54c4a3d2d42b8007bb6fee24e1494832194_full.jpg","url":"http://www.crunchyroll.com/overlord/episode-4-ruler-of-death-829163","site":"Crunchyroll"},{"title":"Episode 5 - Two Venturers","thumbnail":"https://img1.ak.crunchyroll.com/i/spire3-tmb/7d6bd0278981a627933c8a0dca9f1b1b1494833787_full.jpg","url":"http://www.crunchyroll.com/overlord/episode-5-two-venturers-829164","site":"Crunchyroll"},{"title":"Episode 6 - Journey","thumbnail":"https://img1.ak.crunchyroll.com/i/spire2-tmb/d06c2fc5b804bab2c042c42cc46b53d41494834020_full.jpg","url":"http://www.crunchyroll.com/overlord/episode-6-journey-829165","site":"Crunchyroll"},{"title":"Episode 7 - Wise King of Forest","thumbnail":"https://img1.ak.crunchyroll.com/i/spire3-tmb/2fb387a30dace99db66c6a76843de7591494835347_full.jpg","url":"http://www.crunchyroll.com/overlord/episode-7-wise-king-of-forest-829167","site":"Crunchyroll"},{"title":"Episode 8 - Twin Swords of Slashing Death","thumbnail":"https://img1.ak.crunchyroll.com/i/spire3-tmb/60a2ac957748fedfa88c76a1fa7ae3cd1494840778_full.jpg","url":"http://www.crunchyroll.com/overlord/episode-8-twin-swords-of-slashing-death-829168","site":"Crunchyroll"},{"title":"Episode 9 - The Dark Warrior","thumbnail":"https://img1.ak.crunchyroll.com/i/spire1-tmb/6dea2c4491ef964f6b42ad307f702b561494836233_full.jpg","url":"http://www.crunchyroll.com/overlord/episode-9-the-dark-warrior-829170","site":"Crunchyroll"},{"title":"Episode 10 - True Vampire","thumbnail":"https://img1.ak.crunchyroll.com/i/spire4-tmb/da8fa01472eaefb7e48a049c97dc25121494837113_full.jpg","url":"http://www.crunchyroll.com/overlord/episode-10-true-vampire-829173","site":"Crunchyroll"},{"title":"Episode 11 - Confusion and Understanding","thumbnail":"https://img1.ak.crunchyroll.com/i/spire2-tmb/da583e7d896e031026cab62761bf307b1494838403_full.jpg","url":"http://www.crunchyroll.com/overlord/episode-11-confusion-and-understanding-829174","site":"Crunchyroll"},{"title":"Episode 12 - The Bloody Valkyrie","thumbnail":"https://img1.ak.crunchyroll.com/i/spire3-tmb/c0e7533df53f508a4bc36d0da461a9661494838819_full.jpg","url":"http://www.crunchyroll.com/overlord/episode-12-the-bloody-valkyrie-829176","site":"Crunchyroll"},{"title":"Episode 13 - Player VS Non Player Character","thumbnail":"https://img1.ak.crunchyroll.com/i/spire4-tmb/6cc01ee222ef11ff4c80a708b7469e381494840273_full.jpg","url":"http://www.crunchyroll.com/overlord/episode-13-player-vs-non-player-character-829177","site":"Crunchyroll"}],"rankings":[{"rank":258,"type":"RATED","context":"highest rated all time","year":null,"season":null},{"rank":354,"type":"POPULAR","context":"most popular all time","year":null,"season":null},{"rank":25,"type":"RATED","context":"highest rated","year":2022,"season":null},{"rank":21,"type":"POPULAR","context":"most popular","year":2022,"season":null},{"rank":3,"type":"RATED","context":"highest rated","year":2022,"season":"SUMMER"},{"rank":5,"type":"POPULAR","context":"most popular","year":2022,"season":"SUMMER"}],"mediaListEntry":null,"reviews":[{"id":18413,"score":55,"summary":"Relatively Dull Domination","body":"Fans and haters of Overlord all know that Ainz is probably one of the most overpowered isekai protagonists out there. In this season, that is no exception. This series follows a similar formula throughout its run, and that formula is “People underestimate Ainz, and then get slaughtered”. This time around, the characters are actually somewhat catching on that, yes, Ainz is nearly unbeatable, so maybe we should work with him instead. To me, I think that the change in formula made the series a bit boring, but there were also quite a few other issues that presented themselves in this season.\n\nMy grading criteria: Story: /25 Art: /10 Music: /10 Characters: /20 Enjoyment /15 Thematic Execution /20\n\nSTORY: 11.2/25\n\nThe story isn’t by any means messy, it’s just that I struggled to care about the plot this season. In the previous seasons, we saw a whole lot more emphasis on side characters and their developments, which was great. From the Lizardmen arc in Season 2, to the Two Leaders arc with Enri and Nphirea in Season 3, say what you will about the arcs, but personally, they just felt way more impactful than whatever what shown in this season. This season focused a lot on Ainz taking over kingdoms and empires, for his goal of destroying the Re-Estize kingdom. There were a lot of political strifes and discussions sprinkled throughout as well, but it felt so insignificant. The jump from arc to arc felt very self-contained and not connected enough, which really lowered the significance of Ainz’s opposition throughout the series. Sure, there are some plot twists, and some rather satisfying and shocking moments, but I didn’t take much away from the plot this season compared to the other three seasons.\n\nART: 7/10\n\nThis show still looks a tad mediocre, but the CGI was slightly less prevalent, although clearly present. Not as jarring, but not the best still.\n\nMUSIC: 8.4/10\n\nThe one thing that Overlord has kept consistent throughout the years was its music. The OP and ED were pretty solid once again, and worth listening to over and over.\n\nCHARACTERS: 10/20\n\nThe characters from Nazarick never really intrigued me a whole lot, and with the focus being on them a bit more this season, it felt much more boring to me. Ainz is still the same as over, though he seemed more cold this season, Albedo is still her same fun self, Aura and Mare are still powerful, overall just much of the same. One key difference which felt a bit shocking to me was how “childish” Shalltear felt in this season. At some points, she felt like a newcomer learning the ropes of how the Nazarick group functioned, which was kind of weird. It was great to see Pandora’s Actor getting a chance to shine this season though.\n\nOnce again, I found the side characters and opposition of Nazarick more interesting, from Jircniv, Zanac, and many more, it’s always fun to see the futile schemes of Ainz’s opposition.\n\nENJOYMENT: 9.5/15\n\nThere were some exciting moments, but a lot of it was boring, which was unfortunate.\n\nTHEMATIC EXECUTION: 9/20\n\nA key element in Overlord is how they execute Ainz’s supremacy over every other group in the world, and this time around, it felt really flat. The deaths that Ainz caused felt too quick and easy, and lacking in intrigue. Didn’t really feel for anyone, since the characters weren’t exactly developed very well.\n\nOVERALL: 55.1/100\n\nIt’s always fun to watch the futile struggles of Ainz’s opposition, but I wished they focused on the opposition more to be honest. We know how powerful Ainz is, so I’m ok with him getting less screen time. The side characters are in my opinion what makes this show more compelling, and I felt considerably more bored of this season than any other. The movie will be coming out later on, so I’ll be sure to give that a watch when it comes out."},{"id":18414,"score":75,"summary":"The franchise I enjoy not because of the anime but those channels that talks about skip contents","body":"So Overlord, the franchise I enjoy not because of the anime but those channels that talks about skip the contents of the anime.\n\nFor a very long time, I really want to watch isekai quartet. I had already watched Tanya, re-zero, and konosuba but never touch or interested in overlord before. That's the reason why I started overlord 4 months ago. The first time I watched the first half of Overlord s1 (around 1 month before season 4), I was underwhelmed and always wonder why it got highly praised despite being just ok. I watched the rest of s1 and half of s2 (especially the lizardman part) with basically no enjoyment. While I'm ready to give up on this series, I stumble upon these bizarre amounts of Overlord skip-content videos and realize how ridiculous the amount of content and context that was being skipped+rearranged in the anime. These missing lore, character development, and skipped content type videos are the ones that make me end up rewatching and finishing the entire 3 seasons. So yeah, the anime was basically a not-so-good representation of the lore and series in general but I still appreciate it.\n\nSo back to the present day and s4 was basically the same. \n\nART: The animation was ok, sometimes it was 5/10 sometimes it was 7/10. The CG wasn't as bad as 3rd season's \"sheep\" and definitely watchable.\n\nSTORY:\nStory-wise, it's still pretty good. I definitely miss that time when ainz still moving around as momon and doing so much more stuff actively rather than just sitting down, while relying on his comrades or his feared influential existence. On the other hand, it was good seeing that he was finally able to trust and utilize his comrades actively/efficiently.\n\nThe negative part about the story was still pretty much the same as the last 3 seasons. it lacks so much freakin context as usual. Every time I finish 1 episode I will end up searching for these skipped content videos or waiting for AniNews or Espiritu (both are anitubers) to make one. Not mentioned, there was a huge chunk of context missing in the middle of seasons making some anime watchers confused. (The missing part will be adapted as a movie. the holy kingdom arc)\n\nMUSIC: \nThe OP was a banger. The rest, I can't comment on it. I had almost no braincell for music. Music was basically just beeps and boops for me.\n\nThat's basically the end of my reviews. Sorry if it was a bit messy cause it was the first time I write reviews. Also, I prefer to tell stories rather than structured reviews. The show was overall enjoyable and I will definitely try to read the LN if I have any time. I still have to swallow around 15 volumes of Ascendance of Bookworm so it might take a while lol."},{"id":18522,"score":72,"summary":"Hail Ainz, the truly evil Overlord!","body":"___SPOILERS BEWARE!___\n\nOverlord IV picks up pretty much where its prequel left off but I need to address a misunderstanding that I mentioned in my S3 review. There I said that Ainz took over the Re-Estize Kingdom which isn't quite right. What he actually took over was a small city called E-Rantel however by the end of this season he does indeed conquer the kingdom by completely annihilating it...***perhaps I simply made a blind accidental correct prediction back then...*** This season of Overlord the world building is once more present at its finest and I really appreciate the anime for doing this. Ainz's plan for world domination is in full motion as countries are easily pledging to become vassal states of the Sorcerer Kingdom. Ainz truly is an absolutely evil Overlord but I can't help cheer him on in his quest for world domination.\n\nimg800(https://cdn.discordapp.com/attachments/635602177833959439/1026886106286915594/unknown.png)\n\nI don't want to start sounding repetitive however after four seasons of Overlord, I pretty much have the same thing to say over and over, the world of Overlord truly fascinates and the world building is implemented really well making it enjoyable to uncover new things about its world. This season introduces us to the Dwarf Kingdom which interested Ainz as he learned about runesmiths and that they originate from this kingdom. Along the way he happened to tame some ice dragons and the entire race of the Quagoa, he achieved this all within a span of a few days. Ainz is such mastermind that even he himself isn't aware of the full potential of his plans as he unknowingly convinced the Baharuth Empire to became his vassal state all while barely breaking a sweat dueling the empire's strongest warrior.\n\nimg800(https://cdn.discordapp.com/attachments/635602177833959439/1026887098214650007/unknown.png)\n\nThe main treat of this season comes in the final few episodes as Albedo being the diplomatic envoy of the Sorceror Kingdom arrives before the royal family to declare war on the Re-Estize Kingdom and well once the kingdom's fate was sealed, there simply wasn't anyone or anything that could change it... Since I had the misconception last season that Ainz took over the kingdom while creating his own, this becomes a reality in the final episodes as he massacres the kingdom and its people to prove his point that he ***WILL*** not show mercy to anyone that defies\nhim and his home.\n\nimg800(https://cdn.discordapp.com/attachments/635602177833959439/1026887978867495002/unknown.png)\n\nIn Overlord I specifically enjoy seeing villains or characters who think they are strong only to be completely humiliated by Ainz and his family, Riku Aganeia ***or so he called himself*** is actually a dragon lord from the Slave Theorecacy by the looks of it and Azuth is an experienced warrior from the kingdom, both being of the adamantite class. As we learn by the end of the duel, the Ainz in this battle against Riku was actually Pandora's Actor because let's be honest, would Ainz ever plea for his life the way Pandora's Actor did? Ever since Riku made his cameo he came across as pretty badass and a small part of me truly was cheering to see what kind of damage he could inflict on the Overlord himself. I got the same expression when Evileye was first introduced, my thinking went along the lines of \"oh look a somewhat strong character that is not evil but how strong are they truly?\" It so happens that both of these happen to be characters completely cloaking their real identity. I do hope we see more of these two in battles again in the future.\n\nimg800(https://cdn.discordapp.com/attachments/635602177833959439/1026890970429669467/unknown.png)\n\nLastly, as the final episode demonstrates, by the end of the season the Re-Estize Kingdom has completely fallen as it was annihilated by Ainz and his subordinates. The declaration of war occurred due a foolish noble who orchestrated an attack on food supplies that were being transported to the Slave Theorecacy from the Sorcerer Kingdom. All this destruction due to the actions of a foolish noble and ***THE*** entire kingdom perished due to one noble's foolish move. Ainz does not fuk around if you oppose him... Also who is princess Renner really? She turns into a demon but we are never shown how this happened. We also very much know about her twisted yandere personality from the past seasons so I don't envy Climb's position in the slightest. The remainder of his life may very well be full of slavery and suffering. In the end Ainz truly is an absolutely evil Overlord but I can't help cheer him on in his quest for world domination.\n\n[S1 Review](https://anilist.co/review/17990)\n[S2 Review](https://anilist.co/review/18014)\n[S3 Review](https://anilist.co/review/18045)"}],"siteUrl":"https://anilist.co/anime/133844","autoCreateForumThread":false,"modNotes":null,"stats":{"scoreDistribution":[{"score":10,"amount":167},{"score":20,"amount":54},{"score":30,"amount":175},{"score":40,"amount":288},{"score":50,"amount":907},{"score":60,"amount":1990},{"score":70,"amount":6423},{"score":80,"amount":12318},{"score":90,"amount":9802},{"score":100,"amount":5289}],"statusDistribution":[{"status":"CURRENT","amount":10875},{"status":"PLANNING","amount":28039},{"status":"COMPLETED","amount":66029},{"status":"DROPPED","amount":1113},{"status":"PAUSED","amount":1390}]},"isRecommendationBlocked":false,"recommendations":[{"mediaRecommendation":{"id":20832,"title":{"romaji":"Overlord","english":"Overlord","native":"オーバーロード","userPreferred":"Overlord"},"type":"ANIME"}},{"mediaRecommendation":{"id":17265,"title":{"romaji":"Log Horizon","english":"Log Horizon","native":"ログ・ホライズン","userPreferred":"Log Horizon"},"type":"ANIME"}},{"mediaRecommendation":{"id":108511,"title":{"romaji":"Tensei Shitara Slime Datta Ken 2nd Season","english":"That Time I Got Reincarnated as a Slime Season 2","native":"転生したらスライムだった件 第2期","userPreferred":"Tensei Shitara Slime Datta Ken 2nd Season"},"type":"ANIME"}},{"mediaRecommendation":{"id":116742,"title":{"romaji":"Tensei Shitara Slime Datta Ken 2nd Season Part 2","english":"That Time I Got Reincarnated as a Slime Season 2 Part 2","native":"転生したらスライムだった件 第2期 第2クール","userPreferred":"Tensei Shitara Slime Datta Ken 2nd Season Part 2"},"type":"ANIME"}},{"mediaRecommendation":{"id":104454,"title":{"romaji":"Isekai Quartet","english":"ISEKAI QUARTET","native":"異世界かるてっと","userPreferred":"Isekai Quartet"},"type":"ANIME"}},{"mediaRecommendation":{"id":19815,"title":{"romaji":"No Game No Life","english":"No Game, No Life","native":"ノーゲーム・ノーライフ","userPreferred":"No Game No Life"},"type":"ANIME"}},{"mediaRecommendation":{"id":98437,"title":{"romaji":"Overlord II","english":"Overlord II","native":"オーバーロードⅡ","userPreferred":"Overlord II"},"type":"ANIME"}},{"mediaRecommendation":{"id":117612,"title":{"romaji":"Genjitsu Shugi Yuusha no Oukoku Saikenki","english":"How a Realist Hero Rebuilt the Kingdom","native":"現実主義勇者の王国再建記","userPreferred":"Genjitsu Shugi Yuusha no Oukoku Saikenki"},"type":"ANIME"}},{"mediaRecommendation":{"id":139648,"title":{"romaji":"Genjitsu Shugi Yuusha no Oukoku Saikenki Part 2","english":"How a Realist Hero Rebuilt the Kingdom Part 2","native":"現実主義勇者の王国再建記 第二部","userPreferred":"Genjitsu Shugi Yuusha no Oukoku Saikenki Part 2"},"type":"ANIME"}},{"mediaRecommendation":{"id":132474,"title":{"romaji":"Gaikotsu Kishi-sama, Tadaima Isekai e Odekakechuu","english":"Skeleton Knight in Another World","native":"骸骨騎士様、只今異世界へお出掛け中","userPreferred":"Gaikotsu Kishi-sama, Tadaima Isekai e Odekakechuu"},"type":"ANIME"}},{"mediaRecommendation":{"id":129192,"title":{"romaji":"Tensei Kenja no Isekai Life: Daini no Shokugyo wo Ete, Sekai Saikyou ni Narimashita","english":"My Isekai Life: I Gained a Second Character Class and Became the Strongest Sage in the World!","native":"転生賢者の異世界ライフ ～第二の職業を得て、世界最強になりました～","userPreferred":"Tensei Kenja no Isekai Life: Daini no Shokugyo wo Ete, Sekai Saikyou ni Narimashita"},"type":"ANIME"}},{"mediaRecommendation":{"id":145260,"title":{"romaji":"Kuro no Shoukanshi","english":"Black Summoner","native":"黒の召喚士","userPreferred":"Kuro no Shoukanshi"},"type":"ANIME"}},{"mediaRecommendation":{"id":125206,"title":{"romaji":"Tsuki ga Michibiku Isekai Douchuu","english":"TSUKIMICHI -Moonlit Fantasy-","native":"月が導く異世界道中","userPreferred":"Tsuki ga Michibiku Isekai Douchuu"},"type":"ANIME"}},{"mediaRecommendation":{"id":155211,"title":{"romaji":"Dungeon ni Deai wo Motomeru no wa Machigatteiru Darou ka IV: Shin Shou Yakusai-hen","english":"Is It Wrong to Try to Pick Up Girls in a Dungeon? IV Part 2","native":"ダンジョンに出会いを求めるのは間違っているだろうかⅣ 深章 厄災篇","userPreferred":"Dungeon ni Deai wo Motomeru no wa Machigatteiru Darou ka IV: Shin Shou Yakusai-hen"},"type":"ANIME"}}]}