{"id":139092,"idMal":49784,"title":{"romaji":"Mairimashita! Iruma-kun 3","english":"Welcome to Demon School! Iruma-kun Season 3","native":"魔入りました！入間くん 第3シリーズ","userPreferred":"Mairimashita! Iruma-kun 3"},"format":"TV","status":"FINISHED","episodes":21,"description":"The third season of <i>Mairimashita! Iruma-kun</i>.<br>\n<br>\nThis time it's the jungle!<br>\n<br>\nHuman boy Suzuki Iruma becomes \"grandson\" to the great demon Sullivan and begins attending demon school where \"Grandpa\" serves as chairman. Winning friends -- and rising in demon rank, too -- Iruma thrives in his new environment, overcoming the harrowing ordeals thrown his way! In the new season, further challenges await... it's harvest season, and time for the annual test where students wade into the expansive and extremely dangerous (!) jungle to compete for food!! Classmates become rivals, and what erupts is a gargantuan battle of brawn and wits?<br>\n<br>\n(Source: NHK)","startDate":{"year":2022,"month":10,"day":8},"endDate":{"year":2023,"month":3,"day":4},"season":"FALL","seasonYear":2022,"duration":25,"countryOfOrigin":"JP","isLicensed":true,"source":"MANGA","hashtag":"#魔入りました入間くん","trailer":"https://www.youtube.com/watch?v=v0M9JojWdFA","updatedAt":1706296442,"coverImage":{"large":"https://s4.anilist.co/file/anilistcdn/media/anime/cover/large/bx139092-q521Du1fkosV.jpg","medium":"https://s4.anilist.co/file/anilistcdn/media/anime/cover/medium/bx139092-q521Du1fkosV.jpg","small":"https://s4.anilist.co/file/anilistcdn/media/anime/cover/small/bx139092-q521Du1fkosV.jpg","color":"#ffae35"},"bannerImage":"https://s4.anilist.co/file/anilistcdn/media/anime/banner/139092-gcuDazzfT0uC.jpg","genres":["Comedy","Fantasy","Supernatural"],"synonyms":["อิรุมะคุง พจญในแดนปีศาจ! ภาค 3"],"averageScore":78,"meanScore":78,"favourites":1310,"popularity":42337,"trending":2,"tags":[{"id":15,"name":"Demons","isMediaSpoiler":false},{"id":46,"name":"School","isMediaSpoiler":false},{"id":1228,"name":"Primarily Teen Cast","isMediaSpoiler":false},{"id":29,"name":"Magic","isMediaSpoiler":false},{"id":244,"name":"Isekai","isMediaSpoiler":false},{"id":1090,"name":"Monster Boy","isMediaSpoiler":false},{"id":259,"name":"Monster Girl","isMediaSpoiler":false},{"id":1277,"name":"Found Family","isMediaSpoiler":false},{"id":105,"name":"Ensemble Cast","isMediaSpoiler":false},{"id":326,"name":"Cultivation","isMediaSpoiler":false},{"id":251,"name":"Archery","isMediaSpoiler":false},{"id":82,"name":"Male Protagonist","isMediaSpoiler":false},{"id":84,"name":"School Club","isMediaSpoiler":false},{"id":665,"name":"Succubus","isMediaSpoiler":false},{"id":812,"name":"Butler","isMediaSpoiler":false},{"id":115,"name":"Idol","isMediaSpoiler":false},{"id":186,"name":"Crossdressing","isMediaSpoiler":true},{"id":308,"name":"Video Games","isMediaSpoiler":false},{"id":56,"name":"Shounen","isMediaSpoiler":false},{"id":171,"name":"Bullying","isMediaSpoiler":true},{"id":1121,"name":"Torture","isMediaSpoiler":true}],"relations":[{"id":116338,"title":{"english":"Welcome to Demon School! Iruma-kun Season 2","native":"魔入りました！入間くん 第2シリーズ","romaji":"Mairimashita! Iruma-kun 2","userPreferred":"Mairimashita! Iruma-kun 2"},"type":"ANIME"},{"id":99324,"title":{"english":"Welcome to Demon School! Iruma-kun","native":"魔入りました！入間くん","romaji":"Mairimashita! Iruma-kun","userPreferred":"Mairimashita! Iruma-kun"},"type":"MANGA"}],"characters":[{"id":135022,"name":"Alice Asmodeus"},{"id":135018,"name":"Iruma Suzuki"},{"id":135019,"name":"Clara Valac"},{"id":165664,"name":"Bachiko Barbatos"},{"id":135021,"name":"Kalego Naberius"},{"id":148542,"name":"Lead Shax"},{"id":135024,"name":"Sabro Sabnock"},{"id":148548,"name":"Picero Agares"},{"id":148545,"name":"Goemon Garp"},{"id":148547,"name":"Kamui Caim"},{"id":147760,"name":"Keroli Crocell"},{"id":148552,"name":"Jazz M. Andro"},{"id":148546,"name":"Elizabetta Ix"},{"id":148543,"name":"Schneider Allocer"},{"id":167567,"name":"Koko Orobas"},{"id":165443,"name":"General Furfur"},{"id":165444,"name":"Vepar"},{"id":165445,"name":"Mister Hat"},{"id":167568,"name":"Niro Androalphus"},{"id":167569,"name":"Ichiro Androalphus"},{"id":167566,"name":"Nafra Ampsey"},{"id":155648,"name":"Soi Purson"},{"id":151769,"name":"Shichirou Balam"},{"id":154373,"name":"Raim"},{"id":162688,"name":"Smoke Astaroth"}],"staff":[{"id":122515,"name":"Osamu Nishi"},{"id":109581,"name":"Makoto Moriwaki"},{"id":124717,"name":"Akimitsu Honma"},{"id":110641,"name":"Kazuyuki Fudeyasu"},{"id":120046,"name":"Yumiko Hara"},{"id":286887,"name":"FANTASTICS from EXILE TRIBE"},{"id":286888,"name":"Suiyoubi no Campanella"},{"id":275368,"name":"Mio Moroe"},{"id":247528,"name":"Kana Ozaki"},{"id":275383,"name":"Jessica Peace"},{"id":158945,"name":"Mami Okada"},{"id":129183,"name":"Jalen Cassell"},{"id":115536,"name":"Rachel Robinson"},{"id":143612,"name":"Eric P. Sherman"},{"id":158945,"name":"Mami Okada"},{"id":290446,"name":"Patrick Rodman"},{"id":290449,"name":"April Garner"},{"id":290448,"name":"Ben Harrington"},{"id":290447,"name":"Keeley Pierson"},{"id":258839,"name":"Aiko Yamaguchi"},{"id":258839,"name":"Aiko Yamaguchi"},{"id":185759,"name":"Vitor Mello"}],"studios":[{"id":6116,"name":"Bandai Namco Pictures","isAnimationStudio":true},{"id":317,"name":"NHK Enterprises","isAnimationStudio":false},{"id":111,"name":"NHK","isAnimationStudio":false}],"isFavourite":false,"isAdult":false,"isLocked":false,"nextAiringEpisode":null,"airingSchedule":[{"airingAt":1665221100,"timeUntilAiring":-41077858,"episode":1},{"airingAt":1665825900,"timeUntilAiring":-40473058,"episode":2},{"airingAt":1666430700,"timeUntilAiring":-39868258,"episode":3},{"airingAt":1667035500,"timeUntilAiring":-39263458,"episode":4},{"airingAt":1667640300,"timeUntilAiring":-38658658,"episode":5},{"airingAt":1668245100,"timeUntilAiring":-38053858,"episode":6},{"airingAt":1668849900,"timeUntilAiring":-37449058,"episode":7},{"airingAt":1669454700,"timeUntilAiring":-36844258,"episode":8},{"airingAt":1670059500,"timeUntilAiring":-36239458,"episode":9},{"airingAt":1670664300,"timeUntilAiring":-35634658,"episode":10},{"airingAt":1671269100,"timeUntilAiring":-35029858,"episode":11},{"airingAt":1671873900,"timeUntilAiring":-34425058,"episode":12},{"airingAt":1673083500,"timeUntilAiring":-33215458,"episode":13},{"airingAt":1673688300,"timeUntilAiring":-32610658,"episode":14},{"airingAt":1674293100,"timeUntilAiring":-32005858,"episode":15},{"airingAt":1674897900,"timeUntilAiring":-31401058,"episode":16},{"airingAt":1675502700,"timeUntilAiring":-30796258,"episode":17},{"airingAt":1676107500,"timeUntilAiring":-30191458,"episode":18},{"airingAt":1676712300,"timeUntilAiring":-29586658,"episode":19},{"airingAt":1677317100,"timeUntilAiring":-28981858,"episode":20},{"airingAt":1677921900,"timeUntilAiring":-28377058,"episode":21}],"trends":[{"date":1631286000,"trending":1372,"popularity":0,"inProgress":null},{"date":1631372400,"trending":2221,"popularity":0,"inProgress":null},{"date":1631458800,"trending":483,"popularity":3197,"inProgress":71},{"date":1631545200,"trending":246,"popularity":3825,"inProgress":84},{"date":1631631600,"trending":159,"popularity":4104,"inProgress":87},{"date":1631718000,"trending":107,"popularity":4276,"inProgress":94},{"date":1631804400,"trending":88,"popularity":4392,"inProgress":96},{"date":1631890800,"trending":78,"popularity":4483,"inProgress":99},{"date":1631977200,"trending":110,"popularity":4563,"inProgress":101},{"date":1632063600,"trending":76,"popularity":4668,"inProgress":103},{"date":1632150000,"trending":56,"popularity":4762,"inProgress":110},{"date":1632236400,"trending":55,"popularity":4828,"inProgress":111},{"date":1632322800,"trending":72,"popularity":4890,"inProgress":113},{"date":1632409200,"trending":54,"popularity":4960,"inProgress":113},{"date":1632495600,"trending":56,"popularity":5022,"inProgress":117},{"date":1632582000,"trending":70,"popularity":5085,"inProgress":118},{"date":1632668400,"trending":70,"popularity":5151,"inProgress":119},{"date":1632754800,"trending":46,"popularity":5222,"inProgress":121},{"date":1632841200,"trending":46,"popularity":5271,"inProgress":121},{"date":1632927600,"trending":36,"popularity":5326,"inProgress":121},{"date":1633014000,"trending":17,"popularity":5364,"inProgress":122},{"date":1633186800,"trending":31,"popularity":5414,"inProgress":123},{"date":1633273200,"trending":31,"popularity":5442,"inProgress":125},{"date":1633359600,"trending":32,"popularity":5477,"inProgress":126},{"date":1633446000,"trending":17,"popularity":5512,"inProgress":127}],"externalLinks":["https://www.nhk-character.com/chara/iruma/","https://twitter.com/nep_irumakun","https://www.youtube.com/playlist?list=PLwLSw1_eDZl3qq9KSn9zKK_DpaXxSxiKA","https://www.crunchyroll.com/series/G6NVG970Y","https://www.bilibili.tv/en/media/2069316","https://twitter.com/iruma_kun","https://youtube.com/@animeofficial5506"],"streamingEpisodes":[],"rankings":[{"rank":370,"type":"RATED","context":"highest rated all time","year":null,"season":null},{"rank":32,"type":"RATED","context":"highest rated","year":2022,"season":null},{"rank":59,"type":"POPULAR","context":"most popular","year":2022,"season":null},{"rank":13,"type":"RATED","context":"highest rated","year":2022,"season":"FALL"},{"rank":15,"type":"POPULAR","context":"most popular","year":2022,"season":"FALL"}],"mediaListEntry":null,"reviews":[{"id":20176,"score":65,"summary":"Charm Remains, but Ultimately a Slogfest","body":"Iruma-kun was an anime that worked very well as a wonderful “Saturday Morning Cartoon” type of show. Decent comedy, action, and the lovable characters shaped what were two solid seasons. While this season did have some decent moments, it ultimately got hampered by staying in the same setting for most of the season, surrounding the Harvest Festival, which felt a very long, drawn-out arc. It moves away from the school setting, which was where the charm for me was, and into a competition of sorts between the classes. The season jumps around between characters, and balances development out for them, but it forgets what the main enjoyment point was, which was seeing Iruma and his two best friends, Asmodeus and Clara, interact and have fun with each other. \n\nThe animation and production overall was fine, as it was around the same quality as the first two seasons had. The big scenes looked good, and the meaningful ones were well executed. As for the OP a bit disappointing, and the ED was quite awful.\n\nThe biggest problem though, was that even though each character had their own developments, they didn’t feel very meaningful, rather, they felt quite shallow. Sure, each of them has their breakthroughs and good moments, but they were unfortunately quite forgettable. This might just be a me thing, but the characters that most people love most (Ameri, Clara, Asmodeus), just didn’t show up enough, and I just didn’t care about the other characters to really be invested in the story. One new character who I did enjoy watching was Bachiko, who was quite the funny mentor for Iruma, but I wish she got more screen time as well.\n\nUltimately, the season simply starts out too slow for me to care for what happened at the end of the arc, and I wanted it to be over. I did enjoy some of the season to an extent, but nowhere near the level I did for Season 1 and 2, which delivered entertainment at more of a consistent quality than this season, which felt comparatively boring.\n\nLet’s face the facts though, Iruma-kun provides NHK with quite the return of funds, and unless something major changes, I doubt this will be the last season of the show. Is it a lack of passion from the staff? Just poor direction? Or something more? It just felt something was missing from this season. I’m not gonna lie, it felt a little lazy, with the constant recaps shown, and the dragging with the needless cliffhangers. I really hope that this season was a one-off, and Iruma-kun can get back to being the charming show it once was. Let’s hope the money didn’t get to their heads.\n\nI will say this though. If you haven’t watched this season of Iruma-kun yet, a binge might function better and make you enjoy it more than how I watched this, which was in a weekly format. If a Season 4 is on the horizon, I hope it can get paced better, with more intrigue than this season provided."},{"id":20313,"score":75,"summary":"A Charming Disappointment ","body":"DISCLAIMER:\nJust like everyone of my other reviews I am judging this season based strictly on it and it's two previous seasons, not as an adaptation to the manga which I have never read and do not plan on doing so if you were looking for that kind of review you won't find it here. Also theres SPOILERS \n\nCONTEXT: (skip if you don't care)\nI've been in a reviewing kind of mood and I want to cover these shows when I'm actually fresh on them and I absolutely loved the previous seasons so I was really looking forward to this season therefore I feel like I want to say how I felt about it but I may have had my expectation set too high so take that how you will. Also I always say this in all my reviews but please don't take this as a personal attack on you if you don't agree. My standards are just different not better. Also as always punctuation isn't important to me on these reviews so don't expect perfection but it still should be readable and understandable so if it isn't lemme know. Also as always if you want to discuss anything or ask me anything in regards to the review feel free to message me\n\nCHARMING:\nBeing a big fan of the previous seasons, this is show that just simply works for me, and to clarify I enjoyed this season but you can enjoy something and still feel disappointed by it. But as far as the stuff that stays the same quality or is just good, this show still has the light hearted feel of the previous seasons and the fun cast of characters that go along with it. It also still has the fantastic art style that helped make the show originally stand out. I will also say it was nice that they addressed iruma dealing with his terrible past. Basically what I'm saying is if you liked the other seaons you will still most likely enjoy this one; it by no means loses everything that made it fun to begin with thats not what I'm trying to say with this review.\n\nDISAPPOINTMENT: \nSo I'm not sure how most people feel about this but tournaments arcs in these shows are typically kind of bad, they drag on too long and barely progess the wider story and iruma is no exception for me. This season spent the whole time just dallying around on an honestly boring tournament, like the characters aren't even allow to fight each other without being disqualified. It also barely moves ahead the story or character development, the antagonists are basically shown once and hardly do anything except mess with the tournament and not even directly. That one guy that iruma keeps having visions of (i assume the last demon king or whatever) shows up once and feels like its more to remind the audience that the writer didn't forget about him less than it actually ment something. To, summarize the season kinda just dicks around for 21 episodes and hardly progresses anything which sucks because the previous seasons moved just enough to never make it feel too slow but they also never had this snail's pace with small bread crumbs of progression thrown in there occasionally.\n\nCONCLUSION:\nif you really like the last two seasons, you will probably still like this season on a basic level but you should expect some disappointment. The last thing I have to add is that I hope season 4 picks it back up"}],"siteUrl":"https://anilist.co/anime/139092","autoCreateForumThread":false,"modNotes":null,"stats":{"scoreDistribution":[{"score":10,"amount":49},{"score":20,"amount":18},{"score":30,"amount":51},{"score":40,"amount":112},{"score":50,"amount":391},{"score":60,"amount":832},{"score":70,"amount":2676},{"score":80,"amount":4446},{"score":90,"amount":2794},{"score":100,"amount":1498}],"statusDistribution":[{"status":"CURRENT","amount":7075},{"status":"PLANNING","amount":13102},{"status":"COMPLETED","amount":20197},{"status":"DROPPED","amount":745},{"status":"PAUSED","amount":1218}]},"isRecommendationBlocked":false,"recommendations":[{"mediaRecommendation":{"id":111428,"title":{"romaji":"Maou-jou de Oyasumi","english":"Sleepy Princess in the Demon Castle","native":"魔王城でおやすみ","userPreferred":"Maou-jou de Oyasumi"},"type":"ANIME"}},{"mediaRecommendation":{"id":21459,"title":{"romaji":"Boku no Hero Academia","english":"My Hero Academia","native":"僕のヒーローアカデミア","userPreferred":"Boku no Hero Academia"},"type":"ANIME"}},{"mediaRecommendation":{"id":4192,"title":{"romaji":"Hayate no Gotoku!!","english":"Hayate the Combat Butler!!","native":"ハヤテのごとく！！","userPreferred":"Hayate no Gotoku!!"},"type":"ANIME"}},{"mediaRecommendation":{"id":21804,"title":{"romaji":"Saiki Kusuo no Ψ-nan","english":"The Disastrous Life of Saiki K.","native":"斉木楠雄のΨ難","userPreferred":"Saiki Kusuo no Ψ-nan"},"type":"ANIME"}},{"mediaRecommendation":{"id":853,"title":{"romaji":"Ouran Koukou Host Club","english":"Ouran High School Host Club","native":"桜蘭高校ホスト部","userPreferred":"Ouran Koukou Host Club"},"type":"ANIME"}},{"mediaRecommendation":{"id":2026,"title":{"romaji":"Hayate no Gotoku!","english":"Hayate the Combat Butler","native":"ハヤテのごとく！","userPreferred":"Hayate no Gotoku!"},"type":"ANIME"}},{"mediaRecommendation":{"id":130706,"title":{"romaji":"Akuma-kun (ONA)","english":"Akuma Kun","native":"悪魔くん (ONA)","userPreferred":"Akuma-kun (ONA)"},"type":"ANIME"}},{"mediaRecommendation":{"id":166522,"title":{"romaji":"Hime-sama, \"Goumon\" no Jikan desu","english":"'Tis Time for \"Torture,\" Princess","native":"姫様“拷問”の時間です","userPreferred":"Hime-sama, \"Goumon\" no Jikan desu"},"type":"ANIME"}},{"mediaRecommendation":{"id":162002,"title":{"romaji":"Kyuujitsu no Warumono-san","english":"Mr. Villain's Day Off","native":"休日のわるものさん","userPreferred":"Kyuujitsu no Warumono-san"},"type":"ANIME"}}]}