{"id":139820,"idMal":49979,"title":{"romaji":"Akuyaku Reijou nano de Last Boss wo Kattemimashita","english":"I'm the Villainess, So I'm Taming the Final Boss","native":"悪役令嬢なのでラスボスを飼ってみました","userPreferred":"Akuyaku Reijou nano de Last Boss wo Kattemimashita"},"format":"TV","status":"FINISHED","episodes":12,"description":"When Aileen, the Duke’s daughter, regains her memories of her past life, she realizes she’s barreling toward ruin at full speed. Searching for any way out of her hopeless situation, the method she chooses is to capture the heart of the last boss--the Demon Lord Claude!<br>\n<br>\n(Source: Yen Press)","startDate":{"year":2022,"month":9,"day":24},"endDate":{"year":2022,"month":12,"day":10},"season":"FALL","seasonYear":2022,"duration":24,"countryOfOrigin":"JP","isLicensed":true,"source":"LIGHT_NOVEL","hashtag":"#悪ラス","trailer":"https://www.youtube.com/watch?v=graGALFQXrY","updatedAt":1706294683,"coverImage":{"large":"https://s4.anilist.co/file/anilistcdn/media/anime/cover/large/bx139820-T8Nk5dRd3q9L.jpg","medium":"https://s4.anilist.co/file/anilistcdn/media/anime/cover/medium/bx139820-T8Nk5dRd3q9L.jpg","small":"https://s4.anilist.co/file/anilistcdn/media/anime/cover/small/bx139820-T8Nk5dRd3q9L.jpg","color":"#bb43f1"},"bannerImage":"https://s4.anilist.co/file/anilistcdn/media/anime/banner/139820-NovSIITNFXy9.jpg","genres":["Comedy","Fantasy","Romance","Supernatural"],"synonyms":["作为恶役大小姐就该养魔王","悪ラス","AkuLast","AkuRasu"],"averageScore":71,"meanScore":71,"favourites":983,"popularity":39048,"trending":5,"tags":[{"id":857,"name":"Villainess","isMediaSpoiler":false},{"id":1045,"name":"Heterosexual","isMediaSpoiler":false},{"id":53,"name":"Shoujo","isMediaSpoiler":false},{"id":98,"name":"Female Protagonist","isMediaSpoiler":false},{"id":15,"name":"Demons","isMediaSpoiler":false},{"id":243,"name":"Reincarnation","isMediaSpoiler":false},{"id":244,"name":"Isekai","isMediaSpoiler":false},{"id":780,"name":"Ojou-sama","isMediaSpoiler":false},{"id":186,"name":"Crossdressing","isMediaSpoiler":true},{"id":400,"name":"Fairy Tale","isMediaSpoiler":false},{"id":29,"name":"Magic","isMediaSpoiler":false},{"id":1228,"name":"Primarily Teen Cast","isMediaSpoiler":false},{"id":456,"name":"Conspiracy","isMediaSpoiler":false},{"id":46,"name":"School","isMediaSpoiler":false},{"id":489,"name":"Drugs","isMediaSpoiler":true},{"id":433,"name":"Animals","isMediaSpoiler":false},{"id":240,"name":"Amnesia","isMediaSpoiler":true},{"id":43,"name":"Swordplay","isMediaSpoiler":false},{"id":483,"name":"LGBTQ+ Themes","isMediaSpoiler":false},{"id":659,"name":"Medicine","isMediaSpoiler":false},{"id":779,"name":"Kuudere","isMediaSpoiler":false},{"id":224,"name":"Dragons","isMediaSpoiler":false},{"id":171,"name":"Bullying","isMediaSpoiler":false},{"id":104,"name":"Anti-Hero","isMediaSpoiler":false},{"id":123,"name":"Male Harem","isMediaSpoiler":true},{"id":155,"name":"Rape","isMediaSpoiler":true}],"relations":[{"id":108258,"title":{"english":"I'm the Villainess, So I'm Taming the Final Boss","native":"悪役令嬢なのでラスボスを飼ってみました","romaji":"Akuyaku Reijou nano de Last Boss wo Kattemimashita","userPreferred":"Akuyaku Reijou nano de Last Boss wo Kattemimashita"},"type":"MANGA"},{"id":110779,"title":{"english":"I'm the Villainess, So I'm Taming the Final Boss","native":"悪役令嬢なのでラスボスを飼ってみました","romaji":"Akuyaku Reijou nano de Last Boss wo Kattemimashita","userPreferred":"Akuyaku Reijou nano de Last Boss wo Kattemimashita"},"type":"MANGA"},{"id":154955,"title":{"english":null,"native":"悪役令嬢なのでラスボスを飼ってみました ミニ","romaji":"Akuyaku Reijou nano de Last Boss wo Kattemimashita Mini","userPreferred":"Akuyaku Reijou nano de Last Boss wo Kattemimashita Mini"},"type":"ANIME"}],"characters":[{"id":152170,"name":"Aileen Dautriche"},{"id":268052,"name":"Cedric Elmir"},{"id":268053,"name":"Claude Elmir"},{"id":269689,"name":"Keith Eigrid"},{"id":269687,"name":"Belzebuth"},{"id":269688,"name":"Lilia Rainworth"},{"id":283653,"name":"Almond"},{"id":285224,"name":"Isaac Lombard"},{"id":285225,"name":"Jasper Varie"},{"id":285226,"name":"Doni"},{"id":285227,"name":"Ruck"},{"id":285228,"name":"Quartz"},{"id":269682,"name":"James Charles"},{"id":269685,"name":"Auguste Zelm"},{"id":269686,"name":"Walt Lizanis"},{"id":269684,"name":"Kyle Elford"},{"id":269683,"name":"Rachel Danis"},{"id":290007,"name":"Selena Gilbert"},{"id":290408,"name":"Rudolf Dautriche"},{"id":292211,"name":"Eliphas Levi"}],"staff":[{"id":136514,"name":"Mai Murasaki"},{"id":136513,"name":"Sarasa Nagase"},{"id":148694,"name":"Kumiko Habara"},{"id":121054,"name":"Kenta Ihara"},{"id":148298,"name":"Momoko Makiuchi"},{"id":121054,"name":"Kenta Ihara"},{"id":162164,"name":"Yuuko Ooba"},{"id":157169,"name":"Hanae Nakamura"},{"id":174519,"name":"Kanade Sakuma"},{"id":139182,"name":"Eri Kojima"},{"id":205009,"name":"Sayaka Aoki"},{"id":146522,"name":"Miki Sakurai"},{"id":157168,"name":"Natsumi Tabuchi"},{"id":119331,"name":"Rie Takahashi"},{"id":209886,"name":"ACCAMER"},{"id":144358,"name":"Natalie Van Sistine"},{"id":269724,"name":"Noah Whitehead"},{"id":105073,"name":"Emily Neves"},{"id":113057,"name":"Morgan Lauré"},{"id":101729,"name":"Jad Saxton"},{"id":138785,"name":"Macy Anne Johnson"},{"id":269101,"name":"Ian Emerson"},{"id":197594,"name":"André Rinaldi"},{"id":197596,"name":"Bruno  Casemiro"},{"id":203497,"name":"Julio Bernal"}],"studios":[{"id":6288,"name":"Maho Film","isAnimationStudio":true},{"id":143,"name":"Mainichi Broadcasting System","isAnimationStudio":false},{"id":31,"name":"NBCUniversal Entertainment Japan","isAnimationStudio":false},{"id":7166,"name":"NetEase Games","isAnimationStudio":false},{"id":6698,"name":"KADOKAWA","isAnimationStudio":false},{"id":6571,"name":"ADK Marketing Solutions","isAnimationStudio":false},{"id":33,"name":"WOWOW","isAnimationStudio":false},{"id":6259,"name":"TOKYO MX","isAnimationStudio":false},{"id":6621,"name":"Bit Grooove Promotion","isAnimationStudio":false}],"isFavourite":false,"isAdult":false,"isLocked":false,"nextAiringEpisode":null,"airingSchedule":[{"airingAt":1664026200,"timeUntilAiring":-42272771,"episode":1},{"airingAt":1664632800,"timeUntilAiring":-41666171,"episode":2},{"airingAt":1665237600,"timeUntilAiring":-41061371,"episode":3},{"airingAt":1665842400,"timeUntilAiring":-40456571,"episode":4},{"airingAt":1666447200,"timeUntilAiring":-39851771,"episode":5},{"airingAt":1667052000,"timeUntilAiring":-39246971,"episode":6},{"airingAt":1667656800,"timeUntilAiring":-38642171,"episode":7},{"airingAt":1668261600,"timeUntilAiring":-38037371,"episode":8},{"airingAt":1668866400,"timeUntilAiring":-37432571,"episode":9},{"airingAt":1669471200,"timeUntilAiring":-36827771,"episode":10},{"airingAt":1670076000,"timeUntilAiring":-36222971,"episode":11},{"airingAt":1670680800,"timeUntilAiring":-35618171,"episode":12}],"trends":[{"date":1633014000,"trending":115,"popularity":0,"inProgress":null},{"date":1633186800,"trending":31,"popularity":320,"inProgress":6},{"date":1633273200,"trending":18,"popularity":374,"inProgress":7},{"date":1633359600,"trending":10,"popularity":394,"inProgress":6},{"date":1633446000,"trending":9,"popularity":407,"inProgress":6},{"date":1633532400,"trending":4,"popularity":416,"inProgress":6},{"date":1633618800,"trending":3,"popularity":423,"inProgress":6},{"date":1633705200,"trending":4,"popularity":426,"inProgress":6},{"date":1633791600,"trending":11,"popularity":433,"inProgress":6},{"date":1633878000,"trending":2,"popularity":440,"inProgress":6},{"date":1633964400,"trending":2,"popularity":447,"inProgress":7},{"date":1634050800,"trending":4,"popularity":447,"inProgress":7},{"date":1634137200,"trending":5,"popularity":454,"inProgress":7},{"date":1634223600,"trending":2,"popularity":459,"inProgress":7},{"date":1634396400,"trending":2,"popularity":460,"inProgress":7},{"date":1634482800,"trending":1,"popularity":463,"inProgress":7},{"date":1634569200,"trending":2,"popularity":465,"inProgress":7},{"date":1634742000,"trending":5,"popularity":466,"inProgress":7},{"date":1634828400,"trending":3,"popularity":470,"inProgress":7},{"date":1635001200,"trending":2,"popularity":474,"inProgress":7},{"date":1635087600,"trending":1,"popularity":476,"inProgress":7},{"date":1635174000,"trending":1,"popularity":476,"inProgress":7},{"date":1635260400,"trending":2,"popularity":478,"inProgress":7},{"date":1635346800,"trending":2,"popularity":481,"inProgress":7},{"date":1635433200,"trending":3,"popularity":482,"inProgress":7}],"externalLinks":["https://twitter.com/akulas_pr","https://akulas-pr.com/","https://www.crunchyroll.com/series/GG5H5X0JK","https://www.youtube.com/playlist?list=PLxSscENEp7JgAoOZW-Fbm-zIN0cIkNB8Z","https://www.bilibili.tv/en/media/2068864"],"streamingEpisodes":[],"rankings":[{"rank":65,"type":"RATED","context":"highest rated","year":2022,"season":null},{"rank":65,"type":"POPULAR","context":"most popular","year":2022,"season":null},{"rank":15,"type":"RATED","context":"highest rated","year":2022,"season":"SUMMER"},{"rank":18,"type":"POPULAR","context":"most popular","year":2022,"season":"SUMMER"},{"rank":24,"type":"RATED","context":"highest rated","year":2022,"season":"FALL"},{"rank":18,"type":"POPULAR","context":"most popular","year":2022,"season":"FALL"}],"mediaListEntry":null,"reviews":[{"id":19162,"score":80,"summary":"A good entry point to the otome villainess genre. \nFast-paced, but in a good way.","body":"# ~~~ I'm the Villainess, So I'm Taming the Final Boss ~~~\n\nThe Otomoe Villainess genre has been picking up steam lately with multiple series receiving adaptations. \n\nFor those unaware, the genre often features a girl being reincarnated as the villainess of a dating-sim game, often set in a magical medieval world. The protagonist, having knowledge of the game's entire story, must then find a way to prevent her oncoming demise, usually through some sort of romantic endeavor.\n\nYou might already be familiar with [My Next Life as a Villainess: All Routes Lead to Doom!](https://anilist.co/anime/104647/My-Next-Life-as-a-Villainess-All-Routes-Lead-to-Doom/), otherwise known as Hamefura. While that was the first Otome show to really enter the mainstream, as a comedy first and foremost, it's quite different from what this show has to offer.\n\n#~~~Premise~~~\nThis show wastes absolutely no time getting to the action.\n\nOur protagonist is reincarnated as the villainess, Aileen, right as the game reaches its climax. Publicly dumped at a ball by her fiancee Cedric in favor of the game's protagonist Lilia, Aileen realizes that she's speeding towards her demise. \n\nAileen knows that she's destined to her doom at the hands of Claude, the outcast demon prince who's the brother of Cedric. In order to avoid her death, she decides not to prepare for her fight with Claude, but instead to marry him. She also must overcome Cedric and Lilia, who stand to block her at every turn.\n\nClaude, as a half-demon, was outcast from the royal family and now presides over all demons. The lasting effects of a prior demon/human conflict ultimately damaged the relationship between the two, and there's an uneasy peace that permeates throughout.\n\n#~~~Story~~~\n\nThe show splits itself into 3 distinct arcs, with each of them covering the plot different games in the fictional otome series. Each of these arcs could be an entire show in their own right, with their own central conflict and a batch of characters added to the cast. As a result, the story moves at a brisk pace, keeping it fresh and engaging every week. There's not a single filler episode, and there's barely any downtime either.\n\nAt times, the pace can be a little too fast. There's some elements that are handwaved, and quite a few characters remain underdeveloped. For some shows, this could result in something feeling directionless, or having underwhelming climaxes. In this case, it results in an extremely focused story which never strays too far on any tangents. \n\nThis show constantly has a sense of urgency, and Aileen is constantly forced to tackle new scenarios. There's a few twists and turns as the show progresses; however, the brisk pace leaves little room for nuance or anything extremely original. While this could be problematic for other shows, here, the strong cast elevate the otherwise average writing.\n\n#~~~Characters~~~\n\n__Aileen__ is a fantastic protagonist who ultimately turns the series from something average into something special. \n\nHamefura, the otome mentioned earler, struggled a little because its protagonist, Catarina Claes, lost all of her villainess edge post-reincarnation. Of course, as a comedy, it had a different purpose than this show, but knowing her helps viewers appreciate Aileen even more.\n\nCatarina feels like someone overwrote the villainess original personality. In contrast, Aileen truly feels like someone was reincarnated into the  villainess personality. \n\nShe's bold, brash, cunning, and independent. She keeps the sharp edge of a villainess while channeling that energy to help herself and others. Things don't come to her; she goes out an makes things happen herself. Every time she's knocked down, she gets back up and keeps moving forward. She's a protagonist who you can't help but cheer for. On top of that, Aileen is also sensitive, and she shows a cuter side when teased by Claude. \n\n[Rie Takahashi](https://anilist.co/staff/119331/Rie-Takahashi) does a fantastic job in this role, and she truly elevates Aileen to being an amazing protagonist with her exceptional range.\n\n__Claude __ is an interesting main love interest for Aileen. One would expect the final boss of the otome game to be more antagonistic; however, Claude shows kindness to Aileen. He pairs extremely well with her, and is also bold and cunning in his own right. The two have a delightful chemistry and bounce off of each other well. \n\nWithout spoiling, its hard to talk about Cedric and Lilia. [Kana Hanazawa](https://anilist.co/staff/95185/Kana-Hanazawa) does a great job a changing Lilia's personality with the flip of a switch. She goes from cute to evil without hesitation, and this helps make her an antagonist that you'll enjoy disliking.\n\nThe rest of the characters serve their roles well. Although there's not much depth to the supporting cast, this doesn't hurt the story at all. By constantly adding new characters with every arc, the shallowness of the individuals is balanced out just by the sheer volume of the group.\n\n#~~~Art, Sound, Etc.~~~\nThe art of the series isn't anything incredibly special, but it also doesn't get in the way of enjoying the series. It's not a show that you'll remember for having outstanding animation, but it's not a show you'll remember for having awful animation either. The background soundtrack is equally mundane, and there's nothing that gets in the way.\n\nThe OP's visuals are ok and get the job done, but the song stands out as something special.\n\n~~~youtube(https://youtu.be/eWPySWPBOtk)~~~\n\nThe song is sung by Rie Takahashi, but it's not labeled as a character song by Aileen. Sometimes, characters songs can feel off if the seiyuu is forced to sing a style that doesn't match their solo work. The staff producing the song are the same people who work on her solo music, and as a result, the song fits like a glove for her. There's even slight additions to the OP, reflecting each distinct arc of the series. The song feels right in place with her other songs like this one, which might as well be the OP anyways. Rie Takahashi's solo music is absolutely worth checking out if you're a fan of this OP.\n\n~~~youtube(https://youtu.be/8mQ0WYwgpnE)~~~\n\nThe ED, by Nomick, is equally as fantastic and was a great way to cap off each episode.\n\n~~~youtube(https://youtu.be/EAC2kBMAhbw)\n~~~\n#~~~Conclusion~~~\n\nI'm the Villainess, So I'm Taming the Final Boss is an excellent entry point for newcomers to the otome villainess genre. It's a little rough around the edges, but it makes up for that by having a focused plot and very strong main cast. While it's not a show that will go down as one of the greats, it's one that was pretty good all around. If you missed it as it was airing, the brisk pace will make it an easy and enjoyable binge."},{"id":19248,"score":74,"summary":"Poor Imitation or Brilliant Composition? If you are looking for a light but likable series, this is a decent choice!","body":"\"Akuyaku Reijou nano de Last Boss wo Kattemimashita\" [_engl: \"I'm the Villainess, So I'm Taming the Final Boss\"_] is an Isekai Shoujo series by Maho Film studios. It was directed by [Kumiko Habara](https://anilist.co/staff/148694/Kumiko-Habara), who formerly directed the Isekai \"[100-man no Inochi no Ue ni Ore wa Tatteiru](https://anilist.co/anime/116242/100man-no-Inochi-no-Ue-ni-Ore-wa-Tatteiru/)\" and was involved with titles like \"[Fruits Basket](https://anilist.co/anime/120/Fruits-Basket/)\" or \"[Shaman King](https://anilist.co/anime/154/Shaman-King/)\".\n\nThe series aired in October 2022 and adapts the first three volumes of the light novel written by [Sarasa Nagase](https://anilist.co/staff/136513/Sarasa-Nagase) from May 2017 on. The twelve episodes (each ~24 minutes long) distribute equally among the volumes which each contain a closed story arc. This gives the impression of three seasons with each four episodes.\n\n---\n#~~~ __Story Overview__~~~\n---\n\nAs first thing to mention, the title really does a great job in telling you everything relevant to the story: the main character is reborn as antagonist of a dating sim, this means a game based on building romantic relationships with other characters (love interests). She then tries to evade her tragic fate predetermined by the game plot by winning the heart of the end boss.\n\nSince each story arc consists of only four episodes, both the reincarnated main character Aileen and the audience are thrown into action immediately. In front of all the assembled nobles, the crown prince Cedric dumps Aileen and declares his love for Lilia, the protagonist of the game. Aileen then decides to win the heart of Claude, who is not only Cedric's older brother and the vampire-like good-looking lord of all demons, but also kills Aileen in the original game.\n\nWhile Aileen's motives are purely selfish at the start, she soon starts to fall in love with her chosen future husband. Therefore, not only Cedric and his new fiancé Lilia, but also Aileen's own bashfulness get in the way to Claude's heart. Talking about the heart of the demon king: at least in the game it was Lilia's fate to pinch this very heart with the holy sword in order to save humanity.\n\n\n---\n# ~~~__Setting Analysis__~~~\n---\n\n# __Humans and Demons__\n\nAs Claude is the demon lord, naturally the world is inhabitated by demons, as well. In the choice of this setting, _LastBoss_ jumps on the demon-hype-train which seems to be immanent in the Isekai genre (for example in titles like \"[Tensei Shitara Slime Datta Ken](https://anilist.co/anime/101280/Tensei-Shitara-Slime-Datta-Ken/)\", \"[Mushoku Tensei](https://anilist.co/anime/108465/Mushoku-Tensei-Isekai-Ittara-Honki-Dasu/)\", \"[Isekai Maou to Shoukan Shoujo no Dorei Majutsu](https://anilist.co/anime/101004/Isekai-Maou-to-Shoukan-Shoujo-no-Dorei-Majutsu/)\", \"[Kumo desu ga, Nani ka?](https://anilist.co/anime/103632/Kumo-desu-ga-Nani-ka/)\",...). In contrast with the mainstream setup, the situation between demons and humans in _LastBoss_ is mostly peaceful, because there is a non-aggression pact between both races. Yet again, discrimination and even secret violence create some tension. Since Aileen chooses the demon lord to be her future fiancé, the demons are merely displayed as cute animals with special characteristics (as for example talking crows). Thus, demons appear rather weak which perfectly sets the stage for Aileen helping them out using her bright intellect and outgoing personality.\n~~~img520(https://nntheblog.com/wp-content/uploads/2022/10/finalboss5.jpg)~~~\n\n\n# __Reincarnated as a Villainess__\n\nIf the general setting sounds familiar to you, then it is because this series is not really innovative and shares common concepts with other Isekai Shoujos like for example \"[Otome Game no Hametsu Flag shika Nai Akuyaku Reijou ni Tensei shiteshimatta](https://anilist.co/anime/104647/Otome-Game-no-Hametsu-Flag-shika-Nai-Akuyaku-Reijou-ni-Tensei-shiteshimatta/)\" [_\"My Next Life as a Villainess: All Routes Lead to Doom!\", short: Hamefura_], \"[Honzuki no Gekokujou: Shisho ni Naru Tame ni wa Shudan wo Erandeiraremasen](https://anilist.co/anime/108268/Honzuki-no-Gekokujou-Shisho-ni-Naru-Tame-ni-wa-Shudan-wo-Erandeiraremasen/)\" [_\"Ascendance of a Bookworm\", short: Bookworm_], or \"[Otomege Sekai wa Mob ni Kibishii Sekai desu](https://anilist.co/anime/142074/Otomege-Sekai-wa-Mob-ni-Kibishii-Sekai-desu/)\" [_\"Trapped in a Dating Sim: The World of Otome Games Is Tough for Mobs\", short: Mobseka_]. (Seriously, what happened to nice compact titles like \"Bleach\", \"OnePiece\", \"DBZ\" which can be typed in an instant and without actively learning the title by heart?)\n\nJust like in _Hamefura_, the anime protagonist Aileen is reincarnated as the antagonist of a dating sim, replacing a shifty noble girl with an honest-hearted woman. And similarly to Katarina in _Hamefura_, the main motivation after this reincarnation is to evade the events of the game that most certainly lead to her doom. However, the characters of Katarina and Aileen could hardly differ more. Whereas Katarina is oblivious to everything around her and simply does the right moves coincidentally, Aileen uses her wits and outstanding personality. This is truly necessary, as she is thrown directly into the fight without much preparation and has a true antagonist to face.\nFurthermore, both series certainly have a different angle: Whereas _Hamefura_ concentrates on the relationships of the characters with each other and on inscenating Katarina as the queen of involuntary comedy, _LastBoss_ provides a much richer story and actual enemies to face.\n\n\n---\n# ~~~__Character Analysis__~~~\n---\n\n# __Aileen Lauren Dautriche__\nAs described in the last paragraphs, Aileen primarily has her intellect and directness working for her. For example, she has founded several companies for medicine fabrication. After the breakup with Cedric, he steals all these companies abusing loopholes in the contracts. In return, Aileen assigns her loyal employees to craft cosmetics for her newly founded company - the Isekai goto solution for earning money (compare _Bookworm_ or \"[Cheat Kusushi no Slow Life: Isekai ni Tsukurou Drugstore](https://anilist.co/anime/114302/Cheat-Kusushi-no-Slow-Life-Isekai-ni-Tsukurou-Drugstore/)\" [\"Drug Store in Another World - The Slow Life of a Cheat Pharmacist\"]).\n\nA very nice treat of Aileen is her character being composed of many different sides. In the situations in which she has to fight for Claude's attention and love, Aileen is displayed as forceful and direct, especially in the very first episode when she utilizes narcotics and a love potion. Yet again, she becomes timid around Claude whenever he displays his affection for her. Her cross-dressing and duck costumes in the second arc add a very funny side to her, as well. Last, her natural motivation to fight for demons in a bind and those she loves makes Aileen a truly likable person - although she likes to cover this up by playing strong.\n\nIn total, Aileen is a very nicely designed character and a particularly pleasant change to the regularly overpowered isekai protagonists (e.g. in \"[Watashi, Nouryoku wa Heikinchi de tte Itta yo ne!](https://anilist.co/anime/101227/Watashi-Nouryoku-wa-Heikinchi-de-tte-Itta-yo-ne/)\", \"[Isekai Cheat Magician](https://anilist.co/anime/101547/Isekai-Cheat-Magician/)\", \"[Leadale no Daichi nite](https://anilist.co/anime/130166/Leadale-no-Daichi-nite/)\",...). She brings in the necessary seriousness to face her enemies, but also amuses the audience by her bashfulness and weird ideas.\n\n~~~img520(https://i0.wp.com/news.qoo-app.com/en/wp-content/uploads/sites/3/2022/09/akurasu_PV_006.jpg?resize=750%2C422&ssl=1)~~~\n\n# __Claude Jeanne Elmir__\nThe demon lord starts off as very mysterious character. He has been banished from the royal castle by his family in young years because of being half demon and his magic powers. A barrier protects his castle from the human world and vice versa holds his demons inside.\n\nHis all cool appearance changes drastically with Aileen around, varying between the extremes embarrassment and sorrow depending on how her words affect him. As a very nice touch by the producers, his state of mind is directly reflected on the weather. In this fashion, Claude is portrayed as very sensitive and gives rise to several amusing scenes.\n\nAlthough Claude's magical skills seem totally overpowered at first, several weaknesses as for example the power of the sword maiden or demonic powder lead to a good balance.\n\n~!# __Cedric Jeanne Elmir__\nThe prince Cedric is a character that is really hard to grasp, particularly because his angle changes during the series. His outward appearance perfectly matches his pendant Gerald Stewart in _Hamefura_, however he plays the sadistic crown prince much better. The scene of splitting up highly resembles the equivalent situation in _MobSeka_, where neither the prince nor the villainess are reincarnations. However, in _MobSeka_ the prince did not purposely humiliate his former fiancé by inviting her to an engagement party. Furthermore, he acts violent against Aileen, justifying it with yelling: \"She has always belonged to me!\". Lastly, he helped willingly carrying out the intrigues in the first arc. Thus, he and the vicious antagonist version of Aileen would have perfectly fit together, but in the game he is supposed to end up with a pure girl that saves humanity. As this can hardly end up in a healthy relationship, this contrast seems like a logical mistake in the plot to me.\n\n\n# __Lilia Rainworth__\nLilia might be the most notable and confusing person of this series. She is introduced as the docile game protagonist girl who wins the hearts of all men with her cuteness and charme. However, her actions in the first arc are in a total contrast to this: she writes threatening letters to herself and fakes being kidnapped in order to humiliate Aileen and get closer to Claude. Until the end of the second arc, this seemed to me like a very cheap implementation of game elements by the plot editors who wanted to show that the original plot events of the game are determined to happen. After Aileen exposing that Lilia is a reincarnated person, as well, everything makes much more sense.\n\nYet again, apart from this revelation Lilias character is rather boring: she views this world as a game and does not care about the feelings or lives of other characters - which is not innovative, as well (compare _MobSeka_). She is only determined to get her own reverse harem ending and to enjoy the show. However, she plays the role of the villainess much better than Marie Fou Lafuan in _MobSeka_, who has the very same background.!~\n\n\n# __The Grey Matter that does not Matter__\nApart of the two main couples, there are several background characters to support the action and acting as living canvas. However, due to the high pacing of the series there is practically no time for any background information on them. To be honest, out of the five employees of Aileen, I can only remember Isaac whereas the others were completely oblivious to me. Similarly, I am not able to remember the names of the members of the student council in the second arc. A very welcome exception of this is when Belzebuth asked for some tutoring in etiquette.\n\n---\n#~~~ __Art, Music and Synchronization__~~~\n---\n\nConsidering that the story does not require high end animations, the art in LastBoss is acceptable. It definitely cannot keep up with action Isekais (e.g. \"[Seirei Gensouki](https://anilist.co/anime/126546/Seirei-Gensouki/)\" or \"[Sekai Saikou no Ansatsusha, Isekai Kizoku ni Tensei suru](https://anilist.co/anime/129898/Sekai-Saikou-no-Ansatsusha-Isekai-Kizoku-ni-Tensei-suru/)\") and in my opinion even looses to _Hamefura_, but does not bother the viewer either.\n\n~~~youtube(https://www.youtube.com/watch?v=eWPySWPBOtk)~~~\n\nI personally found both opening and particularly the ending need getting used to them. The opening song \"Kyokansarenakutemoiijanai\" by [Rie Takahashi](https://anilist.co/staff/119331/Rie-Takahashi) starts off exaggeratedly happy and with sharp high vocals that made my ears hurt the first times. This gave me the excuse to skip the intro several times, which I often prefer anyways to prevent any visual spoilers. Yet again, the opening also symbolizes Aileen's extroverted and cheerful side. This is particularly well performed by Rie Takahashi as a voice actor during the whole series. She really conveys Aileen' personality and helps her carrying the whole series.\n\n~~~youtube(https://www.youtube.com/watch?v=EAC2kBMAhbw)~~~\n\nThe ending \"Nomick\" by [ACCAMER](https://anilist.co/staff/209886/ACCAMER) purpously features discords that took several rounds for me to grow liking them. The rather dark theme poses a nice contrast to the opening, featuring the very different sides in Aileen's life: the happy love live with Claude and his demons and the fierce attacks plotted by her enemies.\n\nThe most impressing detail is that I noticed the background music at some parts (mainly during the second arc where it appears in each episode), which I normally do never when watching an anime. The musical piece I am referring to has a large resemblence to \"He's a pirat\" by Klaus Badelt from the \"Pirates of the Caribbean\" movies.\n\nConsidering voice acting, [Yuuichirou Umehara](https://anilist.co/staff/118908/Yuuichirou-Umehara) as Claude is worthy being mentioned, as well. He does an extraordinary job, as well, by portraying the bored demon lord who does not care for the world outside his castle at first. When he warms up for Aileen, his tone changes slightly to being mysterious and alluring.\n\n~!Lastly, Kana Hanazawa deserves a lot of praise for her realization of Lilia in the last arc. As mentioned above, Lilia seems a bit odd at first. However, after this is cleared up, she can finally play out the two-faced malicious girl and switch between evil, sarcastically nice, and polite!~\n\n---\n#~~~ __Conclusion__~~~\n---\n\nIn my eyes, _LastBoss_ is best described by the first dish after christmas: when you have lots of different things in your fridge and wildly put them together. As indicated at several points in the analysis, this series is composed of several elements that we already know from other Isekai animes and thus cannot claim the adjective \"innovative\" for itself. In contrast to discussions I read in some blogs, it definitely is not a pure copy of _Hamefura_ which is particularly due to the presence of antagonists and the serious plot.\n\nHowever, all of this is not supposed to indicate that this series was no fun to watch - au contraire! Apart from Claude being a bit overpowered with his magic skills, the powers of humans and demons show a nice balance which sets a perfect stage for the exciting plots. Those are definitely the big positive points of _LastBoss_. In contrast with Katarina from _Hamefura_, Aileen has a much richer personality and does not need to play the same kind of humor over and over again. Still and particularly compared to _Hamefura_, the other characters are much too plain and severely lacking background stories. This is mainly attributable to the constantly high pacing.\n\nIn case you are not bothered by flat characters and if you are a fan of the Isekai Shoujo genre, you will find this show very enjoyable and entertaining, even though it might not be innovative or outstanding in any points. __If you are looking for a light but likable anime series, _LastBoss_ is a decent choice.__"},{"id":19311,"score":80,"summary":"While laden with a fair share of issues due to pacing and the animation budget, it's really an enjoyable series.","body":"I'm honestly surprised that it's taken the anime industry this long to get on board the otome isekai trend, given how many isekai get churned out every year. (It's kind of shocking how this is only the fourth modern isekai series aimed at girls and women to get animated out of those dozens and dozens of series.) And I'm glad the I'm the Villainess So I'm Taming the Final Boss anime exists. I really do enjoy otome isekai, and I love shoujo to death. \n\nHowever, Taming the Final Boss has a lot of issues. It's rushed, has lackluster visuals, and, from what I've heard, is a butchered adaptation when comparing the novels (the series apparently left out a lot of key context). However, that doesn't stop it from being an enjoyable watch. This was the anime I tried to keep up with the most in my failed attempt at watching seasonals. \n\nThe story begins with a young girl who played a lot of otome games in her past life, due illness keeping her from leading a normal life. One day, she awakens as Aileen Lauren d'Autriche, the villainess in her favorite game, just as she's being dumped by her fiancé, the crown prince. However, Aileen dies by the hands of the Claude, the Demon Lord, and the brother of her ex-fiancé. In order to avoid meeting her fate, Aileen decides to seduce the Demon Lord to ensure that he doesn't kill her.\n\nThe story is very rushed and crams a lot of content into just twelve episodes. There are three arcs, and each one is about four episodes each. As a result, I felt like the series was all plot with very little room for anything else. There's so much to be explored with the world and class system. The story that's being told is interesting, and it addresses the possibility of other people being reincarnated. There seems to be a lot going on, but unfortunately none of it is explored. If the series had more episodes or went at a much slower pace, I would have loved it. I already adored the manga, which adapts the first arc in a much less rushed manner.\n\nAs for the characters, Aileen and Claude are fantastic. Aileen is a fantastic protagonist. She's stubborn, strong-willed, and a little obsessive. She's a woman who is empowered in a patriarchal society, despite her intelligence causing others to look down on her. It's cute watching her lose her brave face in her interactions with Claude. Claude on the other hand is used to being shunned, and he's a bit socially awkward around humans. Aileen really makes him feel accepted since she loves even the worst parts of him. They are a really sweet couple, even if the anime removed context about their characters and relationship.\n\nAs for the other characters, I found the antagonists to be much more interesting than the side characters. Lilia and Selena were the easiest for me to understand and see as people. I could understand why they chose the antagonistic paths they did. I found that if one of the side characters who assisted Claude and Aileen to have a personality, that was a major win. I think that has to do with the pacing, since we never get to know the members of this huge cast of characters beyond the most basic of traits.\n\nI like the color pallet of the series, and I love how Aileen looks. Unfortunately, the art and animation is just competent at best. Comparing the art to the manga, let alone the light novels, it just doesn't hold up. It's extremely simplified with little detail. The visuals are far from the best part of the series, since they're nothing to write home about. As for the music, I found the opening theme to be fine. It's super upbeat and fun, but it didn't particularly resonate with my taste in music. As for the ending theme, I actually really liked it. The visuals were super creative and fun to watch.\n\nI know I complained a lot, but I actually really did enjoy the story a lot. The plot was interesting despite being rushed, Aileen was a likeable character, and the romance was done well. It really was an engaging anime, and I really appreciated it. That's why I gave it such a high score, because ultimately, the amount of fun I had watching it was what matters to me. If you're curious about it, it's worth checking out because, while it has a lot of issues, it's ultimately super enjoyable."}],"siteUrl":"https://anilist.co/anime/139820","autoCreateForumThread":false,"modNotes":null,"stats":{"scoreDistribution":[{"score":10,"amount":83},{"score":20,"amount":74},{"score":30,"amount":191},{"score":40,"amount":424},{"score":50,"amount":1006},{"score":60,"amount":2044},{"score":70,"amount":4266},{"score":80,"amount":3375},{"score":90,"amount":1890},{"score":100,"amount":1043}],"statusDistribution":[{"status":"CURRENT","amount":4947},{"status":"PLANNING","amount":9803},{"status":"COMPLETED","amount":20489},{"status":"DROPPED","amount":2590},{"status":"PAUSED","amount":1219}]},"isRecommendationBlocked":false,"recommendations":[{"mediaRecommendation":{"id":104647,"title":{"romaji":"Otome Game no Hametsu Flag shika Nai Akuyaku Reijou ni Tensei shiteshimatta…","english":"My Next Life as a Villainess: All Routes Lead to Doom!","native":"乙女ゲームの破滅フラグしかない悪役令嬢に転生してしまった…","userPreferred":"Otome Game no Hametsu Flag shika Nai Akuyaku Reijou ni Tensei shiteshimatta…"},"type":"ANIME"}},{"mediaRecommendation":{"id":142074,"title":{"romaji":"Otomege Sekai wa Mob ni Kibishii Sekai desu","english":"Trapped in a Dating Sim: The World of Otome Games Is Tough for Mobs","native":"乙女ゲー世界はモブに厳しい世界です","userPreferred":"Otomege Sekai wa Mob ni Kibishii Sekai desu"},"type":"ANIME"}},{"mediaRecommendation":{"id":108268,"title":{"romaji":"Honzuki no Gekokujou: Shisho ni Naru Tame ni wa Shudan wo Erandeiraremasen","english":"Ascendance of a Bookworm","native":"本好きの下剋上 司書になるためには手段を選んでいられません","userPreferred":"Honzuki no Gekokujou: Shisho ni Naru Tame ni wa Shudan wo Erandeiraremasen"},"type":"ANIME"}},{"mediaRecommendation":{"id":123802,"title":{"romaji":"Seijo no Maryoku wa Bannou desu","english":"The Saint's Magic Power is Omnipotent","native":"聖女の魔力は万能です","userPreferred":"Seijo no Maryoku wa Bannou desu"},"type":"ANIME"}},{"mediaRecommendation":{"id":21058,"title":{"romaji":"Akagami no Shirayuki-hime","english":"Snow White with the Red Hair","native":"赤髪の白雪姫","userPreferred":"Akagami no Shirayuki-hime"},"type":"ANIME"}},{"mediaRecommendation":{"id":107693,"title":{"romaji":"Mairimashita! Iruma-kun","english":"Welcome to Demon School! Iruma-kun","native":"魔入りました！入間くん","userPreferred":"Mairimashita! Iruma-kun"},"type":"ANIME"}},{"mediaRecommendation":{"id":101280,"title":{"romaji":"Tensei Shitara Slime Datta Ken","english":"That Time I Got Reincarnated as a Slime","native":"転生したらスライムだった件","userPreferred":"Tensei Shitara Slime Datta Ken"},"type":"ANIME"}},{"mediaRecommendation":{"id":120209,"title":{"romaji":"Otome Game no Hametsu Flag shika Nai Akuyaku Reijou ni Tensei shiteshimatta… X","english":"My Next Life as a Villainess: All Routes Lead to Doom! X","native":"乙女ゲームの破滅フラグしかない悪役令嬢に転生してしまった…Ｘ","userPreferred":"Otome Game no Hametsu Flag shika Nai Akuyaku Reijou ni Tensei shiteshimatta… X"},"type":"ANIME"}},{"mediaRecommendation":{"id":136707,"title":{"romaji":"Isekai Yakkyoku","english":"Parallel World Pharmacy","native":"異世界薬局","userPreferred":"Isekai Yakkyoku"},"type":"ANIME"}},{"mediaRecommendation":{"id":114340,"title":{"romaji":"Kuma Kuma Kuma Bear","english":"Kuma Kuma Kuma Bear","native":"くまクマ熊ベアー","userPreferred":"Kuma Kuma Kuma Bear"},"type":"ANIME"}},{"mediaRecommendation":{"id":112608,"title":{"romaji":"Slime Taoshite 300-nen, Shiranai Uchi ni Level MAX ni Nattemashita","english":"I've Been Killing Slimes for 300 Years and Maxed Out My Level","native":"スライム倒して300年、知らないうちにレベルMAXになってました","userPreferred":"Slime Taoshite 300-nen, Shiranai Uchi ni Level MAX ni Nattemashita"},"type":"ANIME"}},{"mediaRecommendation":{"id":107871,"title":{"romaji":"Princess Connect! Re:Dive","english":"Princess Connect! Re:Dive","native":"プリンセスコネクト！Re:Dive","userPreferred":"Princess Connect! Re:Dive"},"type":"ANIME"}},{"mediaRecommendation":{"id":144533,"title":{"romaji":"Mushikaburi-hime","english":"Bibliophile Princess","native":"虫かぶり姫","userPreferred":"Mushikaburi-hime"},"type":"ANIME"}},{"mediaRecommendation":{"id":97909,"title":{"romaji":"Kenka Banchou Otome: Girl Beats Boys","english":"Kenka Bancho Otome -Girl Beats Boys-","native":"喧嘩番長 乙女-Girl Beats Boys-","userPreferred":"Kenka Banchou Otome: Girl Beats Boys"},"type":"ANIME"}},{"mediaRecommendation":{"id":853,"title":{"romaji":"Ouran Koukou Host Club","english":"Ouran High School Host Club","native":"桜蘭高校ホスト部","userPreferred":"Ouran Koukou Host Club"},"type":"ANIME"}},{"mediaRecommendation":{"id":153930,"title":{"romaji":"Romantic Killer","english":"Romantic Killer","native":"ロマンティック・キラー","userPreferred":"Romantic Killer"},"type":"ANIME"}},{"mediaRecommendation":{"id":4722,"title":{"romaji":"Skip Beat!","english":"Skip Beat!","native":"スキップ・ビート！","userPreferred":"Skip Beat!"},"type":"ANIME"}},{"mediaRecommendation":{"id":99578,"title":{"romaji":"Wotaku ni Koi wa Muzukashii","english":"Wotakoi: Love is Hard for Otaku","native":"ヲタクに恋は難しい","userPreferred":"Wotaku ni Koi wa Muzukashii"},"type":"ANIME"}},{"mediaRecommendation":{"id":2104,"title":{"romaji":"Seto no Hanayome","english":"My Bride is a Mermaid","native":"瀬戸の花嫁","userPreferred":"Seto no Hanayome"},"type":"ANIME"}},{"mediaRecommendation":{"id":249,"title":{"romaji":"Inuyasha","english":"InuYasha","native":"犬夜叉","userPreferred":"Inuyasha"},"type":"ANIME"}},{"mediaRecommendation":{"id":111428,"title":{"romaji":"Maou-jou de Oyasumi","english":"Sleepy Princess in the Demon Castle","native":"魔王城でおやすみ","userPreferred":"Maou-jou de Oyasumi"},"type":"ANIME"}},{"mediaRecommendation":{"id":123,"title":{"romaji":"Fushigi Yuugi","english":"Fushigi Yugi: The Mysterious Play","native":"ふしぎ遊戯","userPreferred":"Fushigi Yuugi"},"type":"ANIME"}},{"mediaRecommendation":{"id":153629,"title":{"romaji":"Tensei Oujo to Tensai Reijou no Mahou Kakumei","english":"The Magical Revolution of the Reincarnated Princess and the Genius Young Lady","native":"転生王女と天才令嬢の魔法革命","userPreferred":"Tensei Oujo to Tensai Reijou no Mahou Kakumei"},"type":"ANIME"}},{"mediaRecommendation":{"id":143064,"title":{"romaji":"Tsundere Akuyaku Reijou Liselotte to Jikkyou no Endou-kun to Kaisetsu no Kobayashi-san","english":"Endo and Kobayashi Live! The Latest on Tsundere Villainess Lieselotte","native":"ツンデレ悪役令嬢リーゼロッテと実況の遠藤くんと解説の小林さん","userPreferred":"Tsundere Akuyaku Reijou Liselotte to Jikkyou no Endou-kun to Kaisetsu no Kobayashi-san"},"type":"ANIME"}},{"mediaRecommendation":{"id":139821,"title":{"romaji":"Sugar Apple Fairy Tale","english":"Sugar Apple Fairy Tale","native":"シュガーアップル・フェアリーテイル","userPreferred":"Sugar Apple Fairy Tale"},"type":"ANIME"}}]}