{"id":140787,"idMal":50193,"title":{"romaji":"Motto! Majime ni Fumajime Kaiketsu Zorori 3rd Season","english":null,"native":"もっと！まじめにふまじめ かいけつゾロリ 第3シリーズ","userPreferred":"Motto! Majime ni Fumajime Kaiketsu Zorori 3rd Season"},"format":"TV","status":"FINISHED","episodes":25,"description":"The third season of <i>Motto! Majime ni Fumajime Kaiketsu Zorori</i>.","startDate":{"year":2022,"month":4,"day":6},"endDate":{"year":2022,"month":9,"day":21},"season":"SPRING","seasonYear":2022,"duration":24,"countryOfOrigin":"JP","isLicensed":true,"source":"OTHER","hashtag":"#アニゾロ","trailer":null,"updatedAt":1705705758,"coverImage":{"large":"https://s4.anilist.co/file/anilistcdn/media/anime/cover/large/bx140787-ygVbscwAgJbZ.jpg","medium":"https://s4.anilist.co/file/anilistcdn/media/anime/cover/medium/bx140787-ygVbscwAgJbZ.jpg","small":"https://s4.anilist.co/file/anilistcdn/media/anime/cover/small/bx140787-ygVbscwAgJbZ.jpg","color":"#e4865d"},"bannerImage":null,"genres":["Adventure","Comedy"],"synonyms":null,"averageScore":null,"meanScore":57,"favourites":0,"popularity":238,"trending":0,"tags":[{"id":433,"name":"Animals","isMediaSpoiler":false},{"id":28,"name":"Kids","isMediaSpoiler":false},{"id":494,"name":"Twins","isMediaSpoiler":false}],"relations":[{"id":126835,"title":{"english":null,"native":"もっと! まじめにふまじめ かいけつゾロリ 第2シリーズ","romaji":"Motto! Majime ni Fumajime Kaiketsu Zorori 2nd Season","userPreferred":"Motto! Majime ni Fumajime Kaiketsu Zorori 2nd Season"},"type":"ANIME"}],"characters":[{"id":20897,"name":"Zorori"},{"id":175719,"name":"Noshishi"},{"id":175718,"name":"Ishishi"},{"id":175724,"name":"Bururu"},{"id":175721,"name":"Koburu"},{"id":265067,"name":"Mira"},{"id":265066,"name":"Beat"},{"id":265070,"name":"Nelly"},{"id":265069,"name":"Rudoji"},{"id":265071,"name":"Rose"},{"id":265072,"name":"Tiger"},{"id":175730,"name":"Youkai Gakkou no Sensei"},{"id":175731,"name":"Zororiita"}],"staff":[{"id":164165,"name":"Yutaka Hara"},{"id":155026,"name":"Takahide Ogata"},{"id":101055,"name":"Kouhei Tanaka"},{"id":164166,"name":"Hideyuki Funakoshi"},{"id":109339,"name":"Atsuhiro Tomioka"},{"id":258839,"name":"Aiko Yamaguchi"},{"id":258839,"name":"Aiko Yamaguchi"}],"studios":[{"id":6116,"name":"Bandai Namco Pictures","isAnimationStudio":true},{"id":30,"name":"Ajiado","isAnimationStudio":true}],"isFavourite":false,"isAdult":false,"isLocked":false,"nextAiringEpisode":null,"airingSchedule":[{"airingAt":1649239200,"timeUntilAiring":-57059522,"episode":1},{"airingAt":1649844000,"timeUntilAiring":-56454722,"episode":2},{"airingAt":1650448800,"timeUntilAiring":-55849922,"episode":3},{"airingAt":1651053600,"timeUntilAiring":-55245122,"episode":4},{"airingAt":1651658400,"timeUntilAiring":-54640322,"episode":5},{"airingAt":1652263200,"timeUntilAiring":-54035522,"episode":6},{"airingAt":1652868000,"timeUntilAiring":-53430722,"episode":7},{"airingAt":1653472800,"timeUntilAiring":-52825922,"episode":8},{"airingAt":1654077600,"timeUntilAiring":-52221122,"episode":9},{"airingAt":1654682400,"timeUntilAiring":-51616322,"episode":10},{"airingAt":1655287200,"timeUntilAiring":-51011522,"episode":11},{"airingAt":1655892000,"timeUntilAiring":-50406722,"episode":12},{"airingAt":1656496800,"timeUntilAiring":-49801922,"episode":13},{"airingAt":1657101600,"timeUntilAiring":-49197122,"episode":14},{"airingAt":1657706400,"timeUntilAiring":-48592322,"episode":15},{"airingAt":1658311200,"timeUntilAiring":-47987522,"episode":16},{"airingAt":1658916000,"timeUntilAiring":-47382722,"episode":17},{"airingAt":1659520800,"timeUntilAiring":-46777922,"episode":18},{"airingAt":1660125600,"timeUntilAiring":-46173122,"episode":19},{"airingAt":1660730400,"timeUntilAiring":-45568322,"episode":20},{"airingAt":1661335200,"timeUntilAiring":-44963522,"episode":21},{"airingAt":1661940000,"timeUntilAiring":-44358722,"episode":22},{"airingAt":1662544800,"timeUntilAiring":-43753922,"episode":23},{"airingAt":1663149600,"timeUntilAiring":-43149122,"episode":24},{"airingAt":1663754400,"timeUntilAiring":-42544322,"episode":25}],"trends":[{"date":1635260400,"trending":3,"popularity":0,"inProgress":null},{"date":1635346800,"trending":1,"popularity":1,"inProgress":null},{"date":1635433200,"trending":1,"popularity":5,"inProgress":null},{"date":1635519600,"trending":1,"popularity":6,"inProgress":null},{"date":1635606000,"trending":1,"popularity":7,"inProgress":null},{"date":1635865200,"trending":1,"popularity":8,"inProgress":null},{"date":1639580400,"trending":1,"popularity":10,"inProgress":null},{"date":1639666800,"trending":2,"popularity":11,"inProgress":null},{"date":1640012400,"trending":1,"popularity":13,"inProgress":null},{"date":1640098800,"trending":1,"popularity":14,"inProgress":null},{"date":1640358000,"trending":1,"popularity":17,"inProgress":1},{"date":1640703600,"trending":2,"popularity":19,"inProgress":2},{"date":1640790000,"trending":1,"popularity":20,"inProgress":2},{"date":1640876400,"trending":4,"popularity":20,"inProgress":2},{"date":1640962800,"trending":1,"popularity":23,"inProgress":2},{"date":1641049200,"trending":1,"popularity":26,"inProgress":3},{"date":1641308400,"trending":1,"popularity":27,"inProgress":3},{"date":1641394800,"trending":1,"popularity":29,"inProgress":3},{"date":1641481200,"trending":2,"popularity":30,"inProgress":3},{"date":1641654000,"trending":1,"popularity":32,"inProgress":3},{"date":1642172400,"trending":1,"popularity":32,"inProgress":3},{"date":1642258800,"trending":2,"popularity":33,"inProgress":3},{"date":1642431600,"trending":1,"popularity":34,"inProgress":3},{"date":1642604400,"trending":1,"popularity":35,"inProgress":3},{"date":1642690800,"trending":1,"popularity":36,"inProgress":3}],"externalLinks":["http://www.zorori.jp/","https://twitter.com/zororizz"],"streamingEpisodes":[],"rankings":[],"mediaListEntry":null,"reviews":null,"siteUrl":"https://anilist.co/anime/140787","autoCreateForumThread":false,"modNotes":null,"stats":{"scoreDistribution":[{"score":10,"amount":2},{"score":20,"amount":1},{"score":40,"amount":4},{"score":50,"amount":1},{"score":60,"amount":4},{"score":70,"amount":2},{"score":90,"amount":1},{"score":100,"amount":4}],"statusDistribution":[{"status":"CURRENT","amount":35},{"status":"PLANNING","amount":123},{"status":"COMPLETED","amount":25},{"status":"DROPPED","amount":42},{"status":"PAUSED","amount":13}]},"isRecommendationBlocked":false,"recommendations":[]}