{"id":141949,"idMal":50425,"title":{"romaji":"Fuufu Ijou, Koibito Miman.","english":"More than a Married Couple, but Not Lovers.","native":"夫婦以上、恋人未満。","userPreferred":"Fuufu Ijou, Koibito Miman."},"format":"TV","status":"FINISHED","episodes":12,"description":"Third-year high school student Jirou Yakuin hoped to partner with Shiori Sakurazaka of the same class in the mandatory \"Couple Practical\" course. In this practical, students must demonstrate that they have the necessary skillset to live with a partner of the opposite sex while presenting a certain level of harmony to the video surveillance that grades them.<br>\n<br>\nUnfortunately, random chance put his slightly subdued self into the practical with the person polar opposite to him, the gyaru Akari Watanabe. Akari on the other hand hoped to be paired with her crush Minami Tenjin.<br>\n<br>\nTheir hopes are doubly dashed when they find out that Shiori and Minami are assigned together. Thus, they reluctantly decide to cooperate to reach the top ten, which would give them the right to exchange partners if both couples agree. To that end, Jirou steals Akari's first kiss without realizing what he'd done, while giving a hurried good-bye kiss...","startDate":{"year":2022,"month":10,"day":9},"endDate":{"year":2022,"month":12,"day":25},"season":"FALL","seasonYear":2022,"duration":24,"countryOfOrigin":"JP","isLicensed":true,"source":"MANGA","hashtag":"#ふうこいアニメ","trailer":"https://www.youtube.com/watch?v=2gHhxAksU9E","updatedAt":1706296478,"coverImage":{"large":"https://s4.anilist.co/file/anilistcdn/media/anime/cover/large/bx141949-tViCIRHPZAyG.jpg","medium":"https://s4.anilist.co/file/anilistcdn/media/anime/cover/medium/bx141949-tViCIRHPZAyG.jpg","small":"https://s4.anilist.co/file/anilistcdn/media/anime/cover/small/bx141949-tViCIRHPZAyG.jpg","color":"#d6e45d"},"bannerImage":"https://s4.anilist.co/file/anilistcdn/media/anime/banner/141949-37BoBF129jLT.jpg","genres":["Comedy","Drama","Ecchi","Romance"],"synonyms":["More than a Couple, Less than Lovers.","แผนสมรสไม่สมเลิฟ","Presque mariés, loin d'être amoureux.","Больше чем пара, меньше чем любовники","Fuukoi","ふうこい"],"averageScore":75,"meanScore":75,"favourites":2919,"popularity":72601,"trending":2,"tags":[{"id":1045,"name":"Heterosexual","isMediaSpoiler":false},{"id":139,"name":"Love Triangle","isMediaSpoiler":false},{"id":164,"name":"Tsundere","isMediaSpoiler":false},{"id":82,"name":"Male Protagonist","isMediaSpoiler":true},{"id":356,"name":"Gyaru","isMediaSpoiler":false},{"id":23,"name":"Female Harem","isMediaSpoiler":false},{"id":87,"name":"Family Life","isMediaSpoiler":true},{"id":1228,"name":"Primarily Teen Cast","isMediaSpoiler":false},{"id":46,"name":"School","isMediaSpoiler":false},{"id":56,"name":"Shounen","isMediaSpoiler":false},{"id":779,"name":"Kuudere","isMediaSpoiler":true},{"id":97,"name":"Otaku Culture","isMediaSpoiler":true},{"id":931,"name":"Tomboy","isMediaSpoiler":true},{"id":102,"name":"Coming of Age","isMediaSpoiler":false},{"id":631,"name":"Feet","isMediaSpoiler":false},{"id":264,"name":"Athletics","isMediaSpoiler":true},{"id":483,"name":"LGBTQ+ Themes","isMediaSpoiler":false},{"id":156,"name":"Achronological Order","isMediaSpoiler":false}],"relations":[{"id":105011,"title":{"english":"More Than a Married Couple, but Not Lovers.","native":"夫婦以上、恋人未満。","romaji":"Fuufu Ijou, Koibito Miman.","userPreferred":"Fuufu Ijou, Koibito Miman."},"type":"MANGA"}],"characters":[{"id":191672,"name":"Akari Watanabe"},{"id":191673,"name":"Jirou Yakuin"},{"id":273105,"name":"Shiori Sakurazaka"},{"id":273110,"name":"Minami Tenjin"},{"id":273109,"name":"Sadaharu Kamo"},{"id":286617,"name":"Sachi Takamiya"},{"id":286618,"name":"Natsumi Oohashi"},{"id":286619,"name":"Mei Hamano"},{"id":286620,"name":"Shuu Terafune"}],"staff":[{"id":128642,"name":"Yuki Kanamaru"},{"id":103219,"name":"Takao Kato"},{"id":146074,"name":"Chizuru Kobayashi"},{"id":109439,"name":"Naruhisa Arakawa"},{"id":189887,"name":"Akira Nagasaka"},{"id":105540,"name":"Junichi Yamamoto"},{"id":218393,"name":"Naoko Akusawa"},{"id":165692,"name":"Ichirou Chaen"},{"id":272992,"name":"Misato Takahata"},{"id":150579,"name":"Liyuu"},{"id":284074,"name":"Nowlu"},{"id":132891,"name":"Takayuki Yamaguchi"},{"id":153552,"name":"Yuri Habuka"},{"id":262663,"name":"Jason Lord"},{"id":105073,"name":"Emily Neves"},{"id":274994,"name":"John Van Doren"},{"id":114283,"name":"Aaron Roberts"},{"id":269724,"name":"Noah Whitehead"},{"id":138785,"name":"Macy Anne Johnson"},{"id":197179,"name":"Mayara Stefane"},{"id":290677,"name":"Elizabeth Hernández"},{"id":290678,"name":"Julio Gómez"},{"id":163420,"name":"Yui Andou"},{"id":188039,"name":"Nagisa Asakura"},{"id":187496,"name":"Tomohiro Matsuda"}],"studios":[{"id":6698,"name":"KADOKAWA","isAnimationStudio":false},{"id":6638,"name":"studio MOTHER","isAnimationStudio":true},{"id":238,"name":"AT-X","isAnimationStudio":false},{"id":7138,"name":"Bandai Namco Music Live","isAnimationStudio":false},{"id":7130,"name":"Sun Television","isAnimationStudio":false},{"id":460,"name":"KLOCKWORX","isAnimationStudio":false},{"id":6995,"name":"Exa International","isAnimationStudio":false}],"isFavourite":false,"isAdult":false,"isLocked":false,"nextAiringEpisode":null,"airingSchedule":[{"airingAt":1665320400,"timeUntilAiring":-40978581,"episode":1},{"airingAt":1665925200,"timeUntilAiring":-40373781,"episode":2},{"airingAt":1666530000,"timeUntilAiring":-39768981,"episode":3},{"airingAt":1667134800,"timeUntilAiring":-39164181,"episode":4},{"airingAt":1667739600,"timeUntilAiring":-38559381,"episode":5},{"airingAt":1668344400,"timeUntilAiring":-37954581,"episode":6},{"airingAt":1668949200,"timeUntilAiring":-37349781,"episode":7},{"airingAt":1669554000,"timeUntilAiring":-36744981,"episode":8},{"airingAt":1670158800,"timeUntilAiring":-36140181,"episode":9},{"airingAt":1670763600,"timeUntilAiring":-35535381,"episode":10},{"airingAt":1671368400,"timeUntilAiring":-34930581,"episode":11},{"airingAt":1671973200,"timeUntilAiring":-34325781,"episode":12}],"trends":[{"date":1637506800,"trending":398,"popularity":79,"inProgress":null},{"date":1637593200,"trending":587,"popularity":79,"inProgress":null},{"date":1637679600,"trending":112,"popularity":1014,"inProgress":9},{"date":1637766000,"trending":58,"popularity":1155,"inProgress":14},{"date":1637852400,"trending":47,"popularity":1217,"inProgress":14},{"date":1637938800,"trending":36,"popularity":1274,"inProgress":14},{"date":1638025200,"trending":27,"popularity":1310,"inProgress":14},{"date":1638111600,"trending":20,"popularity":1342,"inProgress":15},{"date":1638198000,"trending":18,"popularity":1372,"inProgress":17},{"date":1638284400,"trending":13,"popularity":1393,"inProgress":17},{"date":1638370800,"trending":28,"popularity":1409,"inProgress":18},{"date":1638457200,"trending":15,"popularity":1431,"inProgress":18},{"date":1638543600,"trending":8,"popularity":1447,"inProgress":18},{"date":1638630000,"trending":3,"popularity":1460,"inProgress":18},{"date":1638716400,"trending":9,"popularity":1466,"inProgress":18},{"date":1638802800,"trending":10,"popularity":1476,"inProgress":18},{"date":1638889200,"trending":5,"popularity":1487,"inProgress":19},{"date":1638975600,"trending":6,"popularity":1494,"inProgress":19},{"date":1639062000,"trending":4,"popularity":1499,"inProgress":19},{"date":1639148400,"trending":2,"popularity":1506,"inProgress":19},{"date":1639234800,"trending":7,"popularity":1513,"inProgress":20},{"date":1639321200,"trending":11,"popularity":1523,"inProgress":21},{"date":1639407600,"trending":8,"popularity":1534,"inProgress":21},{"date":1639494000,"trending":9,"popularity":1544,"inProgress":21},{"date":1639580400,"trending":13,"popularity":1553,"inProgress":21}],"externalLinks":["https://fuukoi-anime.com/","https://twitter.com/fuukoi_anime","https://www.youtube.com/playlist?list=PLxSscENEp7Jjat3PagSY2J_Z2QvqQBANH","https://www.bilibili.tv/en/media/2070026","https://www.crunchyroll.com/series/GJ0H7Q5N3"],"streamingEpisodes":[],"rankings":[{"rank":44,"type":"RATED","context":"highest rated","year":2022,"season":null},{"rank":29,"type":"POPULAR","context":"most popular","year":2022,"season":null},{"rank":16,"type":"RATED","context":"highest rated","year":2022,"season":"FALL"},{"rank":9,"type":"POPULAR","context":"most popular","year":2022,"season":"FALL"}],"mediaListEntry":{"id":311300742,"status":"CURRENT"},"reviews":[{"id":19360,"score":35,"summary":"A Premise That Felt Extremely Underused","body":"I am minimally curious about how enjoyable this “marriage practical” thing would be if it actually was a real thing in real life. Things would be spicy in school, the tea would be spilling nonstop, and it would genuinely be really entertaining to watch the gong show unfold. Sadly, in this anime, this “spicy” premise of the marriage practical felt merely like a farce, and didn’t contribute much to the story other than the first few episodes. After that, it turned into a very generic romcom, but so, so frustrating to watch. Time after time I find myself pausing the episode just to facepalm and groan at how stupid it all felt. At least the bright colour palette looks good, just don’t watch it in a dark room unless you want to ruin your eyes.\n\nSTORY:\n\nThe premise of the marriage practical felt very dumb for a school to do, but the fact the show didn’t even use that premise a whole lot after the first few episodes really irked me. In a nutshell, high school students are paired up with people of the opposite gender and must live together and live as pretend married couple, getting monitored and graded in the process. It’s quite immoral, the fact that you’re getting monitored in your own house by your own school, while they expect the groups to do “married couple” things. The romcom elements feel like Toradora to some extent, as the two main characters Jirou and Akari like other people at the outset, but grow closer as the show goes along. Such an original show this is, but just to be even more tropey, let’s throw in a childhood friend trope as well.\n\nIt’s quite frustrating watching this show, because nothing notable happens for most of it other than random ecchi scenes, and whenever there’s a chance to make things a bit spicier, it just doesn’t happen most of the time. It’s simply a show built on ecchi scenes and misunderstandings.\n\nART:\n\nIt does look good, with the bright colours, and the animation is definitely the highlight of the show, though it’s a bit too bright sometimes, so make sure you watch the show in a well-lit room or only during daytime.\n\nMUSIC:\n\nThe ED was very good, otherwise, not much notable music to note here.\n\nCHARACTERS:\n\nThe characters are one of the most generic cast ever, and honestly, the side characters were more entertaining. Jirou is such a boring character, your typical protagonist who daydreams about romantic situations, but when there is one in front of him, he turns into a tomato and grows weak in the knees. Akari has some good moments, when she’s a bit more vulnerable around Jirou especially, though her initial first impression for the viewer leaves her looking like a very annoying and arrogant character, and she becomes more and more generic as we went along. Shiori is your typical shy childhood friend character, and I guess I just have a soft spot for childhood friends, since I always root for them to some extent, but she made it quite hard to cheer for her with how inconsistent her character was. Sometimes she’s indecisive, and sometimes she’s so bold.\n\nAs for the good characters, only Sadaharu comes to mind. He carries the comedy aspects of the show, and honestly carries the show on his back. All his moments are so out of place, but I laugh anyways.\n\nENJOYMENT:\n\nI constantly paused the episodes to facepalm and sigh, so you can get a sense of how frustrating this was for me.\n\nTHEMATIC EXECUTION:\n\nWith some good background shots, any big moment in the show is executed effectively, but those felt so far and between. As for how the whole marriage practical is concerned, it was very disappointing to see how that whole theme became obsolete as the show went along.\n\nOVERALL:\n\nJust your typical trashy romcom hijinks, that could have been much more. The relationships could have been more interesting, the drama could have been way spicier, and the characters felt so flat throughout the show. The premise just felt like a huge mask behind what was just a generic romcom. There was a lot more they could have done with this premise, so it definitely was disappointing to me."},{"id":19364,"score":87,"summary":"Sugar, Spice, and Everything Nice!","body":"Koi to Uso in Toradora fashion? Heck, I’m in!\n\nI couldn’t believe how I fell in love with this show.\n\nSince the last movie of Karakai Jouzo no Takagi-san, I was yearning for another cute romance to watch. I accidentally stumbled in this show and it is the best accident I’ve ever had. I was not expecting grand will happen since I thought that it would be just another romance like Sono Bisque and Shikimori-san. This show is very sweet and cute to watch. It made me felt on why I fell in love with romance animes from the start.\n\nThe story is what I’m not expecting it to be. I didn’t watch the trailer or read the synopsis. But I got a glimpse of an idea of a setting that would be focused on marriage. Heck, it’s about marriage but in a practical course. It’s a nice setting because it can be necessary for the students in high school years on how will they behave in case they would be married in the future. Koi to Uso was like a fixed marriage so it’s a different story. What I like about the story is the alliance moment between the two characters. Jiro wants to be partnered with Shiori, while Akari wanted to be partnered with Minami. So they made a goal to reach for the top 10 to switch their partners but through the course of the series, one of them might get fall in love. It made me remember Toradora, which is one of my favorite romances animes. \n\nThe good thing is, there’s no such thing as NTR here. Each episode and moments are funny and entertaining. The comedy in this show made me giggle every time. Sadaharu can be somewhat similar to Sunohara in Clannad. The romance in this show can make you thrilled and feel the fluffiness of what romance had in the first place. Every episode is so good that it can leave you wanting more. The ecchi is somewhat great but it is not the main selling point of the show. It didn’t bother me that much because Akari is a gyaru but a good character. It’s inevitable to have ecchi moments in romance animes and it can be entertaining. I thought if Sono Bisque was just like this and more focused on the romance and its message, it could be one of my favorite romcoms. The funny part of that moment is they are both shows from the Seinen demographic. You can see obviously that Sono Bisque is somewhat a wasted potential due to the excessive ecchi moments and a misleading interpretation of romance.\n\nI love all the characters in this show. It’s not going to have you screaming at the characters, but it will have you rooting for them. This is the first time that I like a gyaru female lead like Akari and she made me understand her emotions throughout the story. She is so beautiful, alongside Marin and Shikimori. The Character Development of Akari warms my heart, I used to dislike this girl at first but after watching the episodes of this show, I concluded that I love her Personality and Character Development the most. Shiori's Character Development is not that well developed from what I can see, but we all know how much development she has it will never lead to a happy ending for her. Childhood friends mostly never win and that's a fact. Unless the author will do something that makes us in awe. The character development of Jiro is great too but he can be dense at all times. It’s not bad because most people aren’t psychics, to begin with. The other characters are so lively and full of energy. They are well-presented and fun to hang out with. Jiro and Akari have chemistry as a couple. I want him to root for both of them but Shiori is sometimes annoying. But that something happens when you low-key reject the person that likes you. You’re too late to realize your feelings for him/her.\n\nI fell in love with the art style and animation. It seems Blue and Pink are the main colors of this show. The color palettes are so beautiful and eye candy to watch. The animation is good as expected from other romance animes. Akari keeps on becoming hotter throughout the series and it’s a good thing. Every detail in the background scenes is very capturing to the eyes.\n\nGosh, the sounds. I didn’t like the OP and ED that much, but the soundtrack is beautiful and warms my heart. It made me remember the soundtrack of 5-toubun no Hanayome. The music is suitable for every moment in this show. It can make you feel the romantic vibe that this show has to offer. Forgettable? I think not. The best? One of the music that’s pleasing to the ears.\n\nI highly recommend this show to audiences and fans who want to enjoy solid romance animes. You might fall in love at first sight, even though the story is somewhat predictable. I’m captured by its title and I surely will pick the manga to see what will happen to the story. It has the potential to be one of those romance animes that’s so sweet and you might enjoy. The show has typical romcom cliché moments but it can keep you on the edge of your seat. Although it’s not perfect, it’s worth watching!\n\nAs for the last note, let’s not deny the following statement. The word “Pretending” is always going to be “Official”.\n\n___Story: 8/10\nAnimation: 9/10\nCharacters: 8/10\nSound: 9/10\nEntertainment factor: 10/10\nEnjoyment: 10/10___"},{"id":19368,"score":75,"summary":"Very sweet and colorful look into teen love troubles that begs for a second season.","body":"More than a Married Couple, but Not Lovers is my surprise of the season.\nimg1220(https://i.ani.me/0337/0687/overview_of_story.jpg)\nYou'll immediately get sucked in with the anime's very bright color palette, but you'll stay pressed against the screen for the wholesome story full of very likable characters. The premise is a bit crazy, if not impossible. Students get randomly paired with a member of the opposite sex to practice functioning as a married couple. The school scores their progress by how well they work together during this time, which is probably done with cameras... which would be pretty problematic in the real world. Nevertheless, if you decide to accept this insane premise as something that is just a part of this world, you'll have a lovely time! Sometimes you just need to put characters in an unrealistic situation to get a unique show that follows how they adapt to it.\nThe two main characters, Akari and Jirou, are both very unhappy with the pair choice for this fake marriage. Both of them already like someone else, so they decide to do their best to rank up to the top of the marriage grading leaderboard so they could switch members around with the couple that just so happens to consist of their respective love interests. They are also very different people. Jirou is your typical otaku with interests in gaming and manga, while Akari is a popular gyaru that finds otakus disgusting. With time while trying to get a better grade, they develop feeling for each other as they begin to see different qualities of one another that would not be apparent if not for the prolonged time they've spent together. They're both having trouble admitting these feelings not only to each other but also to themselves as they still have a second love interest lingering above their heads. They are also embarrassed by their feelings as this is not the type of person they'd usually go for and their friend would have a difficult time understanding and approving of the relationship.\nimg1220(https://www.latestanimenews.com/wp-content/uploads/2022/11/More-than-a-married-couple-but-not-lovers-akari-jirou-featured-2.png)\nThe targets of their second love interests are Shiori for Jirou and Minami for Akari. Shiori gets explored very well in the show and gets a ton of screen time, while Minami is not really someone the show focuses on, but rather just a tool for the story to progress. This is not a bad thing in itself, but it does lead to a predictable outcome with his character. There are also other characters with their own respective love interests, but those are not well explored, and discussing them would be too complicated for a simple review. Let's just say those also keep things a bit more interesting and in the air. To talk just a little more about Shiori, she also has a crush on Jirou but is having trouble telling him so and just like vice versa, isn't sure if he likes her back. This leads to many comedic and uncomfortable, yet sweet moments.\nThe highlight of the show is definitely the interaction and relationship progress of Akari and Jirou. It is believable and sweet, with just a hint of ecchi that isn't distasteful. This is the first time I've actively rooted for one girl to win over another for a place in someone's heart. And this competition seems to be leading us to a second season since the relationship decisions still haven't been made in the last episode of the show. To me, it is a bit disappointing for it to be so because I feel there was an opportunity missed here to have a really short but sweet love story that could touch many. Instead, it seems that onward we'll get a competition for Jirou's heart. Still, since I'm in love with the characters I'm also a bit glad to be able to spend a bit more time with them in the future.\nimg1220(https://static1.cbrimages.com/wordpress/wp-content/uploads/2022/10/More-Than-a-Married-Couple-Jiro-and-Akari-ep-2.jpg)\nIn conclusion, if you love romcoms you'll love this one. The situations the characters find themselves are great fun and there's a lot of love to be discovered and felt in the show. Just don't expect a conclusion in this season."},{"id":19373,"score":50,"summary":"Another harem cliché.","body":"~~~img(https://i0.wp.com/www.animegeek.com/wp-content/uploads/2022/05/More-Than-A-Married-Couple-But-Not-Lovers-Header.jpg?fit=1200%2C675&ssl=1) <br>\nStoryline <br>\nMore than a Married Couple, but Not Lovers begins by introducing the main characters of the work. Jirou, the typical nerd that girls are disgusted with, Akari the super popular girl who hates Jirou, Shiori childhood friend of Jirou. Their school has a program where students must form randomly selected pairs and live as a couple in a monitored dormitory, standard, clichéd premise. Jirou is selected as Akari's partner, the two begin to get to know each other, so far I thought it was a cliché idea, however, it was very funny, fun in a way to see two characters so different interact with each other and try to have a good performance. Shiori is selected to be Minami's partner which Akari likes. The anime begins to unfold towards the middle, having some exaggerated fan-service scenes and enacting a love triangle between Jirou, Akari and Shiori, even reaching the conclusion of the work, ending with a typical fan-service of the protagonist with a harem of women who like him, even without an apparent reason.\nimg(https://www.animatedimages.org/data/media/562/animated-line-image-0222.gif) <br>\nCharacters <br>\nAkari and Shiori are stereotypes of women, they are portrayed throughout the work with great vanity, sensitivity and sexuality. I particularly didn't like the way the work decided to treat women, a caricature. Jirou is the typical protagonist, otaku, awkward with women, but for some reason he manages to attract all women to him, the work never makes an effort to give some kind of density to the characters, or demonstrates that his actions have consequences . \nimg(https://www.animatedimages.org/data/media/562/animated-line-image-0222.gif) <br>\nDesign, Animation <br>\nThe design and animation are strong points. This Studio (Studio MOTHER) doesn't usually perform well in anime most of the time it's inconsistent. In this anime luckily the animation is consistent, the character design is unique too.\nimg(https://www.animatedimages.org/data/media/562/animated-line-image-0222.gif) <br>\nGenres <br>\nComedy, Drama, Ecchi, Romance, these genres were proposed, I don't believe they fulfilled the romance well, the anime fails to develop the romance in a healthy way. Comedy is average since the characters are very cliché, it gets to be very repetitive. Drama is non-existent. Ecchi is the only genre where anime really delivers what it promises.\nimg(https://www.animatedimages.org/data/media/562/animated-line-image-0222.gif) <br>\nConclusion <br>\nA very bad cliché, the characters even become an offense to women. The Studio could have made a lot more effort to make a more functional work, the animation is a positive point, but otherwise I don't recommend it at all, if you haven't seen it yet, it's not a good experience. ~~~ <br>"},{"id":19386,"score":80,"summary":"A lackluster plot carried by the incredibly likable characters and their struggles to find love.","body":"Sometimes a decent narrative isn't really necessary to make an anime entertaining. Fuufu ijou primarily adopts the overdone love triangle model of a common background mc, a lovely childhood friend, and the school idol, but it does it better than others. Perhaps it's the art, the soundtrack, or the unusual screenplay in this genre. It draws you into the seemingly trivial love tale that is carried by the emotional drama that occasionally wrenches your heart despite the fact that there is probably nothing of significant note going on.\n\nSo our protagonist Jirou isn't interested in romantic relationships (mostly coz he knows he has no shot) unless they involve his childhood friend Shiori, whom he's been obsessed with since... well, since childhood. He attends a school that has a highly unusual curriculum (damn, I wish I had gone to such a school) in which students are paired up and live as married couples. Unfortunately, he is paired with the most incompatible partner possible: the school hottie Akari, who has made it obvious (although unknowingly) that she has feelings for the school's hotshot Minami. And who is Minami's partner? Shiori XD. Knowing that they both have no interest in this relationship while they pursue their love interests, Jirou and Akari decide to play lovers in order to make it to the top 5 couples in the course and trade partners. But can this act survive long enough when Akari, who is truly a beginner in love, moves in with our gentle and compassionate protagonist? Oh, the wonderful days of puberty are going to make this a rollercoaster ride.\n\nWell, the premise isn't very impressive, and the narrative that follows isn't much better, but what drives this show are the few instances when these inexperienced teenagers struggle to manage their emotions, always questioning if what they feel is love or just an impulsive reaction. Jirou is your normal background mc, nice and generous, which is why his childhood friend Shiori adores him. Well,  Nice guys do finish last because you can't impose \"niceness\" on someone. Shiori, fortunately, is one of the few who had some imposed upon her because they were childhood friends. Unfortunately, though, mixed-up words and interpretations when she wanted to confess in middle school before she relocated to some other city ensured that we will get this anime. Shiori is your usual nice girl who is also shy... she's nothing special except that she's incredibly pretty. Akari, on the other hand, is a hot gal or atleast she tries to be. The most popular girl at school who would be every guy's fantasy if she hadn't made it plain she only likes Mr Perfect Minami kun. Akari might act as if she's really experienced when it comes to love but in reality she is very pure-hearted and very cute in her reactions to any unexpected romantic situations. And due to the course, she gets forced to experience some of that good \"niceness\" Jirou has been hiding (not in his pants but who knows XD). And I believe Akari is the one who carries this show. I love her extremely emotional monologues... her immensely charming reactions when she receives some of that \"niceness\" or when Jirou makes it known that he, too, is a man. And this theme is common even with other characters since the drama focuses on the emotional issues involving love in the young and I feel the moments involving Akari stand out the most.\n\nSometimes it can get frustrating how indecisive Akari can be. She almost performs the \"thing\" with Jirou at one point, but she still desires Minami. It can be difficult to understand your feelings, especially when you're going through the most turbulent period of your life in terms of hormones and attraction as you reach adulthood. I still have trouble understanding my emotions as an adult. However, it still remains quite frustrating. But it's this frustration I feel that I find really addictive. Every episode made my heart ache as she struggled with her feelings, trying to find out whether it was love. In my head, I kept yelling, \"Why are you following a guy who doesn't look back at you!\" Because of this, every moment that drew her closer to Jirou seemed so fulfilling. And I have to applaud the voice actors, artists, and animators for making those sequences so emotionally engaging. I questioned why I was even interested in this flimsy plot. But they drew me in with all their strength.\n\nThis anime reminded me of \"Kanojo Okarishimasu,\" a hugely polarizing anime I reviewed. Though there is no denying that the storyline and execution in this show are far superior... The emotional outbursts of the characters were what drew me into that show and to this one as well. I felt quite attached to them, and even if the story might be very frustrating... I feel it's only frustrating because you care about the characters and want to see them sort out the mess they're in. People that evaluate media normally deduct points for this, but I like to acknowledge that you did get me hooked and perhaps that is what matters the most.\n\nAnd that is why, I'd rate Fuufu Ijou Koibito Miman an 8/10. I believe it is closer to a 7.5, but I was hooked and each episode just  flew by. I also really like romantic anime, which definitely makes me biased, so keep that in mind if you want to start this.\n\n** I forgot completely... The ED is a BOP!!"},{"id":19473,"score":63,"summary":"In spite of everything going against it, Fuufu Ijou is a decent and likable wish-fulfillment romcom","body":"“It gets better”\n\nSuch a phrase is commonly reserved for multi-season (sometimes action) comedies which take a few episodes or most of a season to experiment before hitting their stride, as well as long-running shounens which tend to explode at a certain arc. That being said, it’s also often used for shows that leave a mediocre or abysmal first impression before allegedly picking up in quality according to a consensus. Chivalry of a Failed Knight, Gundam ZZ, and Symphogear are somewhat popular examples. Whether or not such an argument is convincing or even true is obviously down to preference and case by case basis, but personally, Fuufu Ijou is a rare example of this actually being applicable.\n\nThere are two tremendous barriers to entry with this series which rear their heads immediately. Firstly, the backdrop is by far the most questionable element of the series. The series is predicated on a marriage practical, a course where everyone in high school is assigned a partner of the opposite sex to live with in a dorm. Cameras survey their every move, they earn and lose points based on how well they gel with each other as a couple, and the top 10 couples are encouraged to “divorce” so that they can be paired up. Also, this is a mandatory, graded course. The logistical, ethical, and consistency-based issues with this entire idea are numerous. It’s an albatross around the series’ neck, a shadow that underscores just about every single interaction in the show. No matter how cute the romance is, no matter how much character chemistry the main couple and supporting cast all have, you have to really get past and ignore said backdrop for it to not have a dramatic effect on your enjoyment.\n\nEven if you can put up with all that and not be immediately driven away from the series, the first episode has other issues beyond introducing the broken marriage practical concept. The pacing and editing are rather rough and abrupt, only ceasing to be an issue around episode 3 or 4, barring the occasional abrupt end to some episodes throughout. Both are virginal gamer dweeb MC (Jirou) and our brash, confrontational gyaru MC (Akari) are a bit difficult to put up with at first, especially together. The typical tropes one would expect like an even more bitterly virginal 4th wall breaker best friend and the typical childhood friend with a crush on the MC are all unflatteringly tossed in, the former of which starts off incredibly annoying. There really is a lot going against the show from the start.\n\nIn spite of everything, Fuufu Ijou quickly manages to wind up as a cute wish fulfillment romcom with a surprising amount of fun and skill. Jirou and Akari quickly develop a fun chemistry together as the show transitions from the more cliche conflicts to surprisingly touchy and insecurity-driven ones even as early as episode 4. Jirou doesn’t expect anyone to love some horny teen loser like him who would just bring a popular girl like Akari down, while Akari feels over reliant on others and her self-esteem is absurdly fragile.  Their insecurities and unwillingness to reconcile with their budding feelings for each other vs their feelings for their crushes are mostly nice to see, even if there are a few hijinks that probably go a bit too far and could use some rearranging. Even the annoying meta humor provided by best friend Kamo has its fun moments, with uproarious and dedicated references to Duel Monsters, and the fact that his fucking name hasn’t been properly introduced even 4 episodes in. There’s always a wrinkle to the usual or annoying ideas past episode 1 to help cushion the blow or surprise the viewer as things quickly tighten up and become more interesting. The second half has this in spades, especially as the admittedly gaudy vocalizing of what they expect from teenage boys and girls to typically feel and do further informs their insecurities. It does make it all the more frustrating just how close to saying how their insecurities and current issues are a product of their developing feelings for each other, but there are some engaging payoffs to everything by the end, even though it’s only adapting a fraction of the material.\n\nThe show isn’t immune from the aforementioned pains. While Jirou’s self-deprecating virgin monologues become more bearable, they’re still a little too frequent. Furthermore, the level of monologuing in this show is still annoying, and while it is refreshing when things go a little faster or differently than expected, there’s still some anxiety present given how the show does sometimes just go for the annoying idea flat out. The show is also too overbearingly blunt, thanks in no small part to the misunderstandings and an unceasing swarm of monologues, even if the resolutions and progression can sometimes be worth it. Part of why might be the exploration of both Jirou and Akari's personal insecurities, which drives practically every action and interaction of theirs. Plus, as bad as the backdrop is, it adds a sense of both inevitability and uncertainty to their destination, regardless of who they end up with, should they be with anyone at all by the time they swap partners. Of course, as this anime adapts what is projected to be about ⅓ of the manga, only so much progress can be made, but the partial journey is more engaging than expected.\n\nAnother reason the show goes down smoother than expected is how the visuals help the material along. As bright as it is, the light pastel color pallet really does suit the show, and given how the backgrounds have the same aesthetic sensibilities as the character artwork, everything just compliments each other. It’s not like, say, Arifureta (the 2nd season of which Studio MOTHER helped out with before the release of this show) where absurdly bright character colors are contrasted with regular greens and browns to make the eye-searing colors stick out far too much. Fuufu Ijou actually has a uniform aesthetic, and a distinct one at that. There are also some neat visual gags and edits that punctuate some of the comedy, especially with the Final Fantasy and Duel Monsters references. The first scene of episode 1 certainly has dodgy CGI, but the show doesn’t employ that much past that, even with the buildings and interiors. Given how most modern anime look, that fact was absolutely refreshing. Additionally, outside of episodes 9-11 which make up one singular arc and defined timeframe, every episode sees Akari with a new, distinct set of nails. The show definitely has its wonky and flat artwork moments, the editing can be a little rough, and there are scenes that could stand to have a little bit more actual animation in them. Even still, for a modest production, there’s certainly some real charm given to the look of the show and its fun little details and intricacies. While director Junichi Yamamoto had only directed small music videos, OVAs, and smaller scale ONAs/ONA series, he and director Takao Kato did a generally solid job.\n\nThat being said, the music was honestly the least engaging part. There are a few decently evocative and dramatic tracks, but otherwise, Yuri Habuka’s OST kind of just exists. It does what it needs to do, occasionally does it well enough to slightly stand out, and leaves as if it was never there in the first place. The super cutesy Liyuu OP “TRUE FOOL LOVE” isn’t personally appealing either, and the main ED, “Stuck on you” by Nowlu is a decent smooth nocturnal pop song, it’s her ep 12 ED, “Shallow” that sticks out as a particularly pleasant song. There isn’t a whole lot else to say about the show’s music, unfortunately. It’s competent, but there’s little in the way of anything memorable.\n\nIn spite of everything going against it, Fuufu Ijou is a decent and likable wish-fulfillment romcom. It’s frustrating that the backdrop and incessant monologuing hold it back because this show is almost legitimately good. It may be tropey as hell, but when it’s executed with just enough finesse and with enough surprises and moments of character exploration, is that really so much of a bad thing? The fanservice may be both too constant yet too tame for the most part as well, but rarely is it particularly distracting given it’s done within the headspace of the male MC. While it’s marketed as a seinen, it’s not a bad romance for teenagers to be introduced to and even slightly challenged by regarding certain kinds of social expectations they place upon each other. Still, if you’re even remotely well-versed in romcoms and love triangle stories, and your standards for them are a bit stringent, this is a show you can take or leave. If you’re craving for more, you might find something worth your while, provided you can get past some of its awkward rough edges. It probably won’t be anyone’s anime of the year or anything, but it’s a little nicer and more interesting than one might expect."},{"id":19521,"score":83,"summary":"A love triangle anime worth watching","body":"~~~img220(https://s4.anilist.co/file/anilistcdn/media/anime/cover/large/bx141949-tViCIRHPZAyG.jpg)~~~\n\n~~~~~~~~~~~~~~~~~~ ~~~__Synopsis__~~~~~~~~~\nSo, starting off I should say I am a sucker for romance series and “More than a Married Couple, but Not Lovers” proves this. To begin let us start with the plot of the anime. Our MC Jiro, a nerd indulged in a love life in 2D video games, finds himself wishing to be paired with his childhood friend Shiori for the school’s practical marriage course. Jiro ends up being paired with the school’s most popular girl Akari instead. Knowing that this is a mixture bound to fail Akari has eyes to be paired with the school’s “Chad” Minami who is paired up with Shiori coincidently enough. Now that Akari and Jiro know this the next step is to cooperate to make top 10 which will give them the option to exchange partners. But will it happen? \n\n~~~__More than a Married Couple Success?__~~~\n\nMy thoughts on this anime are the opposite of most people, this anime excelled in most genre themes that could have ultimately made this anime a failure. To explain the “lover's triangle” is an overused theme that most anime cannot successfully use but with Akari, Jiro, and Shiori they hit the mark with 3 relatable and likable characters. To be completely honest I was torn between choosing between the two myself. One day I was on team Shiori and the next I wanted Akari to win Jiro. There was not one character you could not like which is where I think “More than a Married Couple” really shined at. Also, the ecchiness (if that is a word lol) in the anime, fan service can get a bit out of hand. Yes, I am looking at you “World End Harem.” But with this the studio took their time and made it a cute but sexy moment each time Akari showed a bit of fan service. Something else I can appreciate is that they didn’t try to portray ecchi scenes on every character like Shiori who’s personality just did not match with it.  \n\n~~~~~~~~~__Characters ~~~__~~~img220(https://cdn.animenewsnetwork.com/thumbnails/max300x600/cms/episode-review.3/193343/vlcsnap-2022-12-25-19h59m59s248.png.jpg)~~~\n\nI can speak on the characters all day regarding this anime, the main 3 characters had great development but could have also shown some love to the side characters like my boy Kamo or delve a little deeper into that Minami situation (side eye emoji) or Mei who looks to have an interest in Shiori.  \n\nThe side character that did get development is Shiori which is rightfully so. Her development wasn’t much but it also wasn’t much to make out of. She knew her feelings just did not know how to convey them. She did continue to be the same shy Shiori but did get a bit bold towards the end so I must respect that. She noticed Akari and Jiro are becoming more than two people assigned to be married. Thus, this leads her to get a bit more spicy like the 11th episode asking Jiro to show her a side Akari does not see. The main characters Akari and Jiro were the ones who received most development between both not understanding their own feelings to knowing what they want which is each other. The best part of the show was seeing the clarity Akari received from Minami and seeing the shocking decision Jiro made with Shiori at the end.  \n\n__~~~Animation & Music~~~__\nyoutube(https://www.youtube.com/watch?v=vSEA3ZC-qIM)\nWith the animation what surprised me was the pop of color really (as you can see in pictures above). Gal's hair is pink, the main boy's hair is blue, it was quite different. Also, they constantly switched up the outfits, which is appreciated. Music was eh, there wasn’t too much to stand out with the music other than the ending song which is a banger.  \n\n~~~__Conclusion__~~~\n\nTo conclude, the plot was not realistically enough for me. Let’s be serious high school kids living together on their own equates to bad decisions all around. However, I did enjoy Akari and Jiro’s time living together I thought it was an extremely cute but sexy anime which Akari carried like Lebron in the finals. The source material is the manga, which is still ongoing, so I’m not sure if there will be a season 2 with the way the anime ended but I would welcome a season 2 with open arms lol. The anime is very relatable with all characters and due to the anime keeping me wanting to binge watch it after the first 3 episodes I recommend this anime with a – you should watch. \n\n___For those who don’t know scores of 80+ get a “you should watch recommendation\" _\n________"},{"id":19648,"score":85,"summary":"Gyaru and A Soft Girl Fighting for a Gamer's Love was Surprising ","body":"__Got Another Interesting romance anime again,__ More than a married couple but not lovers was a banger in my opinion. The Idea of a Gyaru girl and a Quiet Gamer guy slowly falling in love with each other while being a pretend husband and wife was a weird idea to me at first but when i watched it, woah it was actually so amazing to watch and i binged it excited for the next episode which i haven't been had since Vermeil in Gold. \n\n__Quick run down:__ a Gyaru Girl called Akari Watanabe has to be in a fake marriage with Jirou Yakuin through  their schools marriage program and Akari hates the idea being within 5ft of Jirou and they soon have to get along because she wants to be with Minami (her crush) and Jirou wants to be with Shiori (his crush) and they get along with alot of touching scenes later they start to fall in love but Shiori also likes Jirou so Jirou has to decide which one he wants to be with......\n\nimg(https://animecorner.me/wp-content/uploads/2022/08/More-Than-a-Married-Couple-But-Not-Lovers.png)\n\n__The Characters in this anime__ are off the charts and with its solid plot the characters sweep them easily why this anime is so amazing. the \"main\" 2 Jirou and Akari are great main characters. Jirou's character is so good with his scenes with Akari where they click together instantly and Jirou is such a loveable character and don't see any reason to hate him, his just a typical otaku who likes games and is a normal teenage guy, Akari's character is different from the usual Gyaru type girl. she has her usual gyaru side and her sweet side where she is a good and loveable wife to Jirou and seeing those scenes where they click was the highlight of the show to me. And this show also has its surprising side characters like Minami and the Other gyaru girls where they are down to earth type of people not being that typical rude type of people and espically Minami where he isn't rude to Jirou and actually supports the idea of Jirou and Akari getting together which was a great scene to watch.\n\nimg(https://img1.ak.crunchyroll.com/i/spire2/2d46cd0add8297e8489032ba5f17ceca1669123876_main.jpg)\n\n__The Plot of this story__ is kinda predictable in a way but also is so different at the same time which made me like it so much even though the plot got sort of carried but the characters. i sort of like that basic rom com type plot because i like seeing the main couple get together in the end. but i liked the setting of being \"forced\" into liking each other like Nisekoi (my favorite anime) where they are kinda stuck into talking and doing stuff together but later also caring and loving each other for real.\n\n_but the one scene that made me feel a bit weird where Minami has a little flashback of his mom i'm pretty sure of her getting \"railed\" by that guy which he revealed her he was in love with that woman (which could be his mom)_\n\nimg(https://img1.ak.crunchyroll.com/i/spire2/09603ea59275de1df9de60b305c921601666087664_main.jpg)\n\n__Would i recommend it to y'all__ yes i would if you like gyaru's and or gamers or romance animes i believe this would be a great watch for you but the only down part is the ending which i'm pretty sure leads to a season 2 or not because we need to know what happens with everything in general like who wins in the end and whats up with Shiori's friend and her liking Shiori (pretty sure) \n\nThis would've been a 9/10 but its a 8.5 because of the cliff hanger (which could've easily been avoided)\n\ni hope you had a good read of the review and see you next time :)"},{"id":20353,"score":90,"summary":"This is a cringe-worthy review of a show that is a hidden gem.","body":"img220(https://media.giphy.com/media/Q9FGOQewX92eRRO9Qi/giphy.gif)\nWOOOOOOOOOOOOOOOOOOOOOOOOOOOO THE CRINGE\nSo here's a CRINGY review:\nOh boy, talk about a pleasant surprise that completely turned my day around! I stumbled upon this hidden gem called \"More Than A Married Couple, But Not Lovers\" and, let me tell you, it's everything I never knew I needed. I was feeling pretty low, but the hilarious antics and banter in this show swooped right in and lifted my spirits. And can we talk about the English dub for a second? I mean, it's pure gold! The unique animation and art style also caught my eye and drew me in further.\nNow, as for the story, I'll admit I was a little skeptical at first when trying to decipher that peculiar title. However, my skepticism vanished the moment I saw how well the show was playing out its oddball premise. The jokes and \"tension\" between the characters tie everything together to create a captivating web of humor and intrigue. And the unknown – oh, the unknown (characters not knowing who loves who, who supports who, who they should love, or some don't even know what to do) – just adds another layer of hilarity to the mix!\nOh my goodness, what a run indeed! I can't get over how captivating this series has been, especially with episode 11. You just can't help but binge-watch all day, every day. And yes, can we take a moment to talk about that whipped cream scene? I never thought whipped cream could get so intense and sexual - but I'm not complaining, it definitely keeps things enjoyable! It's fascinating how this love/school anime managed to blend in a captivating story and feel, even though at first, it seemed to be just another series to get lost in. \nEpisode 11 was great and saddening at the same time for Akari. Akari's brave confession to Minami was so heartwarming, and it's incredible to see how much both characters have grown from this experience. The honesty shared between them just takes my breath away. As for the path that's just opened up for Jirou, I'm honestly at a loss for words on how this will change him, but I can't wait to see where it takes him. The emotional ripples, heartstrings tugged, and challenges to come – it's all so incredibly intriguing! The journey ahead for these characters promises to be a rollercoaster, and I'm thrilled to be along for the ride! \nNGL I'm going to root for Akari, mainly because her interests are more idk \"mature.\"  Don't get me wrong, Shiori, being a childhood friend, brings her own charm and appeal to the story. Regardless, there's something about Akari's perspective that makes me feel more connected and invested in her. So, while I appreciate Shiori's presence in the story and her unique qualities, I'll still be cheering on Akari as we uncover more about her character!\nI can't wait for season two like it needs to be out rn!!"}],"siteUrl":"https://anilist.co/anime/141949","autoCreateForumThread":false,"modNotes":null,"stats":{"scoreDistribution":[{"score":10,"amount":167},{"score":20,"amount":177},{"score":30,"amount":333},{"score":40,"amount":517},{"score":50,"amount":1204},{"score":60,"amount":2508},{"score":70,"amount":6390},{"score":80,"amount":8510},{"score":90,"amount":5532},{"score":100,"amount":3172}],"statusDistribution":[{"status":"CURRENT","amount":7819},{"status":"PLANNING","amount":17072},{"status":"COMPLETED","amount":43883},{"status":"DROPPED","amount":2517},{"status":"PAUSED","amount":1310}]},"isRecommendationBlocked":false,"recommendations":[{"mediaRecommendation":{"id":98320,"title":{"romaji":"Koi to Uso","english":"LOVE and LIES","native":"恋と嘘","userPreferred":"Koi to Uso"},"type":"ANIME"}},{"mediaRecommendation":{"id":18897,"title":{"romaji":"Nisekoi","english":"Nisekoi","native":"ニセコイ","userPreferred":"Nisekoi"},"type":"ANIME"}},{"mediaRecommendation":{"id":4224,"title":{"romaji":"Toradora!","english":"Toradora!","native":"とらドラ！","userPreferred":"Toradora!"},"type":"ANIME"}},{"mediaRecommendation":{"id":113813,"title":{"romaji":"Kanojo, Okarishimasu","english":"Rent-a-Girlfriend","native":"彼女、お借りします","userPreferred":"Kanojo, Okarishimasu"},"type":"ANIME"}},{"mediaRecommendation":{"id":21701,"title":{"romaji":"Kuzu no Honkai","english":"Scum's Wish","native":"クズの本懐","userPreferred":"Kuzu no Honkai"},"type":"ANIME"}},{"mediaRecommendation":{"id":97863,"title":{"romaji":"Hajimete no Gal","english":"My First Girlfriend is a Gal","native":"はじめてのギャル","userPreferred":"Hajimete no Gal"},"type":"ANIME"}},{"mediaRecommendation":{"id":132052,"title":{"romaji":"Kakkou no Iinazuke","english":"A Couple of Cuckoos","native":"カッコウの許嫁","userPreferred":"Kakkou no Iinazuke"},"type":"ANIME"}},{"mediaRecommendation":{"id":132405,"title":{"romaji":"Sono Bisque Doll wa Koi wo Suru","english":"My Dress-Up Darling","native":"その着せ替え人形は恋をする","userPreferred":"Sono Bisque Doll wa Koi wo Suru"},"type":"ANIME"}},{"mediaRecommendation":{"id":119,"title":{"romaji":"Final Approach","english":null,"native":"Φなる・あぷろーち","userPreferred":"Final Approach"},"type":"ANIME"}},{"mediaRecommendation":{"id":14749,"title":{"romaji":"Ore no Kanojo to Osananajimi ga Shuraba Sugiru","english":"Oreshura","native":"俺の彼女と幼なじみが修羅場すぎる","userPreferred":"Ore no Kanojo to Osananajimi ga Shuraba Sugiru"},"type":"ANIME"}},{"mediaRecommendation":{"id":127911,"title":{"romaji":"Kawaii dake ja Nai Shikimori-san","english":"Shikimori's Not Just a Cutie","native":"可愛いだけじゃない式守さん","userPreferred":"Kawaii dake ja Nai Shikimori-san"},"type":"ANIME"}},{"mediaRecommendation":{"id":126192,"title":{"romaji":"Kanojo mo Kanojo","english":"Girlfriend, Girlfriend","native":"カノジョも彼女","userPreferred":"Kanojo mo Kanojo"},"type":"ANIME"}},{"mediaRecommendation":{"id":21472,"title":{"romaji":"Oshiete! Galko-chan","english":"Please tell me! Galko-chan","native":"おしえて！ ギャル子ちゃん","userPreferred":"Oshiete! Galko-chan"},"type":"ANIME"}},{"mediaRecommendation":{"id":116267,"title":{"romaji":"Tonikaku Kawaii","english":"TONIKAWA: Over The Moon For You","native":"トニカクカワイイ","userPreferred":"Tonikaku Kawaii"},"type":"ANIME"}},{"mediaRecommendation":{"id":146676,"title":{"romaji":"Renai Flops","english":"LOVE FLOPS","native":"恋愛フロップス","userPreferred":"Renai Flops"},"type":"ANIME"}},{"mediaRecommendation":{"id":136934,"title":{"romaji":"Mamahaha no Tsurego ga Motokano datta","english":"My Stepmom's Daughter is My Ex","native":"継母の連れ子が元カノだった","userPreferred":"Mamahaha no Tsurego ga Motokano datta"},"type":"ANIME"}},{"mediaRecommendation":{"id":100526,"title":{"romaji":"3D Kanojo: Real Girl","english":"Real Girl","native":"3D彼女 リアルガール","userPreferred":"3D Kanojo: Real Girl"},"type":"ANIME"}},{"mediaRecommendation":{"id":17895,"title":{"romaji":"Golden Time","english":"Golden Time","native":"ゴールデンタイム","userPreferred":"Golden Time"},"type":"ANIME"}},{"mediaRecommendation":{"id":18245,"title":{"romaji":"WHITE ALBUM 2","english":"White Album 2","native":"WHITE ALBUM 2","userPreferred":"WHITE ALBUM 2"},"type":"ANIME"}},{"mediaRecommendation":{"id":14753,"title":{"romaji":"Hori-san to Miyamura-kun: Shingakki","english":null,"native":"堀さんと宮村くん-新学期-","userPreferred":"Hori-san to Miyamura-kun: Shingakki"},"type":"ANIME"}},{"mediaRecommendation":{"id":143338,"title":{"romaji":"Otonari no Tenshi-sama ni Itsunomanika Dame Ningen ni Sareteita Ken","english":"The Angel Next Door Spoils Me Rotten","native":"お隣の天使様にいつの間にか駄目人間にされていた件","userPreferred":"Otonari no Tenshi-sama ni Itsunomanika Dame Ningen ni Sareteita Ken"},"type":"ANIME"}},{"mediaRecommendation":{"id":11887,"title":{"romaji":"Kokoro Connect","english":"Kokoro Connect","native":"ココロコネクト","userPreferred":"Kokoro Connect"},"type":"ANIME"}},{"mediaRecommendation":{"id":103572,"title":{"romaji":"Go-toubun no Hanayome","english":"The Quintessential Quintuplets","native":"五等分の花嫁","userPreferred":"Go-toubun no Hanayome"},"type":"ANIME"}},{"mediaRecommendation":{"id":151806,"title":{"romaji":"Tomo-chan wa Onnanoko!","english":"Tomo-chan Is a Girl!","native":"トモちゃんは女の子！","userPreferred":"Tomo-chan wa Onnanoko!"},"type":"ANIME"}},{"mediaRecommendation":{"id":105989,"title":{"romaji":"Midara na Ao-chan wa Benkyou ga Dekinai","english":"Ao-chan Can't Study!","native":"淫らな青ちゃんは勉強ができない","userPreferred":"Midara na Ao-chan wa Benkyou ga Dekinai"},"type":"ANIME"}}]}