{"id":142193,"idMal":50481,"title":{"romaji":"Eiyuu-ou, Bu wo Kiwameru Tame Tenseisu: Soshite, Sekai Saikyou no Minarai Kishi♀","english":"Reborn to Master the Blade: From Hero-King to Extraordinary Squire","native":"英雄王、武を極めるため転生す ～そして、世界最強の見習い騎士♀～","userPreferred":"Eiyuu-ou, Bu wo Kiwameru Tame Tenseisu: Soshite, Sekai Saikyou no Minarai Kishi♀"},"format":"TV","status":"FINISHED","episodes":12,"description":"After living a life devoted to serving his country and people, Inglis’ one wish to be free of a king’s burden and to train was actually heard, but as a beautiful girl! Reborn in the far future as a daughter to renowned knights, Inglis can now focus on mastering the martial arts. A wish has been granted, and Inglis will be on the front lines fulfilling the dream of becoming the strongest knight.\n<br><br>\n(Source: Crunchyroll)","startDate":{"year":2023,"month":1,"day":10},"endDate":{"year":2023,"month":3,"day":28},"season":"WINTER","seasonYear":2023,"duration":24,"countryOfOrigin":"JP","isLicensed":true,"source":"LIGHT_NOVEL","hashtag":"#英雄王","trailer":"https://www.youtube.com/watch?v=VwCIk-vbQiI","updatedAt":1706195346,"coverImage":{"large":"https://s4.anilist.co/file/anilistcdn/media/anime/cover/large/bx142193-3S6gtp7PHLNL.jpg","medium":"https://s4.anilist.co/file/anilistcdn/media/anime/cover/medium/bx142193-3S6gtp7PHLNL.jpg","small":"https://s4.anilist.co/file/anilistcdn/media/anime/cover/small/bx142193-3S6gtp7PHLNL.jpg","color":null},"bannerImage":"https://s4.anilist.co/file/anilistcdn/media/anime/banner/142193-3WgRXoxGfTAl.jpg","genres":["Action","Adventure","Comedy","Fantasy"],"synonyms":["ราชาวีรชน เกิดใหม่เพื่อขัดเกลาวิถีต่อสู้ และ กลายเป็นอัศวินฝึกหัดที่แกร่งสุดในโลก","英雄王，為了窮盡武道而轉生～而後成為世界最強見習騎士♀～","英雄王，为了穷尽武道而转生～然后，成为世界最强的见习骑士♀","Eiyuuou, Bu wo Kiwameru Tame Tenseisu","Raja Pahlawan Bereinkarnasi Untuk Mengasah Ilmu Bela Diri","Переродился, чтобы стать мастером меча: из великого короля в ученицу рыцаря"],"averageScore":65,"meanScore":65,"favourites":846,"popularity":36494,"trending":1,"tags":[{"id":243,"name":"Reincarnation","isMediaSpoiler":false},{"id":77,"name":"Gender Bending","isMediaSpoiler":false},{"id":98,"name":"Female Protagonist","isMediaSpoiler":false},{"id":86,"name":"Primarily Female Cast","isMediaSpoiler":false},{"id":29,"name":"Magic","isMediaSpoiler":false},{"id":43,"name":"Swordplay","isMediaSpoiler":false},{"id":153,"name":"Time Skip","isMediaSpoiler":false},{"id":15,"name":"Demons","isMediaSpoiler":false},{"id":1052,"name":"Adoption","isMediaSpoiler":false},{"id":138,"name":"Age Gap","isMediaSpoiler":false}],"relations":[{"id":116380,"title":{"english":"Reborn to Master the Blade: From Hero-King to Extraordinary Squire ♀","native":"英雄王、武を極めるため転生す ～そして、世界最強の見習い騎士♀～","romaji":"Eiyuu-ou, Bu wo Kiwameru Tame Tenseisu: Soshite, Sekai Saikyou no Minarai Kishi♀","userPreferred":"Eiyuu-ou, Bu wo Kiwameru Tame Tenseisu: Soshite, Sekai Saikyou no Minarai Kishi♀"},"type":"MANGA"},{"id":122737,"title":{"english":"Reborn to Master the Blade: From Hero-King to Extraordinary Squire ♀","native":"英雄王、武を極めるため転生す ～そして、世界最強の見習い騎士♀～","romaji":"Eiyuu-ou, Bu wo Kiwameru Tame Tenseisu: Soshite, Sekai Saikyou no Minarai Kishi♀","userPreferred":"Eiyuu-ou, Bu wo Kiwameru Tame Tenseisu: Soshite, Sekai Saikyou no Minarai Kishi♀"},"type":"MANGA"},{"id":157294,"title":{"english":null,"native":"英雄王、武を極めるため転生す ミニアニメ","romaji":"Eiyuu-ou, Bu wo Kiwameru Tame Tenseisu Mini Anime","userPreferred":"Eiyuu-ou, Bu wo Kiwameru Tame Tenseisu Mini Anime"},"type":"ANIME"}],"characters":[{"id":193863,"name":"Inglis Eucus"},{"id":193864,"name":"Rafinha Bilford"},{"id":283511,"name":"Leone Olfa"},{"id":283512,"name":"Liselotte Arcia"},{"id":290469,"name":"Sistia Rouge"},{"id":290468,"name":"Eris"},{"id":290470,"name":"Ripple"},{"id":194086,"name":"Rafael Bilford"},{"id":193931,"name":"Leon Olfa"},{"id":293260,"name":"Kuro Kamen no Otoko"},{"id":317477,"name":"Luke Eucus"},{"id":317478,"name":"Serena Eucus"},{"id":317479,"name":"Megami Alistia"},{"id":317480,"name":"Irina Bilford"},{"id":317481,"name":"Rambach"},{"id":317482,"name":"Rahl Rambach"}],"staff":[{"id":162615,"name":"Nagu"},{"id":123654,"name":"Hayaken"},{"id":237963,"name":"Reiichirou Oofuji"},{"id":110939,"name":"Mitsutaka Hirota"},{"id":140610,"name":"Naoyuki Kuzuya"},{"id":120048,"name":"Tomoko Miyakawa"},{"id":150385,"name":"Maki Fukui"},{"id":266606,"name":"Lion Matsuda"},{"id":237963,"name":"Reiichirou Oofuji"},{"id":266606,"name":"Lion Matsuda"},{"id":147795,"name":"Masayuki Nomoto"},{"id":120048,"name":"Tomoko Miyakawa"},{"id":209641,"name":"Kenta Higashouji"},{"id":121856,"name":"Fumiyuki Gou"},{"id":143354,"name":"Emi Takanashi"},{"id":221020,"name":"Mame"},{"id":196319,"name":"Eiko Nishi"},{"id":183526,"name":"Atsushi Satomi"},{"id":119576,"name":"Hiroshi Gouroku"},{"id":149069,"name":"Hayato Numajiri"},{"id":148341,"name":"Keiki Miyake"},{"id":128603,"name":"Kenji Takehara"},{"id":293257,"name":"AUO"},{"id":175964,"name":"Win Morisaki"},{"id":246066,"name":"Yui Nishio"}],"studios":[{"id":126,"name":"Studio Comet","isAnimationStudio":true},{"id":135,"name":"MediaNet","isAnimationStudio":false},{"id":323,"name":"Nippon Columbia","isAnimationStudio":false},{"id":547,"name":"Hobby Japan","isAnimationStudio":false},{"id":6782,"name":"My Theater D.D.","isAnimationStudio":false},{"id":7151,"name":"MUSE","isAnimationStudio":false},{"id":7168,"name":"CTW","isAnimationStudio":false},{"id":460,"name":"KLOCKWORX","isAnimationStudio":false},{"id":6621,"name":"Bit Grooove Promotion","isAnimationStudio":false},{"id":6417,"name":"AQUA ARIS","isAnimationStudio":true}],"isFavourite":false,"isAdult":false,"isLocked":false,"nextAiringEpisode":null,"airingSchedule":[{"airingAt":1673282700,"timeUntilAiring":-32918871,"episode":1},{"airingAt":1673887500,"timeUntilAiring":-32314071,"episode":2},{"airingAt":1674492300,"timeUntilAiring":-31709271,"episode":3},{"airingAt":1675097100,"timeUntilAiring":-31104471,"episode":4},{"airingAt":1675701900,"timeUntilAiring":-30499671,"episode":5},{"airingAt":1676306700,"timeUntilAiring":-29894871,"episode":6},{"airingAt":1676911500,"timeUntilAiring":-29290071,"episode":7},{"airingAt":1677516300,"timeUntilAiring":-28685271,"episode":8},{"airingAt":1678121100,"timeUntilAiring":-28080471,"episode":9},{"airingAt":1678725900,"timeUntilAiring":-27475671,"episode":10},{"airingAt":1679330700,"timeUntilAiring":-26870871,"episode":11},{"airingAt":1679935500,"timeUntilAiring":-26266071,"episode":12}],"trends":[{"date":1638111600,"trending":84,"popularity":0,"inProgress":null},{"date":1638198000,"trending":228,"popularity":0,"inProgress":null},{"date":1638284400,"trending":110,"popularity":314,"inProgress":5},{"date":1638370800,"trending":22,"popularity":424,"inProgress":8},{"date":1638457200,"trending":21,"popularity":462,"inProgress":7},{"date":1638543600,"trending":15,"popularity":485,"inProgress":7},{"date":1638630000,"trending":23,"popularity":502,"inProgress":7},{"date":1638716400,"trending":4,"popularity":526,"inProgress":7},{"date":1638802800,"trending":3,"popularity":540,"inProgress":7},{"date":1638889200,"trending":5,"popularity":543,"inProgress":7},{"date":1638975600,"trending":11,"popularity":547,"inProgress":7},{"date":1639062000,"trending":3,"popularity":561,"inProgress":8},{"date":1639148400,"trending":3,"popularity":565,"inProgress":8},{"date":1639234800,"trending":10,"popularity":568,"inProgress":8},{"date":1639321200,"trending":9,"popularity":576,"inProgress":8},{"date":1639407600,"trending":9,"popularity":586,"inProgress":8},{"date":1639494000,"trending":9,"popularity":599,"inProgress":8},{"date":1639580400,"trending":10,"popularity":607,"inProgress":8},{"date":1639666800,"trending":4,"popularity":616,"inProgress":8},{"date":1639753200,"trending":8,"popularity":625,"inProgress":8},{"date":1639839600,"trending":8,"popularity":633,"inProgress":9},{"date":1639926000,"trending":3,"popularity":644,"inProgress":10},{"date":1640012400,"trending":3,"popularity":650,"inProgress":10},{"date":1640098800,"trending":5,"popularity":656,"inProgress":11},{"date":1640185200,"trending":4,"popularity":661,"inProgress":11}],"externalLinks":["https://auo-anime.com/","https://twitter.com/auo_anime","https://www.crunchyroll.com/series/GQWH0MP94","https://www.youtube.com/playlist?list=PLwLSw1_eDZl1aAPuUflQZTsm6r9xyuK4z","https://www.bilibili.tv/en/media/2073796","https://www.iq.com/album/1pw5mk1u3t1"],"streamingEpisodes":[],"rankings":[{"rank":74,"type":"POPULAR","context":"most popular","year":2023,"season":null},{"rank":25,"type":"POPULAR","context":"most popular","year":2023,"season":"WINTER"}],"mediaListEntry":null,"reviews":[{"id":20479,"score":30,"summary":"Very Dull.. but Succeeded in Making One of the Worst Main Characters of 2023","body":"__Reborn to Master the Blade: From Hero-King to Extraordinary Squire__ is an isekai-fantasy light novel written by [Hayaken](https://anilist.co/staff/123654/Hayaken). It was adapted into a 12-episode anime by Studio Comet.\n\n~~~img290(https://s4.anilist.co/file/anilistcdn/media/manga/cover/large/bx122737-IXSoXTRCG5aP.png) img270(https://image.tmdb.org/t/p/original/zrnUnV0PFWnJ1G6wDvzkQL2HL9d.jpg)~~~\n\nI will cut to the chase.. this anime sucks. \nI first saw it while overviewing the Winter 2023 season, the premise was generic, but I did get interested in its gender-bending gimmick. It sounded like fun. I was open to giving it a try, especially when it had an above 75% score.. for some reason? \n\nI thought it would be some dumb fun like Season 1 of How Not to Summon a Demon Lord. Nothing great, but fun enough to keep you entertained. But nope it is incredibly boring, so boring I would rather watch Naruto filler. This is the type of anime you use as examples when trying to list bad Isekai to someone.\n\nThis is a generic power fantasy. A reincarnation story of an old king reincarnating as a busty silver-haired girl named  __Inglis \"Chris\" Eucus__.  His main goal in his second life is to become the strongest person possible... but it’s so booooring.. It reminded me of The Strongest Sage with The Weakest Crest, as each episode kept getting duller and duller.\n\nWorld-building? There was world-building? \nUmm, let's see monsters attack people, some people get crests on their hands to use magic but our OP MC can gather mana from the atmosphere or some shit. Some supremacists called highlanders look down on common people, and some resistance groups forms trying to kill the highlanders. While our MC goes to school and wants to fight fight fight.\n\n~~~img720(https://i.ytimg.com/vi/IiilfaBv3m0/maxresdefault.jpg)~~~\n\nChris is one of the worst main characters I have had the displeasure of watching. Watching her is the equivalent of self-harm to the brain. She is dumber than Goku from Dragon Ball Super and her key personality trait is that she loves to fight.. and she reminds you over and over again. More in a single cour than a majority of battles Shonens. \n\nShe is incredibly smug with no humility or weaknesses. There is no purpose to her even being gender-bended into a female body, except for an internal monologue or two.\n\nIncredibly powerful no less. She no diffs every single character in the series. Despite being called Reborn to Master the Blade, she never uses a sword! Instead just throws her hands and shoots Kamehameha waves as a baby. Whenever I hear the term Mary Sue, Chris will pop into my brain from now on.\n\nThe side characters are not worth mentioning in the slightest, all of them feel like Oblivion NPCs that you can summarize in a single sentence.\n\n~~~img720(https://i.ytimg.com/vi/blpcnrjDbtA/maxresdefault.jpg)~~~\n\nThe production values are what you usually see out of J.C. Staff's C team.\n\nThe art style is appealing to me, but the animation is bad. Punches have no weight behind them, half of an episode you have characters just moving their lip flaps in a room with uninteresting dialog, and the CGI for the monsters is exceptionally bad.\n\nThe sound design wasn't anything noteworthy, and it felt like even the voice actors just wanted to quickly record their lines and bail.. but at least the opening is good.\n\nWould I recommend this anime? Hell no.\nIt is boring, uninspiring, and has a truly terrible main character."},{"id":20480,"score":20,"summary":"Something not entirely worth watching. Marking it as simply bad. ","body":"__Reborn to Master the Blade: From Hero-King to Extraordinary Squire__...\nI have been waiting for like an eternity on this anime to finish.\n\nSo let me begin how i even came to this anime. Looking through some website for potential interesting new manga, i came across this one. I read the tags and was like, why not. Some gender bender stuff sure sounds interesting. Include magic and isekai and voila, you got my attention. After some time I heard about the making of the anime for this and now here we are. The anime finished and to be fair, it didn't deliver at all. Going about some of the keypoints. \n\n__Animation & Style__:\nHmm.... you got your drawn stuff and then your 3D animation and if you can't figure by now... the 3D animation part is absolute horrible. Not only does it look hand animated by an intern that learned it in a span of 2 days, but it is simply sloppy and feel like the animations are lagging behind. I would compare it to the CGI from [Overlord III](https://anilist.co/anime/101474/Overlord-III/). But where I have to give credit is the hand drawn style. I never seen it before and actually I quite like it, but this may only be my own oppinion.\n\n__Characters__:\nOh wow, so you got your MC, which is... OP and then your background characters. And even while they are listed as supporting. They are simple filling the landscape. They feel like some NPC the MC picked up for be able to go on a quest that requires to be more then one person, and thats because how much they actually support. Not at all. Generic weapons, generic lines and generic looks. \nGoing back to the MC, which, while having an again generic background story, basically stole their move from other anime. One specific move: The Kamehameha. While the anime actually is called  \"__Reborn to Master the Blade__\", blades are not really used and fighting is done hand to hand basically. Or mostly hand to blade.\n\n__Story__:\nHahahaha. Where do I begin? Person gets isekaied multiple years after while gender bending into some white haird big breast girl (Not that im complaing about that), wants to be the strongest in the world. __Is __ already that in the very first episode, and simple repeats it all over again, and again, and again, and again. So Simply said, nothing new or interesting is added to the story after episode 1. \n\nSo in general I'd say, after watching episode 1, you could mark it as complete. Nothing new will be added to the story in general and it repeats itself every episode. Story building stopped there too and character building practically never existed.\n\nI think TL;DR:\nWatching this was not worth it, like waititing for a new episode each monday. Take your time and watch something else. Like [Another](https://anilist.co/anime/11111/Another/)."},{"id":20485,"score":100,"summary":"10/10 Easily one of the best anime this season so far <3333        ","body":"Just felt like writing a review right after watching.\n\n I found it to be an enjoyable anime. The story follows a hero king Inglis? who is reborn into a new world with his memories intact. There, he begins training to become a master swordsman for which he couldn't due to his previous reign of king, with all the political strife and lacking enough time to indulge in what he truly wanted.\n\n The story of the show may have been engaging, suspenseful, or emotionally compelling. I found myself invested in the plot and eager to see what was about to happen next.\n\nOne of the things that impressed me about 'Reborn to Master the Blade' was the quality of its animation. The fight scenes were particularly well done, with fluid movement and detailed choreography. The character designs were also unique and memorable, with each character having their own distinct style. As much as I really appreciate this anime, at times I find Rani to be quite annoying, whether its me getting used to japanese audio or it was something intended by either author/Director, This is my one and only complaint regarding the show.  Either way,  The animation style of the show  appealed to me visually. Perhaps its high time you appreciate the artistry and creativity that went into the design of the characters and settings, after having done watching. You can find this show quite  funny and amusing at times, and in my case I enjoyed the jokes and comedic moments  \n\nFrom the very beginning, the show does an excellent job of building a sense of K.O -ness, (although some of you might be bored to Earth, Having watched very meagre anime this year, I find it to be balanced enough to not negate the entertaining part) and developing the story at a steady pace. Each episode is carefully crafted to keep the viewer engaged while advancing the plot (There are moments of intense action and suspense but given the predictability due to protagonist's past and his way of OP-ing enemies some find it quite mediocre and un-inspiring) , as well as quieter moments of character development and world-building.\n\nAlthough most of the isekai's portray the storytelling and plot in a similar way to one another, the count something that comes close to this show must had been more than of what I'm aware of, Unfortunately I haven't gone through them all. so that's one of a reason, why I don't find this show to be Monotonous and Stale.\n\nThat being said, the plot could be a bit slow at times, and some of the characters felt underdeveloped. Additionally, some of the dialogue could be a bit heavy-handed, particularly when it came to explaining the world's mechanics unless you read LN beforehand.\n\nOverall, though, I would recommend 'Reborn to Master the Blade' to fans of action anime and sword fighting(not much tho tbh) and the source material. It's not without its flaws, but it's a fun and engaging watch that will keep you entertained throughout."},{"id":20526,"score":50,"summary":"Hero-King is reborn to master the blade, next season...","body":"#__Summary__\nThis season had its fill of Isekai anime, and I will add this one to that pile. Yes, I can already hear you saying; \"but this isn't an actual Isekai.\"\n\nSure, you may technically be correct, but for all practical purposes, it follows the same general line of story and plot beats, so it may as well be one.\n\nThe old king dies after a long and honorable life building up his nation and making it prosperous for his subjects. As he dies he gets a favor from the goddess for a life well lived, and onto his next life he goes. Or rather, onto the next life she goes. Not sure why they made the MC into a female in the next life, as I do not think it has served much of a purpose in this first season, but sure, alright then.\n\nYes, there are some callbacks to how perspectives are different now that he is a pretty girl vs previously being a man, but nothing much of anything is done with this potentially interesting plot point throughout the first season. \n\nAnother apt thing to mention is that while this show is named \"reborn to master the blade\", our MC does practically nothing of the sort in this first season. She uses a blade perhaps once or twice, but otherwise, she just shoots laser beams and beats the shit out of her opponents using her brute strength alone.\n\nI can only assume and hope that in a potential second season, we may actually see her master a blade of some sort, hah. \n\n#__Characters__\nWe get introduced to our MC and main supporting character from the get-go, before getting a small group of additional supporting ones introduced over the next half-season. \n\nI personally never really cared much for most of the characters in this first season outside Inglis. Her battle-addict personality and the humor around that kept me engaged enough and entertained me enough to the point that I thought, okay, sure, she isn't terrible.\n\nTo a smaller extent, I would say the interplay between her and Rani was also fine, and a slightly positive note in the season. Outside these two though, none of the other characters I cared for in any way whatsoever. I don't feel we get to know them well, I don't feel we explore much with them, and they barely exist for certain story purposes, if any at all.\n\nWhile Inglis and her whole shtick is fine enough, and while it fulfills my power-fantasy appetite, everything else could have used a lot more work to try to pull me in.\n\n#__Plot__\nSo the plot is nothing too complex either. Inglis is reborn and all she wants is to master her skills and the blade, while staying out of politics and everything of the like, as she was so saddled to death with in her prior life. \n\nShe does nevertheless get involved in some things throughout the season, as is only to be expected I suppose. \n\nThe main driver for the plot seems to be whatever Inglis gets herself involved in for the sake of being able to battle strong opponents and improve her skills, with some random events sprinkled on top. \n\nI do not expect much from this sort of Fantasy Isekai anime, but I would have liked a more fleshed-out world and a deeper story as a whole. Or at the very least more of a hint toward that.\n\nI will be fine watching a second season of Inglis kicking ass though, as I am sure many of you also will. \n\n#__Summary__\nEverything in this anime seems average at best, with good reason.\n\n- The animation style is fine\n- The combat scenes are lackluster\n- The characters are average at best, with many being barely more than NPCs\n- The plot is far from deep, nor clever, or especially engaging, it's just there, to an extent\n\nMost everything in this anime is, at best, average. And while I watched it all the way through, and while I would most likely watch a second season, it barely kept me engaged, especially by the end, so I am happy it is done for the season. \n\nI would not recommend you watch this unless you are unhealthily into this sort of anime, as I am. \n\nIf you are in the mood for a battle junkie anime though, you may check out Black Summoner instead."},{"id":20576,"score":73,"summary":"If you watch closely, you can see the exact moment capitalism ruins the series.","body":"_Reborn to Master the Blade: From Hero-King to Extraordinary Squire_, is an excellent little light novel and manga. It is a disappointing anime, but it can't fully ruin what makes the story great. I'll be writing from that perspective.\n\nThere is a moment watching this show, somewhere around episode 5, where you will sit back and think to yourself \"Hmm, something is missing. Something has gone very very wrong.\" And you are correct to think that way, I believe. \n\nPart of this is the simple realities of budget, and while it looks like _Reborn to Master the Blade_ has a bigger budget than most isekai shlock, it isn't by a lot if that's the case. So one of the things ruined is Inglis' bloodlust. Looking to the manga adaptation, Inglis is often given what can only be described as \"Crazy eyes\" and some very expressive, threatening faces throughout the series (the manga only reaches about Episode 7 of the anime at time of writing). Inglis doesn't just find joy in battle she finds _lust_ and her righteousness (briefly) warps into a kind of sadism. I've seen some people argue Inglis is a genderbent Goku, and that comparison isn't entirely unfair when only looking at the anime. But animating a different face would cost money, so I can at least _understand_ why that might be cut.\n\nBut the true problems are the \"Marvelization of Isekai\", where story and character beats are dropped or outright reversed in order to make Inglis a more generic, blander, \"safer\" isekai protagonist. This is the Disneyfication of media on full blast, rearing its ugly head in the big moneymaker genre of contemporary anime. These are deliberate decisions that make the main character a more bland and boring power fantasy, rather than distinguishing her as her own person. For example; early in the series Inglis subjects herself to the Dune-box for her rune, and while she doesn't receive one in the source material, that is because her magic is incompatible with the modern magic around her, an oil-and-water sort of reaction but mana. In the anime, Inglis just __chooses __not to get a rune. Why? Because she's just so super strong and powerful she can out-fight a BOX. I guess. And unlike the previous example, the anime stretches this scene out. That feels like it would cost __more __money to emphasize?\n\nOther character motivations are dropped entirely. In the anime, Inglis is going to the big city to go to Isekai fighting school because that's what the kids do. Her motivation to do so because the city will have the largest library in the kingdom, where she hopes to find SOME record of her previous life or the kingdom she left behind? Gone completely. And the gender euphoria beats are almost completely excised from the show, whittling more of Inglis' individuality away in favor of a blander, more generic self-insert, which can probably be down to the studio sterilizing all the queer subtext that pops up from time to time. And Inglis' source traits of being more socially suave and manipulative, like twisting her dad's arm to let her fight, are brought way down, presumably to make the character less confrontational and polarizing (i.e., less self-insert).\n\nFor me, the last twist where the connections I had to the earlier Inglis snapped and tore away was in Episode 9. The last fragments of joy had really left my watching the show at all as at one point I facepalmed and groaned, \"This is such man-writing.\" I'll admit I watched the last three episodes out of obligation.\n\nBut...I still love Inglis and I still love Rafi and even if their characters are buried deep behind layers of \"lolsorandom isekai\", I still liked seeing their reflections in what I was watching. So I can't say this was a _completely_ unenjoyable experience. While the limitations of budget are showing (and hurting) it's still, on the whole, a very pretty show, and a good amount of the humor lands. But this definitely falls more on the junk-food side of your anime food pyramid."}],"siteUrl":"https://anilist.co/anime/142193","autoCreateForumThread":false,"modNotes":null,"stats":{"scoreDistribution":[{"score":10,"amount":137},{"score":20,"amount":127},{"score":30,"amount":355},{"score":40,"amount":649},{"score":50,"amount":1447},{"score":60,"amount":2608},{"score":70,"amount":3391},{"score":80,"amount":1855},{"score":90,"amount":1043},{"score":100,"amount":547}],"statusDistribution":[{"status":"CURRENT","amount":6073},{"status":"PLANNING","amount":8640},{"status":"COMPLETED","amount":17916},{"status":"DROPPED","amount":2967},{"status":"PAUSED","amount":898}]},"isRecommendationBlocked":false,"recommendations":[{"mediaRecommendation":{"id":119056,"title":{"romaji":"Kenja no Deshi wo Nanoru Kenja","english":"She Professed Herself Pupil of the Wise Man","native":"賢者の弟子を名乗る賢者","userPreferred":"Kenja no Deshi wo Nanoru Kenja"},"type":"ANIME"}},{"mediaRecommendation":{"id":108465,"title":{"romaji":"Mushoku Tensei: Isekai Ittara Honki Dasu","english":"Mushoku Tensei: Jobless Reincarnation","native":"無職転生 ～異世界行ったら本気だす～","userPreferred":"Mushoku Tensei: Isekai Ittara Honki Dasu"},"type":"ANIME"}},{"mediaRecommendation":{"id":112301,"title":{"romaji":"Maou Gakuin no Futekigousha: Shijou Saikyou no Maou no Shiso, Tensei shite Shison-tachi no Gakkou e Kayou","english":"The Misfit of Demon King Academy: History’s Strongest Demon King Reincarnates and Goes to School with His Descendants","native":"魔王学院の不適合者 ～史上最強の魔王の始祖、転生して子孫たちの学校へ通う～","userPreferred":"Maou Gakuin no Futekigousha: Shijou Saikyou no Maou no Shiso, Tensei shite Shison-tachi no Gakkou e Kayou"},"type":"ANIME"}},{"mediaRecommendation":{"id":129898,"title":{"romaji":"Sekai Saikou no Ansatsusha, Isekai Kizoku ni Tensei suru","english":"The World's Finest Assassin Gets Reincarnated in Another World as an Aristocrat","native":"世界最高の暗殺者、異世界貴族に転生する","userPreferred":"Sekai Saikou no Ansatsusha, Isekai Kizoku ni Tensei suru"},"type":"ANIME"}},{"mediaRecommendation":{"id":134252,"title":{"romaji":"Fantasy Bishoujo Juniku Oji-san to","english":"Life With an Ordinary Guy Who Reincarnated Into a Total Fantasy Knockout","native":"異世界美少女受肉おじさんと","userPreferred":"Fantasy Bishoujo Juniku Oji-san to"},"type":"ANIME"}},{"mediaRecommendation":{"id":153629,"title":{"romaji":"Tensei Oujo to Tensai Reijou no Mahou Kakumei","english":"The Magical Revolution of the Reincarnated Princess and the Genius Young Lady","native":"転生王女と天才令嬢の魔法革命","userPreferred":"Tensei Oujo to Tensai Reijou no Mahou Kakumei"},"type":"ANIME"}},{"mediaRecommendation":{"id":139587,"title":{"romaji":"Tensei Shitara Ken Deshita","english":"Reincarnated as a Sword","native":"転生したら剣でした","userPreferred":"Tensei Shitara Ken Deshita"},"type":"ANIME"}},{"mediaRecommendation":{"id":145260,"title":{"romaji":"Kuro no Shoukanshi","english":"Black Summoner","native":"黒の召喚士","userPreferred":"Kuro no Shoukanshi"},"type":"ANIME"}},{"mediaRecommendation":{"id":112608,"title":{"romaji":"Slime Taoshite 300-nen, Shiranai Uchi ni Level MAX ni Nattemashita","english":"I've Been Killing Slimes for 300 Years and Maxed Out My Level","native":"スライム倒して300年、知らないうちにレベルMAXになってました","userPreferred":"Slime Taoshite 300-nen, Shiranai Uchi ni Level MAX ni Nattemashita"},"type":"ANIME"}},{"mediaRecommendation":{"id":21613,"title":{"romaji":"Youjo Senki","english":"Saga of Tanya the Evil","native":"幼女戦記","userPreferred":"Youjo Senki"},"type":"ANIME"}},{"mediaRecommendation":{"id":98035,"title":{"romaji":"Fate/Apocrypha","english":"Fate/Apocrypha","native":"Fate/Apocrypha","userPreferred":"Fate/Apocrypha"},"type":"ANIME"}},{"mediaRecommendation":{"id":99726,"title":{"romaji":"Net-juu no Susume","english":"Recovery of an MMO Junkie","native":"ネト充のススメ","userPreferred":"Net-juu no Susume"},"type":"ANIME"}},{"mediaRecommendation":{"id":142849,"title":{"romaji":"Ayakashi Triangle","english":"Ayakashi Triangle","native":"あやかしトライアングル","userPreferred":"Ayakashi Triangle"},"type":"ANIME"}},{"mediaRecommendation":{"id":20966,"title":{"romaji":"Yamada-kun to 7-nin no Majo","english":"Yamada and the Seven Witches","native":"山田くんと7人の魔女","userPreferred":"Yamada-kun to 7-nin no Majo"},"type":"ANIME"}},{"mediaRecommendation":{"id":11887,"title":{"romaji":"Kokoro Connect","english":"Kokoro Connect","native":"ココロコネクト","userPreferred":"Kokoro Connect"},"type":"ANIME"}},{"mediaRecommendation":{"id":130586,"title":{"romaji":"Shijou Saikyou no Daimaou, Murabito A ni Tensei suru","english":"The Greatest Demon Lord Is Reborn as a Typical Nobody","native":"史上最強の大魔王、村人Aに転生する","userPreferred":"Shijou Saikyou no Daimaou, Murabito A ni Tensei suru"},"type":"ANIME"}},{"mediaRecommendation":{"id":144553,"title":{"romaji":"Saikyou Onmyouji no Isekai Tenseiki","english":"The Reincarnation of the Strongest Exorcist in Another World","native":"最強陰陽師の異世界転生記","userPreferred":"Saikyou Onmyouji no Isekai Tenseiki"},"type":"ANIME"}},{"mediaRecommendation":{"id":101280,"title":{"romaji":"Tensei Shitara Slime Datta Ken","english":"That Time I Got Reincarnated as a Slime","native":"転生したらスライムだった件","userPreferred":"Tensei Shitara Slime Datta Ken"},"type":"ANIME"}},{"mediaRecommendation":{"id":108511,"title":{"romaji":"Tensei Shitara Slime Datta Ken 2nd Season","english":"That Time I Got Reincarnated as a Slime Season 2","native":"転生したらスライムだった件 第2期","userPreferred":"Tensei Shitara Slime Datta Ken 2nd Season"},"type":"ANIME"}},{"mediaRecommendation":{"id":116742,"title":{"romaji":"Tensei Shitara Slime Datta Ken 2nd Season Part 2","english":"That Time I Got Reincarnated as a Slime Season 2 Part 2","native":"転生したらスライムだった件 第2期 第2クール","userPreferred":"Tensei Shitara Slime Datta Ken 2nd Season Part 2"},"type":"ANIME"}},{"mediaRecommendation":{"id":129191,"title":{"romaji":"Shikkakumon no Saikyou Kenja","english":"The Strongest Sage with the Weakest Crest","native":"失格紋の最強賢者","userPreferred":"Shikkakumon no Saikyou Kenja"},"type":"ANIME"}},{"mediaRecommendation":{"id":154391,"title":{"romaji":"Jitsu wa Ore, Saikyou Deshita?","english":"Am I Actually the Strongest?","native":"実は俺、最強でした？","userPreferred":"Jitsu wa Ore, Saikyou Deshita?"},"type":"ANIME"}},{"mediaRecommendation":{"id":140501,"title":{"romaji":"Seiken Gakuin no Maken Tsukai","english":"The Demon Sword Master of Excalibur Academy","native":"聖剣学院の魔剣使い","userPreferred":"Seiken Gakuin no Maken Tsukai"},"type":"ANIME"}},{"mediaRecommendation":{"id":163076,"title":{"romaji":"Akuyaku Reijou Level 99: Watashi wa Ura Boss desu ga Maou de wa Arimasen","english":"Villainess Level 99: I May Be the Hidden Boss but I'm Not the Demon Lord","native":"悪役令嬢レベル99 ～私は裏ボスですが魔王ではありません～","userPreferred":"Akuyaku Reijou Level 99: Watashi wa Ura Boss desu ga Maou de wa Arimasen"},"type":"ANIME"}}]}