{"id":142666,"idMal":50586,"title":{"romaji":"Migi to Dali","english":"Migi&Dali","native":"ミギとダリ","userPreferred":"Migi to Dali"},"format":"TV","status":"FINISHED","episodes":13,"description":"After finally adopting a child, the Sonoyamas were unprepared for the mystery that would soon unravel. Hitori seems to be the perfect son for his loving parents. He's handsome, intelligent, and grateful for his new lavish life—but he has a dark secret. Hitori is actually the twins Migi and Dali pretending to be one boy. And they have a terrifying motive behind their hidden identity.<br>\n<br>\n(Source: Crunchyroll)","startDate":{"year":2023,"month":10,"day":2},"endDate":{"year":2023,"month":12,"day":25},"season":"FALL","seasonYear":2023,"duration":24,"countryOfOrigin":"JP","isLicensed":true,"source":"MANGA","hashtag":"#ミギダリ","trailer":"https://www.youtube.com/watch?v=2aqkHQXIfiw","updatedAt":1706295778,"coverImage":{"large":"https://s4.anilist.co/file/anilistcdn/media/anime/cover/large/bx142666-V3L6TwYLZ33l.jpg","medium":"https://s4.anilist.co/file/anilistcdn/media/anime/cover/medium/bx142666-V3L6TwYLZ33l.jpg","small":"https://s4.anilist.co/file/anilistcdn/media/anime/cover/small/bx142666-V3L6TwYLZ33l.jpg","color":"#e47850"},"bannerImage":"https://s4.anilist.co/file/anilistcdn/media/anime/banner/142666-TRUhpFU5vSnF.jpg","genres":["Drama","Mystery","Slice of Life"],"synonyms":null,"averageScore":75,"meanScore":76,"favourites":459,"popularity":16105,"trending":4,"tags":[{"id":494,"name":"Twins","isMediaSpoiler":false},{"id":87,"name":"Family Life","isMediaSpoiler":true},{"id":82,"name":"Male Protagonist","isMediaSpoiler":false},{"id":252,"name":"Revenge","isMediaSpoiler":true},{"id":456,"name":"Conspiracy","isMediaSpoiler":true},{"id":1277,"name":"Found Family","isMediaSpoiler":false},{"id":1052,"name":"Adoption","isMediaSpoiler":false},{"id":50,"name":"Seinen","isMediaSpoiler":false},{"id":281,"name":"Surreal Comedy","isMediaSpoiler":false},{"id":488,"name":"Age Regression","isMediaSpoiler":true},{"id":171,"name":"Bullying","isMediaSpoiler":false},{"id":85,"name":"Tragedy","isMediaSpoiler":false},{"id":46,"name":"School","isMediaSpoiler":false},{"id":186,"name":"Crossdressing","isMediaSpoiler":true},{"id":104,"name":"Anti-Hero","isMediaSpoiler":true},{"id":25,"name":"Historical","isMediaSpoiler":false},{"id":536,"name":"Dissociative Identities","isMediaSpoiler":true},{"id":102,"name":"Coming of Age","isMediaSpoiler":true},{"id":153,"name":"Time Skip","isMediaSpoiler":true},{"id":75,"name":"Boys' Love","isMediaSpoiler":false},{"id":139,"name":"Love Triangle","isMediaSpoiler":false}],"relations":[{"id":101687,"title":{"english":null,"native":"ミギとダリ","romaji":"Migi to Dali","userPreferred":"Migi to Dali"},"type":"MANGA"}],"characters":[{"id":284574,"name":"Dali"},{"id":284573,"name":"Migi"},{"id":299536,"name":"Maruta Tsutsumi"},{"id":299537,"name":"Shuunpei Akiyama"},{"id":299535,"name":"Eiji Ichijou"},{"id":316601,"name":"Youko Sonoyama"},{"id":316600,"name":"Osamu Sonoyama"},{"id":316836,"name":"Reiko Ichijou"},{"id":317987,"name":"Micchan"},{"id":321390,"name":"Karen Ichijou"},{"id":321391,"name":"Akira Ichijou"}],"staff":[{"id":116083,"name":"Nami Sano"},{"id":107300,"name":"Mankyuu"},{"id":120021,"name":"Ayumi Nishihata"},{"id":107300,"name":"Mankyuu"},{"id":125145,"name":"Hiroko Sebu"},{"id":133628,"name":"Mamoru Enomoto"},{"id":107300,"name":"Mankyuu"},{"id":120021,"name":"Ayumi Nishihata"},{"id":133968,"name":"Takayo  Mitsuwaka"},{"id":104387,"name":"Emi Honda"},{"id":159007,"name":"Nozomu Fuji"},{"id":230135,"name":"Mikiya Hiragi"},{"id":146515,"name":"Haruko Nobori"},{"id":137129,"name":"Risa Wakabayashi"},{"id":101596,"name":"Masahiro Gotou"},{"id":168938,"name":"Mika Watanabe"},{"id":233975,"name":"Kouhei Ogawa"},{"id":147831,"name":"Naoto Yamatani"},{"id":149075,"name":"Shigemi Aoyagi"},{"id":183446,"name":"Hanako Kikuchi"},{"id":133754,"name":"Ryoutarou Akao"},{"id":133147,"name":"Mamoru Abiko"},{"id":172818,"name":"Naoto Kaneda"},{"id":139208,"name":"Rib"},{"id":119382,"name":"Soraru"}],"studios":[{"id":6216,"name":"GEEKTOYS","isAnimationStudio":true},{"id":7263,"name":"CompTown","isAnimationStudio":true},{"id":6698,"name":"KADOKAWA","isAnimationStudio":false},{"id":513,"name":"Nikkatsu","isAnimationStudio":false},{"id":464,"name":"flying DOG","isAnimationStudio":false},{"id":6621,"name":"Bit Grooove Promotion","isAnimationStudio":false}],"isFavourite":false,"isAdult":false,"isLocked":false,"nextAiringEpisode":null,"airingSchedule":[{"airingAt":1696251600,"timeUntilAiring":-10046637,"episode":1},{"airingAt":1696856400,"timeUntilAiring":-9441837,"episode":2},{"airingAt":1697461200,"timeUntilAiring":-8837037,"episode":3},{"airingAt":1698066000,"timeUntilAiring":-8232237,"episode":4},{"airingAt":1698670800,"timeUntilAiring":-7627437,"episode":5},{"airingAt":1699275600,"timeUntilAiring":-7022637,"episode":6},{"airingAt":1699880400,"timeUntilAiring":-6417837,"episode":7},{"airingAt":1700485200,"timeUntilAiring":-5813037,"episode":8},{"airingAt":1701090000,"timeUntilAiring":-5208237,"episode":9},{"airingAt":1701694800,"timeUntilAiring":-4603437,"episode":10},{"airingAt":1702299600,"timeUntilAiring":-3998637,"episode":11},{"airingAt":1702904400,"timeUntilAiring":-3393837,"episode":12},{"airingAt":1703509200,"timeUntilAiring":-2789037,"episode":13}],"trends":[{"date":1639321200,"trending":24,"popularity":0,"inProgress":null},{"date":1639407600,"trending":33,"popularity":31,"inProgress":null},{"date":1639494000,"trending":11,"popularity":68,"inProgress":null},{"date":1639580400,"trending":7,"popularity":83,"inProgress":null},{"date":1639666800,"trending":3,"popularity":90,"inProgress":1},{"date":1639753200,"trending":1,"popularity":95,"inProgress":1},{"date":1639839600,"trending":3,"popularity":98,"inProgress":1},{"date":1639926000,"trending":3,"popularity":100,"inProgress":1},{"date":1640012400,"trending":1,"popularity":104,"inProgress":1},{"date":1640098800,"trending":1,"popularity":105,"inProgress":1},{"date":1640185200,"trending":1,"popularity":106,"inProgress":1},{"date":1640530800,"trending":1,"popularity":107,"inProgress":1},{"date":1640703600,"trending":1,"popularity":109,"inProgress":1},{"date":1640790000,"trending":1,"popularity":111,"inProgress":1},{"date":1640962800,"trending":2,"popularity":112,"inProgress":1},{"date":1641135600,"trending":2,"popularity":116,"inProgress":1},{"date":1641222000,"trending":2,"popularity":118,"inProgress":1},{"date":1641308400,"trending":1,"popularity":119,"inProgress":1},{"date":1641740400,"trending":1,"popularity":123,"inProgress":1},{"date":1642518000,"trending":1,"popularity":123,"inProgress":1},{"date":1642863600,"trending":2,"popularity":126,"inProgress":1},{"date":1643036400,"trending":1,"popularity":126,"inProgress":1},{"date":1643122800,"trending":1,"popularity":128,"inProgress":1},{"date":1643295600,"trending":1,"popularity":129,"inProgress":1},{"date":1643382000,"trending":4,"popularity":129,"inProgress":1}],"externalLinks":["https://twitter.com/MigiToDali","https://migitodali.com/","https://www.crunchyroll.com/series/GJ0H7QGKK/migidali"],"streamingEpisodes":[{"title":"Episode 13 - Migi and Dali","thumbnail":"https://img1.ak.crunchyroll.com/i/spire1-tmb/06e97850fb4d9d9d3da55796c95b84341703482926_full.jpg","url":"http://www.crunchyroll.com/migidali/episode-13-migi-and-dali-919433","site":"Crunchyroll"},{"title":"Episode 12 - Our Revenge","thumbnail":"https://img1.ak.crunchyroll.com/i/spire4-tmb/6f6c248785e4f65482aed5973f77ca9f1702910195_full.jpg","url":"http://www.crunchyroll.com/migidali/episode-12-our-revenge-918532","site":"Crunchyroll"},{"title":"Episode 11 - Upside-Down Woman","thumbnail":"https://img1.ak.crunchyroll.com/i/spire4-tmb/a157c28a8e389f1269d08aeca18de1311702275014_full.jpg","url":"http://www.crunchyroll.com/migidali/episode-11-upside-down-woman-917869","site":"Crunchyroll"},{"title":"Episode 10 - Beavers vs Mother Ichijo","thumbnail":"https://img1.ak.crunchyroll.com/i/spire4-tmb/1171ed5f20665d0308481d6c8d466f471701679415_full.jpg","url":"http://www.crunchyroll.com/migidali/episode-10-beavers-vs-mother-ichijo-917612","site":"Crunchyroll"},{"title":"Episode 9 - Kill Kill Kill Kill Kill","thumbnail":"https://img1.ak.crunchyroll.com/i/spire4-tmb/251026aef97912cee322edd6eeb4ac4d1701087928_full.jpg","url":"http://www.crunchyroll.com/migidali/episode-9-kill-kill-kill-kill-kill-917611","site":"Crunchyroll"},{"title":"Episode 8 - Two ≠ One","thumbnail":"https://img1.ak.crunchyroll.com/i/spire1-tmb/33a9cc848a8b2a61ff97abbb0c6cf7771700479881_full.jpg","url":"http://www.crunchyroll.com/migidali/episode-8-two-one-916932","site":"Crunchyroll"},{"title":"Episode 7 - It Wasn't a Ghost","thumbnail":"https://img1.ak.crunchyroll.com/i/spire2-tmb/9d9be4796932b4a0c1cb12d0e492cc2c1699865989_full.jpg","url":"http://www.crunchyroll.com/migidali/episode-7-it-wasnt-a-ghost-916931","site":"Crunchyroll"},{"title":"Episode 6 - Who Killed the Parent Bird?","thumbnail":"https://img1.ak.crunchyroll.com/i/spire1-tmb/08f13f9795555e68b17ae41eece17abd1699264358_full.jpg","url":"http://www.crunchyroll.com/migidali/episode-6-who-killed-the-parent-bird-916356","site":"Crunchyroll"},{"title":"Episode 5 - Water Flea's Song","thumbnail":"https://img1.ak.crunchyroll.com/i/spire2-tmb/d8e0208060ff7d3e88b07e1a57b3a21a1698647093_full.jpg","url":"http://www.crunchyroll.com/migidali/episode-5-water-fleas-song-916354","site":"Crunchyroll"},{"title":"Episode 4 - Be a good student","thumbnail":"https://img1.ak.crunchyroll.com/i/spire3-tmb/39f97f9bcbce73b94bfe92f5946eeaea1698063435_full.jpg","url":"http://www.crunchyroll.com/migidali/episode-4-be-a-good-student-915850","site":"Crunchyroll"},{"title":"Episode 3 - Let's make friends","thumbnail":"https://img1.ak.crunchyroll.com/i/spire1-tmb/cfd8c252b416774c4fd180d6fdc4e1691697451220_full.jpg","url":"http://www.crunchyroll.com/migidali/episode-3-lets-make-friends-915849","site":"Crunchyroll"},{"title":"Episode 2 - Welcome Party","thumbnail":"https://img1.ak.crunchyroll.com/i/spire3-tmb/200195a3423bfd76d3836166a159e0211696853763_full.jpg","url":"http://www.crunchyroll.com/migidali/episode-2-welcome-party-915251","site":"Crunchyroll"},{"title":"Episode 1 - Migi and Dali","thumbnail":"https://img1.ak.crunchyroll.com/i/spire1-tmb/1bc462aa4380c963defea448e49faa9d1696244702_full.jpg","url":"http://www.crunchyroll.com/migidali/episode-1-migi-and-dali-915246","site":"Crunchyroll"}],"rankings":[{"rank":51,"type":"RATED","context":"highest rated","year":2023,"season":null},{"rank":14,"type":"RATED","context":"highest rated","year":2023,"season":"FALL"}],"mediaListEntry":null,"reviews":[{"id":23024,"score":85,"summary":"Pretending to be a single child, they have a mission to uncover the identity of their mother's killer in the village. ","body":"・ English is my <a>second language</a>, there may be errors in my grammar..\n・I try to make a <a>spoiler-free</a> review, however, in the section <a>**opinion**</a> might have some spoilers.\n・General experience <a>≠</a> Final score. My personal score is *based in 5 star system*, so **I tried to put an accurate number here**, but isn't always the case.\n・Locate  <a>**(Brief) Conclusion + Recommendation**</a> section where the main points are summarized.\n\n~~~━━━━━━━ ⟡ ━━━━━━━~~~\n\n# ~~~**Experience with** <a> __Migi to Dali __ ~~~ </a>\n\n~~~━━━━━━━ ⟡ ━━━━━━━~~~\n\n~~~<a>**Iɴᴛʀᴏᴅᴜᴄᴛɪᴏɴ**</a>~~~\n \nIn front of the seemingly perfect boy, who displays skillfulness in various areas, **the Sonoyamas have no hesitation in adopting him**. This is where Hitori's promising days begin, however, <a>**the bright facade conceals two faces**</a>. Hitori(Lonely) is, in fact, <a>*a set of twins with a mission to uncover the identity of their mother's killer in the village*</a>. They must explore the hidden secrets that lie beneath the surface.\n\n~~~━━━━━━━ ⟡ ━━━━━━━~~~\n\n~~~<a>**Oᴘɪɴɪᴏɴ**</a>~~~\n\nMigi (Right) and Dali (Left) at first intance we see them serious, **focused on their goal that is not revealed until later**, yet at this point we believed that it was more comedy than anything, because *result quite hilarious their weird methods to exchange as “Hitori” behind the scenes*. However, <a>as we delve deeper into their story and learn about their tragic past</a>, each moment takes on significant meaning, forging connections and **forcing them to wear masks to shield themselves from further harm**. Yet, <a>as their paths begin to diverge</a>, another pivotal point arises in this captivating narrative.\n    \nThe adaptation successfully maintains a great balance by **constantly shifting the atmosphere**, along the color palette perfectly suits the scenes, and the rhythm of the show feels dynamic. Considering the challeging aspects of this story, where <a>the balance between a *bizarre humor* and a tragic revenge are the main topic</a>, **the composition series manage to be inmersive** enough to never lost the focus of what’s going on.\n    \nThe **[opening theme](https://open.spotify.com/track/2rEATv4FT09bqwB6fQ2qJY?si=ZTSsta4GRFOdIn9g5EiQOQ) is undeniably catchy and captivating**, and each episode's cliffhanger leaves a void, and the [ending theme](https://open.spotify.com/track/5Y7I67xCLNaPTHvUP78AI2?si=t_56OpoNTlacsFGCGK-_bg) fills it with a **nostalgic feeling**, creating a **bittersweet soundscape**. It's quite interesting. \nI found likeable the chosen voice actors, [Horie Shun](https://anilist.co/staff/119869) and [Ayumu Murase](https://anilist.co/staff/110919) are a perfect match. In the beginning, <a>they sounded so similar that can be confusing</a>, but </a>*as the story progresses, you can easily identify each character*</a>, that direction fits perfectly according their development.\n    \nMigi and Dali are incredibly expressive and maybe profound to analyze to *certain extended*, <a>all while reminding us that they are just children</a>, being a great balance in this series, **<a>they feel genuine</a>**, the same goes for the rest of the charactes, even <a>the adults result amusing by they own context **that result a little disturbing**</a>, yet manage to be coherent and impressive.\n    \nThroughout the show, <a>I experienced a range of emotions</a>, and I must say, it is a <a>**well-executed adaptation of the manga**</a>,. The storyline is masterfully maintained, **never becoming dull**, and <a>*always leaving you with something to ponder and marvel at the uniqueness of the characters*</a>. While there are certain instances of paranormal elements introduced through random shots, **they do not detract from the overall coherence of the series**.\n\n<a>**Regardless of the conclusion of the series**</a>, I feel like it was a pleasant experience. Even though everything started in an anxious and almost anguished story, the hints of Migi and Dali understanding that they can't be the same person result in a heartwarming resolution. After a series of **frenetic episodes**, they finally find the peace and happiness they deserve. It is **at this point that we begin to observe their differences** and witness how they chart their own paths. Despite being physically separated, their hearts remain connected, showcasing the **_wholesome bond between siblings_**. The rest of the characters also have their spotlight, and it feels like a coherent closure for them.\n\n~~~━━━━━━━ ⟡ ━━━━━━━~~~\n\n~~~<a>**(ʙʀɪᴇғ) Cᴏɴᴄʟᴜsɪᴏɴ + Rᴇᴄᴏᴍᴍᴇɴᴅᴀᴛɪᴏɴ**</a>~~~\n\nThe Sonoyama family finally have the opportunity to adopt, **a fateful encounter happens with Hitori**, <a>**he proves to be the embodiment of their long-awaited ideal son**</a>, the journey towards a perfect parenting life begins. However, beneath that smiling face, <a>*two hidden identities are hidden*</a>.\n\n“Hitori” are twins **concealing their true selves** as they harbor an important mission, to infiltrate the village and <a>uncover the identity of their mother's killer</a>. Pretending to be a single child, they must interact and investigate, *gradually unveiling the truth behind the case* and ultimately seeking vengeance for their mother.\n    \n<a>This anime it's a hidden gem</a>, where a multitude of conflicting elements **converge to create a thrilling story of revenge** and a *heartwarming journey of self-discovery* for the main characters. It's hard to put into words the brilliance of this story. The blend of <a>weirdness</a> and <a>occasional parodic</a> atmosphere within a </a>serious context</a> may seem contradictory, but somehow, **<a>it all comes together to form a cohesive and entertaining narrative</a>**. \n    \nIf this brief context is helpful for you to understand the story of this anime, then I must add that <a>**I highly recommend it**</a>. This show masterfully balances its various elements, **resulting in an entertaining story that will leave you thoroughly satisfied with its conclusion**. A truly unique experience awaits you that will give you chill in your spine.\n\n~~~img300(https://imgur.com/G5MAgwa.png) img300(https://imgur.com/k8iSJ2e.png) \nimg500(https://imgur.com/rBoVjX2.png) ~~~\n\n~~~━━━━━━━ ⟡ ━━━━━━━~~~\n\nTo conclude, I read the manga last year by the author [Sano Nami](https://anilist.co/staff/116083), her story provided a truly remarkable experience. <a>It captivated me from beginning to end</a>, and <a>**the anime adaptation successfully brought it to life**</a>. Rest in peace.\n\n~~~img500(https://imgur.com/vIS7LdX.png)~~~\n\n\n~~~━━━━━━━ ⟡ ━━━━━━━~~~"},{"id":23111,"score":86,"summary":"It's not often a series comes along that nails both Horror AND Comedy, but Migi & Dali pulls it off and more","body":"~~~img(https://starcrossedanime.com/wp-content/uploads/2023/12/Migi-Dali-Banner.png)~~~\n\nAnimated horror can be a pretty hard genre to nail. You know what you're watching, so you're expecting to be scared, and it being animated removes it from the real world, narrowing your options. Comedy can be similarly difficult. Due to how subjective it be, its common to fall back on slapstick, what with animations malleable bodies and stylized violence. But what if I were to tell you there was an anime that does both? A situational comedy that gets laughs not from banana peels or pies to the face, but absurd surreal situations? That successfully transitions to a full blown horror, complete with a murder mystery? Well that show is what I'm here to talk about today. Animated studio <a href=\"https://anilist.co/studio/6216/GEEKTOYS\">GEEKTOYS</a>, directed by <a href=\"https://anilist.co/staff/107300/Mankyuu\">Mankyuu</a> and originally created by the late <a href=\"https://anilist.co/staff/116083/Nami-Sano\">Nami Sano</a> who passed earlier this year, I give to you my favorite anime of Fall 2023: *<a href=\"https://anilist.co/anime/142666/MigiDali/staff\">Migi &amp; Dali</a>*.\n\n**Be warned, this review contains minor unmarked spoilers for *Migi &amp; Dali*. It also contains major spoilers in some sections however these will be heavily marked to avoid accidents**.\n\n~~~img(https://starcrossedanime.com/wp-content/uploads/2023/12/Migi-Dali-12.6.jpg)~~~\n\n#~~~__Narrative__~~~\n\nLet's start with *Migi &amp; Dali's* most defining feature, its narrative. The core of *Migi &amp; Dali's* story is one of revenge, as a pair of twins named, you guessed it, Migi and Dali return to Origon Village to discover who murdered their mother. Along the way they will find friends and allies, discover all manner of secrets in this quaint little town, and perhaps even find a family of their own. To do this, they work to become adopted by a local family. However there's a wrinkle: That family is only looking for one child, not two. But what about two who are one? One individual across two bodies, acting in concert, swapping in and out to accomplish tasks as needed. While one works the other investigates, always watching, always learning about this little town.\n\nNow I can hear you asking, didn't I call *Migi &amp; Dali* a horror comedy? This sounds like pure mystery horror! Well as I said, *Migi &amp; Dali's* brand of comedy is very surreal. Early on the series uses its premise to justify weird situations or to create off-putting scenes. Take an example from early on in episode two as an example. The twins overhear a their foster parents discussing a secret and become convinced they want to kill them. So the only thing to do? Kill them first, with a plan so silly and naïve only children who don't really understand killing could be. Played straight, this is attempted murder. But *Migi &amp; Dali* never plays it straight, so instead it comes off as this surreal humor. This sort of subversion of expectations is the shows bread and butter, from episode one all the way to the end.\n\nWhat makes *Migi &amp; Dali* truly special though is how it manages to catch you by surprise eight, nine, ten episodes later. The further in you get the more serious the situations and the less naïve our leads become. Slowly but surely it transforms into the mystery horror it originally billed itself as, but the shift is so slow and subtle you don't notice it until you actually get spooked. It's as if the series starts at 80% humor and 20% horror before, by the end, flipping those percent's entirely. Or perhaps it's more accurate to say that it successfully merged the two together, never losing either. However you want to describe it, the point is that *Migi &amp; Dali* successfully balances both surrealist humor, horror, and light-hearted family moments into a downright heartwarming story about two twins finding closure for their mother and a new home in Origon Village.\n\nThe only major criticism I have about *Migi &amp; Dali's* story is that sometimes it gets weird. Like... Teenagers in diapers acting like babies weird. While these moments are relevant to the story, I can't help but feel they are unnecessary and that what *Migi &amp; Dali* was going for could have been communicated in a different, more effective way. I don't think these scenes will ruin the show for anyone, they are over rather quickly and there aren't many of them. But they do exist, and they will probably weird some people out. I know they did me, which is saying something because *Migi &amp; Dali's* regular weirdness was exactly what I was looking for. It's just these few scenes where it goes to far, without adding much to the actual story in return.\n\nOverall though I'd say *Migi &amp; Dali* has one of the best stories of the year. Its balance of humor and horror, of weird and heart-warming, is almost perfect. In fact by the end I was full on crying. Even now, as I'm writing this review, thinking back to that ending still brings tears to my eyes. Oh did I not mention that? Yeah, *Migi &amp; Dali* actually ends. There's no cliffhanger, no \"Season Two\" that never comes, no \"Go read the manga\". *Migi &amp; Dali* begins and ends in this cour, never overstaying its welcome, and it's better for it. So if a 13 episode self contained series that goes from surrealist comedy to fully fledged horror to heart-warming found family sounds like something you're looking for, than stop reading this review and go watch it. Or well... Finish reading and then go watch it, need that engagement.\n\n~~~img(https://starcrossedanime.com/wp-content/uploads/2023/11/Migi-Dali-7.2-e1700113792171.jpg)~~~\n\n#~~~__Characters__~~~\n\nMoving on we come to the characters. After how much I wrote about the narrative, it should come as no surprise that the characters are great as well. For the most part at least. All of the main cast are pretty solid. This covers Migi and Dali, obviously, Eiji Ichijo and his mother Reiko, Migi's friend Akiyama, and the Sonoyama's. While not all of them have \"arcs\" per se, really only Migi and Dali get that much focus and we will get to them, they all get enough attention to shine and show us who they really are. Whether it be Akiyama going from this weird bird kid to a true friend or the Sonoyama's from airheads to legitimately some of the best parents in anime. I guarantee you'll cry for at least one of them. I did for multiple of them!\n\nThe only characters I would say fall short are some of the side-cast. The maid, Mit-chan, for instance. She exists as this loosely supportive adult, the first one the twins feel they can truly trust. Yet she never becomes anymore more than the well-intentioned gossiping neighborhood cleaning lady, which is disappointing considering her role in the story. Maruta, another local child, gets a similar treatment. He starts as a twat and ends... As a slightly lesser twat. Hell it might even be more accurate to say he ends simply as *our* twat, in that he doesn't really improve he just becomes loveable for it. *Migi &amp; Dali* tries to do something with him, same with the remaining members of the Ichijo family like Karen, but I can't say it succeeds. Luckily these are all relatively minor characters and don't negatively impact the show all that much.\n\nFinally we come to Migi and Dali, who are fantastic. They spend the series slowly evolving from \"One person in two bodies\" into individual people with their own personalities, interests and desires. We get to watch them discover who they are as they drift further and further apart as they see more of the outside world. This of course leads to some great confrontations between the two as, for the longest time, they were the only other person they had. To them, this separation was something to be *feared*, not praised. Yet throughout the shows run *Migi &amp; Dali* handles it perfectly, giving them just enough space to grow and fight but always bringing it back around to the central mystery. So to make a long story short: *Migi &amp; Dali* has a great core cast, and even better leads. It's only a few supporting characters who fall short.\n\n~~~img(https://starcrossedanime.com/wp-content/uploads/2023/10/Migi-to-Dali-3.1.jpg)~~~\n\n#~~~__Visuals__~~~\n\nWith that we come to *Migi &amp; Dali's* production. This is, without question, the shows weakest aspect. You see, *Migi &amp; Dali* doesn't really move much. Or at all, if I'm being honest. It's barely animated at all, using primarily still frames, slow movement and wide shots to get everyone within a single frame. There are no big sakuga moments, no subtle character acting or facial expressions, it doesn't even have detailed or memorable backgrounds. This isn't terribly surprising looking at GEEKTOYS other works, neither *<a href=\"https://anilist.co/anime/131863/Liar-Liar/\">Liar Liar</a>* nor *<a href=\"https://anilist.co/anime/157198/Dead-Mount-Death-Play/\">Dead Mount Death Play</a>* were visual powerhouses either. Where *Migi &amp; Dali* differs from those however is that the team seems aware of this from the beginning, not even try anything particularly ambitious to begin with. So while it doesn't look great, it never falls apart or gets in over its head either. It's consistent the whole way through.\n\nThis is good, because while *Migi &amp; Dali's* animation isn't all that strong, the direction does it's best to make up for it. Again, there's nothing to complex or fancy here, no wild SHAFT editing or fish-eye lens effects, none of that stuff. Instead *Migi &amp; Dali* takes a bunch of otherwise basic shots and hones them to *perfection*. It knows when to hold and let something sink in, when to cut or quickly pan to keep up with a scenes energy, how to time events with the music for maximum effect. Think of it like this. *Migi &amp; Dali* is a mom and pop show burger. It's nothing new or unique, no fancy ingredients or sauces. It's just a burger. But the patty is cooked to perfection, the lettuce is fresh, and the buns baked that morning. It's an average dish, executed as well as it can be.\n\nBecause of this, *Migi &amp; Dali* is able to nail the tone of most scenes. When it wants you to feel creeped out it turns up the music, darkens the shadows, brings in the camera and starts sliding between shots as if you were looking around frantically. When you're meant to feel happy or touched the colors get warmer and the camera pulls out, brightening up the scene and getting rid of shadows to make you feel safe. Want to be sad? Lets up the blue balance in a scene, same with red for anger. This is what I mean by executing what little it has to perfection. And it's why I think, despite its otherwise lackluster animation, that *Migi &amp; Dali* comes out looking rather decent even as it's the worst thing about the show.\n\n~~~youtube(https://www.youtube.com/watch?v=PIvQo91LeXo&amp;list=PLsjHJgYvZrFQfxkVlr4pHsTWVB36lr36v&amp;index=17)~~~\n\n#~~~__OST__~~~\n\nFinally we come to the OST! This is the composer, <a href=\"https://anilist.co/staff/125145/Hiroko-Sebu\">Hiroko Sebu's</a>, first TV length project, and only her third project overall. Her other works are a short animation called \"<a href=\"https://anilist.co/anime/103402/What-Happens-Before-War/\">What Happens Before War?</a>\" and a small movie by the name of \"<a href=\"https://anilist.co/anime/99750/I-Want-to-Eat-Your-Pancreas/\">I Want to Eat Your Pancreas</a>\". Outside of anime however she's worked on a number of movies and TV shows, so she is by no means new to this game. So it should come as no surprise that her work on *Migi &amp; Dali's* OST was pretty damn good. For what you can expect, the OST is primarily classical in style. Hell one track titled \"<a href=\"https://www.youtube.com/watch?v=NXRE2BtUAcc&amp;list=PLsjHJgYvZrFQfxkVlr4pHsTWVB36lr36v&amp;index=16\">Moonlight</a>\" is literally Claude Debussy's \"Clair De Lune\". There are some exceptions to this, like the bumping EDM of \"<a href=\"https://www.youtube.com/watch?v=SqmS0K55Dmk&amp;list=PLsjHJgYvZrFQfxkVlr4pHsTWVB36lr36v&amp;index=19\">Detective Boys Beavers</a>\", or \"<a href=\"https://www.youtube.com/watch?v=e8T3sS2lMh0&amp;list=PLsjHJgYvZrFQfxkVlr4pHsTWVB36lr36v&amp;index=26\">Heaven and Hell</a>\" which brings in an organ. For the most part though, it's classical instruments.\n\nThis isn't to say *Migi &amp; Dali* doesn't have variety though. Even when restricted to just the classics, tracks like foreboding and purposeful \"<a href=\"https://www.youtube.com/watch?v=1EqRDDfACF8&amp;list=PLsjHJgYvZrFQfxkVlr4pHsTWVB36lr36v&amp;index=4\">Proud Woman Reiko Ichijo</a>\" manage to sound completely different from the whimsical and exploratory \"<a href=\"https://www.youtube.com/watch?v=O01n_vft8BY&amp;list=PLsjHJgYvZrFQfxkVlr4pHsTWVB36lr36v&amp;index=17\">My First Base, French Style</a>\" (Yes it's what you think) or the burst of joy at the taste of something new that is \"<a href=\"https://www.youtube.com/watch?v=e0-YlWBhaZU&amp;list=PLsjHJgYvZrFQfxkVlr4pHsTWVB36lr36v&amp;index=26\">Instant hit! Cherry Pie</a>\". An that's not even diving into *Migi &amp; Dali's* use of leitmotifs. That song you've been listening to as you read this, assuming you clicked the video above? That's the absolutely iconic \"<a href=\"https://www.youtube.com/watch?v=PIvQo91LeXo&amp;list=PLsjHJgYvZrFQfxkVlr4pHsTWVB36lr36v&amp;index=19\">A Boy 'Migi and Dali'</a>\", used throughout the series whenever the twins are acting in concert. Now try \"<a href=\"https://www.youtube.com/watch?v=KZaLwgwSbQU&amp;list=PLsjHJgYvZrFQfxkVlr4pHsTWVB36lr36v&amp;index=12\">Mother's Memory</a>\" and hear how similar they are, as that same motif is born from another melody. Or try \"<a href=\"https://www.youtube.com/watch?v=B2sogjpvzT4&amp;list=PLsjHJgYvZrFQfxkVlr4pHsTWVB36lr36v&amp;index=7\">First Friend</a>\" as it takes it's first tentative steps towards change. It's all throughout the OST!\n\nSuffice to say, I enjoyed *Migi &amp; Dali's* OST quite a bit. And while it may be difficult at times while watching the show itself to pick out the different tracks, I think it ends up being used rather well to boot. Some may not enjoy that it's almost entirely classical music, and that's fine. There's no guitar, no rock, no real vocals either, and that's going to turn some people off. But for those who either don't mind or enjoy the genre? I think there's a lot to love here. At the very least I think it fits the show perfectly, with the evolution of the leitmotif as the show runs being absolutely fantastic. I feel like you can chart Migi and Dali's journey with that alone, and I think that's pretty cool.\n\n~~~img(https://starcrossedanime.com/wp-content/uploads/2023/10/Migi-to-Dali-2.6.jpg)~~~\n\n#~~~__Closure & Coming Out of the Closet__~~~\n\nWith that we come to the personal portion of the review. This is where I drop any semblance of structure and sort of just ramble about my experience with *Migi &amp; Dali*. This is no-holds-barred  spoiler territory, I *will* be talking about the ending and what it meant to me. So if you haven't watched the show and don't want to be spoiled, and I highly recommend you *don't* spoil yourself for this, than skip this section. I've already told you why I think this is a great show, just go watch it and come back. But if you have watched the show and you want to chat about it? Than read on!\n\n~!So I've already mentioned that one of my favorite things about *Migi &amp; Dali* is that it ends. That we get closure. And that's true! But part of that is also *how* it ends. You see, *Migi &amp; Dali* initially presents itself as a whodunit mystery. It makes you think that's the goal, that figuring out what happened to their mother is the endgame. But we figure that out maybe... halfway through? 2/3rds? To me, the beauty of *Migi &amp; Dali* is that this supposed \"mystery\" is really more of a vehicle for a story about family. About finding people who love you, figuring out who you are, and being comfortable that way in public. Even the inevitable \"revenge\" for their mother comes in the form of saving their surprise third brother, Eiji, rather than murdering the culprit as they originally intended when the series first began.\n\nIn particular, for me *Migi &amp; Dali* was almost a coming out story. Throughout the series we see Migi comfortable with the Sonoyama's, enjoy his time with them, enjoy just *being a family* out in the open. He finds it easy to be \"himself\". Meanwhile Dali is reticent, often found literally hiding in a closet, afraid to show himself. Afraid that he won't be accepted for who he truly is, for Dali rather than \"Hitori\". It all feels like a really blatant metaphor for Dali being LGBT, which is only furthered by the whole crossdressing and kissing Eiji bit, as well as and the Sonoyama's mention of him being \"sensitive\". This is what makes their acceptance of him, all the little things they cared to notice like his favorite foods, hit so hard. The Sonoyama's figured it out on their own, and chose to love him before he ever knew.\n\nMaybe I'm reaching here, making connections where there aren't any. But even if the details or what the author intended are different, the point is that *Migi &amp; Dali* is an exceptionally emotional story for me. The murder mystery plays second fiddle to simply wanting these kids to be happy. And the emotional catharsis I got when it finally happened, when they sat down for that Christmas dinner, when we got that timeskip and saw them all grown up with their individual lives and hobbies, and when Dali left for college separating from Migi for the first time in years... I'll admit it, I cried like a damn baby! And if an anime is capable of achieving that, of getting me *that* emotionally invested? Well than it's worth a watch ain't it?\n!~\n\n~~~img(https://starcrossedanime.com/wp-content/uploads/2023/11/Migi-to-Dali-9.7.jpg)~~~\n\n#~~~__Conclusion__~~~\n\nSo yeah, all in all *Migi &amp; Dali* was fantastic. It's not all that great visually, and it can get *uncomfortably weird* in the middle at times. But neither of those is enough to ruin an otherwise beautiful and emotional story about a pair of twins finding a home where they thought they never would. Nami Sano's last work before her tragic passing in August of 2023 was a beautiful one. It hurts that we will never get another work from her like this, or to a lesser extent like *Sakamoto Desu Ga?*. Still, what we got was great, and I highly recommend you give it a watch. At only 13 episodes long, short enough that you can knock it out in a night if you really want, it is without question my favorite anime of Fall 2023.\n\nThanks for reading! If you want to leave a comment, positive or negative, you can leave it [here](https://anilist.co/activity/666772579)."}],"siteUrl":"https://anilist.co/anime/142666","autoCreateForumThread":false,"modNotes":null,"stats":{"scoreDistribution":[{"score":10,"amount":35},{"score":20,"amount":23},{"score":30,"amount":55},{"score":40,"amount":77},{"score":50,"amount":185},{"score":60,"amount":316},{"score":70,"amount":818},{"score":80,"amount":1048},{"score":90,"amount":918},{"score":100,"amount":495}],"statusDistribution":[{"status":"CURRENT","amount":3371},{"status":"PLANNING","amount":6179},{"status":"COMPLETED","amount":5220},{"status":"DROPPED","amount":995},{"status":"PAUSED","amount":340}]},"isRecommendationBlocked":false,"recommendations":[{"mediaRecommendation":{"id":21595,"title":{"romaji":"Sakamoto desu ga?","english":"Haven't You Heard? I'm Sakamoto","native":"坂本ですが?","userPreferred":"Sakamoto desu ga?"},"type":"ANIME"}},{"mediaRecommendation":{"id":125038,"title":{"romaji":"Shadows House","english":"SHADOWS HOUSE","native":"シャドーハウス","userPreferred":"Shadows House"},"type":"ANIME"}},{"mediaRecommendation":{"id":101759,"title":{"romaji":"Yakusoku no Neverland","english":"The Promised Neverland","native":"約束のネバーランド","userPreferred":"Yakusoku no Neverland"},"type":"ANIME"}},{"mediaRecommendation":{"id":21450,"title":{"romaji":"JoJo no Kimyou na Bouken: Diamond wa Kudakenai","english":"JoJo's Bizarre Adventure: Diamond is Unbreakable","native":"ジョジョの奇妙な冒険 ダイヤモンドは砕けない","userPreferred":"JoJo no Kimyou na Bouken: Diamond wa Kudakenai"},"type":"ANIME"}},{"mediaRecommendation":{"id":140960,"title":{"romaji":"SPY×FAMILY","english":"SPY x FAMILY","native":"SPY×FAMILY","userPreferred":"SPY×FAMILY"},"type":"ANIME"}},{"mediaRecommendation":{"id":21778,"title":{"romaji":"Kishibe Rohan wa Ugokanai","english":"Thus Spoke Rohan Kishibe","native":"岸辺露伴は動かない","userPreferred":"Kishibe Rohan wa Ugokanai"},"type":"ANIME"}},{"mediaRecommendation":{"id":99940,"title":{"romaji":"Itou Junji: Collection","english":"Junji Ito Collection","native":"伊藤潤二「コレクション」","userPreferred":"Itou Junji: Collection"},"type":"ANIME"}},{"mediaRecommendation":{"id":151189,"title":{"romaji":"My Home Hero","english":"My Home Hero","native":"マイホームヒーロー","userPreferred":"My Home Hero"},"type":"ANIME"}},{"mediaRecommendation":{"id":3710,"title":{"romaji":"Hakaba Kitarou","english":"Graveyard Kitaro","native":"墓場鬼太郎","userPreferred":"Hakaba Kitarou"},"type":"ANIME"}},{"mediaRecommendation":{"id":7647,"title":{"romaji":"Arakawa Under the Bridge","english":"Arakawa Under the Bridge","native":"荒川アンダー ザ ブリッジ","userPreferred":"Arakawa Under the Bridge"},"type":"ANIME"}},{"mediaRecommendation":{"id":19,"title":{"romaji":"MONSTER","english":"Monster","native":"MONSTER","userPreferred":"MONSTER"},"type":"ANIME"}},{"mediaRecommendation":{"id":153818,"title":{"romaji":"Majo to Yajuu","english":"The Witch and the Beast","native":"魔女と野獣","userPreferred":"Majo to Yajuu"},"type":"ANIME"}},{"mediaRecommendation":{"id":3673,"title":{"romaji":"Nijuu Mensou no Musume","english":"The Daughter of 20 Faces","native":"二十面相の娘","userPreferred":"Nijuu Mensou no Musume"},"type":"ANIME"}}]}