{"id":146850,"idMal":51462,"title":{"romaji":"Isekai Nonbiri Nouka","english":"Farming Life in Another World","native":"異世界のんびり農家","userPreferred":"Isekai Nonbiri Nouka"},"format":"TV","status":"FINISHED","episodes":12,"description":"Life cut short by illness at just 39 years old, Machio Hiraku knows not to take simple blessings for granted. When a godlike figure gives him given a chance to live again, Hiraku has only the simplest of wishes for his new life: to be healthy, to live peacefully, to speak the local language, and to spend his days on an idyllic farm. Fresh air, sunshine, honest work, and good company combine to form the happy, peaceful existence Hiraku has always dreamed of.<br>\n<br>\n(Source: HIDIVE)","startDate":{"year":2023,"month":1,"day":6},"endDate":{"year":2023,"month":3,"day":24},"season":"WINTER","seasonYear":2023,"duration":24,"countryOfOrigin":"JP","isLicensed":true,"source":"LIGHT_NOVEL","hashtag":"#のんびり農家","trailer":"https://www.youtube.com/watch?v=iwxPf8SEmEU","updatedAt":1706195312,"coverImage":{"large":"https://s4.anilist.co/file/anilistcdn/media/anime/cover/large/bx146850-xfeAFIE0M9hl.jpg","medium":"https://s4.anilist.co/file/anilistcdn/media/anime/cover/medium/bx146850-xfeAFIE0M9hl.jpg","small":"https://s4.anilist.co/file/anilistcdn/media/anime/cover/small/bx146850-xfeAFIE0M9hl.jpg","color":"#e46b43"},"bannerImage":"https://s4.anilist.co/file/anilistcdn/media/anime/banner/146850-GmkEchiYFCQE.jpg","genres":["Fantasy","Slice of Life"],"synonyms":[" ISEKAI FARMING - Vita contadina in un altro mondo"],"averageScore":75,"meanScore":75,"favourites":1969,"popularity":47359,"trending":4,"tags":[{"id":909,"name":"Agriculture","isMediaSpoiler":false},{"id":82,"name":"Male Protagonist","isMediaSpoiler":false},{"id":244,"name":"Isekai","isMediaSpoiler":false},{"id":81,"name":"Iyashikei","isMediaSpoiler":false},{"id":23,"name":"Female Harem","isMediaSpoiler":false},{"id":29,"name":"Magic","isMediaSpoiler":false},{"id":1277,"name":"Found Family","isMediaSpoiler":false},{"id":243,"name":"Reincarnation","isMediaSpoiler":false},{"id":1045,"name":"Heterosexual","isMediaSpoiler":false},{"id":86,"name":"Primarily Female Cast","isMediaSpoiler":false},{"id":259,"name":"Monster Girl","isMediaSpoiler":false},{"id":249,"name":"Maids","isMediaSpoiler":false},{"id":224,"name":"Dragons","isMediaSpoiler":false},{"id":598,"name":"Elf","isMediaSpoiler":true},{"id":74,"name":"Vampire","isMediaSpoiler":false},{"id":1068,"name":"Angels","isMediaSpoiler":false},{"id":324,"name":"Chibi","isMediaSpoiler":false},{"id":254,"name":"Kemonomimi","isMediaSpoiler":false},{"id":15,"name":"Demons","isMediaSpoiler":false},{"id":164,"name":"Tsundere","isMediaSpoiler":false},{"id":117,"name":"Mahjong","isMediaSpoiler":false},{"id":121,"name":"Shogi","isMediaSpoiler":false},{"id":1090,"name":"Monster Boy","isMediaSpoiler":false},{"id":253,"name":"Gods","isMediaSpoiler":false},{"id":1459,"name":"Polyamorous","isMediaSpoiler":true},{"id":631,"name":"Feet","isMediaSpoiler":true}],"relations":[{"id":100456,"title":{"english":"Farming Life in Another World","native":"異世界のんびり農家","romaji":"Isekai Nonbiri Nouka","userPreferred":"Isekai Nonbiri Nouka"},"type":"MANGA"},{"id":100461,"title":{"english":null,"native":"異世界のんびり農家","romaji":"Isekai Nonbiri Nouka","userPreferred":"Isekai Nonbiri Nouka"},"type":"MANGA"}],"characters":[{"id":293201,"name":"Hiraku Machio"},{"id":293202,"name":"Loo"},{"id":293203,"name":"Tier"},{"id":293204,"name":"Ria"},{"id":294907,"name":"Ann"},{"id":294908,"name":"Flora"},{"id":294909,"name":"Senna"},{"id":294910,"name":"Rasutisumoon"},{"id":296627,"name":"Souzou Shin"},{"id":296628,"name":"Onihito Zoku no Maid"},{"id":296629,"name":"Sakaba no Shujin"},{"id":300443,"name":"Zabuton"},{"id":300444,"name":"Hakuren"},{"id":304726,"name":"Doraim"},{"id":304727,"name":"Fraurem Chrome"},{"id":311586,"name":"Yuuri"}],"staff":[{"id":121602,"name":"Yasumo"},{"id":124055,"name":"Kinosuke Naitou"},{"id":124672,"name":"Ryouichi Kuraya"},{"id":105294,"name":"Touko Machida"},{"id":147330,"name":"Yoshiko Saitou"},{"id":147330,"name":"Yoshiko Saitou"},{"id":151021,"name":"Yuusuke Isouchi"},{"id":151021,"name":"Yuusuke Isouchi"},{"id":123947,"name":"Hirofumi Sakagami"},{"id":147909,"name":"Kiyotaka Nakahara"},{"id":218410,"name":"Yumi Okayama"},{"id":103298,"name":"Hiroshi Katou"},{"id":293199,"name":"Yuuko Tsumori"},{"id":293200,"name":"Nozomi Ooma"},{"id":147405,"name":"Yoshinori Tomo"},{"id":100070,"name":"Yasuharu Takanashi"},{"id":149893,"name":"Johannes Nilsson"},{"id":137937,"name":"Masaki Utsunomiya"},{"id":155743,"name":"Shuuhei Abe"},{"id":118841,"name":"Shino Shimoji"},{"id":114834,"name":"Aya Suzaki"},{"id":294937,"name":"Yui Hizuki"},{"id":147909,"name":"Kiyotaka Nakahara"},{"id":148605,"name":"Mitsunori Yamaguchi"},{"id":148605,"name":"Mitsunori Yamaguchi"}],"studios":[{"id":6117,"name":"Zero-G","isAnimationStudio":true},{"id":144,"name":"Pony Canyon","isAnimationStudio":false},{"id":135,"name":"MediaNet","isAnimationStudio":false},{"id":7141,"name":"Hakuhodo","isAnimationStudio":false},{"id":6698,"name":"KADOKAWA","isAnimationStudio":false},{"id":238,"name":"AT-X","isAnimationStudio":false},{"id":7349,"name":"Saber Links","isAnimationStudio":false},{"id":7350,"name":"Hagoromo","isAnimationStudio":false},{"id":376,"name":"Sentai Filmworks","isAnimationStudio":false}],"isFavourite":false,"isAdult":false,"isLocked":false,"nextAiringEpisode":null,"airingSchedule":[{"airingAt":1673006400,"timeUntilAiring":-33195191,"episode":1},{"airingAt":1673611200,"timeUntilAiring":-32590391,"episode":2},{"airingAt":1674216000,"timeUntilAiring":-31985591,"episode":3},{"airingAt":1674820800,"timeUntilAiring":-31380791,"episode":4},{"airingAt":1675425600,"timeUntilAiring":-30775991,"episode":5},{"airingAt":1676030400,"timeUntilAiring":-30171191,"episode":6},{"airingAt":1676635200,"timeUntilAiring":-29566391,"episode":7},{"airingAt":1677240000,"timeUntilAiring":-28961591,"episode":8},{"airingAt":1677844800,"timeUntilAiring":-28356791,"episode":9},{"airingAt":1678449600,"timeUntilAiring":-27751991,"episode":10},{"airingAt":1679054400,"timeUntilAiring":-27147191,"episode":11},{"airingAt":1679659200,"timeUntilAiring":-26542391,"episode":12}],"trends":[{"date":1648479600,"trending":227,"popularity":0,"inProgress":null},{"date":1648566000,"trending":256,"popularity":0,"inProgress":null},{"date":1648652400,"trending":57,"popularity":483,"inProgress":7},{"date":1648738800,"trending":33,"popularity":555,"inProgress":8},{"date":1648825200,"trending":51,"popularity":590,"inProgress":8},{"date":1648911600,"trending":27,"popularity":638,"inProgress":9},{"date":1648998000,"trending":19,"popularity":673,"inProgress":10},{"date":1649084400,"trending":11,"popularity":696,"inProgress":10},{"date":1649170800,"trending":10,"popularity":707,"inProgress":10},{"date":1649257200,"trending":10,"popularity":719,"inProgress":9},{"date":1649343600,"trending":7,"popularity":731,"inProgress":10},{"date":1649430000,"trending":6,"popularity":738,"inProgress":11},{"date":1649516400,"trending":20,"popularity":744,"inProgress":11},{"date":1649602800,"trending":3,"popularity":751,"inProgress":11},{"date":1649689200,"trending":6,"popularity":767,"inProgress":13},{"date":1649775600,"trending":5,"popularity":775,"inProgress":14},{"date":1649862000,"trending":1,"popularity":779,"inProgress":14},{"date":1649948400,"trending":4,"popularity":783,"inProgress":14},{"date":1650034800,"trending":1,"popularity":789,"inProgress":16},{"date":1650121200,"trending":4,"popularity":792,"inProgress":16},{"date":1650207600,"trending":4,"popularity":795,"inProgress":16},{"date":1650294000,"trending":6,"popularity":798,"inProgress":17},{"date":1650380400,"trending":1,"popularity":805,"inProgress":17},{"date":1650466800,"trending":3,"popularity":807,"inProgress":17},{"date":1650553200,"trending":2,"popularity":810,"inProgress":18}],"externalLinks":["https://twitter.com/nonbiri_nouka","https://nonbiri-nouka.com/","https://www.hidive.com/tv/farming-life-in-another-world","https://www.bilibili.tv/en/media/2072246"],"streamingEpisodes":[],"rankings":[{"rank":57,"type":"RATED","context":"highest rated","year":2023,"season":null},{"rank":50,"type":"POPULAR","context":"most popular","year":2023,"season":null},{"rank":14,"type":"RATED","context":"highest rated","year":2023,"season":"WINTER"},{"rank":18,"type":"POPULAR","context":"most popular","year":2023,"season":"WINTER"}],"mediaListEntry":{"id":315676154,"status":"COMPLETED"},"reviews":null,"siteUrl":"https://anilist.co/anime/146850","autoCreateForumThread":false,"modNotes":null,"stats":{"scoreDistribution":[{"score":10,"amount":87},{"score":20,"amount":62},{"score":30,"amount":136},{"score":40,"amount":249},{"score":50,"amount":774},{"score":60,"amount":1646},{"score":70,"amount":4148},{"score":80,"amount":4660},{"score":90,"amount":2742},{"score":100,"amount":1567}],"statusDistribution":[{"status":"CURRENT","amount":6406},{"status":"PLANNING","amount":11558},{"status":"COMPLETED","amount":27372},{"status":"DROPPED","amount":1444},{"status":"PAUSED","amount":579}]},"isRecommendationBlocked":false,"recommendations":[{"mediaRecommendation":{"id":2966,"title":{"romaji":"Ookami to Koushinryou","english":"Spice and Wolf","native":"狼と香辛料","userPreferred":"Ookami to Koushinryou"},"type":"ANIME"}},{"mediaRecommendation":{"id":107871,"title":{"romaji":"Princess Connect! Re:Dive","english":"Princess Connect! Re:Dive","native":"プリンセスコネクト！Re:Dive","userPreferred":"Princess Connect! Re:Dive"},"type":"ANIME"}},{"mediaRecommendation":{"id":114340,"title":{"romaji":"Kuma Kuma Kuma Bear","english":"Kuma Kuma Kuma Bear","native":"くまクマ熊ベアー","userPreferred":"Kuma Kuma Kuma Bear"},"type":"ANIME"}},{"mediaRecommendation":{"id":108268,"title":{"romaji":"Honzuki no Gekokujou: Shisho ni Naru Tame ni wa Shudan wo Erandeiraremasen","english":"Ascendance of a Bookworm","native":"本好きの下剋上 司書になるためには手段を選んでいられません","userPreferred":"Honzuki no Gekokujou: Shisho ni Naru Tame ni wa Shudan wo Erandeiraremasen"},"type":"ANIME"}},{"mediaRecommendation":{"id":21058,"title":{"romaji":"Akagami no Shirayuki-hime","english":"Snow White with the Red Hair","native":"赤髪の白雪姫","userPreferred":"Akagami no Shirayuki-hime"},"type":"ANIME"}},{"mediaRecommendation":{"id":16918,"title":{"romaji":"Gin no Saji","english":"Silver Spoon","native":"銀の匙","userPreferred":"Gin no Saji"},"type":"ANIME"}},{"mediaRecommendation":{"id":3001,"title":{"romaji":"Moyashimon","english":null,"native":"もやしもん","userPreferred":"Moyashimon"},"type":"ANIME"}},{"mediaRecommendation":{"id":18095,"title":{"romaji":"Nourin","english":"No-Rin","native":"のうりん","userPreferred":"Nourin"},"type":"ANIME"}},{"mediaRecommendation":{"id":145815,"title":{"romaji":"Noumin Kanren no Skill Bakka Agetetara Naze ka Tsuyoku Natta.","english":"I've Somehow Gotten Stronger When I Improved My Farm-Related Skills","native":"農民関連のスキルばっか上げてたら何故か強くなった。","userPreferred":"Noumin Kanren no Skill Bakka Agetetara Naze ka Tsuyoku Natta."},"type":"ANIME"}},{"mediaRecommendation":{"id":115740,"title":{"romaji":"Kamitachi ni Hirowareta Otoko","english":"By the Grace of the Gods","native":"神達に拾われた男","userPreferred":"Kamitachi ni Hirowareta Otoko"},"type":"ANIME"}},{"mediaRecommendation":{"id":126213,"title":{"romaji":"Shin no Nakama ja Nai to Yuusha no Party wo Oidasareta node, Henkyou de Slow Life suru Koto ni shimashita","english":"Banished from the Hero’s Party, I Decided to Live a Quiet Life in the Countryside","native":"真の仲間じゃないと勇者のパーティーを追い出されたので、辺境でスローライフすることにしました","userPreferred":"Shin no Nakama ja Nai to Yuusha no Party wo Oidasareta node, Henkyou de Slow Life suru Koto ni shimashita"},"type":"ANIME"}},{"mediaRecommendation":{"id":156067,"title":{"romaji":"Tondemo Skill de Isekai Hourou Meshi","english":"Campfire Cooking in Another World with my Absurd Skill","native":"とんでもスキルで異世界放浪メシ","userPreferred":"Tondemo Skill de Isekai Hourou Meshi"},"type":"ANIME"}},{"mediaRecommendation":{"id":150695,"title":{"romaji":"Yuusha Party wo Tsuihou Sareta Beast Tamer, Saikyoushu no Nekomimi Shoujo to Deau","english":"Beast Tamer","native":"勇者パーティーを追放されたビーストテイマー、最強種の猫耳少女と出会う","userPreferred":"Yuusha Party wo Tsuihou Sareta Beast Tamer, Saikyoushu no Nekomimi Shoujo to Deau"},"type":"ANIME"}},{"mediaRecommendation":{"id":144092,"title":{"romaji":"Benriya Saitou-san, Isekai ni Iku","english":"Handyman Saitou in Another World","native":"便利屋斎藤さん、異世界に行く","userPreferred":"Benriya Saitou-san, Isekai ni Iku"},"type":"ANIME"}},{"mediaRecommendation":{"id":101280,"title":{"romaji":"Tensei Shitara Slime Datta Ken","english":"That Time I Got Reincarnated as a Slime","native":"転生したらスライムだった件","userPreferred":"Tensei Shitara Slime Datta Ken"},"type":"ANIME"}},{"mediaRecommendation":{"id":119319,"title":{"romaji":"Teosbatbu Sageonilji PV","english":"Farming Club Case diary PV","native":"텃밭부사건일지","userPreferred":"Teosbatbu Sageonilji PV"},"type":"ANIME"}},{"mediaRecommendation":{"id":99263,"title":{"romaji":"Tate no Yuusha no Nariagari","english":"The Rising of the Shield Hero","native":"盾の勇者の成り上がり","userPreferred":"Tate no Yuusha no Nariagari"},"type":"ANIME"}},{"mediaRecommendation":{"id":100668,"title":{"romaji":"Arifureta Shokugyou de Sekai Saikyou","english":"Arifureta: From Commonplace to World's Strongest","native":"ありふれた職業で世界最強","userPreferred":"Arifureta Shokugyou de Sekai Saikyou"},"type":"ANIME"}},{"mediaRecommendation":{"id":117612,"title":{"romaji":"Genjitsu Shugi Yuusha no Oukoku Saikenki","english":"How a Realist Hero Rebuilt the Kingdom","native":"現実主義勇者の王国再建記","userPreferred":"Genjitsu Shugi Yuusha no Oukoku Saikenki"},"type":"ANIME"}},{"mediaRecommendation":{"id":129190,"title":{"romaji":"Tensai Ouji no Akaji Kokka Saisei Jutsu","english":"The Genius Prince's Guide to Raising a Nation Out of Debt","native":"天才王子の赤字国家再生術","userPreferred":"Tensai Ouji no Akaji Kokka Saisei Jutsu"},"type":"ANIME"}},{"mediaRecommendation":{"id":1181,"title":{"romaji":"Hikyou Tanken Fam & Ihrie","english":"Ruin Explorers Fam & Ihrie","native":"秘境探検 ファム＆イーリー","userPreferred":"Hikyou Tanken Fam & Ihrie"},"type":"ANIME"}},{"mediaRecommendation":{"id":116741,"title":{"romaji":"Tensei Shitara Slime Datta Ken: Tensura Nikki","english":"The Slime Diaries","native":"転生したらスライムだった件 転スラ日記","userPreferred":"Tensei Shitara Slime Datta Ken: Tensura Nikki"},"type":"ANIME"}},{"mediaRecommendation":{"id":155418,"title":{"romaji":"Seija Musou: Salaryman, Isekai de Ikinokoru Tame ni Ayumu Michi","english":"The Great Cleric","native":"聖者無双 ～サラリーマン、異世界で生き残るために歩む道～","userPreferred":"Seija Musou: Salaryman, Isekai de Ikinokoru Tame ni Ayumu Michi"},"type":"ANIME"}},{"mediaRecommendation":{"id":153518,"title":{"romaji":"Dungeon Meshi","english":"Delicious in Dungeon","native":"ダンジョン飯","userPreferred":"Dungeon Meshi"},"type":"ANIME"}},{"mediaRecommendation":{"id":156131,"title":{"romaji":"Shin no Nakama ja Nai to Yuusha no Party wo Oidasareta node, Henkyou de Slow Life suru Koto ni shimashita 2nd","english":"Banished from the Hero's Party, I Decided to Live a Quiet Life in the Countryside Season 2","native":"真の仲間じゃないと勇者のパーティーを追い出されたので、辺境でスローライフすることにしました 2nd","userPreferred":"Shin no Nakama ja Nai to Yuusha no Party wo Oidasareta node, Henkyou de Slow Life suru Koto ni shimashita 2nd"},"type":"ANIME"}}]}