{"id":14827,"idMal":14827,"title":{"romaji":"D.C.III: Da Capo III","english":null,"native":"D.C.III ～ダ・カーポIII～","userPreferred":"D.C.III: Da Capo III"},"format":"TV","status":"FINISHED","episodes":13,"description":"Adaptation of the visual novel <i>Da Capo III</i>.","startDate":{"year":2013,"month":1,"day":5},"endDate":{"year":2013,"month":3,"day":30},"season":"WINTER","seasonYear":2013,"duration":23,"countryOfOrigin":"JP","isLicensed":true,"source":"VISUAL_NOVEL","hashtag":null,"trailer":null,"updatedAt":1706283436,"coverImage":{"large":"https://s4.anilist.co/file/anilistcdn/media/anime/cover/medium/14827.jpg","medium":"https://s4.anilist.co/file/anilistcdn/media/anime/cover/medium/14827.jpg","small":"https://s4.anilist.co/file/anilistcdn/media/anime/cover/small/14827.jpg","color":"#28bbf1"},"bannerImage":null,"genres":["Drama","Ecchi","Romance"],"synonyms":["DC3"],"averageScore":60,"meanScore":61,"favourites":26,"popularity":5730,"trending":0,"tags":[{"id":23,"name":"Female Harem","isMediaSpoiler":false},{"id":100,"name":"Nudity","isMediaSpoiler":false},{"id":46,"name":"School","isMediaSpoiler":false},{"id":84,"name":"School Club","isMediaSpoiler":false},{"id":1045,"name":"Heterosexual","isMediaSpoiler":false}],"relations":[{"id":3627,"title":{"english":null,"native":"D.C.II S.S. ～ダ・カーポII セカンドシーズン～","romaji":"D.C.II S.S.: Da Capo II Second Season","userPreferred":"D.C.II S.S.: Da Capo II Second Season"},"type":"ANIME"},{"id":17020,"title":{"english":null,"native":"D.C.III～ダ・カーポIII～","romaji":"Da Capo III Special","userPreferred":"Da Capo III Special"},"type":"ANIME"},{"id":79135,"title":{"english":null,"native":"D.C.III ~ダ・カーポIII ~","romaji":"Da Capo III","userPreferred":"Da Capo III"},"type":"MANGA"}],"characters":[{"id":81113,"name":"Shiki Edogawa"},{"id":5809,"name":"Minatsu Amakase"},{"id":2561,"name":"Utamaru"},{"id":71105,"name":"Charles Yoshino"},{"id":79909,"name":"Kousuke Edogawa"},{"id":71107,"name":"Suginami"},{"id":82287,"name":"Yuzu Kohinata"},{"id":2383,"name":"Sakura Yoshino"},{"id":79907,"name":"Mikoto"},{"id":73029,"name":"Kiyotaka Yoshino"},{"id":71099,"name":"Himeno Katsuragi"},{"id":71101,"name":"Rikka Morizono"},{"id":82285,"name":"Yuuhi Takanashi"},{"id":71103,"name":"Sara Rukawa"},{"id":71097,"name":"Aoi Hinomoto"},{"id":87189,"name":"Mary Holmes"}],"staff":[{"id":95309,"name":"Ui Miyazaki"},{"id":101323,"name":"CooRie"},{"id":101728,"name":"Kimitake Nishio"},{"id":101728,"name":"Kimitake Nishio"},{"id":101751,"name":"yozuca*"},{"id":103074,"name":"Jin Aketagawa"},{"id":105961,"name":"Circus"},{"id":106360,"name":"Mikoi Sasaki"},{"id":109409,"name":"Emi Nitta"},{"id":109791,"name":"Ryousuke Nakanishi"},{"id":114391,"name":"Chiyo Ousaki"},{"id":114393,"name":"Erika Kaiho"},{"id":118481,"name":"Kenichi Ishikura"},{"id":121372,"name":"Miyako Yatsu"},{"id":122609,"name":"Tomoko Fukunaga"},{"id":122942,"name":"Nobuyoshi Nagayama"},{"id":123225,"name":"Naoki Hayashi"},{"id":123423,"name":"Shouko Yasuda"}],"studios":[{"id":104,"name":"Lantis","isAnimationStudio":false},{"id":144,"name":"Pony Canyon","isAnimationStudio":false},{"id":715,"name":"Dwango","isAnimationStudio":false},{"id":848,"name":"Kazami Gakuen Koushiki Douga-bu","isAnimationStudio":false}],"isFavourite":false,"isAdult":false,"isLocked":false,"nextAiringEpisode":null,"airingSchedule":[],"trends":[{"date":1417964400,"trending":3,"popularity":null,"inProgress":null},{"date":1420988400,"trending":2,"popularity":null,"inProgress":null},{"date":1426086000,"trending":2,"popularity":null,"inProgress":null},{"date":1428764400,"trending":2,"popularity":null,"inProgress":null},{"date":1430146800,"trending":2,"popularity":null,"inProgress":null},{"date":1435590000,"trending":2,"popularity":null,"inProgress":null},{"date":1436886000,"trending":2,"popularity":null,"inProgress":null},{"date":1453302000,"trending":2,"popularity":null,"inProgress":null},{"date":1470495600,"trending":2,"popularity":null,"inProgress":null},{"date":1511017200,"trending":2,"popularity":null,"inProgress":null},{"date":1514646000,"trending":2,"popularity":null,"inProgress":null},{"date":1520953200,"trending":2,"popularity":null,"inProgress":null},{"date":1521990000,"trending":1,"popularity":1040,"inProgress":33},{"date":1522681200,"trending":1,"popularity":1044,"inProgress":33},{"date":1523458800,"trending":1,"popularity":1050,"inProgress":33},{"date":1523890800,"trending":1,"popularity":1052,"inProgress":33},{"date":1524063600,"trending":1,"popularity":1053,"inProgress":33},{"date":1524754800,"trending":1,"popularity":1055,"inProgress":33},{"date":1525878000,"trending":1,"popularity":1059,"inProgress":33},{"date":1527433200,"trending":1,"popularity":1093,"inProgress":33},{"date":1527606000,"trending":2,"popularity":1112,"inProgress":33},{"date":1527692400,"trending":1,"popularity":1123,"inProgress":33},{"date":1527778800,"trending":7,"popularity":1139,"inProgress":33},{"date":1527865200,"trending":3,"popularity":1152,"inProgress":33},{"date":1527951600,"trending":2,"popularity":1180,"inProgress":36}],"externalLinks":["http://www.crunchyroll.com/da-capo-iii"],"streamingEpisodes":[{"title":"Episode 1 - Cherry Blossoms Bloom","thumbnail":"https://img1.ak.crunchyroll.com/i/spire1-tmb/ed8572f2efcef8983774dbe24aea16971357555384_full.jpg","url":"http://www.crunchyroll.com/da-capo-iii/episode-1-cherry-blossoms-bloom-617193","site":"Crunchyroll"},{"title":"Episode 2 - A Warm Place","thumbnail":"https://img1.ak.crunchyroll.com/i/spire2-tmb/6455091bfe7959c1a93ad5811fba5e451357845530_full.jpg","url":"http://www.crunchyroll.com/da-capo-iii/episode-2-a-warm-place-617413","site":"Crunchyroll"},{"title":"Episode 3 - Where Cherry Blossoms Flutter","thumbnail":"https://img1.ak.crunchyroll.com/i/spire2-tmb/9891e24ed231b02e2aa251281f3ed99f1358356883_full.jpg","url":"http://www.crunchyroll.com/da-capo-iii/episode-3-where-cherry-blossoms-flutter-617415","site":"Crunchyroll"},{"title":"Episode 4 - A Place One Wants to Be Forever","thumbnail":"https://img1.ak.crunchyroll.com/i/spire4-tmb/c675ebf7e7c8e548290163147674dfa01358877216_full.jpg","url":"http://www.crunchyroll.com/da-capo-iii/episode-4-a-place-one-wants-to-be-forever-617417","site":"Crunchyroll"},{"title":"Episode 5 - A Place Where One is Not Alone","thumbnail":"https://img1.ak.crunchyroll.com/i/spire1-tmb/3e21e3146bf71c9d2e3a040c59bf1b8b1359659440_full.jpg","url":"http://www.crunchyroll.com/da-capo-iii/episode-5-a-place-where-one-is-not-alone-617419","site":"Crunchyroll"},{"title":"Episode 6 - A Place Where We Can Be Together","thumbnail":"https://img1.ak.crunchyroll.com/i/spire1-tmb/8f1897839ab46e946a6822bd82ab49f11360352858_full.jpg","url":"http://www.crunchyroll.com/da-capo-iii/episode-6-a-place-where-we-can-be-together-617421","site":"Crunchyroll"},{"title":"Episode 7 - A Place Where I Can Rely on You","thumbnail":"https://img1.ak.crunchyroll.com/i/spire2-tmb/0fedb2adc07aebcbfa617bb05f4184fd1361087349_full.jpg","url":"http://www.crunchyroll.com/da-capo-iii/episode-7-a-place-where-i-can-rely-on-you-617423","site":"Crunchyroll"},{"title":"Episode 8 - The Place Overflowing With Love, Dreams, and Hope","thumbnail":"https://img1.ak.crunchyroll.com/i/spire3-tmb/5f9b98ddb12a21250c6168890193b72b1361583323_full.jpg","url":"http://www.crunchyroll.com/da-capo-iii/episode-8-the-place-overflowing-with-love-dreams-and-hope-617425","site":"Crunchyroll"},{"title":"Episode 9 - A Festival of Beautiful Women and a Place With a Beautiful Sunset","thumbnail":"https://img1.ak.crunchyroll.com/i/spire4-tmb/0a4bef17b2849aeb2b50abd7a0d620791362076837_full.jpg","url":"http://www.crunchyroll.com/da-capo-iii/episode-9-a-festival-of-beautiful-women-and-a-place-with-a-beautiful-sunset-617427","site":"Crunchyroll"},{"title":"Episode 10 - A Place We Both Reached","thumbnail":"https://img1.ak.crunchyroll.com/i/spire3-tmb/40a01125fe70f2942942f58f5ba78bb81362765794_full.jpg","url":"http://www.crunchyroll.com/da-capo-iii/episode-10-a-place-we-both-reached-617429","site":"Crunchyroll"},{"title":"Episode 11 - The Place of Memories and Beginnings","thumbnail":"https://img1.ak.crunchyroll.com/i/spire3-tmb/993cb73c31b9f0236084a8fe82ea61ed1363380841_full.jpg","url":"http://www.crunchyroll.com/da-capo-iii/episode-11-the-place-of-memories-and-beginnings-617431","site":"Crunchyroll"},{"title":"Episode 12 - The Island of the Everlasting Cherry Blossom","thumbnail":"https://img1.ak.crunchyroll.com/i/spire1-tmb/01342aff5d724e0191b2afabf59afe1a1363982084_full.jpg","url":"http://www.crunchyroll.com/da-capo-iii/episode-12-the-island-of-the-everlasting-cherry-blossom-617433","site":"Crunchyroll"},{"title":"Episode 13 - Da Capo","thumbnail":"https://img1.ak.crunchyroll.com/i/spire1-tmb/9f4c10e308441389c2a37baf54f0f7cb1364747223_full.jpg","url":"http://www.crunchyroll.com/da-capo-iii/episode-13-da-capo-617435","site":"Crunchyroll"}],"rankings":[{"rank":20,"type":"RATED","context":"highest rated","year":2013,"season":"WINTER"},{"rank":22,"type":"POPULAR","context":"most popular","year":2013,"season":"WINTER"}],"mediaListEntry":null,"reviews":null,"siteUrl":"https://anilist.co/anime/14827","autoCreateForumThread":false,"modNotes":null,"stats":{"scoreDistribution":[{"score":10,"amount":44},{"score":20,"amount":49},{"score":30,"amount":100},{"score":40,"amount":164},{"score":50,"amount":297},{"score":60,"amount":446},{"score":70,"amount":506},{"score":80,"amount":235},{"score":90,"amount":130},{"score":100,"amount":80}],"statusDistribution":[{"status":"CURRENT","amount":219},{"status":"PLANNING","amount":2074},{"status":"COMPLETED","amount":2987},{"status":"DROPPED","amount":283},{"status":"PAUSED","amount":167}]},"isRecommendationBlocked":false,"recommendations":[]}