{"id":151801,"idMal":52211,"title":{"romaji":"MASHLE","english":"MASHLE: MAGIC AND MUSCLES","native":"マッシュル-MASHLE-","userPreferred":"MASHLE"},"format":"TV","status":"FINISHED","episodes":12,"description":"This is a world of magic. This is a world in which magic is casually used by everyone.<br><br>\nIn a deep, dark forest in this world of magic, there is a boy who is singlemindedly working out. His name is Mash Burnedead, and he has a secret. He can’t use magic. <br><br>\nAll he wanted was to live a quiet life with his family, but people suddenly start trying to kill him one day and he somehow finds himself enrolled in Magic School. There, he sets his sights on becoming a “Divine Visionary,” the elite of the elite. <br><br> Will his ripped muscles work against the best and brightest of the wizarding world? The curtain rises on this off-kilter magical fantasy in which the power of being jacked crushes any spell!<br>\n<br>\n(Source: Crunchyroll)","startDate":{"year":2023,"month":4,"day":8},"endDate":{"year":2023,"month":6,"day":30},"season":"SPRING","seasonYear":2023,"duration":24,"countryOfOrigin":"JP","isLicensed":true,"source":"MANGA","hashtag":"#MASHLE #マッシュル","trailer":"https://www.youtube.com/watch?v=zl0Kiv0kuQQ","updatedAt":1706296595,"coverImage":{"large":"https://s4.anilist.co/file/anilistcdn/media/anime/cover/large/bx151801-wYg28dEaJAw3.png","medium":"https://s4.anilist.co/file/anilistcdn/media/anime/cover/medium/bx151801-wYg28dEaJAw3.png","small":"https://s4.anilist.co/file/anilistcdn/media/anime/cover/small/bx151801-wYg28dEaJAw3.png","color":"#f1bb5d"},"bannerImage":"https://s4.anilist.co/file/anilistcdn/media/anime/banner/151801-zBFaJMIJFWfS.jpg","genres":["Action","Comedy","Fantasy"],"synonyms":["MASHLE ศึกโลกเวทมนตร์คนพลังกล้าม","MASHLE: MAGIA E MÚSCULOS","MASHLE: Магия и мускулы"],"averageScore":76,"meanScore":76,"favourites":3988,"popularity":124903,"trending":39,"tags":[{"id":56,"name":"Shounen","isMediaSpoiler":false},{"id":29,"name":"Magic","isMediaSpoiler":false},{"id":82,"name":"Male Protagonist","isMediaSpoiler":false},{"id":46,"name":"School","isMediaSpoiler":false},{"id":39,"name":"Parody","isMediaSpoiler":false},{"id":1228,"name":"Primarily Teen Cast","isMediaSpoiler":false},{"id":83,"name":"Slapstick","isMediaSpoiler":false},{"id":779,"name":"Kuudere","isMediaSpoiler":false},{"id":170,"name":"Fitness","isMediaSpoiler":false},{"id":66,"name":"Super Power","isMediaSpoiler":false},{"id":88,"name":"Primarily Male Cast","isMediaSpoiler":false},{"id":224,"name":"Dragons","isMediaSpoiler":false},{"id":1052,"name":"Adoption","isMediaSpoiler":false},{"id":171,"name":"Bullying","isMediaSpoiler":false},{"id":101,"name":"Battle Royale","isMediaSpoiler":false},{"id":774,"name":"Chimera","isMediaSpoiler":false},{"id":483,"name":"LGBTQ+ Themes","isMediaSpoiler":true},{"id":90,"name":"CGI","isMediaSpoiler":false},{"id":391,"name":"Philosophy","isMediaSpoiler":false}],"relations":[{"id":114960,"title":{"english":"Mashle: Magic and Muscles","native":"マッシュル-MASHLE-","romaji":"MASHLE","userPreferred":"MASHLE"},"type":"MANGA"},{"id":166610,"title":{"english":"MASHLE: MAGIC AND MUSCLES Season 2","native":"マッシュル-MASHLE- 神覚者候補選抜試験編","romaji":"MASHLE: Kami Shinkakusha Kouho Senbatsu Shiken-hen","userPreferred":"MASHLE: Kami Shinkakusha Kouho Senbatsu Shiken-hen"},"type":"ANIME"}],"characters":[{"id":174368,"name":"Finn Ames"},{"id":158734,"name":"Mash Burnedead"},{"id":172075,"name":"Lance Crown"},{"id":174369,"name":"Dot Barrett"},{"id":167819,"name":"Lemon  Irvine"},{"id":36309,"name":"Narrator"},{"id":202422,"name":"Rain Ames"},{"id":262134,"name":"Abyss Razor"},{"id":207410,"name":"Abel Walker"},{"id":202421,"name":"Regro Burnedead"},{"id":301976,"name":"Brad Coleman"},{"id":301977,"name":"Terry"},{"id":301978,"name":"Shuukuriimu-ya no Tenin"},{"id":301979,"name":"Shinbun Kisha"},{"id":301981,"name":"Keikan"},{"id":301982,"name":"Hanzaisha"},{"id":301985,"name":"Regro Haha"},{"id":262138,"name":"Claude Lucci"},{"id":202423,"name":"Wahlberg Baigan"},{"id":302355,"name":"Shinken-kan A"},{"id":302356,"name":"Sphinx"},{"id":302357,"name":"Jokyoushi"},{"id":302364,"name":"Jukensei B"},{"id":302369,"name":"Jukensei C"},{"id":302367,"name":"Jukensei D"}],"staff":[{"id":158735,"name":"Hajime Koumoto"},{"id":151526,"name":"Tomoya Tanaka"},{"id":134153,"name":"Hisashi Toujima"},{"id":97471,"name":"Yousuke Kuroda"},{"id":102520,"name":"Masaru Yokoyama"},{"id":133361,"name":"Saki Hisamatsu"},{"id":155479,"name":"Takeshi Matsuda"},{"id":105295,"name":"Hiroaki Gouda"},{"id":118449,"name":"Iho Narita"},{"id":168941,"name":"Hitoki Takeda"},{"id":162540,"name":"Yusa Itou"},{"id":137133,"name":"Masato Yoshitake"},{"id":156048,"name":"Akihito Suzuki"},{"id":273519,"name":"Daisuke Fukuda"},{"id":163420,"name":"Yui Andou"},{"id":101549,"name":"Satoshi Motoyama"},{"id":161934,"name":"Nozomi Gotou"},{"id":131806,"name":"Taiiku Okazaki"},{"id":233011,"name":"Philosophy no Dance"},{"id":97471,"name":"Yousuke Kuroda"},{"id":137933,"name":"Aya Ikeda"},{"id":134153,"name":"Hisashi Toujima"},{"id":151526,"name":"Tomoya Tanaka"},{"id":186548,"name":"Hitomi Satou"},{"id":157328,"name":"Tongcheng Yang"}],"studios":[{"id":17,"name":"Aniplex","isAnimationStudio":false},{"id":561,"name":"A-1 Pictures","isAnimationStudio":true},{"id":6570,"name":"Shueisha","isAnimationStudio":false},{"id":6571,"name":"ADK Marketing Solutions","isAnimationStudio":false}],"isFavourite":false,"isAdult":false,"isLocked":false,"nextAiringEpisode":null,"airingSchedule":[{"airingAt":1680879600,"timeUntilAiring":-25418207,"episode":1},{"airingAt":1681484400,"timeUntilAiring":-24813407,"episode":2},{"airingAt":1682089200,"timeUntilAiring":-24208607,"episode":3},{"airingAt":1682694000,"timeUntilAiring":-23603807,"episode":4},{"airingAt":1683298800,"timeUntilAiring":-22999007,"episode":5},{"airingAt":1683903600,"timeUntilAiring":-22394207,"episode":6},{"airingAt":1685113200,"timeUntilAiring":-21184607,"episode":7},{"airingAt":1685718000,"timeUntilAiring":-20579807,"episode":8},{"airingAt":1686322800,"timeUntilAiring":-19975007,"episode":9},{"airingAt":1686927600,"timeUntilAiring":-19370207,"episode":10},{"airingAt":1687532400,"timeUntilAiring":-18765407,"episode":11},{"airingAt":1688137200,"timeUntilAiring":-18160607,"episode":12}],"trends":[{"date":1656860400,"trending":4311,"popularity":0,"inProgress":null},{"date":1656946800,"trending":688,"popularity":4681,"inProgress":54},{"date":1657033200,"trending":305,"popularity":5610,"inProgress":62},{"date":1657119600,"trending":162,"popularity":5957,"inProgress":62},{"date":1657206000,"trending":116,"popularity":6127,"inProgress":65},{"date":1657292400,"trending":87,"popularity":6263,"inProgress":65},{"date":1657378800,"trending":79,"popularity":6358,"inProgress":68},{"date":1657465200,"trending":91,"popularity":6452,"inProgress":71},{"date":1657551600,"trending":63,"popularity":6542,"inProgress":72},{"date":1657638000,"trending":53,"popularity":6610,"inProgress":75},{"date":1657724400,"trending":54,"popularity":6671,"inProgress":77},{"date":1657810800,"trending":35,"popularity":6724,"inProgress":77},{"date":1657897200,"trending":25,"popularity":6761,"inProgress":77},{"date":1657983600,"trending":27,"popularity":6787,"inProgress":77},{"date":1658070000,"trending":24,"popularity":6816,"inProgress":79},{"date":1658156400,"trending":30,"popularity":6849,"inProgress":79},{"date":1658242800,"trending":28,"popularity":6876,"inProgress":79},{"date":1658329200,"trending":22,"popularity":6915,"inProgress":80},{"date":1658415600,"trending":21,"popularity":6944,"inProgress":82},{"date":1658502000,"trending":25,"popularity":6970,"inProgress":82},{"date":1658588400,"trending":26,"popularity":7000,"inProgress":82},{"date":1658674800,"trending":25,"popularity":7020,"inProgress":81},{"date":1658761200,"trending":20,"popularity":7056,"inProgress":81},{"date":1658847600,"trending":27,"popularity":7079,"inProgress":81},{"date":1658934000,"trending":16,"popularity":7103,"inProgress":82}],"externalLinks":["https://mashle.pw/","https://twitter.com/mashle_official","https://www.crunchyroll.com/series/GDKHZEP8W/mashle-magic-and-muscles","https://www.bilibili.tv/media/2081843/","https://twitter.com/MashleAnimeENG","https://mashleanime.com/"],"streamingEpisodes":[{"title":"Episode 15 - Rayne Ames and God’s Gift","thumbnail":"https://img1.ak.crunchyroll.com/i/spire1-tmb/9f8afddc40ca151474804d8e81b5fb031705767300_full.jpg","url":"http://www.crunchyroll.com/mashle-magic-and-muscles/episode-15-rayne-ames-and-gods-gift-918137","site":"Crunchyroll"},{"title":"Episode 14 - Mash Burnedead and the Home Visit","thumbnail":"https://img1.ak.crunchyroll.com/i/spire3-tmb/0fd00ae19ddecec5eebd542a4f55c2851705159525_full.jpg","url":"http://www.crunchyroll.com/mashle-magic-and-muscles/episode-14-mash-burnedead-and-the-home-visit-918136","site":"Crunchyroll"},{"title":"Episode 13 - Mash Burnedead and the Divine Visionaries","thumbnail":"https://img1.ak.crunchyroll.com/i/spire3-tmb/1783ef08200b61dc9f54d9cd8654df4e1704557343_full.jpg","url":"http://www.crunchyroll.com/mashle-magic-and-muscles/episode-13-mash-burnedead-and-the-divine-visionaries-918135","site":"Crunchyroll"}],"rankings":[{"rank":304,"type":"POPULAR","context":"most popular all time","year":null,"season":null},{"rank":48,"type":"RATED","context":"highest rated","year":2023,"season":null},{"rank":9,"type":"POPULAR","context":"most popular","year":2023,"season":null},{"rank":17,"type":"RATED","context":"highest rated","year":2023,"season":"SPRING"},{"rank":4,"type":"POPULAR","context":"most popular","year":2023,"season":"SPRING"}],"mediaListEntry":null,"reviews":[{"id":21496,"score":41,"summary":"The Anime Might Not Have Been Great, But Now I Crave Cream Puffs","body":"Parody anime can be a hit or miss. Tropes of various settings in anime or live action settings are made fun of, but in order to stand out, it has to nail its comedy, and while comedy is always subjective, this one just didn’t nail it, all the time. It obviously is an attempt at parody of magic academies like Hogwarts, but unfortunately, it just fails to stand out at all in most ways. Perhaps you’ll think I’m “taking a parody anime too seriously”, but when most of the characters are the most stuck-up jerks with little meaningful depth, there just wasn’t much to enjoy. To be honest, this kind of feels like a generic isekai or fantasy anime in a way, with the main character having none of the powers that the people around him have, but still ends up overpowering everyone in some way or another. Way too predictable and frustrating to watch at times, though it’s still watchable with some moments of goodness. \n\nThe premise centres around Mash Burnedead, a boy in a magical world, but without any magic power of his own. People without magic are persecuted and captured, so Mash has to blend in with his environment, and pretend to know magic as he attends a magic academy. Mash’s specialty is having huge physical strength, which allows him to overpower his enemies with sheer force rather than magic. I haven’t watched One Punch Man myself, but I assume that’s what the comparison comes from, along with Mash’s overall deadpan, quiet personality. The story plays out like any shounen would, the baddies come along, and Mash and his friends conquer said challenges. Not anything special there.\n\nThe animation isn’t bad, but it felt disappointing considering what A-1 Pictures has done in the last few years. This was probably the product of rushed production, mainly due to the poor schedules of Aniplex, which has resulted in many issues and delays in this year of anime already. It had a couple episodes with more standout animation, but otherwise, it wasn’t all that stellar, just okay.\n\nShounen anime mostly have similar formulas, so the characters are huge part of how one can stand out from the crowd. Other than Mash, the rest of the cast was very forgettable, with generic archetypes and poorly written villains. In terms of its comedy, it was funny at times, but it wasn’t enough to make me dismiss the poor writing. The deadpan humour worked more than the some of the other comedy that was attempted.\n\nPerhaps this was just the beginning, and it gets better down the road, but for now, this anime hasn’t done much to keep me invested beyond a couple chuckles here and there. It’s a very light hearted anime, so maybe you’ll find some enjoyment in that though. It just wasn’t my cup of tea, but it might be yours.\n\nIf this anime was an advertisement for cream puffs though, it most certainly succeeded, as I got a box of cream puffs last week."},{"id":21497,"score":80,"summary":"A Cheesy but Surprisingly Endearing Seasonal Shonen","body":"I'm a pretty big fan of Shonen, and an even bigger fan of Comedy (Saiki K and Grand Blue Dreaming are some of my favourites) so please bear that in mind when reading this review as I believe the merits of Mashle depend heavily on the audience.\n\nFor me, Mashle was a honestly brilliant show. With only 12 episodes, Mashle doesn't dive too deep into any of its characters however I honestly think that's alright because it does a perfect job of introducing their comedic-relevant quirks and establishing interesting and fun dynamics within the cast. With the exception of Lemon and Finn, who are a little weaker, Mashle really does make you invest and care about Mash, Lance, and my personal favourite, the \"main character\" Dot. \n\nThe comedy can be hit-or-miss however if you're a fan of slapstick humour or enjoy 4-koma manga (which Mashle isn't, but reminds me of) then you'll definitely have a great time with the show. The running gags are funny, Mash's 'hamstring magic' and whatever other bullshit he creates is entertaining to watch and there's a certain bliss in just how light-heartedly the show takes itself.\n\nIn terms of the action, it's pretty decent. You won't find brilliant streaks of sakuga here, but the fights are generally well-coordinated and interesting, and I especially enjoyed the fights at the latter end of the season. The powers are interesting, if not unique, and there's some really great moments of strategy and dialogue which I sometimes find missing in other Shonen. Moreover, the antagonists while not necessarily deep are highly enjoyable and I love their character designs, which makes them a delight whenever they appear.\n\nWhen it comes to what makes the show so great, it's hard to say. None of the elements (Characters, Plot, Action, Comedy) are especially stand-out, but they are all generally good and that's what counts - The consistency of Mashle leads to its brilliance. I've heard a lot of people dislike the first couple episodes for being 'boring' without much action, but I think it's important to remember Mashle is first and foremost a parody show and you should focus primarily on the initial comedy to see if it's worth your time or not.\n\nOverall, Mashle is not  a *deep* show by any means, at least yet. But what it is is cheesy, light-hearted comedic fun with a side of entertaining action; In the anime community, it seems like that kind of light-hearted fun is often brushed off as 'entertaining but meh' compared to more thought-provoking, philosophical shows or feats of beautifully choreographed and animated fight scenes, but to me, I think shows like this, which are perfect to unwind to and enjoy when stressed out, are essential and worthy of praise. If you're a fan of anime like Saiki K, Black Clover or One Punch Man and haven't checked it out yet, please give the first 3 episodes of Mashle a watch!\n\nFinal Score: 80"},{"id":21563,"score":70,"summary":"Hip Hip Horay! Your meh but thanks for the cream puffs!","body":"Mashle is a story about Mash, who has no magic where magic is the norm in society. He goes to Easton Magic Academy to be a Divine visionary for his wish to live peacefully with his father. A fun slice of life and comedic aspects in the first few episodes then transitions to a more action pack with a plot twist. Along the way, Mash befriends four people that become his friends. They fight against the Magia Lupis, seven elite students of Lang dorm. Which steals the gold coins to become a Divine visionary. Mashle is enjoyable, with humorous characters, but the plot is lackluster.    \n\nAnimation (9/15): The quality is decent, with fluid movements and various expressions for the characters. Such as Lemon's face saying Mash is her husband, although he is surprised by Lemon's idea of this, along with the fight scenes with each other. Those felt unique, with every ability of the characters being different from another in every fight. Also, in Episode 3, Mash \"flies\" with the broom by kicking his legs rapidly, shocking everyone in the crowd. In contrast, when Finn's older brother comes in in Milo verse Dot and Finn, the swords feel stiff when stabbing Milo (one of the Magia Lupis). There could have been more movement and surprise, like Finn's brother stabbing Milo with the blood being censored from Milo's chest, with Finn both proud of the threat being gone and shocked by his brother coming in at the last moment. In summary, the animation has decent quality with expressions and actions, although it could have looked more fluid.   \n\nAudio (5/10): It is average at best, a fast-pasted rap during times of fighting, and in times of humor, it a cheerful and sometimes comes in as a shocker. During a game with a broom against the Lang dorm. An incredible sound that everyone thought he was flying. Also, when Lemon talks about Mash being her husband, a love-dove sound surrounds her with hearts as she monologues about Mash. Although during the fight scenes, such as Lance verse Mash in the first scenes, there is a voice in the fight. It makes it seem like another person but never shows that it can be confusing. In short, audio can enhance some scenes, but it cannot be easy to picture in others. \n\nCharacters (11/20): The characters at first seem stereotypical main cast; we have the love interest, the aloof, intelligent rival, the hot head, the shy kid that bullied, and the untalented kid that secretly has something overpowered. Although the cast has something in their past that makes them different from the stereotypical and relatable to them. Such as Lance labels himself as a siscon because he values his sister to become a divine visionary. Which causes conflict between Mash and him. Even the villain, such as Abyss Razor and Abel Walker, has compelling backstories that shock us; even their relationship makes it relatable to Abyss being a  \"tool\" for Lord Abel. Because Abyss was heavily mistreated because of his eye, which can nullify any magic, and Abyss had a caring and kind mother but was killed by a commoner for being greedy. Although this relationship between Abyss and Abel can be considered toxic to some people, Lance being a siscon can be a concern to some people. In conclusion, characters seem at first the norm but are relatable with some concerning topics for the person.  \n\nPlot (5/20): The story makes sense and has some logical conflict in episode 6. Those slice-of-life bits make the series uninteresting for just a few episodes. Such Mash was doing the entrance exam, not to mention after any of the episodes afterward. Along with Lance suddenly becoming a villain, all without any explanation given. While, After episode 6 that where the conflict starts, the plot begins to have a central conflict thought the entire series when Mash and his friends fight against Magia Lupis and later Lance/ Cell war. With one more row set up for another season, Mash is revealed to have no magic by the people who were turned into puppets are now humans. In general, the plot could have improved for some clarification, for  Cell wall is Lance and have more conflict. \n\nOverall (3/5): It was enjoyable for an anime series that felt decent at best. The characters and animation were good in quality and relationship. Although it was stereotypical and lackluster with some concern topics. At least Mash gave us cream puffs for free and a genuinely enjoyable show.   \n\nThanks for reading my review"},{"id":21745,"score":70,"summary":"harry potter x OPM, c'est qd même un bon divertissement et c'est drôle ","body":"__Avis général\n__\nNous voici plongez dans un univers magique et où les personnes ne possédant aucun pouvoir sont tuées dés leur naissance, oui oui clairement on ne se pose pas de questions, c'est ciao direct. Mais Mash notre protagoniste, le sans Magie, un moldu finalement réussi à passer entre les mailles du filet grâce à un vieux sorcier qui a décidé de l'élever en dehors de la ville, au fin fond d'une forêt pour qu'il ne soit jamais découvert par l'état. Ainsi Mash vivra une vie tranquille en s'occupant avec ses 2 passions, la musculation et les chou cream. Mais un jour cette tranquillité sera subitement brisée, il devra donc rejoindre la plus grande école de magie, dans le but de devenir l'élu divin et pouvoir revivre une vie paisible.\nMesdames et messieurs comment vous dire que si vous adorez Harry Potter, one punch man et le comique vous êtes servis avec mashle.\n\n__Les personnages\n__\nCertes, nous sommes qu'au début de l'histoire, donc parler sur le développement des personnages est un peu prématuré. Mais dans cette 1ere saison on a quand même eu pas mal de back story sur la plupart des persos. Bon elles étaient plutôt courtes et concernaient des perso qui je pense ne seront pas les principaux protagonistes et antagonistes des futurs arcs, mais j'ai trouvé ça cool que chacun d'eux ait été traité même si ce fut de manière succincte, mais ce qui me fait un peu plus peur qd même , c'est que finalement le développement des personnages soit très basique, tout au long de l'histoire et ça se serait plutôt dommage.\nPar contre celui qui sort du lot c'est mashuu bundedoo. Comme vous l'avez compris Je n'ai pas tellement ressenti d'attache pour qui que ce soit dans l'anime, les persos sont soit trop chiant soit juste banal, mais mashuu bandedoo , lui je l'adore , c'est un Bon. Au premier abord c'est un simplet, mais finalement pas tant que ça parce qu'il a sa façon de penser et ne se laisse pas faire par les autres. Ce jeune homme a bien été éduqué par son daron. Bon sa façon d'agir par rapport à ses amis c'est la même que n'importe quel autre perso de shonen, mais chez lui ce que j'aime c'est la simplicité de son objectif, lui tout ce qu' il aime ceux sont les choux à la crème, la musculation et son père. C'est sur que ce côté simplet est tout à fait normal puisque le manga est voué à être comique donc finalement c'est normal que lobjectif du héros principal soit des plus banal, mais moi j'aime ça. En plus sa tête de champignon qui n'arrête pas de regarder les autres en mode choqué ça me fume à chaque fois.\n\n__Les combats\n__\nAlors là ce sera la partie un peu plus négative de la vidéo. Les combats dans mashle , l'utilité de certaines personnes dans cette saison, je parle surtout des antagonistes , ceux sont des png ouuuuuuu??? Vraiment ils n'étaient pas ouf au niveau des combats, a part le Chef ou le mec avec l'oeil maléfique, et encore heureusement qu'innocent zéro s'est permis de venir dans l'enceinte du bâtiment, pour redonner un petit ce sentiment de puissance de danger, qui a manqué un peu selon moi. pour les autres perso notamment ceux du dortoir Lang... même moi je rentre sur le terrain et je leur fait un tabemono maho (magie de la nourriture) et ils sont finito... Vraiment ils étaient éclatés. Franchement au niveau des combats je ne les ai pas tous trouvés assez palpitants et surtout il y avait ce manque de tension que l'on recherche dans les bastons. Je sais que nous sommes dans un environnement comique mais cela ne devrait pas empêcher d'avoir qlq fois une petite touche de sérieux qui fait que l'on change de situation, et que finalement on se dise à la on ne rigole pas, on s' est assez amuser , on va devoir rentrer dans le vif du sujet. Bon en vrai je ne me fais pas trop de soucis parce que ce n'était que la saison 1 et innocent zéro vient d'arriver et eux ils n'ont pas l'air de trop rigoler. \n\n__conclusion\n__\nDonc voilà pour conclure rapidement sur cette petite revue de mashle ;\nSi je devais donner les points positifs et négatifs :\n\nDans les points forts je mettrai :\nL'Humour - même si celui-ci ne peut pas plaire à tout le monde\nC'est Un bon divertissement - qui se regarde sans prise de tête, avec de l'humour et de l'action\nLes ost - qui vont vraiment bien avec l'univers\nLe protagoniste - est bien travaillé, je le trouve vraiment bien pour l'instant\n\nDans les points moins bon :\nLes personnages inutiles - ça me fait qd même vraiment peur qu'il y en ai bcp dans la suite parce que dans cette 1ere saison il y en une bonne ribambelle"},{"id":21954,"score":62,"summary":"Muscles, Magic, Creampuffs.... No thank you!","body":"~~~img220(https://images-na.ssl-images-amazon.com/images/S/pv-target-images/1f80e38df58b3fa185db0c0ee48b0d8dd5ba03c1773fefcd81859efb7a87cddc._RI_TTW_SX720_FMjpg_.jpg)~~~\n\n~~~Mashle, an anime that has an enormous amount of potential falls very short on the Shonen side of anime. Despite being a parody anime, it’s hard to invest your feelings let alone pay attention to it. Outside the comedy scope of the anime, the writing was bad, the characters are dull. Mashle just doesn’t get the job done. ~~~\n\n~~~__Synopsis__~~~\n\n~~~Mashle: Magic and Muscles is undoubtedly a parody/comedic anime created by A1 Studios. The anime source comes from the manga created by Hajime Koumoto. The storyline centers around the MC Mash Burnedead who in a world of magic keeps a secret of not having any. Under strange circumstances he finds himself enrolling in Easton Magic Academy to become a “Divine Visionary”. Will his sheer force win against the best magic users the school has to offer? ~~~\n\n~~~__Story__~~~\n\n~~~You get a brief sense of the story plot from the synopsis but let me start by saying if you are looking for a deep well thought out storyline then this isn’t the anime for you. There’s absolutely no depth in the anime plot which I don’t believe there is supposed to be but at some point, when the comedy starts becoming repetitive, I just felt like why am I even watching this. We know why Mash is going the route he’s going but there’s a lack of information on why he’s going through this. For example, why do people with magic feel the need to rid those without magic? What does a divine visionary do? Maybe the second season will answer some of these questions. ~~~\n\n~~~__Animation & Music__~~~\n\n~~~I will say I am a fan of the opening theme song lol. This was 50% of my enjoyment from watching the anime but the animation is a different story. Nothing is particularly wrong with the animation, it’s just that A1 studios has put out some amazing work, this isn’t anything near what they are capable of. The fight scenes do make up for the animation, the side characters didn’t have a crazy good, animated fight scene but Mash vs Abel and Mash vs Abyss was very well animated fight scenes. ~~~\n\n~~~__Characters\n__~~~\n\n~~~The characters are kind of used for continuing the storyline honestly. We don’t know any backstory for any one of the side characters except Lance. This gives a feeling of the characters aren’t that important and if the animators don’t care why should we? The characters designs are bland and honestly unoriginal MC – black hair, loud angry side character – red hair, female side character –yellow hair, Possible friend/enemy - blue hair. Without the marks on their faces, they wouldn’t stand out at all. There’s not one good moment I can think that Finn helped with throughout this anime. Besides that, the antagonist (house orca) had some great characters with interesting magic, but we don’t get to see much of it due to how rushed the anime seemed. ~~~\n\n~~~img220(https://cdn.appuals.com/wp-content/uploads/2023/04/1309248-2048x1170.jpeg)~~~\n\n~~~__Conclusion__~~~\n\n~~~My honest opinion is that Mashle is a Shonen anime done wrong, with so much potential to be a great anime if the series were a bit more serious then becoming a parody. Nothing really stands out from the anime outside of comedy and I’m perfectly fine if it was meant to be a comedy but if that’s the case it still doesn’t succeed in that aspect. Most of the jokes were repetitive and if I had to see another cream puff, I might have lost it. But all in all, if you are going to pull some inspiration from the great Harry Potter series you have got to do it right.  \nI recommend this anime with an - __Eh why am I watching this__ ~~~\n\n___Anime with a score of 60-70 receives a \" Eh why am I watching this\".__\n\n\n~!~~~My favorite scene of the anime is when he supflex the girl ?? Kudos for that scene.~~~\nyoutube(https://www.youtube.com/watch?v=XaIrwviKOgs)!~"}],"siteUrl":"https://anilist.co/anime/151801","autoCreateForumThread":false,"modNotes":null,"stats":{"scoreDistribution":[{"score":10,"amount":205},{"score":20,"amount":131},{"score":30,"amount":389},{"score":40,"amount":660},{"score":50,"amount":1780},{"score":60,"amount":3668},{"score":70,"amount":10872},{"score":80,"amount":14571},{"score":90,"amount":8439},{"score":100,"amount":3980}],"statusDistribution":[{"status":"CURRENT","amount":24748},{"status":"PLANNING","amount":25811},{"status":"COMPLETED","amount":66558},{"status":"DROPPED","amount":5120},{"status":"PAUSED","amount":2666}]},"isRecommendationBlocked":false,"recommendations":[{"mediaRecommendation":{"id":21087,"title":{"romaji":"One Punch Man","english":"One-Punch Man","native":"ワンパンマン","userPreferred":"One Punch Man"},"type":"ANIME"}},{"mediaRecommendation":{"id":21507,"title":{"romaji":"Mob Psycho 100","english":"Mob Psycho 100","native":"モブサイコ100","userPreferred":"Mob Psycho 100"},"type":"ANIME"}},{"mediaRecommendation":{"id":97940,"title":{"romaji":"Black Clover","english":"Black Clover","native":"ブラッククローバー","userPreferred":"Black Clover"},"type":"ANIME"}},{"mediaRecommendation":{"id":21804,"title":{"romaji":"Saiki Kusuo no Ψ-nan","english":"The Disastrous Life of Saiki K.","native":"斉木楠雄のΨ難","userPreferred":"Saiki Kusuo no Ψ-nan"},"type":"ANIME"}},{"mediaRecommendation":{"id":21858,"title":{"romaji":"Little Witch Academia (TV)","english":"Little Witch Academia (TV)","native":"リトルウィッチアカデミア (TV)","userPreferred":"Little Witch Academia (TV)"},"type":"ANIME"}},{"mediaRecommendation":{"id":21459,"title":{"romaji":"Boku no Hero Academia","english":"My Hero Academia","native":"僕のヒーローアカデミア","userPreferred":"Boku no Hero Academia"},"type":"ANIME"}},{"mediaRecommendation":{"id":1482,"title":{"romaji":"D.Gray-man","english":"D.Gray-man","native":"ディー・グレイマン","userPreferred":"D.Gray-man"},"type":"ANIME"}},{"mediaRecommendation":{"id":107693,"title":{"romaji":"Mairimashita! Iruma-kun","english":"Welcome to Demon School! Iruma-kun","native":"魔入りました！入間くん","userPreferred":"Mairimashita! Iruma-kun"},"type":"ANIME"}},{"mediaRecommendation":{"id":112301,"title":{"romaji":"Maou Gakuin no Futekigousha: Shijou Saikyou no Maou no Shiso, Tensei shite Shison-tachi no Gakkou e Kayou","english":"The Misfit of Demon King Academy: History’s Strongest Demon King Reincarnates and Goes to School with His Descendants","native":"魔王学院の不適合者 ～史上最強の魔王の始祖、転生して子孫たちの学校へ通う～","userPreferred":"Maou Gakuin no Futekigousha: Shijou Saikyou no Maou no Shiso, Tensei shite Shison-tachi no Gakkou e Kayou"},"type":"ANIME"}},{"mediaRecommendation":{"id":918,"title":{"romaji":"Gintama","english":"Gintama","native":"銀魂","userPreferred":"Gintama"},"type":"ANIME"}},{"mediaRecommendation":{"id":98034,"title":{"romaji":"Saiki Kusuo no Ψ-nan 2","english":"The Disastrous Life of Saiki K. Season 2","native":"斉木楠雄のΨ難 2","userPreferred":"Saiki Kusuo no Ψ-nan 2"},"type":"ANIME"}},{"mediaRecommendation":{"id":21595,"title":{"romaji":"Sakamoto desu ga?","english":"Haven't You Heard? I'm Sakamoto","native":"坂本ですが?","userPreferred":"Sakamoto desu ga?"},"type":"ANIME"}},{"mediaRecommendation":{"id":105156,"title":{"romaji":"Shinchou Yuusha: Kono Yuusha ga Ore TUEEE Kuse ni Shinchou Sugiru","english":"Cautious Hero: The Hero Is Overpowered but Overly Cautious","native":"慎重勇者～この勇者が俺ＴＵＥＥＥくせに慎重すぎる～","userPreferred":"Shinchou Yuusha: Kono Yuusha ga Ore TUEEE Kuse ni Shinchou Sugiru"},"type":"ANIME"}},{"mediaRecommendation":{"id":101338,"title":{"romaji":"Mob Psycho 100 II","english":"Mob Psycho 100 II","native":"モブサイコ100 II","userPreferred":"Mob Psycho 100 II"},"type":"ANIME"}},{"mediaRecommendation":{"id":140439,"title":{"romaji":"Mob Psycho 100 III","english":"Mob Psycho 100 III","native":"モブサイコ100 Ⅲ","userPreferred":"Mob Psycho 100 III"},"type":"ANIME"}},{"mediaRecommendation":{"id":97668,"title":{"romaji":"One Punch Man 2","english":"One-Punch Man Season 2","native":"ワンパンマン 2","userPreferred":"One Punch Man 2"},"type":"ANIME"}},{"mediaRecommendation":{"id":101001,"title":{"romaji":"Asobi Asobase","english":"Asobi Asobase - workshop of fun -","native":"あそびあそばせ","userPreferred":"Asobi Asobase"},"type":"ANIME"}},{"mediaRecommendation":{"id":131680,"title":{"romaji":"Black Clover: Mahou Tei no Ken","english":"Black Clover: Sword of the Wizard King","native":"ブラッククローバー 魔法帝の剣","userPreferred":"Black Clover: Mahou Tei no Ken"},"type":"ANIME"}},{"mediaRecommendation":{"id":9919,"title":{"romaji":"Ao no Exorcist","english":"Blue Exorcist","native":"青の祓魔師","userPreferred":"Ao no Exorcist"},"type":"ANIME"}},{"mediaRecommendation":{"id":154364,"title":{"romaji":"Mahoutsukai no Yome SEASON 2","english":"The Ancient Magus' Bride Season 2","native":"魔法使いの嫁 SEASON2","userPreferred":"Mahoutsukai no Yome SEASON 2"},"type":"ANIME"}},{"mediaRecommendation":{"id":142598,"title":{"romaji":"Nanatsu no Maken ga Shihai Suru","english":"Reign of the Seven Spellblades","native":"七つの魔剣が支配する","userPreferred":"Nanatsu no Maken ga Shihai Suru"},"type":"ANIME"}},{"mediaRecommendation":{"id":145140,"title":{"romaji":"Helck","english":"Helck","native":"Helck","userPreferred":"Helck"},"type":"ANIME"}},{"mediaRecommendation":{"id":112609,"title":{"romaji":"Majo no Tabitabi","english":"Wandering Witch: The Journey of Elaina","native":"魔女の旅々","userPreferred":"Majo no Tabitabi"},"type":"ANIME"}},{"mediaRecommendation":{"id":158704,"title":{"romaji":"Watashi no Oshi wa Akuyaku Reijou.","english":"I'm in Love with the Villainess","native":"私の推しは悪役令嬢。","userPreferred":"Watashi no Oshi wa Akuyaku Reijou."},"type":"ANIME"}},{"mediaRecommendation":{"id":269,"title":{"romaji":"BLEACH","english":"Bleach","native":"BLEACH","userPreferred":"BLEACH"},"type":"ANIME"}}]}