{"id":155730,"idMal":53379,"title":{"romaji":"Uchi no Kaisha no Chiisai Senpai no Hanashi","english":"My Tiny Senpai","native":"うちの会社の小さい先輩の話","userPreferred":"Uchi no Kaisha no Chiisai Senpai no Hanashi"},"format":"TV","status":"FINISHED","episodes":12,"description":"When Shinozaki started his new job, he never expected his superior to be so…cute!? He was struggling to learn the ropes until Katase, his adorably tiny and kind senpai, took him under her wing. She goes above and beyond to ensure Shinozaki feels comfortable—even rubbing his shoulders when he’s tense. But as they grow closer, Shinozaki hopes her devoted attention might mean something more.<br><br>\n(Source: Crunchyroll)","startDate":{"year":2023,"month":7,"day":2},"endDate":{"year":2023,"month":10,"day":1},"season":"SUMMER","seasonYear":2023,"duration":23,"countryOfOrigin":"JP","isLicensed":true,"source":"OTHER","hashtag":"#うちの会社の小さい先輩の話","trailer":"https://www.youtube.com/watch?v=Q4DoDFH_MHo","updatedAt":1706296456,"coverImage":{"large":"https://s4.anilist.co/file/anilistcdn/media/anime/cover/large/bx155730-1dE2C3K8VFdW.png","medium":"https://s4.anilist.co/file/anilistcdn/media/anime/cover/medium/bx155730-1dE2C3K8VFdW.png","small":"https://s4.anilist.co/file/anilistcdn/media/anime/cover/small/bx155730-1dE2C3K8VFdW.png","color":"#e4bb78"},"bannerImage":"https://s4.anilist.co/file/anilistcdn/media/anime/banner/155730-rmbNc1Zs44Q8.jpg","genres":["Comedy","Romance","Slice of Life"],"synonyms":["Story of a Small Senior in My Company","My Company's Small Senpai","My Tiny Senpai From Work","A Veterana Pitica da Firma","รุ่นพี่ตัวน้อยดูท่าจะตกหลุมรัก","МОЯ НЕВЫСОКАЯ КОЛЛЕГА"],"averageScore":67,"meanScore":67,"favourites":598,"popularity":26059,"trending":3,"tags":[{"id":145,"name":"Work","isMediaSpoiler":false},{"id":1045,"name":"Heterosexual","isMediaSpoiler":false},{"id":50,"name":"Seinen","isMediaSpoiler":false},{"id":109,"name":"Primarily Adult Cast","isMediaSpoiler":false},{"id":653,"name":"Office Lady","isMediaSpoiler":false},{"id":82,"name":"Male Protagonist","isMediaSpoiler":false},{"id":81,"name":"Iyashikei","isMediaSpoiler":false},{"id":324,"name":"Chibi","isMediaSpoiler":false},{"id":113,"name":"Nekomimi","isMediaSpoiler":false},{"id":92,"name":"Cute Girls Doing Cute Things","isMediaSpoiler":false},{"id":328,"name":"Cosplay","isMediaSpoiler":false},{"id":118,"name":"Drawing","isMediaSpoiler":false}],"relations":[{"id":114527,"title":{"english":null,"native":"うちの会社の小さい先輩の話","romaji":"Uchi no Kaisha no Chiisai Senpai no Hanashi","userPreferred":"Uchi no Kaisha no Chiisai Senpai no Hanashi"},"type":"MANGA"},{"id":122192,"title":{"english":null,"native":"うちの会社の小さい先輩の話","romaji":"Uchi no Kaisha no Chiisai Senpai no Hanashi","userPreferred":"Uchi no Kaisha no Chiisai Senpai no Hanashi"},"type":"MANGA"},{"id":169512,"title":{"english":null,"native":"うちの会社の小さい先輩の話 ミニアニメ","romaji":"Uchi no Kaisha no Chiisai Senpai no Hanashi Mini Anime","userPreferred":"Uchi no Kaisha no Chiisai Senpai no Hanashi Mini Anime"},"type":"ANIME"}],"characters":[{"id":166994,"name":"Shiori Katase"},{"id":166996,"name":"Chinatsu Hayakawa"},{"id":166995,"name":"Takuma Shinozaki"},{"id":166993,"name":"Chihiro Akina"},{"id":309084,"name":"Aiko Yamagishi"},{"id":309803,"name":"Yutaka Shinozaki"},{"id":317311,"name":"Satoshi Ishiyama"},{"id":317312,"name":"Akari Kurusu"},{"id":317313,"name":"Yuusuke Yamagishi"},{"id":317314,"name":"Hoshi Ayukawa"},{"id":317315,"name":"Marin"},{"id":317316,"name":"Makoto Ebitsuka"},{"id":318635,"name":"Yuri Itou"},{"id":318634,"name":"Masao Yoshida"},{"id":318636,"name":"Hiromi Haruna"},{"id":321743,"name":"Tomo"},{"id":321744,"name":"Shinobu Takatsukasa"}],"staff":[{"id":156171,"name":"Saisou"},{"id":124396,"name":"Mitsutoshi Satou"},{"id":155121,"name":"Satoshi Sugisawa"},{"id":128110,"name":"Keiichirou Oochi"},{"id":130362,"name":"Hayato Hashiguchi"},{"id":129209,"name":"Hiromi Ogata"},{"id":300733,"name":"Yasuko Aoki"},{"id":300734,"name":"Sumika Horiguchi"},{"id":270411,"name":"Helena Walstrom"},{"id":146768,"name":"Jamal Roberson"},{"id":146770,"name":"Rickey Watkins"},{"id":257176,"name":"James Cheek"},{"id":207072,"name":"Neal Malley"},{"id":129211,"name":"Hayden Daviau"},{"id":128754,"name":"Katelyn Barr"},{"id":185534,"name":"Kevin Thelwell"},{"id":151665,"name":"Ry McKeand"},{"id":190261,"name":"Danilo Diniz"},{"id":287120,"name":"Conrado Sotero"},{"id":286671,"name":"Ji-Sung Kim"},{"id":118394,"name":"Hiroyuki Furukawa"},{"id":243527,"name":"Gyong-Suk So"},{"id":286670,"name":"So-Yang Yang"},{"id":286669,"name":"Hye-Soo Cho"},{"id":320674,"name":"YU-KA"}],"studios":[{"id":4399,"name":"project No.9","isAnimationStudio":true},{"id":6815,"name":"DMM.com","isAnimationStudio":false},{"id":7429,"name":"REMOW","isAnimationStudio":false},{"id":7238,"name":"Takeshobo","isAnimationStudio":false},{"id":6339,"name":"Good Smile Company","isAnimationStudio":false},{"id":55,"name":"TV Asahi","isAnimationStudio":false},{"id":7156,"name":"Universal Music","isAnimationStudio":false},{"id":6621,"name":"Bit Grooove Promotion","isAnimationStudio":false},{"id":7430,"name":"Vobile Japan","isAnimationStudio":false},{"id":6313,"name":"Kadokawa Media House","isAnimationStudio":false},{"id":7155,"name":"TV Asahi Music","isAnimationStudio":false},{"id":6622,"name":"Nagoya Broadcasting Network","isAnimationStudio":false}],"isFavourite":false,"isAdult":false,"isLocked":false,"nextAiringEpisode":null,"airingSchedule":[{"airingAt":1688229000,"timeUntilAiring":-18069148,"episode":1},{"airingAt":1688833800,"timeUntilAiring":-17464348,"episode":2},{"airingAt":1689438600,"timeUntilAiring":-16859548,"episode":3},{"airingAt":1690648200,"timeUntilAiring":-15649948,"episode":4},{"airingAt":1691253000,"timeUntilAiring":-15045148,"episode":5},{"airingAt":1692462600,"timeUntilAiring":-13835548,"episode":6},{"airingAt":1693067400,"timeUntilAiring":-13230748,"episode":7},{"airingAt":1693672200,"timeUntilAiring":-12625948,"episode":8},{"airingAt":1694277000,"timeUntilAiring":-12021148,"episode":9},{"airingAt":1694881800,"timeUntilAiring":-11416348,"episode":10},{"airingAt":1695486600,"timeUntilAiring":-10811548,"episode":11},{"airingAt":1696091400,"timeUntilAiring":-10206748,"episode":12}],"trends":[{"date":1665932400,"trending":694,"popularity":0,"inProgress":null},{"date":1666018800,"trending":104,"popularity":584,"inProgress":8},{"date":1666105200,"trending":55,"popularity":741,"inProgress":9},{"date":1666191600,"trending":29,"popularity":801,"inProgress":9},{"date":1666278000,"trending":19,"popularity":835,"inProgress":9},{"date":1666364400,"trending":17,"popularity":855,"inProgress":9},{"date":1666450800,"trending":13,"popularity":876,"inProgress":9},{"date":1666537200,"trending":6,"popularity":891,"inProgress":9},{"date":1666623600,"trending":1,"popularity":898,"inProgress":9},{"date":1666710000,"trending":16,"popularity":904,"inProgress":9},{"date":1666796400,"trending":10,"popularity":917,"inProgress":9},{"date":1666882800,"trending":5,"popularity":928,"inProgress":9},{"date":1666969200,"trending":9,"popularity":934,"inProgress":9},{"date":1667055600,"trending":5,"popularity":943,"inProgress":9},{"date":1667142000,"trending":4,"popularity":955,"inProgress":9},{"date":1667228400,"trending":4,"popularity":960,"inProgress":10},{"date":1667314800,"trending":6,"popularity":966,"inProgress":10},{"date":1667401200,"trending":1,"popularity":972,"inProgress":10},{"date":1667487600,"trending":4,"popularity":978,"inProgress":10},{"date":1667574000,"trending":6,"popularity":982,"inProgress":10},{"date":1667660400,"trending":2,"popularity":986,"inProgress":10},{"date":1667746800,"trending":4,"popularity":989,"inProgress":10},{"date":1667833200,"trending":2,"popularity":993,"inProgress":10},{"date":1667919600,"trending":3,"popularity":996,"inProgress":10},{"date":1668006000,"trending":5,"popularity":1000,"inProgress":10}],"externalLinks":["https://chiisaisenpai.com/","https://twitter.com/smallsenpai_pr","https://www.crunchyroll.com/series/G79H23Z45/my-tiny-senpai"],"streamingEpisodes":[{"title":"Episode 1 - My Senpai Is Small and Cute","thumbnail":"https://img1.ak.crunchyroll.com/i/spire2-tmb/fdbc763956a90e39895c21904cbdf8401688231035_full.jpg","url":"http://www.crunchyroll.com/my-tiny-senpai/episode-1-my-senpai-is-small-and-cute-906229","site":"Crunchyroll"},{"title":"Episode 2 - Despite Appearances, I'm More the Big Sister Type","thumbnail":"https://img1.ak.crunchyroll.com/i/spire4-tmb/6847eb521c437f94f50bcca94d9cd3581688826928_full.jpg","url":"http://www.crunchyroll.com/my-tiny-senpai/episode-2-despite-appearances-im-more-the-big-sister-type-906628","site":"Crunchyroll"},{"title":"Episode 3 - Is This How I Look to You?","thumbnail":"https://img1.ak.crunchyroll.com/i/spire4-tmb/f6e075d957eefe639bad83c47d56489d1689443594_full.jpg","url":"http://www.crunchyroll.com/my-tiny-senpai/episode-3-is-this-how-i-look-to-you-907402","site":"Crunchyroll"},{"title":"Episode 4 - When It Comes to Him, I'm Not Sure Yet...","thumbnail":"https://img1.ak.crunchyroll.com/i/spire2-tmb/abf9d45a835fb7b26644acc83f97666a1690653600_full.jpg","url":"http://www.crunchyroll.com/my-tiny-senpai/episode-4-when-it-comes-to-him-im-not-sure-yet-908033","site":"Crunchyroll"},{"title":"Episode 5 - Shall We Go Somewhere Before We Head Home?","thumbnail":"https://img1.ak.crunchyroll.com/i/spire1-tmb/c06ea172c038aa90cec18433ff17ab401691256905_full.jpg","url":"http://www.crunchyroll.com/my-tiny-senpai/episode-5-shall-we-go-somewhere-before-we-head-home-908788","site":"Crunchyroll"},{"title":"Episode 6 - I Can’t Resist My Instincts!","thumbnail":"https://img1.ak.crunchyroll.com/i/spire1-tmb/36b021bb557550f01792d35f9a6408d01692468267_full.jpg","url":"http://www.crunchyroll.com/my-tiny-senpai/episode-6-i-cant-resist-my-instincts-909142","site":"Crunchyroll"},{"title":"Episode 7 - You Sure You Don’t Want One?","thumbnail":"https://img1.ak.crunchyroll.com/i/spire4-tmb/4aecce0af4dcf962c64739c229317dc11693047944_full.jpg","url":"http://www.crunchyroll.com/my-tiny-senpai/episode-7-you-sure-you-dont-want-one-909416","site":"Crunchyroll"},{"title":"Episode 8 - Isn’t It Time for Good Boys to Go to Sleep?","thumbnail":"https://img1.ak.crunchyroll.com/i/spire1-tmb/3aadfb27a81019fdf918c4840e0c30cc1693678416_full.jpg","url":"http://www.crunchyroll.com/my-tiny-senpai/episode-8-isnt-it-time-for-good-boys-to-go-to-sleep-910041","site":"Crunchyroll"},{"title":"Episode 9 - He Wants to Talk Privately…","thumbnail":"https://img1.ak.crunchyroll.com/i/spire1-tmb/e7b9c6495c6230b45df8b163762089811694283088_full.jpg","url":"http://www.crunchyroll.com/my-tiny-senpai/episode-9-he-wants-to-talk-privately-910982","site":"Crunchyroll"},{"title":"Episode 10 - Even If We're Just Playing, He's My Kohai...","thumbnail":"https://img1.ak.crunchyroll.com/i/spire1-tmb/7b4c9bbc121333c9491736843c148eb81694880940_full.jpg","url":"http://www.crunchyroll.com/my-tiny-senpai/episode-10-even-if-were-just-playing-hes-my-kohai-911865","site":"Crunchyroll"},{"title":"Episode 11 - Can I Give You a Big Hug?","thumbnail":"https://img1.ak.crunchyroll.com/i/spire3-tmb/266f0494ea83cf5bc48a9e89b5039b971695485157_full.jpg","url":"http://www.crunchyroll.com/my-tiny-senpai/episode-11-can-i-give-you-a-big-hug-912356","site":"Crunchyroll"},{"title":"Episode 12 - A Story About the Tiny Senpai Where I Work","thumbnail":"https://img1.ak.crunchyroll.com/i/spire4-tmb/48e06475817badf367e3b16f8602d0b01696089180_full.jpg","url":"http://www.crunchyroll.com/my-tiny-senpai/episode-12-a-story-about-the-tiny-senpai-where-i-work-912728","site":"Crunchyroll"}],"rankings":[{"rank":97,"type":"POPULAR","context":"most popular","year":2023,"season":null},{"rank":24,"type":"RATED","context":"highest rated","year":2023,"season":"SUMMER"},{"rank":23,"type":"POPULAR","context":"most popular","year":2023,"season":"SUMMER"}],"mediaListEntry":null,"reviews":[{"id":22406,"score":70,"summary":"fresh, exciting, and humorous, but also excessively fanservice-y, and a little creepy. you'll either love it or hate it","body":"At first glance, this show seemed very sketchy. The adult \"loli\" with huge oppai made me concerned that I was about to witness some fanservice trash. I am happy to report that this is only partially the case. My Tiny Senpai tries to go down the cute and fluffy route. There is lot's of forced blushing and bashfulness from our resident loli, and lots of catgirl moments (is the mangaka a furry). On the other hand, each episode is fresh and lively, and ideas aren't really recycled which is another fear that I had coming in. I thought that their office would be the main scene the majority of the time. The comedy might not hit all of the time, but I think that it was up my alley for the most part. \n\nPositives: I'll elaborate on comedy here. It writes it's jokes in a way that falls into common tropes, but actually satirizes/makes fun of those tropes. This can come in the form of misunderstandings and teasing primarily but it can go other ways as well. For me personally, I enjoyed the comedy a lot and when it was paired with the plot, it really elevated my enjoyment of the series. My next main positive is the plot. Each episode has a standalone conflict or event the characters are working on and it was always fresh and positive. From design competitions to cosplay events to working at daycares to more cliches, it was honestly a lot of fun. As I said earlier, I think that it was enjoyable, was it quality or groundbreaking, no not really. But it did a job that not every romcom can pull off.\n\nNegatives: It gets a little creepy. Right off the bat, Shiori Katase (female MC) and her character design gross me out. An adult woman in a child body with huge tits. It's a pretty disgusting kind of fanservice that is catering to some.... audience. I also think that the way she acts is off-putting. She is always doing this \"cutesy\" stuff that feels super unnatural and it goes against the grain of the episode. She doesn't act in a normal way that makes her likeable. I don't like them putting cat ears on her and having her blush super hard and play this mommy/older sister figure. Say whatever you want, DM me, argue, but I am absolutely 100% hellbent on the fact that this character is just shameless fanservice, and the series could have been much better off making her anything that isn't a loli who acts weird.\n\nIn conclusion, My Tiny Senpai can get bland sometimes, and it gets creepy as well, in particular the character of the female lead. The character designs are disturbing as well (this is more subjective). Despite that, the plot is fresh and exciting, and the comedy is pretty funny and works well enough in tandem with one another that I can recommend this rom-com for you to at least give a shot. Final score: 7/10"}],"siteUrl":"https://anilist.co/anime/155730","autoCreateForumThread":false,"modNotes":null,"stats":{"scoreDistribution":[{"score":10,"amount":87},{"score":20,"amount":71},{"score":30,"amount":178},{"score":40,"amount":285},{"score":50,"amount":639},{"score":60,"amount":1272},{"score":70,"amount":2032},{"score":80,"amount":1223},{"score":90,"amount":690},{"score":100,"amount":351}],"statusDistribution":[{"status":"CURRENT","amount":4686},{"status":"PLANNING","amount":9000},{"status":"COMPLETED","amount":9155},{"status":"DROPPED","amount":2503},{"status":"PAUSED","amount":715}]},"isRecommendationBlocked":false,"recommendations":[{"mediaRecommendation":{"id":115113,"title":{"romaji":"Uzaki-chan wa Asobitai!","english":"Uzaki-chan Wants to Hang Out!","native":"宇崎ちゃんは遊びたい！","userPreferred":"Uzaki-chan wa Asobitai!"},"type":"ANIME"}},{"mediaRecommendation":{"id":99578,"title":{"romaji":"Wotaku ni Koi wa Muzukashii","english":"Wotakoi: Love is Hard for Otaku","native":"ヲタクに恋は難しい","userPreferred":"Wotaku ni Koi wa Muzukashii"},"type":"ANIME"}},{"mediaRecommendation":{"id":120646,"title":{"romaji":"Senpai ga Uzai Kouhai no Hanashi","english":"My Senpai is Annoying","native":"先輩がうざい後輩の話","userPreferred":"Senpai ga Uzai Kouhai no Hanashi"},"type":"ANIME"}},{"mediaRecommendation":{"id":151252,"title":{"romaji":"Koori Zokusei Danshi to Cool na Douryou Joshi","english":"The Ice Guy and His Cool Female Colleague","native":"氷属性男子とクールな同僚女子","userPreferred":"Koori Zokusei Danshi to Cool na Douryou Joshi"},"type":"ANIME"}},{"mediaRecommendation":{"id":104217,"title":{"romaji":"Wotaku ni Koi wa Muzukashii OVA","english":null,"native":"ヲタクに恋は難しい OVA","userPreferred":"Wotaku ni Koi wa Muzukashii OVA"},"type":"ANIME"}},{"mediaRecommendation":{"id":124395,"title":{"romaji":"Uzaki-chan wa Asobitai! ω","english":"Uzaki-chan Wants to Hang Out! Season 2","native":"宇崎ちゃんは遊びたい！ω（だぶる）","userPreferred":"Uzaki-chan wa Asobitai! ω"},"type":"ANIME"}},{"mediaRecommendation":{"id":21776,"title":{"romaji":"Kobayashi-san Chi no Maidragon","english":"Miss Kobayashi's Dragon Maid","native":"小林さんちのメイドラゴン","userPreferred":"Kobayashi-san Chi no Maidragon"},"type":"ANIME"}},{"mediaRecommendation":{"id":21455,"title":{"romaji":"NEW GAME!","english":"NEW GAME!","native":"NEW GAME!","userPreferred":"NEW GAME!"},"type":"ANIME"}},{"mediaRecommendation":{"id":20812,"title":{"romaji":"SHIROBAKO","english":"SHIROBAKO","native":"SHIROBAKO","userPreferred":"SHIROBAKO"},"type":"ANIME"}},{"mediaRecommendation":{"id":18119,"title":{"romaji":"Servant x Service","english":"Servant x Service","native":"サーバント×サービス","userPreferred":"Servant x Service"},"type":"ANIME"}},{"mediaRecommendation":{"id":6956,"title":{"romaji":"WORKING!!","english":"Wagnaria!!","native":"WORKING!!","userPreferred":"WORKING!!"},"type":"ANIME"}},{"mediaRecommendation":{"id":20819,"title":{"romaji":"WORKING!!!","english":"Wagnaria!!3","native":"WORKING!!!","userPreferred":"WORKING!!!"},"type":"ANIME"}},{"mediaRecommendation":{"id":21384,"title":{"romaji":"WORKING!!!: Lord of the Takanashi","english":"Wagnaria!!3: Lord of the Takanashi","native":"WORKING!!! ロード・オブ・ザ・小鳥遊","userPreferred":"WORKING!!!: Lord of the Takanashi"},"type":"ANIME"}},{"mediaRecommendation":{"id":21764,"title":{"romaji":"WWW.WORKING!!","english":"WWW.WAGNARIA!!","native":"WWW.WORKING!!","userPreferred":"WWW.WORKING!!"},"type":"ANIME"}},{"mediaRecommendation":{"id":97994,"title":{"romaji":"Blend S","english":"BLEND-S","native":"ブレンド・S","userPreferred":"Blend S"},"type":"ANIME"}},{"mediaRecommendation":{"id":101571,"title":{"romaji":"Aggressive Retsuko","english":"Aggretsuko","native":"アグレッシブ烈子","userPreferred":"Aggressive Retsuko"},"type":"ANIME"}},{"mediaRecommendation":{"id":154965,"title":{"romaji":"Yamada-kun to Lv999 no Koi wo Suru","english":"My Love Story with Yamada-kun at Lv999","native":"山田くんとLv999の恋をする","userPreferred":"Yamada-kun to Lv999 no Koi wo Suru"},"type":"ANIME"}},{"mediaRecommendation":{"id":20710,"title":{"romaji":"Denki-Gai no Honya-san","english":"DENKI-GAI","native":"デンキ街の本屋さん","userPreferred":"Denki-Gai no Honya-san"},"type":"ANIME"}},{"mediaRecommendation":{"id":112353,"title":{"romaji":"Nami yo Kiitekure","english":"Wave, Listen to Me!","native":"波よ聞いてくれ","userPreferred":"Nami yo Kiitekure"},"type":"ANIME"}},{"mediaRecommendation":{"id":21703,"title":{"romaji":"Fune wo Amu","english":"The Great Passage","native":"舟を編む","userPreferred":"Fune wo Amu"},"type":"ANIME"}},{"mediaRecommendation":{"id":137877,"title":{"romaji":"Ganbare, Douki-chan","english":"GANBARE DOUKICHAN","native":"がんばれ同期ちゃん","userPreferred":"Ganbare, Douki-chan"},"type":"ANIME"}},{"mediaRecommendation":{"id":139451,"title":{"romaji":"Ganbare, Douki-chan Special","english":null,"native":"がんばれ同期ちゃん Special","userPreferred":"Ganbare, Douki-chan Special"},"type":"ANIME"}},{"mediaRecommendation":{"id":100977,"title":{"romaji":"Hataraku Saibou","english":"Cells at Work!","native":"はたらく細胞","userPreferred":"Hataraku Saibou"},"type":"ANIME"}},{"mediaRecommendation":{"id":148098,"title":{"romaji":"Otonari ni Ginga","english":"A Galaxy Next Door","native":"おとなりに銀河","userPreferred":"Otonari ni Ginga"},"type":"ANIME"}},{"mediaRecommendation":{"id":116267,"title":{"romaji":"Tonikaku Kawaii","english":"TONIKAWA: Over The Moon For You","native":"トニカクカワイイ","userPreferred":"Tonikaku Kawaii"},"type":"ANIME"}}]}