{"id":163263,"idMal":54898,"title":{"romaji":"Bungou Stray Dogs 5th Season","english":"Bungo Stray Dogs 5","native":"文豪ストレイドッグス 第5シーズン","userPreferred":"Bungou Stray Dogs 5th Season"},"format":"TV","status":"FINISHED","episodes":11,"description":"The fifth season of <i>Bungou Stray Dogs</i>. <br><br>\nDetective employees are caught one after another, and Kamui, the leader of Tenjin Goshui, is closing in on the Armed Detective Agency. Will the Agency survive?! <br><br>\n(Source: Crunchyroll)","startDate":{"year":2023,"month":7,"day":12},"endDate":{"year":2023,"month":9,"day":20},"season":"SUMMER","seasonYear":2023,"duration":24,"countryOfOrigin":"JP","isLicensed":true,"source":"MANGA","hashtag":"#bungosd","trailer":"https://www.youtube.com/watch?v=1eCDPSa6Faw","updatedAt":1706296479,"coverImage":{"large":"https://s4.anilist.co/file/anilistcdn/media/anime/cover/large/bx163263-uz881pFAyi7P.jpg","medium":"https://s4.anilist.co/file/anilistcdn/media/anime/cover/medium/bx163263-uz881pFAyi7P.jpg","small":"https://s4.anilist.co/file/anilistcdn/media/anime/cover/small/bx163263-uz881pFAyi7P.jpg","color":"#e41aa1"},"bannerImage":"https://s4.anilist.co/file/anilistcdn/media/anime/banner/163263-cx1zOVfatLxW.jpg","genres":["Action","Comedy","Mystery","Supernatural"],"synonyms":["BSD 5"],"averageScore":85,"meanScore":86,"favourites":1569,"popularity":40321,"trending":1,"tags":[{"id":648,"name":"Crime","isMediaSpoiler":false},{"id":321,"name":"Urban Fantasy","isMediaSpoiler":false},{"id":104,"name":"Anti-Hero","isMediaSpoiler":false},{"id":105,"name":"Ensemble Cast","isMediaSpoiler":false},{"id":226,"name":"Fugitive","isMediaSpoiler":true},{"id":66,"name":"Super Power","isMediaSpoiler":false},{"id":694,"name":"Detective","isMediaSpoiler":false},{"id":456,"name":"Conspiracy","isMediaSpoiler":true},{"id":74,"name":"Vampire","isMediaSpoiler":true},{"id":285,"name":"Terrorism","isMediaSpoiler":true},{"id":82,"name":"Male Protagonist","isMediaSpoiler":false},{"id":88,"name":"Primarily Male Cast","isMediaSpoiler":false},{"id":109,"name":"Primarily Adult Cast","isMediaSpoiler":false},{"id":50,"name":"Seinen","isMediaSpoiler":false},{"id":85,"name":"Tragedy","isMediaSpoiler":true},{"id":96,"name":"Time Manipulation","isMediaSpoiler":true},{"id":310,"name":"Espionage","isMediaSpoiler":true},{"id":34,"name":"Military","isMediaSpoiler":true},{"id":107,"name":"Mafia","isMediaSpoiler":false},{"id":227,"name":"Classic Literature","isMediaSpoiler":false}],"relations":[{"id":141249,"title":{"english":"Bungo Stray Dogs 4","native":"文豪ストレイドッグス 第4シーズン","romaji":"Bungou Stray Dogs 4th Season","userPreferred":"Bungou Stray Dogs 4th Season"},"type":"ANIME"},{"id":85307,"title":{"english":"Bungo Stray Dogs","native":"文豪ストレイドッグス","romaji":"Bungou Stray Dogs","userPreferred":"Bungou Stray Dogs"},"type":"MANGA"}],"characters":[{"id":89196,"name":"Yukichi Fukuzawa"},{"id":89198,"name":"Osamu Dazai"},{"id":89197,"name":"Atsushi Nakajima"},{"id":89201,"name":"Ranpo Edogawa"},{"id":89199,"name":"Ryuunosuke Akutagawa"},{"id":89200,"name":"Doppo Kunikida"},{"id":134500,"name":"Ango Sakaguchi"},{"id":151368,"name":"Nikolai Gogol"},{"id":163187,"name":"Saigiku Jouno"},{"id":132222,"name":"Lucy Montgomery"},{"id":138815,"name":"Sigma"},{"id":89856,"name":"Kyouka Izumi"},{"id":189364,"name":"Oochi Fukuchi"},{"id":138067,"name":"Fyodor Dostoyevsky"},{"id":217315,"name":"Bram Stoker"},{"id":127632,"name":"Edgar Poe"},{"id":138152,"name":"Minoura"},{"id":163186,"name":"Tecchou Suehiro"},{"id":138064,"name":"Katai Tayama"},{"id":89208,"name":"Akiko Yosano"},{"id":167899,"name":"Teruko Ookura"},{"id":136705,"name":"Michizou Tachihara"},{"id":138148,"name":"Aya Koda"},{"id":89205,"name":"Junichirou Tanizaki"},{"id":89853,"name":"Chuuya Nakahara"}],"staff":[{"id":118665,"name":"Kafka Asagiri"},{"id":118666,"name":"Harukawa35"},{"id":120003,"name":"Yumiko Kondou"},{"id":105087,"name":"Takuya Igarashi"},{"id":120002,"name":"Nobuhiro Arai"},{"id":100062,"name":"Youji Enokido"},{"id":119567,"name":"Shizuo Kurahashi"},{"id":120002,"name":"Nobuhiro Arai"},{"id":132779,"name":"Shigeru Nishiyama"},{"id":118586,"name":"Kazuhiro Wakabayashi"},{"id":200178,"name":"Hiroki Oguri"},{"id":100172,"name":"Taku Iwasaki"},{"id":148401,"name":"Gou Kanbayashi"},{"id":148234,"name":"Youta Andou"},{"id":146160,"name":"Sachiko Nishi"},{"id":100062,"name":"Youji Enokido"},{"id":155857,"name":"Yukari Gotou"},{"id":119125,"name":"Fumihilo Katagai"},{"id":202446,"name":"Wilken Mazzei"},{"id":103917,"name":"GRANRODEO"}],"studios":[{"id":4,"name":"bones","isAnimationStudio":true},{"id":6698,"name":"KADOKAWA","isAnimationStudio":false},{"id":7138,"name":"Bandai Namco Music Live","isAnimationStudio":false},{"id":166,"name":"Movic","isAnimationStudio":false},{"id":6421,"name":"Crunchyroll","isAnimationStudio":false},{"id":6758,"name":"Sony Music Solutions","isAnimationStudio":false},{"id":33,"name":"WOWOW","isAnimationStudio":false}],"isFavourite":false,"isAdult":false,"isLocked":false,"nextAiringEpisode":null,"airingSchedule":[{"airingAt":1689170400,"timeUntilAiring":-17127801,"episode":1},{"airingAt":1689775200,"timeUntilAiring":-16523001,"episode":2},{"airingAt":1690380000,"timeUntilAiring":-15918201,"episode":3},{"airingAt":1690984800,"timeUntilAiring":-15313401,"episode":4},{"airingAt":1691589600,"timeUntilAiring":-14708601,"episode":5},{"airingAt":1692194400,"timeUntilAiring":-14103801,"episode":6},{"airingAt":1692799200,"timeUntilAiring":-13499001,"episode":7},{"airingAt":1693404000,"timeUntilAiring":-12894201,"episode":8},{"airingAt":1694008800,"timeUntilAiring":-12289401,"episode":9},{"airingAt":1694613600,"timeUntilAiring":-11684601,"episode":10},{"airingAt":1695218400,"timeUntilAiring":-11079801,"episode":11}],"trends":[{"date":1680102000,"trending":4513,"popularity":0,"inProgress":null},{"date":1680188400,"trending":1047,"popularity":4198,"inProgress":55},{"date":1680274800,"trending":637,"popularity":5555,"inProgress":87},{"date":1680361200,"trending":643,"popularity":6269,"inProgress":104},{"date":1680447600,"trending":458,"popularity":6958,"inProgress":119},{"date":1680534000,"trending":307,"popularity":7492,"inProgress":138},{"date":1680620400,"trending":230,"popularity":7826,"inProgress":151},{"date":1680706800,"trending":239,"popularity":8103,"inProgress":165},{"date":1680793200,"trending":221,"popularity":8346,"inProgress":168},{"date":1680879600,"trending":200,"popularity":8577,"inProgress":172},{"date":1680966000,"trending":235,"popularity":8791,"inProgress":173},{"date":1681052400,"trending":220,"popularity":9036,"inProgress":180},{"date":1681138800,"trending":188,"popularity":9270,"inProgress":186},{"date":1681225200,"trending":144,"popularity":9483,"inProgress":190},{"date":1681311600,"trending":124,"popularity":9655,"inProgress":195},{"date":1681398000,"trending":144,"popularity":9813,"inProgress":197},{"date":1681484400,"trending":142,"popularity":9974,"inProgress":204},{"date":1681570800,"trending":173,"popularity":10142,"inProgress":209},{"date":1681657200,"trending":119,"popularity":10337,"inProgress":214},{"date":1681743600,"trending":130,"popularity":10481,"inProgress":223},{"date":1681830000,"trending":105,"popularity":10612,"inProgress":226},{"date":1681916400,"trending":96,"popularity":10744,"inProgress":227},{"date":1682002800,"trending":84,"popularity":10851,"inProgress":230},{"date":1682089200,"trending":99,"popularity":10958,"inProgress":233},{"date":1682175600,"trending":121,"popularity":11051,"inProgress":237}],"externalLinks":["https://twitter.com/bungosd_anime","https://bungosd.com/","https://www.crunchyroll.com/series/GR5VXQ8PR/bungo-stray-dogs","https://www.bilibili.tv/en/media/2086241"],"streamingEpisodes":[{"title":"Episode 61 - Twilight Goodbye","thumbnail":"https://img1.ak.crunchyroll.com/i/spire3-tmb/c840074eabcd60941c7fc8d5d7b53a691695217230_full.jpg","url":"http://www.crunchyroll.com/bungo-stray-dogs/episode-61-twilight-goodbye-905702","site":"Crunchyroll"},{"title":"Episode 60 - Inhuman Demons (Part 3)","thumbnail":"https://img1.ak.crunchyroll.com/i/spire3-tmb/607850e8d441634aee6930811c73d9591694561453_full.jpg","url":"http://www.crunchyroll.com/bungo-stray-dogs/episode-60-inhuman-demons-part-3-905701","site":"Crunchyroll"},{"title":"Episode 59 - Land of Inhuman Demons (Part 2)","thumbnail":"https://img1.ak.crunchyroll.com/i/spire2-tmb/59018bf06aa1c6af855a9f8ce55180511693996031_full.jpg","url":"http://www.crunchyroll.com/bungo-stray-dogs/episode-59-land-of-inhuman-demons-part-2-905700","site":"Crunchyroll"},{"title":"Episode 58 - Land of Inhuman Demons (Part 1)","thumbnail":"https://img1.ak.crunchyroll.com/i/spire4-tmb/84372a4c98d084e695e17c2267710c561693398542_full.jpg","url":"http://www.crunchyroll.com/bungo-stray-dogs/episode-58-land-of-inhuman-demons-part-1-905699","site":"Crunchyroll"},{"title":"Episode 57 - At the Port in the Sky (Part 3)","thumbnail":"https://img1.ak.crunchyroll.com/i/spire4-tmb/b04e668d39857dc3e909dc676a9e060e1692798911_full.jpg","url":"http://www.crunchyroll.com/bungo-stray-dogs/episode-57-at-the-port-in-the-sky-part-3-905698","site":"Crunchyroll"},{"title":"Episode 56 - At the Port in the Sky (Part 2)","thumbnail":"https://img1.ak.crunchyroll.com/i/spire1-tmb/af1c3d8cbf48b7279c1d065533c234521692195519_full.jpg","url":"http://www.crunchyroll.com/bungo-stray-dogs/episode-56-at-the-port-in-the-sky-part-2-905697","site":"Crunchyroll"},{"title":"Episode 55 - At the Port in the Sky (Part 1)","thumbnail":"https://img1.ak.crunchyroll.com/i/spire4-tmb/4f6ad5567f37bc4f630efd8e19cf74961691588696_full.jpg","url":"http://www.crunchyroll.com/bungo-stray-dogs/episode-55-at-the-port-in-the-sky-part-1-905696","site":"Crunchyroll"},{"title":"Episode 54 - HERO WAR, GANG WAR","thumbnail":"https://img1.ak.crunchyroll.com/i/spire4-tmb/f35ddda3086117c78524e7d3136be1f91690963644_full.jpg","url":"http://www.crunchyroll.com/bungo-stray-dogs/episode-54-hero-war-gang-war-905695","site":"Crunchyroll"},{"title":"Episode 53 - HERO VS. CRIMINAL","thumbnail":"https://img1.ak.crunchyroll.com/i/spire1-tmb/580c829f574a078aae4ebb474046550e1690380426_full.jpg","url":"http://www.crunchyroll.com/bungo-stray-dogs/episode-53-hero-vs-criminal-905694","site":"Crunchyroll"},{"title":"Episode 52 - The Answer to Everything","thumbnail":"https://img1.ak.crunchyroll.com/i/spire4-tmb/b3edd51ead21ec0cc1656c4f60a704541689747303_full.jpg","url":"http://www.crunchyroll.com/bungo-stray-dogs/episode-52-the-answer-to-everything-905693","site":"Crunchyroll"},{"title":"Episode 51 - The Strongest Man","thumbnail":"https://img1.ak.crunchyroll.com/i/spire3-tmb/d96a0f24eb0c66d30ea11d9cb78dd9f81689169453_full.jpg","url":"http://www.crunchyroll.com/bungo-stray-dogs/episode-51-the-strongest-man-905692","site":"Crunchyroll"}],"rankings":[{"rank":50,"type":"RATED","context":"highest rated all time","year":null,"season":null},{"rank":8,"type":"RATED","context":"highest rated","year":2023,"season":null},{"rank":61,"type":"POPULAR","context":"most popular","year":2023,"season":null},{"rank":4,"type":"RATED","context":"highest rated","year":2023,"season":"SUMMER"},{"rank":12,"type":"POPULAR","context":"most popular","year":2023,"season":"SUMMER"}],"mediaListEntry":null,"reviews":[{"id":22276,"score":82,"summary":"Enthralling and Exciting, Fast Paced Storytelling","body":"webm(https://v.animethemes.moe/BungouStrayDogsS5-OP1.webm)\n#####<center>(The above video contains audio from the OP, feel free to unmute.)</center>\n\nSeason 5 of Bungou Stray Dogs continues to directly build upon the events of Season 4, though in a much less character driven way this time, which paved the way for a more fast paced, action packed season that also had many twists. That comes with the positive of keeping me at the edge of my seat in suspense for what was to come, but gave me less to think about after each episode ended, as it wasn’t as full of depth as the previous season was. It also did what few anime do nowadays, pass the current chapter of the manga to the point of having a finale episode that covered scenes not seen in the source material. Seeing the fact that no one knew what the end had in store was definitely an exciting time, and it was overall once again another thrilling season.\n\nThe plot builds upon the finale of Season 4 at the Sky Casino, and continues with the Detective Agency trying to clear their name, with the Hunting Dogs hot on their tail. Their goal was to capture Kamui, the leader of the Decay of Angels, but it turns out a familiar face is the one behind it all. The thing that impressed me the most with this season was that the stakes felt higher than ever before, with the fate of a lot of the characters genuinely uncertain, and with that uncertainty, it does a great job in creating that feeling where I was actually scared if a character would be killed.\n\nThe one thing that was the source of some frustration to me was the one of the villain’s ability, as it was so overpowered that no one could stop him. However, as these stories tend to go, it would seem like he would have to be defeated at one point, and I felt however way the protagonists ended up winning would be through a deus ex machina. That said, I really liked the villains, as they were very crafty (especially Fyodor), and twisted enough to make things very interesting to watch. The story might not always be written at a very high standard, but it gets the job done in an immensely entertaining way, despite the flaws.\n\nProduction wise, much like the previous seasons, it was very consistent, and the soundtrack continued to be solid, along with an excellent opening and ending song.\n\nThe focus on the characters was not that balanced this time around, with some characters being virtually absent for the entire season, but the cast of characters that were present were about as good as before, though this time around, it wasn’t as emotional as last season, which had numerous backstories that really fleshed out the characters. Like I mentioned before, it was more of an action packed season, along with a lot of mind games in the form of twists. It was great to see the return of Aya though, as she was a nice character that appeared in one of the OVAs before.\n\nOverall, another extremely thrilling, enthralling roller coaster that had me looking forward to each subsequent episode, and while it was less emotional, with some notable negatives and some poor tonal shifts, it still got the job done. We likely won’t see another season since the anime has passed the recent manga chapter, but whenever a sequel happens, I’m sure I’ll be there yet again to witness it."}],"siteUrl":"https://anilist.co/anime/163263","autoCreateForumThread":false,"modNotes":null,"stats":{"scoreDistribution":[{"score":10,"amount":29},{"score":20,"amount":14},{"score":30,"amount":34},{"score":40,"amount":52},{"score":50,"amount":117},{"score":60,"amount":245},{"score":70,"amount":861},{"score":80,"amount":2355},{"score":90,"amount":4227},{"score":100,"amount":2884}],"statusDistribution":[{"status":"CURRENT","amount":4445},{"status":"PLANNING","amount":15208},{"status":"COMPLETED","amount":19961},{"status":"DROPPED","amount":211},{"status":"PAUSED","amount":496}]},"isRecommendationBlocked":false,"recommendations":[{"mediaRecommendation":{"id":6746,"title":{"romaji":"Durarara!!","english":"Durarara!!","native":"デュラララ!!","userPreferred":"Durarara!!"},"type":"ANIME"}},{"mediaRecommendation":{"id":20652,"title":{"romaji":"Durarara!!x2 Shou","english":"Durarara!! X2","native":"デュラララ!!×２ 承","userPreferred":"Durarara!!x2 Shou"},"type":"ANIME"}},{"mediaRecommendation":{"id":8408,"title":{"romaji":"Durarara!! Specials","english":null,"native":"デュラララ!!","userPreferred":"Durarara!! Specials"},"type":"ANIME"}},{"mediaRecommendation":{"id":20880,"title":{"romaji":"Durarara!!x2 Ketsu","english":"Durarara!! X2 The Third Arc","native":"デュラララ!!×２ 結","userPreferred":"Durarara!!x2 Ketsu"},"type":"ANIME"}},{"mediaRecommendation":{"id":20879,"title":{"romaji":"Durarara!!x2 Ten","english":"Durarara!! X2 The Second Arc","native":"デュラララ!!×２ 転","userPreferred":"Durarara!!x2 Ten"},"type":"ANIME"}},{"mediaRecommendation":{"id":2251,"title":{"romaji":"Baccano!","english":"Baccano!","native":"バッカーノ！","userPreferred":"Baccano!"},"type":"ANIME"}},{"mediaRecommendation":{"id":3901,"title":{"romaji":"Baccano! Specials","english":null,"native":"バッカーノ!","userPreferred":"Baccano! Specials"},"type":"ANIME"}},{"mediaRecommendation":{"id":4548,"title":{"romaji":"Yozakura Quartet","english":null,"native":"夜桜四重奏 ～ヨザクラカルテット～","userPreferred":"Yozakura Quartet"},"type":"ANIME"}},{"mediaRecommendation":{"id":20523,"title":{"romaji":"Yozakura Quartet: Yoza-Quar!","english":null,"native":"夜桜四重奏 よざカル！","userPreferred":"Yozakura Quartet: Yoza-Quar!"},"type":"ANIME"}},{"mediaRecommendation":{"id":18499,"title":{"romaji":"Yozakura Quartet: Tsuki ni Naku","english":null,"native":"夜桜四重奏 ツキニナク","userPreferred":"Yozakura Quartet: Tsuki ni Naku"},"type":"ANIME"}},{"mediaRecommendation":{"id":18497,"title":{"romaji":"Yozakura Quartet: Hana no Uta","english":null,"native":"夜桜四重奏 ~ハナノウタ~","userPreferred":"Yozakura Quartet: Hana no Uta"},"type":"ANIME"}},{"mediaRecommendation":{"id":131646,"title":{"romaji":"Vanitas no Carte","english":"The Case Study of Vanitas","native":"ヴァニタスの手記","userPreferred":"Vanitas no Carte"},"type":"ANIME"}},{"mediaRecommendation":{"id":114124,"title":{"romaji":"Yuukoku no Moriarty","english":"Moriarty the Patriot","native":"憂国のモリアーティ","userPreferred":"Yuukoku no Moriarty"},"type":"ANIME"}},{"mediaRecommendation":{"id":106893,"title":{"romaji":"Cop Craft","english":"Cop Craft","native":"コップクラフト","userPreferred":"Cop Craft"},"type":"ANIME"}},{"mediaRecommendation":{"id":1535,"title":{"romaji":"DEATH NOTE","english":"Death Note","native":"DEATH NOTE","userPreferred":"DEATH NOTE"},"type":"ANIME"}},{"mediaRecommendation":{"id":136484,"title":{"romaji":"Shiguang Dailiren II","english":"Link Click Season 2","native":"时光代理人 第二季","userPreferred":"Shiguang Dailiren II"},"type":"ANIME"}}]}