{"id":17249,"idMal":17249,"title":{"romaji":"Pretty Rhythm: Rainbow Live","english":null,"native":"プリズティーリズム・レインボーライブ","userPreferred":"Pretty Rhythm: Rainbow Live"},"format":"TV","status":"FINISHED","episodes":51,"description":"Naru Ayase is an 8th grader who can see the colors of music when she listens to it. For Naru, who is extremely good at decorating, becoming the owner of a shop like Dear Crown was her dream. One day, she finds out that the manager of a newly-opened shop is recruiting middle school girls who can do Prism Dance, and immediately applies. Naru begins to Prism Dance at the audition, and an aura she's never experienced spreads out in front of her. At that moment, a mysterious girl named Rinne asks her if she can see \"rainbow music\".<br><br>\n(Source: Anime News Network)","startDate":{"year":2013,"month":4,"day":6},"endDate":{"year":2014,"month":3,"day":29},"season":"SPRING","seasonYear":2013,"duration":24,"countryOfOrigin":"JP","isLicensed":true,"source":"VIDEO_GAME","hashtag":null,"trailer":null,"updatedAt":1706238559,"coverImage":{"large":"https://s4.anilist.co/file/anilistcdn/media/anime/cover/large/bx17249-FIqUTQWXkBWf.png","medium":"https://s4.anilist.co/file/anilistcdn/media/anime/cover/medium/bx17249-FIqUTQWXkBWf.png","small":"https://s4.anilist.co/file/anilistcdn/media/anime/cover/small/bx17249-FIqUTQWXkBWf.png","color":"#35f1ff"},"bannerImage":"https://s4.anilist.co/file/anilistcdn/media/anime/banner/17249-9JhXEAcNus3l.jpg","genres":["Drama","Music","Romance","Sports"],"synonyms":null,"averageScore":74,"meanScore":76,"favourites":149,"popularity":3265,"trending":0,"tags":[{"id":98,"name":"Female Protagonist","isMediaSpoiler":false},{"id":115,"name":"Idol","isMediaSpoiler":false},{"id":228,"name":"Ice Skating","isMediaSpoiler":false},{"id":265,"name":"Musical","isMediaSpoiler":false},{"id":92,"name":"Cute Girls Doing Cute Things","isMediaSpoiler":false},{"id":86,"name":"Primarily Female Cast","isMediaSpoiler":false},{"id":410,"name":"Fashion","isMediaSpoiler":false},{"id":102,"name":"Coming of Age","isMediaSpoiler":false},{"id":90,"name":"CGI","isMediaSpoiler":false},{"id":10,"name":"Cars","isMediaSpoiler":false},{"id":46,"name":"School","isMediaSpoiler":false},{"id":191,"name":"Aliens","isMediaSpoiler":false},{"id":28,"name":"Kids","isMediaSpoiler":false}],"relations":[{"id":20581,"title":{"english":null,"native":"プリティーリズム・オールスターセレクション プリズムショー☆ベストテン","romaji":"Pretty Rhythm: All Star Selection - Prism Show☆Best Ten","userPreferred":"Pretty Rhythm: All Star Selection - Prism Show☆Best Ten"},"type":"ANIME"},{"id":20917,"title":{"english":null,"native":"劇場版プリパラ　み～んなあつまれ！プリズム☆ツアーズ","romaji":"PriPara Movie: Minna Atsumare! Prism☆Tours","userPreferred":"PriPara Movie: Minna Atsumare! Prism☆Tours"},"type":"ANIME"},{"id":107755,"title":{"english":null,"native":"劇場版 プリパラ＆キラッとプリ☆チャン ～きらきらメモリアルライブ～","romaji":"PriPara & Kiratto Pri☆Chan: Kira Kira Memorial Live","userPreferred":"PriPara & Kiratto Pri☆Chan: Kira Kira Memorial Live"},"type":"ANIME"},{"id":20620,"title":{"english":null,"native":"プリティーリズム・オールスターセレクション","romaji":"Pretty Rhythm: All Star Selection","userPreferred":"Pretty Rhythm: All Star Selection"},"type":"ANIME"},{"id":21409,"title":{"english":null,"native":"KING OF PRISM by PrettyRhythm","romaji":"KING OF PRISM by Pretty Rhythm","userPreferred":"KING OF PRISM by Pretty Rhythm"},"type":"ANIME"},{"id":136206,"title":{"english":null,"native":"プリティーオールフレンズセレクション","romaji":"Pretty All Friends Selection","userPreferred":"Pretty All Friends Selection"},"type":"ANIME"},{"id":12863,"title":{"english":null,"native":"プリティーリズム ディアマイフューチャー","romaji":"Pretty Rhythm: Dear My Future","userPreferred":"Pretty Rhythm: Dear My Future"},"type":"ANIME"},{"id":171080,"title":{"english":null,"native":"ひみつのアイプリ","romaji":"Himitsu no AiPri","userPreferred":"Himitsu no AiPri"},"type":"ANIME"}],"characters":[{"id":80423,"name":"Naru Ayase"},{"id":80433,"name":"Otoha Takanashi"},{"id":80431,"name":"Bell Renjouji"},{"id":80425,"name":"Ito Suzuno"},{"id":80429,"name":"Rinne"},{"id":80435,"name":"Wakana Morizono"},{"id":80427,"name":"Ann Fukuhara"},{"id":127768,"name":"Meganee Akai"},{"id":126908,"name":"Hiro Hayami"},{"id":126907,"name":"Kazuki Nishina"},{"id":135085,"name":"Chisato Ibara"},{"id":135086,"name":"Jin Norizuki"},{"id":135087,"name":"Rei Kurokawa"},{"id":135088,"name":"June Amou"},{"id":135089,"name":"Hijiri Himuro"},{"id":126906,"name":"Kouji Mihama"},{"id":126898,"name":"Yuu Suzuno"}],"staff":[{"id":111031,"name":"Masakazu Hishida"},{"id":131442,"name":"i☆Ris"},{"id":118989,"name":"Momoko Murakami"},{"id":119994,"name":"Fumi Tsubota"},{"id":115833,"name":"Shuuji Iuchi"},{"id":104540,"name":"Hitomi Mieno"},{"id":115833,"name":"Shuuji Iuchi"},{"id":197822,"name":"Prizmmy☆"},{"id":127695,"name":"Mai Matsuura"},{"id":97709,"name":"okama"},{"id":127695,"name":"Mai Matsuura"},{"id":127695,"name":"Mai Matsuura"},{"id":127695,"name":"Mai Matsuura"},{"id":127695,"name":"Mai Matsuura"},{"id":127695,"name":"Mai Matsuura"},{"id":97709,"name":"okama"},{"id":119994,"name":"Fumi Tsubota"},{"id":109739,"name":"Seikou Nagaoka"},{"id":164839,"name":"Sang-Hoon Cha"},{"id":120478,"name":"Masaya Honda"},{"id":111031,"name":"Masakazu Hishida"},{"id":124673,"name":"Kousuke Kobayashi"},{"id":211300,"name":"Kouki Iwatani"},{"id":119688,"name":"Kiyotaka Kawada"},{"id":119896,"name":"Yukio Nagasaki"}],"studios":[{"id":16,"name":"TV Tokyo","isAnimationStudio":false},{"id":103,"name":"Tatsunoko Production","isAnimationStudio":true},{"id":6206,"name":"Dongwoo Animation","isAnimationStudio":false}],"isFavourite":false,"isAdult":false,"isLocked":false,"nextAiringEpisode":null,"airingSchedule":[],"trends":[{"date":1441033200,"trending":2,"popularity":null,"inProgress":null},{"date":1471186800,"trending":2,"popularity":null,"inProgress":null},{"date":1471273200,"trending":2,"popularity":null,"inProgress":null},{"date":1471359600,"trending":2,"popularity":null,"inProgress":null},{"date":1471705200,"trending":2,"popularity":null,"inProgress":null},{"date":1472310000,"trending":2,"popularity":null,"inProgress":null},{"date":1523804400,"trending":1,"popularity":352,"inProgress":29},{"date":1526482800,"trending":2,"popularity":359,"inProgress":29},{"date":1527433200,"trending":2,"popularity":367,"inProgress":29},{"date":1527519600,"trending":2,"popularity":383,"inProgress":29},{"date":1527606000,"trending":3,"popularity":387,"inProgress":30},{"date":1527692400,"trending":1,"popularity":394,"inProgress":31},{"date":1527778800,"trending":4,"popularity":398,"inProgress":31},{"date":1527865200,"trending":1,"popularity":405,"inProgress":31},{"date":1527951600,"trending":5,"popularity":405,"inProgress":31},{"date":1528038000,"trending":3,"popularity":473,"inProgress":33},{"date":1528124400,"trending":1,"popularity":485,"inProgress":34},{"date":1528556400,"trending":1,"popularity":498,"inProgress":33},{"date":1528642800,"trending":1,"popularity":499,"inProgress":33},{"date":1528729200,"trending":2,"popularity":499,"inProgress":33},{"date":1529161200,"trending":1,"popularity":515,"inProgress":33},{"date":1529247600,"trending":1,"popularity":521,"inProgress":33},{"date":1529420400,"trending":1,"popularity":523,"inProgress":33},{"date":1529852400,"trending":3,"popularity":539,"inProgress":35},{"date":1530457200,"trending":1,"popularity":550,"inProgress":34}],"externalLinks":null,"streamingEpisodes":[],"rankings":[{"rank":28,"type":"RATED","context":"highest rated","year":2013,"season":null},{"rank":7,"type":"RATED","context":"highest rated","year":2013,"season":"SPRING"}],"mediaListEntry":null,"reviews":null,"siteUrl":"https://anilist.co/anime/17249","autoCreateForumThread":false,"modNotes":null,"stats":{"scoreDistribution":[{"score":10,"amount":11},{"score":20,"amount":5},{"score":30,"amount":20},{"score":40,"amount":32},{"score":50,"amount":59},{"score":60,"amount":113},{"score":70,"amount":199},{"score":80,"amount":201},{"score":90,"amount":183},{"score":100,"amount":191}],"statusDistribution":[{"status":"CURRENT","amount":182},{"status":"PLANNING","amount":1220},{"status":"COMPLETED","amount":1563},{"status":"DROPPED","amount":146},{"status":"PAUSED","amount":154}]},"isRecommendationBlocked":false,"recommendations":[{"mediaRecommendation":{"id":101043,"title":{"romaji":"Aikatsu Friends!","english":null,"native":"アイカツフレンズ!","userPreferred":"Aikatsu Friends!"},"type":"ANIME"}},{"mediaRecommendation":{"id":15061,"title":{"romaji":"Aikatsu!","english":null,"native":"アイカツ!","userPreferred":"Aikatsu!"},"type":"ANIME"}},{"mediaRecommendation":{"id":20742,"title":{"romaji":"PriPara","english":null,"native":"プリパラ","userPreferred":"PriPara"},"type":"ANIME"}},{"mediaRecommendation":{"id":108625,"title":{"romaji":"Kiratto Pri☆Chan Season 2","english":null,"native":"キラッとプリ☆チャン シーズン2","userPreferred":"Kiratto Pri☆Chan Season 2"},"type":"ANIME"}},{"mediaRecommendation":{"id":21648,"title":{"romaji":"Aikatsu Stars!","english":null,"native":"アイカツスターズ！","userPreferred":"Aikatsu Stars!"},"type":"ANIME"}},{"mediaRecommendation":{"id":10278,"title":{"romaji":"THE IDOLM@STER","english":"The Idol Master","native":"アイドルマスター","userPreferred":"THE IDOLM@STER"},"type":"ANIME"}},{"mediaRecommendation":{"id":427,"title":{"romaji":"Kaleido Star","english":"Kaleido Star","native":"カレイドスター","userPreferred":"Kaleido Star"},"type":"ANIME"}},{"mediaRecommendation":{"id":98542,"title":{"romaji":"Aikatsu Stars! Hoshi no Tsubasa","english":null,"native":"アイカツスターズ！ 星のツバサ","userPreferred":"Aikatsu Stars! Hoshi no Tsubasa"},"type":"ANIME"}},{"mediaRecommendation":{"id":122,"title":{"romaji":"Full Moon wo Sagashite","english":"Full Moon","native":"満月をさがして","userPreferred":"Full Moon wo Sagashite"},"type":"ANIME"}},{"mediaRecommendation":{"id":114979,"title":{"romaji":"Love Live! Superstar!!","english":"Love Live! Superstar!!","native":"ラブライブ!スーパースター!!","userPreferred":"Love Live! Superstar!!"},"type":"ANIME"}},{"mediaRecommendation":{"id":136119,"title":{"romaji":"Waccha PriMagi!","english":"Waccha PriMagi!","native":"ワッチャプリマジ！","userPreferred":"Waccha PriMagi!"},"type":"ANIME"}},{"mediaRecommendation":{"id":100661,"title":{"romaji":"HUGtto! Precure","english":null,"native":"HUGっと！プリキュア","userPreferred":"HUGtto! Precure"},"type":"ANIME"}},{"mediaRecommendation":{"id":21412,"title":{"romaji":"Pop in Q","english":null,"native":"ポッピンQ","userPreferred":"Pop in Q"},"type":"ANIME"}},{"mediaRecommendation":{"id":11751,"title":{"romaji":"Senki Zesshou Symphogear","english":"Symphogear","native":"戦姫絶唱シンフォギア","userPreferred":"Senki Zesshou Symphogear"},"type":"ANIME"}},{"mediaRecommendation":{"id":150672,"title":{"romaji":"[Oshi no Ko]","english":"Oshi No Ko","native":"【推しの子】","userPreferred":"[Oshi no Ko]"},"type":"ANIME"}},{"mediaRecommendation":{"id":163571,"title":{"romaji":"BanG Dream! It's MyGO!!!!!","english":"BanG Dream! It's MyGO!!!!!","native":"BanG Dream! It's MyGO!!!!!","userPreferred":"BanG Dream! It's MyGO!!!!!"},"type":"ANIME"}}]}