{"id":17873,"idMal":17873,"title":{"romaji":"Pocket Monsters Best Wishes! Season 2: Decolora Adventure","english":"Pokémon BW: Adventures in Unova and Beyond","native":"ポケットモンスター ベストウイッシュ シーズン２ デコロラアドベンチャー","userPreferred":"Pocket Monsters Best Wishes! Season 2: Decolora Adventure"},"format":"TV","status":"FINISHED","episodes":20,"description":"After their encounter with Team Plasma, Satoshi, Iris and Dent start a new journey in the Decolore Islands.","startDate":{"year":2013,"month":4,"day":25},"endDate":{"year":2013,"month":9,"day":26},"season":"SPRING","seasonYear":2013,"duration":24,"countryOfOrigin":"JP","isLicensed":true,"source":"VIDEO_GAME","hashtag":null,"trailer":null,"updatedAt":1706303353,"coverImage":{"large":"https://s4.anilist.co/file/anilistcdn/media/anime/cover/large/bx17873-okffpXavyuVm.jpg","medium":"https://s4.anilist.co/file/anilistcdn/media/anime/cover/medium/bx17873-okffpXavyuVm.jpg","small":"https://s4.anilist.co/file/anilistcdn/media/anime/cover/small/bx17873-okffpXavyuVm.jpg","color":"#e4c91a"},"bannerImage":"https://s4.anilist.co/file/anilistcdn/media/anime/banner/17873-2mkvR2E6yTLf.jpg","genres":["Action","Adventure","Comedy","Fantasy"],"synonyms":["Pocket Monsters: Best Wishes Season 2 - Decolora Adventure Da!","Pokemon Best Wishes Season 2: Dekorora Adventure","Pokémon Nero e Bianco: Avventure a Unima (e Altrove)","Pokémon Černý a Bílý: Dobrodružství v Unově (a Beyond)","Pokémon: BW På eventyr i Unova og andre steder","Pokémon Black & White: Avonturen in Unova en daarbuiten","Pokémon Noir & Blanc: Aventures à Unys (et Au-Delá)","Pokémon – Schwarz & Weiß: Abenteuer in Einall (und Darüber Hinaus)","Πόκεμον Μαύρο & Άσπρο: Περιπέτειες στη Γιούνοβα (και Ακόμα Παραπέρα)","पोकेमोन: BW एडवेंचर्स इन युनोवा एंड बियॉन्ड","Pokémon BW: Eventyr i Unova (og Bortenfor)","Pokémon Czerń i Biel: Przygody w Unovie (i Jeszcze Dalej)","Pokémon Preto e Branco: Aventuras em Unova (e Mais Além)","Покемон: Чёрное и Белое - Приключения в Юнове (и не только)","Pokémon Negro y Blanco: Aventuras en Unova (y Más Allá)","Pokémon Negro y Blanco: Aventuras en Teselia (y Más Allá)","Pokémon Black & White: Äventyr i Unova (och Vidare)","பொகெமொன்: BW அடல்வேண்டுரெஸ் இந்த உனோவா அண்ட் பேயொண்ட்","పోకీమాన్: BW అడ్వెంచర్స్ ఇన్ యూనోవా అండ్ బియాండ్","Pokémon Siyah ve Beyaz: Unova'da Maceralar"],"averageScore":59,"meanScore":59,"favourites":61,"popularity":10955,"trending":0,"tags":[{"id":28,"name":"Kids","isMediaSpoiler":false},{"id":446,"name":"Primarily Child Cast","isMediaSpoiler":false},{"id":433,"name":"Animals","isMediaSpoiler":false},{"id":56,"name":"Shounen","isMediaSpoiler":false}],"relations":[{"id":17115,"title":{"english":"Pokémon BW: Adventures in Unova","native":"ポケットモンスター ベストウイッシュ シーズン2 エピソードN","romaji":"Pocket Monsters Best Wishes! Season 2: Episode N","userPreferred":"Pocket Monsters Best Wishes! Season 2: Episode N"},"type":"ANIME"},{"id":20570,"title":{"english":null,"native":"ポケットモンスター ベストウイッシュ シーズン２ デコロラアドベンチャー スペシャル","romaji":"Pocket Monsters Best Wishes! Season 2: Decolora Adventure Specials","userPreferred":"Pocket Monsters Best Wishes! Season 2: Decolora Adventure Specials"},"type":"ANIME"},{"id":16680,"title":{"english":"Pokémon the Movie: Genesect and the Legend Awakened","native":"劇場版 ポケットモンスター ベストウイッシュ 神速のゲノセクト ミュウツー覚醒","romaji":"Pocket Monsters Best Wishes! Shinsoku no Genesect: Mewtwo Kakusei","userPreferred":"Pocket Monsters Best Wishes! Shinsoku no Genesect: Mewtwo Kakusei"},"type":"ANIME"},{"id":19099,"title":{"english":"Pokémon: Mewtwo—Prologue to Awakening","native":"ミュウツー ~覚醒への序章[プロローグ]～","romaji":"Mewtwo: Kakusei e no Prologue","userPreferred":"Mewtwo: Kakusei e no Prologue"},"type":"ANIME"}],"characters":[{"id":3935,"name":"Musashi"},{"id":3936,"name":"Kojirou"},{"id":35525,"name":"Dent"},{"id":3891,"name":"Pikachu"},{"id":2473,"name":"Satoshi"},{"id":3937,"name":"Nyarth"},{"id":35524,"name":"Iris"},{"id":152206,"name":"Barri-chan"},{"id":36771,"name":"Araragi-hakase"},{"id":17783,"name":"Yukinari Ookido"},{"id":26545,"name":"Junsa"},{"id":7558,"name":"Joy"},{"id":9881,"name":"Sakaki"},{"id":87635,"name":"Pansy"},{"id":177020,"name":"Kibago"},{"id":21887,"name":"Jirachi"},{"id":198081,"name":"Morobareru"},{"id":36309,"name":"Narrator"},{"id":198082,"name":"Pururill"},{"id":275946,"name":"Lotus"},{"id":275947,"name":"Cacto"},{"id":275948,"name":"Holly"},{"id":4848,"name":"Shigeru Ookido"},{"id":3854,"name":"Takeshi"},{"id":3966,"name":"Hikari"}],"staff":[{"id":100372,"name":"Satoshi Tajiri"},{"id":107479,"name":"Ken Sugimori"},{"id":183614,"name":"Tatsuki Yanagi"},{"id":101848,"name":"Masanori Takumi"},{"id":148205,"name":"Hideyuki Daichi Suzuki"},{"id":106994,"name":"Shinji Miyazaki"},{"id":101848,"name":"Masanori Takumi"},{"id":149421,"name":"Shiritsu Ebisu Chuugaku"},{"id":183612,"name":"Daisuke Katayama"},{"id":183613,"name":"Hidenori Tanaka"},{"id":183612,"name":"Daisuke Katayama"},{"id":183612,"name":"Daisuke Katayama"},{"id":183613,"name":"Hidenori Tanaka"},{"id":100180,"name":"Kunihiko Yuyama"},{"id":196736,"name":"Asuca Hayashi"},{"id":102094,"name":"Eduardo Garza"},{"id":96285,"name":"Felice Invernici"},{"id":158679,"name":"Federico Danti"},{"id":106454,"name":"Márcia Regina"}],"studios":[{"id":16,"name":"TV Tokyo","isAnimationStudio":false},{"id":28,"name":"OLM","isAnimationStudio":true}],"isFavourite":false,"isAdult":false,"isLocked":false,"nextAiringEpisode":null,"airingSchedule":[],"trends":[{"date":1423407600,"trending":2,"popularity":null,"inProgress":null},{"date":1424271600,"trending":2,"popularity":null,"inProgress":null},{"date":1443366000,"trending":2,"popularity":null,"inProgress":null},{"date":1445094000,"trending":2,"popularity":null,"inProgress":null},{"date":1449932400,"trending":2,"popularity":null,"inProgress":null},{"date":1452006000,"trending":2,"popularity":null,"inProgress":null},{"date":1459177200,"trending":2,"popularity":null,"inProgress":null},{"date":1468767600,"trending":2,"popularity":null,"inProgress":null},{"date":1471532400,"trending":2,"popularity":null,"inProgress":null},{"date":1474297200,"trending":2,"popularity":null,"inProgress":null},{"date":1474902000,"trending":2,"popularity":null,"inProgress":null},{"date":1479481200,"trending":2,"popularity":null,"inProgress":null},{"date":1483455600,"trending":2,"popularity":null,"inProgress":null},{"date":1486306800,"trending":2,"popularity":null,"inProgress":null},{"date":1487948400,"trending":2,"popularity":null,"inProgress":null},{"date":1502204400,"trending":2,"popularity":null,"inProgress":null},{"date":1506351600,"trending":2,"popularity":null,"inProgress":null},{"date":1507388400,"trending":2,"popularity":null,"inProgress":null},{"date":1516546800,"trending":2,"popularity":null,"inProgress":null},{"date":1521990000,"trending":1,"popularity":683,"inProgress":18},{"date":1522076400,"trending":1,"popularity":685,"inProgress":18},{"date":1522335600,"trending":1,"popularity":691,"inProgress":18},{"date":1522508400,"trending":1,"popularity":694,"inProgress":19},{"date":1523026800,"trending":2,"popularity":700,"inProgress":19},{"date":1524150000,"trending":2,"popularity":711,"inProgress":19}],"externalLinks":null,"streamingEpisodes":[],"rankings":[{"rank":97,"type":"POPULAR","context":"most popular","year":2013,"season":null}],"mediaListEntry":null,"reviews":null,"siteUrl":"https://anilist.co/anime/17873","autoCreateForumThread":false,"modNotes":null,"stats":{"scoreDistribution":[{"score":10,"amount":96},{"score":20,"amount":126},{"score":30,"amount":238},{"score":40,"amount":494},{"score":50,"amount":947},{"score":60,"amount":1363},{"score":70,"amount":1133},{"score":80,"amount":525},{"score":90,"amount":243},{"score":100,"amount":217}],"statusDistribution":[{"status":"CURRENT","amount":128},{"status":"PLANNING","amount":1703},{"status":"COMPLETED","amount":8798},{"status":"DROPPED","amount":202},{"status":"PAUSED","amount":124}]},"isRecommendationBlocked":false,"recommendations":[]}