{"id":18677,"idMal":18677,"title":{"romaji":"Yuusha ni Narenakatta Ore wa Shibushibu Shuushoku wo Ketsui Shimashita.","english":"I Couldn’t Become a Hero, So I Reluctantly Decided to Get a Job.","native":"勇者になれなかった俺はしぶしぶ就職を決意しました。","userPreferred":"Yuusha ni Narenakatta Ore wa Shibushibu Shuushoku wo Ketsui Shimashita."},"format":"TV","status":"FINISHED","episodes":12,"description":"The story revolves around Raul, a boy who did not become a Hero, since the demon lord was already defeated just before his Hero exams. His dreams dashed, Raul spends his days working at a magic shop in the capital. One day, a part-time job seeker appears at the shop with an amazing résumé:<br><br>\r\nName: Phino <br>\r\nPrevious Occupation: Demon Lord Heir<br>\r\nMotive: Because my father was defeated<br><br>\r\nThe work comedy revolves around this former Hero-in-training and the daughter of the demon lord.\n<br><br>\n(Source: Anime News Network)","startDate":{"year":2013,"month":10,"day":5},"endDate":{"year":2013,"month":12,"day":21},"season":"FALL","seasonYear":2013,"duration":24,"countryOfOrigin":"JP","isLicensed":true,"source":"LIGHT_NOVEL","hashtag":null,"trailer":null,"updatedAt":1706303327,"coverImage":{"large":"https://s4.anilist.co/file/anilistcdn/media/anime/cover/large/bx18677-RslU1i7Ke7zL.jpg","medium":"https://s4.anilist.co/file/anilistcdn/media/anime/cover/medium/bx18677-RslU1i7Ke7zL.jpg","small":"https://s4.anilist.co/file/anilistcdn/media/anime/cover/small/bx18677-RslU1i7Ke7zL.jpg","color":"#bb6b35"},"bannerImage":"https://s4.anilist.co/file/anilistcdn/media/anime/banner/18677-9KTep1CUxQy0.jpg","genres":["Comedy","Ecchi","Fantasy","Romance"],"synonyms":["Yu-sibu","Yusibu","Yuushibu"],"averageScore":64,"meanScore":64,"favourites":439,"popularity":55656,"trending":1,"tags":[{"id":145,"name":"Work","isMediaSpoiler":false},{"id":29,"name":"Magic","isMediaSpoiler":false},{"id":109,"name":"Primarily Adult Cast","isMediaSpoiler":false},{"id":15,"name":"Demons","isMediaSpoiler":false},{"id":23,"name":"Female Harem","isMediaSpoiler":false},{"id":100,"name":"Nudity","isMediaSpoiler":false},{"id":321,"name":"Urban Fantasy","isMediaSpoiler":false},{"id":779,"name":"Kuudere","isMediaSpoiler":false}],"relations":[{"id":78961,"title":{"english":null,"native":"勇者になれなかった俺はしぶしぶ就職を決意しました。","romaji":"Yuusha ni Narenakatta Ore wa Shibushibu Shuushoku wo Ketsui Shimashita.","userPreferred":"Yuusha ni Narenakatta Ore wa Shibushibu Shuushoku wo Ketsui Shimashita."},"type":"MANGA"},{"id":20551,"title":{"english":"I Couldn’t Become a Hero, So I Reluctantly Decided to Get a Job. OVA","native":"勇者になれなかった俺はしぶしぶ就職を決意しました。OVA","romaji":"Yuusha ni Narenakatta Ore wa Shibushibu Shuushoku wo Ketsui Shimashita. OVA","userPreferred":"Yuusha ni Narenakatta Ore wa Shibushibu Shuushoku wo Ketsui Shimashita. OVA"},"type":"ANIME"},{"id":102033,"title":{"english":"I Couldn’t Become a Hero, So I Reluctantly Decided to Get a Job. Specials","native":"勇者になれなかった俺はしぶしぶ就職を決意しました。","romaji":"Yuusha ni Narenakatta Ore wa Shibushibu Shuushoku wo Ketsui Shimashita. Specials","userPreferred":"Yuusha ni Narenakatta Ore wa Shibushibu Shuushoku wo Ketsui Shimashita. Specials"},"type":"ANIME"}],"characters":[{"id":87888,"name":"Airi Ortinet"},{"id":79977,"name":"Fino Bloodstone"},{"id":83955,"name":"Raul Chaser"},{"id":87889,"name":"Klein Art"},{"id":87890,"name":"Seara August"},{"id":87891,"name":"Lore Beliferal"},{"id":87892,"name":"Visor Crossroads"},{"id":87893,"name":"Elsa Crucial"},{"id":87894,"name":"Blaze Dis"},{"id":87895,"name":"Lamdimia Do Aximemor"},{"id":87896,"name":"Eric Fritz"},{"id":87897,"name":"Nova Luminous"},{"id":87898,"name":"Raid Mirroring"},{"id":87899,"name":"Ciel Script"},{"id":87900,"name":"Cuan Segment"},{"id":174502,"name":"Oldman Hiramatsu"}],"staff":[{"id":97067,"name":"Kinji Yoshimoto"},{"id":101404,"name":"Tetsuya Takeuchi"},{"id":110577,"name":"Masashi Suzuki"},{"id":116127,"name":"Jun Sakyou"},{"id":113433,"name":"ZAQ"},{"id":103636,"name":"Sphere"},{"id":121326,"name":"Junko Nagasawa"},{"id":101188,"name":"Hirofumi Suzuki"},{"id":120019,"name":"Hiroaki Tsutsumi"},{"id":111209,"name":"Kaoru Suzuki"},{"id":122078,"name":"Masaaki Takiyama"},{"id":123510,"name":"Yasuto Nishikata"},{"id":123993,"name":"Hiroshi Yakou"},{"id":128815,"name":"Shuu Watanabe"},{"id":160059,"name":"Masaki Inuzumi"}],"studios":[{"id":163,"name":"Asread","isAnimationStudio":true},{"id":113,"name":"Kadokawa Shoten","isAnimationStudio":false}],"isFavourite":false,"isAdult":false,"isLocked":false,"nextAiringEpisode":null,"airingSchedule":[],"trends":[{"date":1417791600,"trending":4,"popularity":null,"inProgress":null},{"date":1417964400,"trending":3,"popularity":null,"inProgress":null},{"date":1418310000,"trending":2,"popularity":null,"inProgress":null},{"date":1418482800,"trending":2,"popularity":null,"inProgress":null},{"date":1418569200,"trending":2,"popularity":null,"inProgress":null},{"date":1418914800,"trending":2,"popularity":null,"inProgress":null},{"date":1419001200,"trending":2,"popularity":null,"inProgress":null},{"date":1419087600,"trending":3,"popularity":null,"inProgress":null},{"date":1419174000,"trending":2,"popularity":null,"inProgress":null},{"date":1419433200,"trending":2,"popularity":null,"inProgress":null},{"date":1419692400,"trending":4,"popularity":null,"inProgress":null},{"date":1420210800,"trending":2,"popularity":null,"inProgress":null},{"date":1420642800,"trending":3,"popularity":null,"inProgress":null},{"date":1420988400,"trending":4,"popularity":null,"inProgress":null},{"date":1421161200,"trending":2,"popularity":null,"inProgress":null},{"date":1421247600,"trending":2,"popularity":null,"inProgress":null},{"date":1421420400,"trending":2,"popularity":null,"inProgress":null},{"date":1421593200,"trending":2,"popularity":null,"inProgress":null},{"date":1421679600,"trending":3,"popularity":null,"inProgress":null},{"date":1421766000,"trending":5,"popularity":null,"inProgress":null},{"date":1422111600,"trending":3,"popularity":null,"inProgress":null},{"date":1422198000,"trending":2,"popularity":null,"inProgress":null},{"date":1422630000,"trending":3,"popularity":null,"inProgress":null},{"date":1423062000,"trending":2,"popularity":null,"inProgress":null},{"date":1424358000,"trending":2,"popularity":null,"inProgress":null}],"externalLinks":["http://www.crunchyroll.com/i-couldnt-become-a-hero-so-i-reluctantly-decided-to-get-a-job","http://www.hulu.com/i-couldnt-become-a-hero-so-i-reluctantly-decided-to-get-a-job","https://www.hidive.com/tv/i-couldnt-become-a-hero-so-i-reluctantly-decided-to-get-a-job"],"streamingEpisodes":[],"rankings":[{"rank":86,"type":"RATED","context":"highest rated","year":2013,"season":null},{"rank":36,"type":"POPULAR","context":"most popular","year":2013,"season":null},{"rank":29,"type":"RATED","context":"highest rated","year":2013,"season":"FALL"},{"rank":14,"type":"POPULAR","context":"most popular","year":2013,"season":"FALL"}],"mediaListEntry":null,"reviews":[{"id":2112,"score":6,"summary":"I would say the start is quite good but the way the story develops is too predictable","body":"This must be the type of anime you can call: ___Cliches___\n\nThe begin was quite a good start, trainee heroes, destined to fight the demon lord and POOF, the demon lord is dead\n\nNow the hero works other job to support his own life but doesn't feels right because that's not what he wants, but when his friends ask, he just make that uncomfortable face like of he talks it out, he's gonna die\n\nEtc, etc, the story now develops to how he has to take care of the demon lord's daughter and deal with her and work his job as the same time because that girl is a pain in the ass\n\nAnd because she's the demon lord's daughter so she must have a great power that the other bad guys want to exploit and in the end, the hero will come and save her and bring her home and they live happily ever after\n\nFor the character: \nOur main hero, who somehow have emotional issue because he can't become a hero who defeats the demon lord\n\nThe main girl, aka the demon lord's daughter, a kinda dumb girl who always make a fuss about everything, because every ecchi harem anime needs a dumb girl\n\nThe girl who is the mc's colleague, very kind and cute and has big boobs, because every ecchi harem anime needs a kind girl with big boobs\n\nThe manager, a very sly and witty character who somehow always know how to solves everything in her way, has big boobs, because every ecchi harem anime needs a sly girl with big boobs\n\nThe vice manager, who always complain about the mc, like the manager very much\n\nThe straight face girl who seems to doesn't give a shit about anything but actually is a very good person, we don't see this type of character much in ecchi harem anime\n\nThe former classmate who is a tsundere, always make a fuss about what the mc is doing, nice body, because every ecchi harem anime needs a tsundere"}],"siteUrl":"https://anilist.co/anime/18677","autoCreateForumThread":false,"modNotes":null,"stats":{"scoreDistribution":[{"score":10,"amount":271},{"score":20,"amount":265},{"score":30,"amount":701},{"score":40,"amount":1207},{"score":50,"amount":2550},{"score":60,"amount":4650},{"score":70,"amount":6397},{"score":80,"amount":3492},{"score":90,"amount":1392},{"score":100,"amount":684}],"statusDistribution":[{"status":"CURRENT","amount":2545},{"status":"PLANNING","amount":17954},{"status":"COMPLETED","amount":30710},{"status":"DROPPED","amount":2815},{"status":"PAUSED","amount":1632}]},"isRecommendationBlocked":false,"recommendations":[{"mediaRecommendation":{"id":15809,"title":{"romaji":"Hataraku Maou-sama!","english":"The Devil is a Part-Timer!","native":"はたらく魔王さま!","userPreferred":"Hataraku Maou-sama!"},"type":"ANIME"}},{"mediaRecommendation":{"id":100483,"title":{"romaji":"Yuragi-sou no Yuuna-san","english":"Yuuna and the Haunted Hot Springs","native":"ゆらぎ荘の幽奈さん","userPreferred":"Yuragi-sou no Yuuna-san"},"type":"ANIME"}},{"mediaRecommendation":{"id":21033,"title":{"romaji":"Jitsu wa Watashi wa","english":"Actually, I Am","native":"実は私は","userPreferred":"Jitsu wa Watashi wa"},"type":"ANIME"}},{"mediaRecommendation":{"id":6956,"title":{"romaji":"WORKING!!","english":"Wagnaria!!","native":"WORKING!!","userPreferred":"WORKING!!"},"type":"ANIME"}},{"mediaRecommendation":{"id":11785,"title":{"romaji":"Haiyore! Nyaruko-san","english":"Nyaruko: Crawling with Love!","native":"這いよれ！ニャル子さん","userPreferred":"Haiyore! Nyaruko-san"},"type":"ANIME"}},{"mediaRecommendation":{"id":132456,"title":{"romaji":"Jahy-sama wa Kujikenai!","english":"The Great Jahy Will Not Be Defeated!","native":"ジャヒー様はくじけない！","userPreferred":"Jahy-sama wa Kujikenai!"},"type":"ANIME"}},{"mediaRecommendation":{"id":112301,"title":{"romaji":"Maou Gakuin no Futekigousha: Shijou Saikyou no Maou no Shiso, Tensei shite Shison-tachi no Gakkou e Kayou","english":"The Misfit of Demon King Academy: History’s Strongest Demon King Reincarnates and Goes to School with His Descendants","native":"魔王学院の不適合者 ～史上最強の魔王の始祖、転生して子孫たちの学校へ通う～","userPreferred":"Maou Gakuin no Futekigousha: Shijou Saikyou no Maou no Shiso, Tensei shite Shison-tachi no Gakkou e Kayou"},"type":"ANIME"}},{"mediaRecommendation":{"id":140457,"title":{"romaji":"Yuusha, Yamemasu","english":"I'm Quitting Heroing","native":"勇者、辞めます","userPreferred":"Yuusha, Yamemasu"},"type":"ANIME"}},{"mediaRecommendation":{"id":130592,"title":{"romaji":"Hataraku Maou-sama!!","english":"The Devil is a Part-Timer! Season 2","native":"はたらく魔王さま！！","userPreferred":"Hataraku Maou-sama!!"},"type":"ANIME"}},{"mediaRecommendation":{"id":21093,"title":{"romaji":"Monster Musume no Iru Nichijou","english":"Monster Musume: Everyday Life With Monster Girls","native":"モンスター娘のいる日常","userPreferred":"Monster Musume no Iru Nichijou"},"type":"ANIME"}},{"mediaRecommendation":{"id":21776,"title":{"romaji":"Kobayashi-san Chi no Maidragon","english":"Miss Kobayashi's Dragon Maid","native":"小林さんちのメイドラゴン","userPreferred":"Kobayashi-san Chi no Maidragon"},"type":"ANIME"}},{"mediaRecommendation":{"id":139606,"title":{"romaji":"Eiyuu Kyoushitsu","english":"Classroom for Heroes","native":"英雄教室","userPreferred":"Eiyuu Kyoushitsu"},"type":"ANIME"}}]}