{"id":19367,"idMal":19367,"title":{"romaji":"Galilei Donna","english":"Galilei Donna","native":"ガリレイドンナ","userPreferred":"Galilei Donna"},"format":"TV","status":"FINISHED","episodes":11,"description":"Three sisters, Hozuki, Kazuki, and Hazuki, are descendants of Galileo and have completely different personalities and tastes; they never meet eye-to-eye. One day, the girls are suddenly attacked by a mysterious organization. The organization was after the \"Galileo Tesoro\" which Galileo Galilei was said to have discovered. Still unaware of what was going on, the sisters escape on the airship they built after the sudden attack. But it won't be so easy for these three sisters to help each other out in a pinch when they're constantly at odds with each other. What is the Tesoro, and what is the organization after? And what about the relationship between the sisters? It's a threesome of cute girls, action, and mystery!\r\n<br><br>\r\n(Source: Fuji Creative)","startDate":{"year":2013,"month":10,"day":11},"endDate":{"year":2013,"month":12,"day":20},"season":"FALL","seasonYear":2013,"duration":24,"countryOfOrigin":"JP","isLicensed":true,"source":"ORIGINAL","hashtag":null,"trailer":null,"updatedAt":1706281897,"coverImage":{"large":"https://s4.anilist.co/file/anilistcdn/media/anime/cover/large/bx19367-4Z0HfR4AQ3Dd.png","medium":"https://s4.anilist.co/file/anilistcdn/media/anime/cover/medium/bx19367-4Z0HfR4AQ3Dd.png","small":"https://s4.anilist.co/file/anilistcdn/media/anime/cover/small/bx19367-4Z0HfR4AQ3Dd.png","color":"#a1aef1"},"bannerImage":"https://s4.anilist.co/file/anilistcdn/media/anime/banner/19367-qxHb6rBDkGY4.jpg","genres":["Action","Drama","Fantasy","Mystery","Sci-Fi"],"synonyms":null,"averageScore":60,"meanScore":60,"favourites":41,"popularity":11287,"trending":0,"tags":[{"id":98,"name":"Female Protagonist","isMediaSpoiler":false},{"id":87,"name":"Family Life","isMediaSpoiler":false},{"id":198,"name":"Foreign","isMediaSpoiler":false},{"id":96,"name":"Time Manipulation","isMediaSpoiler":true},{"id":85,"name":"Tragedy","isMediaSpoiler":true},{"id":159,"name":"Super Robot","isMediaSpoiler":false}],"relations":[],"characters":[{"id":87504,"name":"Hazuki Ferrari"},{"id":87506,"name":"Hozuki Ferrari"},{"id":87505,"name":"Kazuki Ferrari"},{"id":158757,"name":"Anna Hendrix"},{"id":158758,"name":"Cicinho"},{"id":158760,"name":"Francesco"},{"id":158762,"name":"Ferrari Geshio"},{"id":158761,"name":"Galileo Galilei"},{"id":158763,"name":"Roberto Materazzi"},{"id":158764,"name":"Grande Rosso"},{"id":158765,"name":"Sylvia Ferrari"},{"id":158766,"name":"Andreas"},{"id":158769,"name":"Giovanni"},{"id":158768,"name":"Cassini"},{"id":158770,"name":"Carlo"},{"id":158767,"name":"Bengoshi"},{"id":158780,"name":"Karen"},{"id":158779,"name":"Hans"},{"id":158781,"name":"Leonardo"},{"id":158782,"name":"Ludger Verhoeven"},{"id":158784,"name":"Teo Escher"},{"id":158785,"name":"Toujirou"}],"staff":[{"id":101583,"name":"Yasuomi Umetsu"},{"id":110189,"name":"Shingo Adachi"},{"id":102689,"name":"Shiro Hamaguchi"},{"id":116287,"name":"earthmind"},{"id":121293,"name":"Yuuki Itou"},{"id":122859,"name":"Takao Abo"},{"id":122859,"name":"Takao Abo"},{"id":122859,"name":"Takao Abo"},{"id":123993,"name":"Hiroshi Yakou"},{"id":124288,"name":"Hidetoshi Takahashi"},{"id":120066,"name":"Shouji Hata"},{"id":114900,"name":"Nishii"},{"id":101583,"name":"Yasuomi Umetsu"},{"id":148616,"name":"Negoto"},{"id":129191,"name":"Atsushi Saitou"},{"id":130950,"name":"Yasumitsu Suetake"},{"id":104353,"name":"Kazuko Nakashima"},{"id":110189,"name":"Shingo Adachi"},{"id":129577,"name":"Masaharu Okazaki"},{"id":150448,"name":"Ai Abe"},{"id":96967,"name":"Hideyuki Kurata"},{"id":111449,"name":"Maho Takahashi"},{"id":144734,"name":"Naoko Kouda"},{"id":144626,"name":"Aya Hida"},{"id":111449,"name":"Maho Takahashi"}],"studios":[{"id":561,"name":"A-1 Pictures","isAnimationStudio":true},{"id":17,"name":"Aniplex","isAnimationStudio":false},{"id":169,"name":"Fuji TV","isAnimationStudio":false},{"id":53,"name":"Dentsu","isAnimationStudio":false},{"id":6869,"name":"KYORAKU","isAnimationStudio":false}],"isFavourite":false,"isAdult":false,"isLocked":false,"nextAiringEpisode":null,"airingSchedule":[],"trends":[{"date":1417705200,"trending":2,"popularity":null,"inProgress":null},{"date":1418396400,"trending":2,"popularity":null,"inProgress":null},{"date":1419519600,"trending":2,"popularity":null,"inProgress":null},{"date":1421247600,"trending":2,"popularity":null,"inProgress":null},{"date":1421679600,"trending":2,"popularity":null,"inProgress":null},{"date":1421852400,"trending":2,"popularity":null,"inProgress":null},{"date":1427641200,"trending":2,"popularity":null,"inProgress":null},{"date":1428764400,"trending":3,"popularity":null,"inProgress":null},{"date":1429887600,"trending":2,"popularity":null,"inProgress":null},{"date":1433257200,"trending":2,"popularity":null,"inProgress":null},{"date":1433862000,"trending":2,"popularity":null,"inProgress":null},{"date":1435244400,"trending":2,"popularity":null,"inProgress":null},{"date":1435676400,"trending":2,"popularity":null,"inProgress":null},{"date":1436281200,"trending":2,"popularity":null,"inProgress":null},{"date":1438182000,"trending":2,"popularity":null,"inProgress":null},{"date":1439218800,"trending":2,"popularity":null,"inProgress":null},{"date":1439305200,"trending":2,"popularity":null,"inProgress":null},{"date":1441465200,"trending":2,"popularity":null,"inProgress":null},{"date":1442329200,"trending":2,"popularity":null,"inProgress":null},{"date":1443970800,"trending":2,"popularity":null,"inProgress":null},{"date":1445180400,"trending":2,"popularity":null,"inProgress":null},{"date":1446649200,"trending":2,"popularity":null,"inProgress":null},{"date":1448895600,"trending":2,"popularity":null,"inProgress":null},{"date":1448982000,"trending":2,"popularity":null,"inProgress":null},{"date":1449327600,"trending":2,"popularity":null,"inProgress":null}],"externalLinks":["http://www.crunchyroll.com/galilei-donna"],"streamingEpisodes":[{"title":"PV","thumbnail":"https://img1.ak.crunchyroll.com/i/spire2-tmb/ff4214d7895d4c96d844d34c869311211380741007_full.jpg","url":"http://www.crunchyroll.com/galilei-donna/galilei-donna-pv-645333","site":"Crunchyroll"},{"title":"Episode 1 - Galileo DNA","thumbnail":"https://img1.ak.crunchyroll.com/i/spire2-tmb/8604e37100c39517347774243878edca1381797587_full.jpg","url":"http://www.crunchyroll.com/galilei-donna/episode-1-galileo-dna-645221","site":"Crunchyroll"},{"title":"Episode 2 - Messier","thumbnail":"https://img1.ak.crunchyroll.com/i/spire1-tmb/bb032f80576d79991f470eb289a64dd71381562376_full.jpg","url":"http://www.crunchyroll.com/galilei-donna/episode-2-messier-645223","site":"Crunchyroll"},{"title":"Episode 3 - Goldfish Life","thumbnail":"https://img1.ak.crunchyroll.com/i/spire3-tmb/83020ff75f7ee6424240193d314570571382233252_full.jpg","url":"http://www.crunchyroll.com/galilei-donna/episode-3-goldfish-life-645225","site":"Crunchyroll"},{"title":"Episode 4 - Snow Gift","thumbnail":"https://img1.ak.crunchyroll.com/i/spire3-tmb/2de613e0cb93aa8a1bbbe1d7d7ce17b61382734296_full.jpg","url":"http://www.crunchyroll.com/galilei-donna/episode-4-snow-gift-645227","site":"Crunchyroll"},{"title":"Episode 5 - Constellatory Dreams","thumbnail":"https://img1.ak.crunchyroll.com/i/spire3-tmb/e75a6824d230f8c5d7b9de460e14c3cc1383344217_full.jpg","url":"http://www.crunchyroll.com/galilei-donna/episode-5-constellatory-dreams-645229","site":"Crunchyroll"},{"title":"Episode 6 - Galileo Tesoro","thumbnail":"https://img1.ak.crunchyroll.com/i/spire3-tmb/4731ba022f954f1e6dd601d1324a741f1383935119_full.jpg","url":"http://www.crunchyroll.com/galilei-donna/episode-6-galileo-tesoro-645231","site":"Crunchyroll"},{"title":"Episode 7 - Salt Fish","thumbnail":"https://img1.ak.crunchyroll.com/i/spire2-tmb/f4172cc69545ba55c97d8f77b5d145841384801315_full.jpg","url":"http://www.crunchyroll.com/galilei-donna/episode-7-salt-fish-645233","site":"Crunchyroll"},{"title":"Episode 8 - Giappone","thumbnail":"https://img1.ak.crunchyroll.com/i/spire1-tmb/105fd94ee00a8bfbe3a20622ab940d571385409999_full.jpg","url":"http://www.crunchyroll.com/galilei-donna/episode-8-giappone-645235","site":"Crunchyroll"},{"title":"Episode 9 - Space-Time Goldfish (Part 1)","thumbnail":"https://img1.ak.crunchyroll.com/i/spire1-tmb/83beab91a08c39a6417fd8ffd8ab43351386267734_full.jpg","url":"http://www.crunchyroll.com/galilei-donna/episode-9-space-time-goldfish-part-1-645237","site":"Crunchyroll"},{"title":"Episode 10 - Space-Time Goldfish (Part 2)","thumbnail":"https://img1.ak.crunchyroll.com/i/spire3-tmb/93953ac617b356d6cbf7fe029caa4f921386616096_full.jpg","url":"http://www.crunchyroll.com/galilei-donna/episode-10-space-time-goldfish-part-2-645239","site":"Crunchyroll"},{"title":"Episode 11 - Galileo Judge","thumbnail":"https://img1.ak.crunchyroll.com/i/spire4-tmb/3e74e6726edc17fa5bb4ab870d08d0d11387238799_full.jpg","url":"http://www.crunchyroll.com/galilei-donna/episode-11-galileo-judge-645241","site":"Crunchyroll"}],"rankings":[{"rank":96,"type":"POPULAR","context":"most popular","year":2013,"season":null}],"mediaListEntry":null,"reviews":[{"id":3858,"score":30,"summary":"Creativity or insanity? Regardless, I don't think real life Galileo Galilei invented mechas...","body":"_Things have been going... somewhat poorly, with Subject T-33. Yesterday, he broke out of his padded cell where he was supposed to be finishing up a certain experiment..._\n\n_...to, then stumble off to the floor's broom closet and then proceed inhaling massive amounts of the fumes of various cleaning supplies._\n\n~~~img300(https://i.imgur.com/uqIZCxy.jpg)~~~\n\n_He proceeded to ramble on and on and afterward once he settled down, he claimed he had been watching an anime rather than rambling in a broom closet for six hours while smelling cleaning supplies._\n\n_...I was of the opinion that we should just... forget this ever happened, but the Head Researcher of the Theoretical Generalyzing Goblins Group stated his interest in seeing an experiment done on..._ \n\n_..._\n\n_...on an anime that doesn't even exist._\n\n~~~img440(https://i.imgur.com/yIXdxwK.gif)~~~\n___\n\n__This is certainly one of those shows where just the concept of the show itself makes it a lot better to go into it while still knowing as little as impossible about the insanity that lies within.__\n\n__And I absolutely cannot talk about this show without bringing up the various twists and turns, so here's your spoiler warning!__ \n\n~~~img440(https://i.imgur.com/lJ5MXSa.png)~~~\n___\n\n#Goldfish and Insanity#\n\nGalilei Donna is a _fucking amazing_ anime about Galileo Galilei and goldfish or something. Brought to us by studio [A-1 Pictures](https://anilist.co/studio/561/A1-Pictures) and directed by [Umetsu Yasuomi](https://anilist.co/staff/101583/Yasuomi-Umetsu) (he would go on and do [Wizard Barristers](https://anilist.co/anime/20053/Wizard-Barristers-Benmashi-Cecil/)...). I honestly cannot even picture what the pitch for this was. ~~If there even was one.~~\n\nimg440(https://i.imgur.com/R6qmP7a.png)\n\nWe want to do this mecha show about Galileo Galilei and there'll be goldfish... an adventure, no, a race to find Galileo's long hidden secrets before BAD GUYS find it! It'll be fun and cheery at points, but other times there'll be ___TERRORISM AND DEATH.___\n\n~~~img440(https://i.imgur.com/uAPF9iT.png) img440(https://i.imgur.com/4lkJVWw.png) img440(https://i.imgur.com/XdBTdhb.png)~~~\n\nThis is just another one of those shows that's just a tonal roller coaster basically the whole way through. Like okay, the Galilei sisters are on their adventure and they're making progress and finding the hints Galileo has left behind! But then the business suit bad guy descends and just starts shooting people one after one in a hospital because they're trapped inside due to the blizzard outside and they're complaining because they're cold.\n\nimg440(https://i.imgur.com/xdLPFQc.png)\n\nThey want the doctors to power up the lower floor shutting down the ICU and basically killing every single patient up there who are depending on the machines to live so the people in the lower floor can be... warm? Just systematically gunning them down is clearly an overreaction and evil, but it hasn't even been a fucking hour yet.\n\nimg440(https://i.imgur.com/jbMXMDo.png)\n\nYet they're acting like they're going to freeze to death on the spot and that the doctor is an asshole because he isn't immediately bending to their whims at the promise of money. And they already attempted to humanize the origami folding business suit bad guy earlier but then he just starts immediately gunning people down with NO remorse.\n\nLike I get that it's supposed to be shocking but it happens so suddenly that my immediate reaction when  he just started shooting people was laughter. He had absolutely no reason to do this. Like yeah I get it from his tragic backstory that he hates selfish people like this, but him just outright jumping to brutally shooting people to death shows that he is a complete and utter psychopath. Comically so.\n\n~~~img440(https://i.imgur.com/lbFj9Nx.png)~~~ ~~~img440(https://i.imgur.com/xrSF6Tx.png)~~~ ~~~img440(https://i.imgur.com/N5y8f3Y.png)~~~ ~~~img440(https://i.imgur.com/OMR9atv.png)~~~\n\nIn this series you have mechas, you have sky pirates, you have goldfish AI, the main characters are going around the world collecting scraps of paper that their ancestor Galileo Galilei left behind for some reason in absolutely bizarre locations (like an island they just happen to crash land into at one point after a battle with the bad guy???) and...\n\nThen you have the business suit bad guy basically saying verbatim:\n\n\"YEAH, THERE'S TOO MANY HUMANS ON THIS PLANET. WE HAVE TO START KILLING PEOPLE NOW. AND BECAUSE YOU DARED TO COMPLAIN ABOUT BEING COLD, YOU'RE THE FIRST ONES I'M STARTING OFF WITH.\"\n\n~~~img440(https://i.imgur.com/3inR2dk.png)~~~ ~~~img440(https://i.imgur.com/WbgeYUG.png)~~~ ~~~img440(https://i.imgur.com/Rda78Iw.png)~~~ ~~~img440(https://i.imgur.com/PoSkPZ0.png)~~~\n\nI think the description of this show is a little bit off...\n\nimg440(https://i.imgur.com/ysspOFe.png)\n\nYeah. That's better.\n\nimg440(https://i.imgur.com/7NsEBZu.png)\n\nAnd you know, it's not even limited to the insane gun toting bad guy. Like as early as episode two, the episode ends with the reveal that that true bad guy, the head of the company, apparently in questioning the mom of the sisters, violently assaulted her. I mean did she trip and fall??? That's kind of a lot of blood there, man...\n\n~~~img440(https://i.imgur.com/0LXdQB9.png)~~~ ~~~img440(https://i.imgur.com/Mg9k2hX.png)~~~\n\nBut just the next episode, he just calmly says in a line of dialogue that oh no big deal she just has amnesia.\n\nSo okay wait, you struck her so hard in the process of trying to question her that she now is amnesiac and doesn't remember her daughters at all? \n\n~!Fun fact, head injury aside, she was faking it the whole time. Apparently, you can fake amnesia. Like she just outright admits it the whole time that she was faking it.!~\n\nLike this guy and the origami fellow are just so over the top evil that the whole thing is just comical no matter how hard they try. Regardless of Origami's intentions (his name is Roberto), the main bad guy's goal is I guess to just make more money.\n\n\"I'M KING OF THE WORLD. I OWN THE POLICE, I CAN MAKE THESE RANDOM THREE GIRLS INTO INTERNATIONAL FUGITIVES WITH THE SNAP OF MY FINGERS. I AM GOING TO GET GALILEO'S PROCESS OF MAKING ENDLESS ENERGY AND I'M GOING TO MAKE BILLIONS OFF OF IT.\"\n\nWhat an interesting... antagonist... ehhh...\n\nimg440(https://i.imgur.com/TlsHj5g.png)\n\n...\n\n...Have I even mentioned that the main sister ___time travels?___ She... at one point, she travels back in the past to... to hang around with the man himself. Galileo Galilei. It's him. The man himself.\n\n~~~img440(https://i.imgur.com/EpfzEie.png)~~~ ~~~img440(https://i.imgur.com/3WCQ8Vy.png)~~~\n\nThey were literally in like the climax of the show and it... the universe pauses. Literally pauses. And sends the main sister... back in time. And specifically to Galileo Galilei.\n\nimg440(https://i.imgur.com/ZfDejVV.jpg)\n\nHer going back into time and Galileo Galilei falling in love with her (she's his DESCENDANT) serves absolutely NO purpose to the outcome (and yet is bafflingly setup throughout the entire show) and what should have been like the final sequence of the show is paused for it for like an episode or two while she's hanging out with Galileo in the past.\n\nAnd then when she makes it back, their predicament that was paused is immediately solved by the sky pirates. \n\nimg440(https://i.imgur.com/zRSejoc.jpg)\n\nSo I, the viewer, immediately fucking questioned what the hell was the point of the time travel? But then the show doesn't even give you time to recover as they're immediately captured after this. And you know where they're going??? These sisters who did absolutely nothing to be arrested for until after they started getting chased and put into life or death situations???\n\nThey're going to ___COURT.___\n\nimg440(https://i.imgur.com/OjhgFkS.png)\n\nBUT DON'T WORRY. IF YOU CAN'T AFFORD ONE, A WIZARD BARRISTER WILL BE APPOINTED TO YOU. NOT THAT IT'LL MAKE ANY DIFFERENCE. [THE CHURCH WAS RIGHT](https://www.nytimes.com/1992/10/31/world/after-350-years-vatican-says-galileo-was-right-it-moves.html), GALILEO WAS WRONG. ___THE SUN REVOLVES AROUND THE EARTH!___\n\n__GEOCENTRIC FOREVER!__\n___\n\n#Conclusion...?#\n\nimg440(https://i.imgur.com/ZNEQM3p.png)\n\n...\n\n...I can't even pretend to try and comprehend what any of that (the show AND this review) was and I apologize profusely for it. Let me tell you, me and Umetsu really need to lay off the... cleaning supplies. Like you're supposed to use them to clean. Not inhale mass amounts of.\n\n...But speaking seriously, I genuinely tried as hard as possible to take this show seriously. In the end, it proved to be an impossible task. I laughed profusely throughout multiple episodes and was almost at a loss for words of what I was witnessing. Sometimes while watching shows I consider to be very bad, I constantly wonder if there was even one person who like looked over the scenes or the scripts or ANYTHING and went...\n\n\"Yeah no, this isn't right at ALL.\" or \"This comes off completely comical.\"\n\n~~~img440(https://i.imgur.com/b6GU6Om.png)~~~ ~~~img440(https://i.imgur.com/J39kkUe.png)~~~\n\nEither that person did not exist for this series or they purposely chose to say nothing or were just  ignored.\n\nI give this show a __3 out of 10__. And comparatively, I was at least entertained by this whereas with Wizard Barristers, I just remember being vaguely annoyed almost the whole way through.\n\nBut like if you actually asked me if I thought it was \"bad\", my answer would just be...\n\n_...I can't believe this show actually exists._\n\n~~~youtube(https://www.youtube.com/watch?v=CgV0wGHozZk)~~~"}],"siteUrl":"https://anilist.co/anime/19367","autoCreateForumThread":false,"modNotes":null,"stats":{"scoreDistribution":[{"score":10,"amount":56},{"score":20,"amount":109},{"score":30,"amount":253},{"score":40,"amount":490},{"score":50,"amount":775},{"score":60,"amount":1029},{"score":70,"amount":1132},{"score":80,"amount":577},{"score":90,"amount":247},{"score":100,"amount":145}],"statusDistribution":[{"status":"CURRENT","amount":513},{"status":"PLANNING","amount":3209},{"status":"COMPLETED","amount":5790},{"status":"DROPPED","amount":1268},{"status":"PAUSED","amount":507}]},"isRecommendationBlocked":false,"recommendations":[{"mediaRecommendation":{"id":112444,"title":{"romaji":"Appare-Ranman!","english":"APPARE-RANMAN!","native":"天晴爛漫！","userPreferred":"Appare-Ranman!"},"type":"ANIME"}},{"mediaRecommendation":{"id":8917,"title":{"romaji":"Mouretsu Pirates","english":"Bodacious Space Pirates","native":"モーレツ宇宙海賊","userPreferred":"Mouretsu Pirates"},"type":"ANIME"}},{"mediaRecommendation":{"id":9479,"title":{"romaji":"Coppelion","english":"Coppelion","native":"コッペリオン","userPreferred":"Coppelion"},"type":"ANIME"}},{"mediaRecommendation":{"id":14283,"title":{"romaji":"Vividred Operation","english":"Vividred Operation","native":"ビビッドレッド・オペレーション","userPreferred":"Vividred Operation"},"type":"ANIME"}}]}