{"id":20509,"idMal":21177,"title":{"romaji":"Nobunaga the Fool","english":null,"native":"ノブナガ ザ フール","userPreferred":"Nobunaga the Fool"},"format":"TV","status":"FINISHED","episodes":24,"description":"The Western Planet and the Eastern Planet.\r\nOnce upon a time, the two sides were bound by the \"Dragon Pulse\" spanning the heavens.\r\n<br>\r\nThe civilization that once had prospered has now turned to a tale of dreams, as the inextinguishable flames of war tear the realm asunder. The two planets remain engulfed in endless battles.\r\n<br>\r\nThe return of the super technology known as \"sacred treasures\" could revolutionize the world order, but no one knows of them but one person — a \"heretical girl.\"\r\n<br>\r\nA girl from the Western Panet, Jeanne Kaguya d'Arc, saw heavenly visions of the birth of a \"Star Messiah\" who will save the world. She embarks on a journey to the Eastern Planet with Leonardo da Vinci, \"the one who observes the world.\" They come across the heretic of the Eastern Planet and \"the greatest fool of the day,\" Oda Nobunaga.\n<br><br>\n(Source: Anime News Network)","startDate":{"year":2014,"month":1,"day":6},"endDate":{"year":2014,"month":6,"day":23},"season":"WINTER","seasonYear":2014,"duration":24,"countryOfOrigin":"JP","isLicensed":true,"source":"ORIGINAL","hashtag":"#nobunaga_tv","trailer":"https://www.youtube.com/watch?v=oyb5B4_WGUI","updatedAt":1706281060,"coverImage":{"large":"https://s4.anilist.co/file/anilistcdn/media/anime/cover/large/bx20509-clrgNqUsop9j.png","medium":"https://s4.anilist.co/file/anilistcdn/media/anime/cover/medium/bx20509-clrgNqUsop9j.png","small":"https://s4.anilist.co/file/anilistcdn/media/anime/cover/small/bx20509-clrgNqUsop9j.png","color":"#e4a135"},"bannerImage":"https://s4.anilist.co/file/anilistcdn/media/anime/banner/20509.jpg","genres":["Mecha","Sci-Fi"],"synonyms":null,"averageScore":60,"meanScore":60,"favourites":73,"popularity":15429,"trending":0,"tags":[{"id":146,"name":"Alternate Universe","isMediaSpoiler":false},{"id":456,"name":"Conspiracy","isMediaSpoiler":false},{"id":43,"name":"Swordplay","isMediaSpoiler":false},{"id":159,"name":"Super Robot","isMediaSpoiler":false}],"relations":[],"characters":[{"id":87656,"name":"Oda Nobunaga"},{"id":87657,"name":"Akechi Mitsuhide"},{"id":87658,"name":"Toyotomi Hideyoshi"},{"id":87659,"name":"Ichihime"},{"id":87660,"name":"Leonardo da Vinci"},{"id":87661,"name":"Jeanne  Kaguya d'Arc"}],"staff":[{"id":105518,"name":"Hidekazu Satou"},{"id":97501,"name":"Shouji Kawamori"},{"id":107501,"name":"Yone Kazuki"},{"id":118439,"name":"Hirotaka Marufuji"},{"id":102520,"name":"Masaru Yokoyama"},{"id":120168,"name":"Rena Okuyama"},{"id":120168,"name":"Rena Okuyama"},{"id":121364,"name":"Akiko Kikuchi"},{"id":105294,"name":"Touko Machida"},{"id":122859,"name":"Takao Abo"},{"id":122942,"name":"Nobuyoshi Nagayama"},{"id":118608,"name":"Hideki Inoue"},{"id":123423,"name":"Shouko Yasuda"},{"id":123423,"name":"Shouko Yasuda"},{"id":105518,"name":"Hidekazu Satou"},{"id":105518,"name":"Hidekazu Satou"},{"id":105518,"name":"Hidekazu Satou"},{"id":128815,"name":"Shuu Watanabe"},{"id":132703,"name":"Hikaru Naraoka"},{"id":97501,"name":"Shouji Kawamori"},{"id":95191,"name":"Chris Ayres"},{"id":102621,"name":"John Ledford"},{"id":95886,"name":"Clint Bickham"},{"id":135544,"name":"Eiichi Takahashi"},{"id":256067,"name":"David Del Rio"}],"studios":[{"id":41,"name":"Satelight","isAnimationStudio":true},{"id":376,"name":"Sentai Filmworks","isAnimationStudio":false}],"isFavourite":false,"isAdult":false,"isLocked":false,"nextAiringEpisode":null,"airingSchedule":[],"trends":[{"date":1417705200,"trending":2,"popularity":null,"inProgress":null},{"date":1417878000,"trending":2,"popularity":null,"inProgress":null},{"date":1418569200,"trending":2,"popularity":null,"inProgress":null},{"date":1418828400,"trending":2,"popularity":null,"inProgress":null},{"date":1419001200,"trending":2,"popularity":null,"inProgress":null},{"date":1419087600,"trending":2,"popularity":null,"inProgress":null},{"date":1419260400,"trending":2,"popularity":null,"inProgress":null},{"date":1419433200,"trending":2,"popularity":null,"inProgress":null},{"date":1419692400,"trending":5,"popularity":null,"inProgress":null},{"date":1419778800,"trending":6,"popularity":null,"inProgress":null},{"date":1419865200,"trending":3,"popularity":null,"inProgress":null},{"date":1420124400,"trending":2,"popularity":null,"inProgress":null},{"date":1420210800,"trending":2,"popularity":null,"inProgress":null},{"date":1420642800,"trending":3,"popularity":null,"inProgress":null},{"date":1420815600,"trending":2,"popularity":null,"inProgress":null},{"date":1420988400,"trending":3,"popularity":null,"inProgress":null},{"date":1421161200,"trending":2,"popularity":null,"inProgress":null},{"date":1421247600,"trending":2,"popularity":null,"inProgress":null},{"date":1421334000,"trending":2,"popularity":null,"inProgress":null},{"date":1421766000,"trending":2,"popularity":null,"inProgress":null},{"date":1422198000,"trending":4,"popularity":null,"inProgress":null},{"date":1422457200,"trending":2,"popularity":null,"inProgress":null},{"date":1422802800,"trending":2,"popularity":null,"inProgress":null},{"date":1422975600,"trending":2,"popularity":null,"inProgress":null},{"date":1423407600,"trending":2,"popularity":null,"inProgress":null}],"externalLinks":["http://the-fool-project.jp/","http://www.hulu.com/nobunaga-the-fool","https://www.hidive.com/tv/nobunaga-the-fool"],"streamingEpisodes":[{"title":"Episode 1 - The Star","thumbnail":"https://img1.ak.crunchyroll.com/i/spire2-tmb/74990ff982637f74da3d5928b88625d81388562010_full.jpg","url":"http://www.crunchyroll.com/nobunaga-the-fool/episode-1-the-star-648615","site":"Crunchyroll"},{"title":"Episode 2 - The Lovers","thumbnail":"https://img1.ak.crunchyroll.com/i/spire3-tmb/e717c3b286f56bb0e28328370a35a8f41389219379_full.jpg","url":"http://www.crunchyroll.com/nobunaga-the-fool/episode-2-the-lovers-648617","site":"Crunchyroll"},{"title":"Episode 3 - The Chariot","thumbnail":"https://img1.ak.crunchyroll.com/i/spire2-tmb/9780c34449f680cd3b80a9d816d1bef41389740594_full.jpg","url":"http://www.crunchyroll.com/nobunaga-the-fool/episode-3-the-chariot-648619","site":"Crunchyroll"},{"title":"Episode 4 - The Magician","thumbnail":"https://img1.ak.crunchyroll.com/i/spire4-tmb/574ebc36d5e1c404c6b15a9bbb7b35e41390516846_full.jpg","url":"http://www.crunchyroll.com/nobunaga-the-fool/episode-4-the-magician-648621","site":"Crunchyroll"},{"title":"Episode 5 - The Tower","thumbnail":"https://img1.ak.crunchyroll.com/i/spire1-tmb/977cdd8553f9bf9e8f49f974ae40bbc21391029989_full.jpg","url":"http://www.crunchyroll.com/nobunaga-the-fool/episode-5-the-tower-648623","site":"Crunchyroll"},{"title":"Episode 6 - Strength","thumbnail":"https://img1.ak.crunchyroll.com/i/spire4-tmb/6c1324fd0a579090d42f136b9351e8821391629284_full.jpg","url":"http://www.crunchyroll.com/nobunaga-the-fool/episode-6-strength-648625","site":"Crunchyroll"},{"title":"Episode 7 - The Hierophant","thumbnail":"https://img1.ak.crunchyroll.com/i/spire1-tmb/f4bb3fd34895ccd512eb634a9f62dcdc1392930158_full.jpg","url":"http://www.crunchyroll.com/nobunaga-the-fool/episode-7-the-hierophant-648627","site":"Crunchyroll"},{"title":"Episode 8 - Wands","thumbnail":"https://img1.ak.crunchyroll.com/i/spire1-tmb/6d2ff2ed2278e2aa3020beb177671cf11393437905_full.jpg","url":"http://www.crunchyroll.com/nobunaga-the-fool/episode-8-wands-648629","site":"Crunchyroll"},{"title":"Episode 9 - The Moon","thumbnail":"https://img1.ak.crunchyroll.com/i/spire2-tmb/0f162abb1a73f6392242877efa35eeaa1393965739_full.jpg","url":"http://www.crunchyroll.com/nobunaga-the-fool/episode-9-the-moon-648631","site":"Crunchyroll"},{"title":"Episode 10 - Temperance","thumbnail":"https://img1.ak.crunchyroll.com/i/spire4-tmb/90a28b4d6ef03794f3a33ef01bbce9921394589060_full.jpg","url":"http://www.crunchyroll.com/nobunaga-the-fool/episode-10-temperance-648633","site":"Crunchyroll"},{"title":"Episode 11 - Death","thumbnail":"https://img1.ak.crunchyroll.com/i/spire1-tmb/98b4b098dd14cd2a6fdbe5cfa9e336181395377551_full.jpg","url":"http://www.crunchyroll.com/nobunaga-the-fool/episode-11-death-648635","site":"Crunchyroll"},{"title":"Episode 12 - The Fool","thumbnail":"https://img1.ak.crunchyroll.com/i/spire3-tmb/49946aadd97fea6d71028146fa91cc011395798470_full.jpg","url":"http://www.crunchyroll.com/nobunaga-the-fool/episode-12-the-fool-648637","site":"Crunchyroll"},{"title":"Episode 13 - Swords","thumbnail":"https://img1.ak.crunchyroll.com/i/spire4-tmb/eb4d1763a7fb3d5941af1977601f4e6a1396394109_full.jpg","url":"http://www.crunchyroll.com/nobunaga-the-fool/episode-13-swords-648639","site":"Crunchyroll"},{"title":"Episode 14 - The Empress","thumbnail":"https://img1.ak.crunchyroll.com/i/spire4-tmb/2d1839d23d8b2aacfb1fd7e73276d3521397082974_full.jpg","url":"http://www.crunchyroll.com/nobunaga-the-fool/episode-14-the-empress-648641","site":"Crunchyroll"},{"title":"Episode 15 - The Hanged Man","thumbnail":"https://img1.ak.crunchyroll.com/i/spire2-tmb/49bc30c63522ac4fef446999b0b026721397842841_full.jpg","url":"http://www.crunchyroll.com/nobunaga-the-fool/episode-15-the-hanged-man-648643","site":"Crunchyroll"},{"title":"Episode 16 - Ace of Cups","thumbnail":"https://img1.ak.crunchyroll.com/i/spire3-tmb/bc54613510d64b06dcc8540eb8efaf7b1398375197_full.jpg","url":"http://www.crunchyroll.com/nobunaga-the-fool/episode-16-ace-of-cups-648645","site":"Crunchyroll"},{"title":"Episode 17 - The Hermit","thumbnail":"https://img1.ak.crunchyroll.com/i/spire1-tmb/fb460cb9426431d90c920daf33711fd21398976870_full.jpg","url":"http://www.crunchyroll.com/nobunaga-the-fool/episode-17-the-hermit-648647","site":"Crunchyroll"},{"title":"Episode 18 - The Emperor","thumbnail":"https://img1.ak.crunchyroll.com/i/spire3-tmb/713f6c396ed6684903445127c60684a01399691874_full.jpg","url":"http://www.crunchyroll.com/nobunaga-the-fool/episode-18-the-emperor-648649","site":"Crunchyroll"},{"title":"Episode 19 - The Wheel of Fortune","thumbnail":"https://img1.ak.crunchyroll.com/i/spire1-tmb/da158d4861bdaca9626ca2b56421d1ee1400304585_full.jpg","url":"http://www.crunchyroll.com/nobunaga-the-fool/episode-19-the-wheel-of-fortune-648651","site":"Crunchyroll"},{"title":"Episode 20 - The Sun","thumbnail":"https://img1.ak.crunchyroll.com/i/spire3-tmb/c506053804d5a4d5619df2e0e1b6b8261401018293_full.jpg","url":"http://www.crunchyroll.com/nobunaga-the-fool/episode-20-the-sun-648653","site":"Crunchyroll"},{"title":"Episode 21 - Justice","thumbnail":"https://img1.ak.crunchyroll.com/i/spire1-tmb/054844b2ae0fb1dcf8b1f35768ab18da1401318850_full.jpg","url":"http://www.crunchyroll.com/nobunaga-the-fool/episode-21-justice-648655","site":"Crunchyroll"},{"title":"Episode 22 - The Devil","thumbnail":"https://img1.ak.crunchyroll.com/i/spire2-tmb/01aa12b5b2537fe787cc5b37826e25041402005864_full.jpg","url":"http://www.crunchyroll.com/nobunaga-the-fool/episode-22-the-devil-648657","site":"Crunchyroll"},{"title":"Episode 23 - The World","thumbnail":"https://img1.ak.crunchyroll.com/i/spire2-tmb/386e9e85b226d32709a17bf942c851661402680334_full.jpg","url":"http://www.crunchyroll.com/nobunaga-the-fool/episode-23-the-world-648659","site":"Crunchyroll"},{"title":"Episode 24 - Judgement","thumbnail":"https://img1.ak.crunchyroll.com/i/spire4-tmb/151caca923a4c06030f6c628a4a2ac981403292211_full.jpg","url":"http://www.crunchyroll.com/nobunaga-the-fool/episode-24-judgement-648661","site":"Crunchyroll"}],"rankings":[{"rank":26,"type":"RATED","context":"highest rated","year":2014,"season":"WINTER"},{"rank":21,"type":"POPULAR","context":"most popular","year":2014,"season":"WINTER"}],"mediaListEntry":null,"reviews":null,"siteUrl":"https://anilist.co/anime/20509","autoCreateForumThread":false,"modNotes":null,"stats":{"scoreDistribution":[{"score":10,"amount":101},{"score":20,"amount":148},{"score":30,"amount":303},{"score":40,"amount":499},{"score":50,"amount":791},{"score":60,"amount":1131},{"score":70,"amount":1225},{"score":80,"amount":690},{"score":90,"amount":320},{"score":100,"amount":172}],"statusDistribution":[{"status":"CURRENT","amount":1082},{"status":"PLANNING","amount":4533},{"status":"COMPLETED","amount":6207},{"status":"DROPPED","amount":2595},{"status":"PAUSED","amount":1012}]},"isRecommendationBlocked":false,"recommendations":[{"mediaRecommendation":{"id":98035,"title":{"romaji":"Fate/Apocrypha","english":"Fate/Apocrypha","native":"Fate/Apocrypha","userPreferred":"Fate/Apocrypha"},"type":"ANIME"}},{"mediaRecommendation":{"id":100432,"title":{"romaji":"Ulysses: Jeanne d'Arc to Renkin no Kishi","english":"Ulysses: Jeanne d'Arc and the Alchemist Knight","native":"ユリシーズ　ジャンヌ・ダルクと錬金の騎士","userPreferred":"Ulysses: Jeanne d'Arc to Renkin no Kishi"},"type":"ANIME"}},{"mediaRecommendation":{"id":20590,"title":{"romaji":"Shingeki no Bahamut: GENESIS","english":"Rage of Bahamut: Genesis","native":"神撃のバハムート GENESIS","userPreferred":"Shingeki no Bahamut: GENESIS"},"type":"ANIME"}},{"mediaRecommendation":{"id":21123,"title":{"romaji":"DRIFTERS","english":"DRIFTERS","native":"DRIFTERS","userPreferred":"DRIFTERS"},"type":"ANIME"}},{"mediaRecommendation":{"id":8630,"title":{"romaji":"Hidan no Aria","english":"Aria the Scarlet Ammo","native":"緋弾のアリア","userPreferred":"Hidan no Aria"},"type":"ANIME"}},{"mediaRecommendation":{"id":131930,"title":{"romaji":"Yasuke","english":"Yasuke","native":"Yasuke -ヤスケ-","userPreferred":"Yasuke"},"type":"ANIME"}},{"mediaRecommendation":{"id":19855,"title":{"romaji":"Nobunagun","english":"Nobunagun","native":"ノブナガン","userPreferred":"Nobunagun"},"type":"ANIME"}},{"mediaRecommendation":{"id":116589,"title":{"romaji":"86: Eighty Six","english":"86 EIGHTY-SIX","native":"86－エイティシックス－","userPreferred":"86: Eighty Six"},"type":"ANIME"}},{"mediaRecommendation":{"id":11933,"title":{"romaji":"Oda Nobuna no Yabou","english":"The Ambition of Oda Nobuna","native":"織田信奈の野望","userPreferred":"Oda Nobuna no Yabou"},"type":"ANIME"}}]}