{"id":20583,"idMal":23309,"title":{"romaji":"Rail Wars!","english":"Rail Wars!","native":"レールウォーズ","userPreferred":"Rail Wars!"},"format":"TV","status":"FINISHED","episodes":12,"description":"The \"dream railway paradise entertainment\" story is set in a parallel world where Japan did not privatize its national railways. Naohito Takayama is an ordinary high school boy who dreams of a comfortable future working for the top-rated Japanese National Railways. He is assigned as a trainee in the Railways Security Force full of odd characters such as Sakurai, a troublemaker who hates men. On top of that, an extremist group called \"RJ\" plots to privatize the Japanese National Railways.<br>\n<br>\n(Source: Anime News Network)","startDate":{"year":2014,"month":7,"day":4},"endDate":{"year":2014,"month":9,"day":19},"season":"SUMMER","seasonYear":2014,"duration":24,"countryOfOrigin":"JP","isLicensed":true,"source":"LIGHT_NOVEL","hashtag":"#rw_anime","trailer":null,"updatedAt":1706280928,"coverImage":{"large":"https://s4.anilist.co/file/anilistcdn/media/anime/cover/large/bx20583-tUV6itvmiwEL.jpg","medium":"https://s4.anilist.co/file/anilistcdn/media/anime/cover/medium/bx20583-tUV6itvmiwEL.jpg","small":"https://s4.anilist.co/file/anilistcdn/media/anime/cover/small/bx20583-tUV6itvmiwEL.jpg","color":"#1a50ff"},"bannerImage":"https://s4.anilist.co/file/anilistcdn/media/anime/banner/20583.jpg","genres":["Action","Ecchi","Romance"],"synonyms":null,"averageScore":59,"meanScore":59,"favourites":242,"popularity":39539,"trending":0,"tags":[{"id":122,"name":"Trains","isMediaSpoiler":false},{"id":82,"name":"Male Protagonist","isMediaSpoiler":false},{"id":1045,"name":"Heterosexual","isMediaSpoiler":false},{"id":40,"name":"Police","isMediaSpoiler":false},{"id":86,"name":"Primarily Female Cast","isMediaSpoiler":false},{"id":23,"name":"Female Harem","isMediaSpoiler":false},{"id":92,"name":"Cute Girls Doing Cute Things","isMediaSpoiler":false},{"id":100,"name":"Nudity","isMediaSpoiler":false},{"id":145,"name":"Work","isMediaSpoiler":false},{"id":157,"name":"Guns","isMediaSpoiler":false},{"id":115,"name":"Idol","isMediaSpoiler":false},{"id":98,"name":"Female Protagonist","isMediaSpoiler":false}],"relations":[{"id":86553,"title":{"english":null,"native":"RAIL WARS! -日本國有鉄道公安隊-","romaji":"Rail Wars!: Nihon Kokuyuu Tetsudou Kouantai","userPreferred":"Rail Wars!: Nihon Kokuyuu Tetsudou Kouantai"},"type":"MANGA"}],"characters":[{"id":89165,"name":"Naoto Takayama"},{"id":89164,"name":"Aoi Sakurai"},{"id":89166,"name":"Haruka Koumi"},{"id":89167,"name":"Shou Iwaizumi"},{"id":125880,"name":"Noa Kashima"},{"id":208902,"name":"Nana Iida"},{"id":208903,"name":"Bernina"},{"id":208906,"name":"Kaori"},{"id":208907,"name":"Yamada"},{"id":208908,"name":"Junichi Wakayama"},{"id":208909,"name":"Mari Sasshou"},{"id":208910,"name":"Osamu Oominato"},{"id":208912,"name":"Tetsuya Narita"},{"id":208911,"name":"Tomomi Ooito"},{"id":208913,"name":"Alice Kuji"},{"id":208914,"name":"Hitomi Gonou"},{"id":208905,"name":"Nami Jougasaki"}],"staff":[{"id":110577,"name":"Masashi Suzuki"},{"id":101221,"name":"Makoto Uno"},{"id":119411,"name":"Takumi Toyoda"},{"id":119412,"name":"Vania600"},{"id":101738,"name":"Takeo Takahashi"},{"id":111487,"name":"Tooru Kitahata"},{"id":111487,"name":"Tooru Kitahata"},{"id":121302,"name":"Kazuyuki Ueda"},{"id":121856,"name":"Fumiyuki Gou"},{"id":121967,"name":"Keisuke Yanagi"},{"id":122370,"name":"Akihiko Oka"},{"id":123202,"name":"Kentarou Tokiwa"},{"id":123992,"name":"Yoshifumi Sueda"},{"id":123992,"name":"Yoshifumi Sueda"},{"id":123992,"name":"Yoshifumi Sueda"},{"id":123992,"name":"Yoshifumi Sueda"},{"id":95053,"name":"Minori Chihara"},{"id":116505,"name":"Yoshiaki Fujisawa"},{"id":113433,"name":"ZAQ"},{"id":147815,"name":"Daisuke Kikuta"},{"id":147815,"name":"Daisuke Kikuta"},{"id":113433,"name":"ZAQ"},{"id":113433,"name":"ZAQ"},{"id":106018,"name":"Aki Hata"},{"id":148240,"name":"Shinya Saitou"}],"studios":[{"id":911,"name":"Passione","isAnimationStudio":true}],"isFavourite":false,"isAdult":false,"isLocked":false,"nextAiringEpisode":null,"airingSchedule":[],"trends":[{"date":1417359600,"trending":6,"popularity":null,"inProgress":null},{"date":1417446000,"trending":4,"popularity":null,"inProgress":null},{"date":1417532400,"trending":2,"popularity":null,"inProgress":null},{"date":1417705200,"trending":3,"popularity":null,"inProgress":null},{"date":1417878000,"trending":3,"popularity":null,"inProgress":null},{"date":1417964400,"trending":5,"popularity":null,"inProgress":null},{"date":1418050800,"trending":3,"popularity":null,"inProgress":null},{"date":1418137200,"trending":3,"popularity":null,"inProgress":null},{"date":1418223600,"trending":5,"popularity":null,"inProgress":null},{"date":1418310000,"trending":2,"popularity":null,"inProgress":null},{"date":1418396400,"trending":3,"popularity":null,"inProgress":null},{"date":1418482800,"trending":9,"popularity":null,"inProgress":null},{"date":1418569200,"trending":2,"popularity":null,"inProgress":null},{"date":1418655600,"trending":2,"popularity":null,"inProgress":null},{"date":1418742000,"trending":3,"popularity":null,"inProgress":null},{"date":1418914800,"trending":4,"popularity":null,"inProgress":null},{"date":1419001200,"trending":3,"popularity":null,"inProgress":null},{"date":1419087600,"trending":3,"popularity":null,"inProgress":null},{"date":1419174000,"trending":6,"popularity":null,"inProgress":null},{"date":1419260400,"trending":4,"popularity":null,"inProgress":null},{"date":1419346800,"trending":2,"popularity":null,"inProgress":null},{"date":1419433200,"trending":2,"popularity":null,"inProgress":null},{"date":1419519600,"trending":4,"popularity":null,"inProgress":null},{"date":1419606000,"trending":5,"popularity":null,"inProgress":null},{"date":1419692400,"trending":3,"popularity":null,"inProgress":null}],"externalLinks":["https://twitter.com/rw_anime","https://www.tbs.co.jp/anime/railwars/"],"streamingEpisodes":[{"title":"Episode 1 - Welcome to K4!","thumbnail":"https://img1.ak.crunchyroll.com/i/spire4-tmb/e2c9c5b0a8e06f85d345f7ab181899831404591929_full.jpg","url":"http://www.crunchyroll.com/rail-wars/episode-1-welcome-to-k4-656683","site":"Crunchyroll"},{"title":"Episode 2 - Let Me Stay Like This for Just a Little While","thumbnail":"https://img1.ak.crunchyroll.com/i/spire3-tmb/d11090f3ec5adfc10a1214ce890b14421405120878_full.jpg","url":"http://www.crunchyroll.com/rail-wars/episode-2-let-me-stay-like-this-for-just-a-little-while-656685","site":"Crunchyroll"},{"title":"Episode 3 - You Were Really Cool","thumbnail":"https://img1.ak.crunchyroll.com/i/spire2-tmb/b6c9b8f084193a46e04cd3a61a6776001405716136_full.jpg","url":"http://www.crunchyroll.com/rail-wars/episode-3-you-were-really-cool-656687","site":"Crunchyroll"},{"title":"Episode 4 - I Think I Might Like Them","thumbnail":"https://img1.ak.crunchyroll.com/i/spire1-tmb/f2acfe8160f31ee75e91531e94ec440c1406309756_full.jpg","url":"http://www.crunchyroll.com/rail-wars/episode-4-i-think-i-might-like-them-656689","site":"Crunchyroll"},{"title":"Episode 5 - Don't Look At Me","thumbnail":"https://img1.ak.crunchyroll.com/i/spire4-tmb/20c270bf22fb589a3f596171b92967631406925888_full.jpg","url":"http://www.crunchyroll.com/rail-wars/episode-5-dont-look-at-me-656691","site":"Crunchyroll"},{"title":"Episode 6 - I'll Protect You","thumbnail":"https://img1.ak.crunchyroll.com/i/spire3-tmb/e0863c119643a7cbc13bb81f654824871407628749_full.jpg","url":"http://www.crunchyroll.com/rail-wars/episode-6-ill-protect-you-656693","site":"Crunchyroll"},{"title":"Episode 7 - I Thought It Suited You","thumbnail":"https://img1.ak.crunchyroll.com/i/spire2-tmb/d46bc47dfcd11323cb9a359cc5e8f2fa1408142273_full.jpg","url":"http://www.crunchyroll.com/rail-wars/episode-7-i-thought-it-suited-you-656695","site":"Crunchyroll"},{"title":"Episode 8 - I'll Deliver It","thumbnail":"https://img1.ak.crunchyroll.com/i/spire2-tmb/3c8a47dd5ba50dd5ba8b607cf00c92b01408844315_full.jpg","url":"http://www.crunchyroll.com/rail-wars/episode-8-ill-deliver-it-656697","site":"Crunchyroll"},{"title":"Episode 9 - Thank You","thumbnail":"https://img1.ak.crunchyroll.com/i/spire3-tmb/f9d4b6f7cf267c22d36e77b700fa7ae91409455301_full.jpg","url":"http://www.crunchyroll.com/rail-wars/episode-9-thank-you-656699","site":"Crunchyroll"},{"title":"Episode 10 - Will You Keep This a Secret?","thumbnail":"https://img1.ak.crunchyroll.com/i/spire4-tmb/75cc97e5525f7b61290d34e9075ba8f71410053039_full.jpg","url":"http://www.crunchyroll.com/rail-wars/episode-10-will-you-keep-this-a-secret-656701","site":"Crunchyroll"},{"title":"Episode 11 - I'll Go With You","thumbnail":"https://img1.ak.crunchyroll.com/i/spire1-tmb/fd9623987808867630e0d16cf45d82be1410567324_full.jpg","url":"http://www.crunchyroll.com/rail-wars/episode-11-ill-go-with-you-656703","site":"Crunchyroll"},{"title":"Episode 12 - Everyone is Waiting","thumbnail":"https://img1.ak.crunchyroll.com/i/spire3-tmb/f8a19ab9757c68f802b54093111a91a61411143395_full.jpg","url":"http://www.crunchyroll.com/rail-wars/episode-12-everyone-is-waiting-656705","site":"Crunchyroll"}],"rankings":[{"rank":62,"type":"POPULAR","context":"most popular","year":2014,"season":null},{"rank":29,"type":"RATED","context":"highest rated","year":2014,"season":"SUMMER"},{"rank":14,"type":"POPULAR","context":"most popular","year":2014,"season":"SUMMER"}],"mediaListEntry":null,"reviews":[{"id":14399,"score":19,"summary":"I wanted trains, I got an incompetent MC surrounded by tsunderes","body":"Never have I been so thoroughly disappointed by a work of fiction. A complete waste of what seemed like a very interesting premise. I can't fathom the incompetence of every individual in the series; Nana has no control or oversight over her loose cannon subordinates, Naoto proves himself completely unable to perform even the simplest security-related tasks, and Noa, despite being a professional idol, fails to behave with a single ounce of charisma or likability. Pretty much any of the plot conflicts could have been solved with just a little more communication between members and departments. While this is certainly true of many plots, I'm holding it against the show because it is constantly implied that the JRF is a highly efficient, well-oiled machine, yet it's clear that every single member is not only under-trained, but also a poor fit for their role.\n\nPerhaps I am being overly harsh; I started watching it because I read the description and got excited to see the dynamic of a spunky, persistent team as they unraveled a continuously expanding, high-stakes conspiracy threatening the well-being of their organization, and by extension, their country. I was looking forward to seeing the protagonist grow from a naïve high-schooler with a rose-tinted view of the rail industry and an adoration of trains struggle to redefine his impossibly idealistic expectations of the job to meet the harsh, yet reasonable, reality.\n\nWhat I got was 288 minutes of the platonic ideal of bad anime. Every member of the main cast is a one-dimensional plank that remains completely static throughout the entire run, and the supporting characters are forgettable and capricious. I don't think there was ever a point where I felt like I truly understood a single character's motivations. Every character seemed to behave in a completely inscrutable way, and the word vomit that they try to explain the plot with would probably be worse than just not explaining anything at all. The bit about freezing electrons to stop them from flowing is a particularly poorly written plot point that just totally broke my suspension of disbelief. I think the thing that made it particularly bad is that there could have been any number of more believable ways that liquid nitrogen could have been used to disarm or delay a bomb explosion.\n\nI'm also mad that Shou was sidelined. He's easily the most unique and potentially useful member of the team, yet almost never interacts meaningfully with the plot, and hardly ever gets a speaking line. He probably could have been replaced with a dog and the plot still would have worked (and he still would have been the most interesting character).\n\nThe only solace was the one (occasionally two) train tidbits in each episode. However, even though the trains should have been the stars of the show, I would be willing to bet money that the amount of animator-hours spent drawing butts and boobs was at least 3x higher than the amount spent drawing trains. I would have given this show at least a 6 if it consisted of just a montage of the train facts. Heck, if they took out the bad writing in the plot-heavy and fanservice parts, and increased the train focus, I could see it being a 7 or 8.\n\nAlso, I counted, and out of the ten named characters who show up in more than one episode, *seven* of them serve as love interests for the main character. Like sure, harem is a genre with a non-negligible fanbase, but this seems like overkill. Is it even possible to enjoy the implied romantic relationships when literally every female character with a name (except one) falls in love with the main character?\n\nI would like to say my disappointment is immeasurable, but it's pretty easy to measure; I'd say I wanted this show to be about a 6 or 7, and it ended up being a 2. Frankly, there's no one to blame but myself since I only read the description and not the genre tags, and as a result, ended up expecting PSYCHO-PASS in a world of nationalized trains instead of the oops-all-tsunderes harem anime I should've expected."}],"siteUrl":"https://anilist.co/anime/20583","autoCreateForumThread":false,"modNotes":null,"stats":{"scoreDistribution":[{"score":10,"amount":366},{"score":20,"amount":525},{"score":30,"amount":964},{"score":40,"amount":1452},{"score":50,"amount":2216},{"score":60,"amount":3297},{"score":70,"amount":3557},{"score":80,"amount":1850},{"score":90,"amount":803},{"score":100,"amount":466}],"statusDistribution":[{"status":"CURRENT","amount":1746},{"status":"PLANNING","amount":11625},{"status":"COMPLETED","amount":21341},{"status":"DROPPED","amount":3605},{"status":"PAUSED","amount":1222}]},"isRecommendationBlocked":false,"recommendations":[{"mediaRecommendation":{"id":100773,"title":{"romaji":"Shokugeki no Souma: San no Sara - Tootsuki Ressha-hen","english":"Food Wars! The Third Plate: Totsuki Train Arc","native":"『食戟のソーマ 餐ノ皿』 遠月列車篇","userPreferred":"Shokugeki no Souma: San no Sara - Tootsuki Ressha-hen"},"type":"ANIME"}},{"mediaRecommendation":{"id":114263,"title":{"romaji":"Rail Romanesque","english":"Rail Romanesque","native":"レヱル・ロマネスク","userPreferred":"Rail Romanesque"},"type":"ANIME"}},{"mediaRecommendation":{"id":21557,"title":{"romaji":"Qualidea Code","english":null,"native":"クオリディア・コード","userPreferred":"Qualidea Code"},"type":"ANIME"}},{"mediaRecommendation":{"id":100620,"title":{"romaji":"Shinkansen Henkei Robo Shinkalion","english":null,"native":"新幹線変形ロボ シンカリオン","userPreferred":"Shinkansen Henkei Robo Shinkalion"},"type":"ANIME"}},{"mediaRecommendation":{"id":158791,"title":{"romaji":"Megumi no Daigo: Kyuukoku no Orange","english":"Firefighter Daigo: Rescuer in Orange","native":"め組の大吾 救国のオレンジ","userPreferred":"Megumi no Daigo: Kyuukoku no Orange"},"type":"ANIME"}}]}