{"id":20614,"idMal":22265,"title":{"romaji":"Free!: Eternal Summer","english":"Free! -Eternal Summer-","native":"Free!-Eternal Summer-","userPreferred":"Free!: Eternal Summer"},"format":"TV","status":"FINISHED","episodes":13,"description":"Even though it has been a year since the Iwatobi High School Swim Club has been created, new members have yet to join the club. Now that Haruka Nanase and Makoto Tachibana are senior students, along with their younger friends Nagisa Hazuki and Rei Ryuugazaki, they have to find a way to attract new members. If not, the club will be forced to close the following year due to a lack of membership.\n<br><br>\nMeanwhile, with impending graduation, it is also time for the seniors to decide their plans for the future. Unlike their friend Rin Matsuoka, the new captain of Samezuka Academy Swim Club who is determined to fulfill his dream of being a professional swimmer, Haruka and Makoto are unsure about what career path they want to take.\n<br><br>\nFurther problems arise when an old friend of Rin's, Sousuke Yamazaki, comes to the city to study at Samezuka Academy; the recently scouted swimmer's arrival causes tension in the relationship among him, Rin, and Haruka.\n<br><br>\n[Written by MAL Rewrite]","startDate":{"year":2014,"month":7,"day":3},"endDate":{"year":2014,"month":9,"day":25},"season":"SUMMER","seasonYear":2014,"duration":24,"countryOfOrigin":"JP","isLicensed":true,"source":"ORIGINAL","hashtag":"#TV_Free","trailer":"https://www.youtube.com/watch?v=zIFT4L-tGRI","updatedAt":1706299784,"coverImage":{"large":"https://s4.anilist.co/file/anilistcdn/media/anime/cover/large/nx20614-mzMnChVQLRBD.png","medium":"https://s4.anilist.co/file/anilistcdn/media/anime/cover/medium/nx20614-mzMnChVQLRBD.png","small":"https://s4.anilist.co/file/anilistcdn/media/anime/cover/small/nx20614-mzMnChVQLRBD.png","color":"#FFFFFF"},"bannerImage":"https://s4.anilist.co/file/anilistcdn/media/anime/banner/20614.jpg","genres":["Comedy","Drama","Slice of Life","Sports"],"synonyms":null,"averageScore":74,"meanScore":74,"favourites":970,"popularity":73319,"trending":0,"tags":[{"id":150,"name":"Swimming","isMediaSpoiler":false},{"id":84,"name":"School Club","isMediaSpoiler":false},{"id":88,"name":"Primarily Male Cast","isMediaSpoiler":false},{"id":82,"name":"Male Protagonist","isMediaSpoiler":false},{"id":102,"name":"Coming of Age","isMediaSpoiler":false},{"id":779,"name":"Kuudere","isMediaSpoiler":false},{"id":46,"name":"School","isMediaSpoiler":false},{"id":1228,"name":"Primarily Teen Cast","isMediaSpoiler":false},{"id":311,"name":"Rehabilitation","isMediaSpoiler":true},{"id":198,"name":"Foreign","isMediaSpoiler":true},{"id":75,"name":"Boys' Love","isMediaSpoiler":false}],"relations":[{"id":18507,"title":{"english":"Free! -Iwatobi Swim Club-","native":"Free!","romaji":"Free!","userPreferred":"Free!"},"type":"ANIME"},{"id":21091,"title":{"english":"Free! -Eternal Summer-: Forbidden All-Hard!","native":"Free!-Eternal Summer- 禁断のオールハード！","romaji":"Free!: Eternal Summer - Kindan no All Hard!","userPreferred":"Free!: Eternal Summer - Kindan no All Hard!"},"type":"ANIME"},{"id":98497,"title":{"english":"Free! -Take Your Marks-","native":"特別版 Free!-Take Your Marks-","romaji":"Free!: Take Your Marks","userPreferred":"Free!: Take Your Marks"},"type":"ANIME"},{"id":98495,"title":{"english":"Free! -Timeless Medley- The Bond","native":"劇場版 Free!-Timeless Medley- 絆","romaji":"Free!: Timeless Medley - Kizuna","userPreferred":"Free!: Timeless Medley - Kizuna"},"type":"ANIME"},{"id":98496,"title":{"english":"Free! -Timeless Medley- The Promise","native":"劇場版 Free!-Timeless Medley- 約束","romaji":"Free!: Timeless Medley - Yakusoku","userPreferred":"Free!: Timeless Medley - Yakusoku"},"type":"ANIME"}],"characters":[{"id":85951,"name":"Miho Amakata"},{"id":83019,"name":"Rin Matsuoka"},{"id":85949,"name":"Gou Matsuoka"},{"id":83025,"name":"Rei Ryuugazaki"},{"id":83021,"name":"Nagisa Hazuki"},{"id":83027,"name":"Makoto Tachibana"},{"id":83023,"name":"Haruka Nanase"},{"id":88483,"name":"Sousuke Yamazaki"},{"id":88484,"name":"Gorou Sasabe"},{"id":88486,"name":"Seijuurou Mikoshiba"},{"id":88487,"name":"Aiichirou Nitori"},{"id":88488,"name":"Momotarou Mikoshiba"},{"id":88489,"name":"Kisumi  Shigino"},{"id":88490,"name":"Hayato Shigino"},{"id":168914,"name":"Tadanori Sera"},{"id":168915,"name":"Ran Tachibana"},{"id":168916,"name":"Takuya Uozumi"},{"id":168917,"name":"Ren Tachibana"},{"id":168918,"name":"Tooru Iwashimizu"},{"id":168919,"name":"Shouta Nakagawa"},{"id":87459,"name":"Chigusa Hanamura"},{"id":205478,"name":"Kazuki Minami"}],"staff":[{"id":114175,"name":"Masahiro Yokotani"},{"id":114175,"name":"Masahiro Yokotani"},{"id":102498,"name":"Naoko Yamada"},{"id":102498,"name":"Naoko Yamada"},{"id":102498,"name":"Naoko Yamada"},{"id":128757,"name":"Yuki Tsunoda"},{"id":116331,"name":"Hiroko Utsumi"},{"id":116331,"name":"Hiroko Utsumi"},{"id":116331,"name":"Hiroko Utsumi"},{"id":112151,"name":"OLDCODEX"},{"id":101117,"name":"Rieke Werner"},{"id":103757,"name":"René Dawn-Claude"},{"id":95183,"name":"Daisuke Hirakawa"},{"id":95065,"name":"Mamoru Miyano"},{"id":100626,"name":"Yoshimasa Hosoya"},{"id":105989,"name":"Nobunaga Shimazaki"},{"id":95344,"name":"Kouki Miyata"},{"id":95735,"name":"Tatsuhisa Suzuki"},{"id":95556,"name":"Tsubasa Yonaga"},{"id":95005,"name":"Kenichi Suzumura"},{"id":96602,"name":"J. Michael Tatum"},{"id":95302,"name":"Jerry Jewell"}],"studios":[{"id":2,"name":"Kyoto Animation","isAnimationStudio":true},{"id":104,"name":"Lantis","isAnimationStudio":false},{"id":929,"name":"Animation Do","isAnimationStudio":true},{"id":941,"name":"Iwatobi High School Swimming Club","isAnimationStudio":false}],"isFavourite":false,"isAdult":false,"isLocked":false,"nextAiringEpisode":null,"airingSchedule":[],"trends":[{"date":1417359600,"trending":5,"popularity":null,"inProgress":null},{"date":1417446000,"trending":7,"popularity":null,"inProgress":null},{"date":1417532400,"trending":2,"popularity":null,"inProgress":null},{"date":1417705200,"trending":3,"popularity":null,"inProgress":null},{"date":1417791600,"trending":2,"popularity":null,"inProgress":null},{"date":1417964400,"trending":6,"popularity":null,"inProgress":null},{"date":1418050800,"trending":2,"popularity":null,"inProgress":null},{"date":1418223600,"trending":7,"popularity":null,"inProgress":null},{"date":1418396400,"trending":8,"popularity":null,"inProgress":null},{"date":1418482800,"trending":9,"popularity":null,"inProgress":null},{"date":1418569200,"trending":3,"popularity":null,"inProgress":null},{"date":1418655600,"trending":8,"popularity":null,"inProgress":null},{"date":1418742000,"trending":3,"popularity":null,"inProgress":null},{"date":1418828400,"trending":2,"popularity":null,"inProgress":null},{"date":1418914800,"trending":5,"popularity":null,"inProgress":null},{"date":1419001200,"trending":7,"popularity":null,"inProgress":null},{"date":1419087600,"trending":4,"popularity":null,"inProgress":null},{"date":1419174000,"trending":13,"popularity":null,"inProgress":null},{"date":1419260400,"trending":5,"popularity":null,"inProgress":null},{"date":1419346800,"trending":9,"popularity":null,"inProgress":null},{"date":1419433200,"trending":3,"popularity":null,"inProgress":null},{"date":1419519600,"trending":4,"popularity":null,"inProgress":null},{"date":1419606000,"trending":2,"popularity":null,"inProgress":null},{"date":1419692400,"trending":4,"popularity":null,"inProgress":null},{"date":1419778800,"trending":2,"popularity":null,"inProgress":null}],"externalLinks":["http://iwatobi-sc.com/","http://www.funimation.com/shows/free/","http://www.crunchyroll.com/free-iwatobi-swim-club","https://www.netflix.com/title/80186018"],"streamingEpisodes":[{"title":"Episode 1 - Reunion at the Starting Block!","thumbnail":"https://img1.ak.crunchyroll.com/i/spire2-tmb/5d63f0fbc3071552c900870daa06cb1c1450786120_full.jpg","url":"http://www.crunchyroll.com/free-iwatobi-swim-club/episode-1-reunion-at-the-starting-block-691191","site":"Crunchyroll"},{"title":"Episode 2 - Memories in the Distance!","thumbnail":"https://img1.ak.crunchyroll.com/i/spire2-tmb/a92bb3c65539e8fc333e0ff001930a621450804290_full.jpg","url":"http://www.crunchyroll.com/free-iwatobi-swim-club/episode-2-memories-in-the-distance-691193","site":"Crunchyroll"},{"title":"Episode 3 - Theoretical Dolphin Kick!","thumbnail":"https://img1.ak.crunchyroll.com/i/spire1-tmb/6e1ec1d44e28cfe5d1f1d5ae1cd9e9ae1450797712_full.jpg","url":"http://www.crunchyroll.com/free-iwatobi-swim-club/episode-3-theoretical-dolphin-kick-691195","site":"Crunchyroll"},{"title":"Episode 4 - Captive Butterfly","thumbnail":"https://img1.ak.crunchyroll.com/i/spire2-tmb/2b7300b6e8874e9de5704796bfa3b7e11450794078_full.jpg","url":"http://www.crunchyroll.com/free-iwatobi-swim-club/episode-4-captive-butterfly-691197","site":"Crunchyroll"},{"title":"Episode 5 - Trial in Open Water","thumbnail":"https://img1.ak.crunchyroll.com/i/spire1-tmb/bd202c2e277c373c8aef0b363ea7ba2e1450789643_full.jpg","url":"http://www.crunchyroll.com/free-iwatobi-swim-club/episode-5-trial-in-open-water-691199","site":"Crunchyroll"},{"title":"Episode 6 - Shocking No Breathing","thumbnail":"https://img1.ak.crunchyroll.com/i/spire2-tmb/ec992d553d518ae5eed7b60049c8a7521450799046_full.jpg","url":"http://www.crunchyroll.com/free-iwatobi-swim-club/episode-6-shocking-no-breathing-691201","site":"Crunchyroll"},{"title":"Episode 7 - One Style Final","thumbnail":"https://img1.ak.crunchyroll.com/i/spire1-tmb/52d27f34aa9683b7082b07e1347c72211450786631_full.jpg","url":"http://www.crunchyroll.com/free-iwatobi-swim-club/episode-7-one-style-final-691203","site":"Crunchyroll"},{"title":"Episode 8 - Revenge in the Medley!","thumbnail":"https://img1.ak.crunchyroll.com/i/spire3-tmb/897e65c18f65390231c22da6acdfd48f1450790610_full.jpg","url":"http://www.crunchyroll.com/free-iwatobi-swim-club/episode-8-revenge-in-the-medley-691205","site":"Crunchyroll"},{"title":"Episode 9 - Hesitant Loosen Up","thumbnail":"https://img1.ak.crunchyroll.com/i/spire2-tmb/ef04e06a8dfc872ff07edf1328f4bfb11450790236_full.jpg","url":"http://www.crunchyroll.com/free-iwatobi-swim-club/episode-9-hesitant-loosen-up-691207","site":"Crunchyroll"},{"title":"Episode 10 - Irritated Heart Rate","thumbnail":"https://img1.ak.crunchyroll.com/i/spire3-tmb/8fe577060cbee8e55a79735771aab6761450787066_full.jpg","url":"http://www.crunchyroll.com/free-iwatobi-swim-club/episode-10-irritated-heart-rate-691209","site":"Crunchyroll"},{"title":"Episode 11 - Furious All-out","thumbnail":"https://img1.ak.crunchyroll.com/i/spire3-tmb/d63fe6e10acd441e53a01e5752def24c1450798551_full.jpg","url":"http://www.crunchyroll.com/free-iwatobi-swim-club/episode-11-furious-all-out-691211","site":"Crunchyroll"},{"title":"Episode 12 - Distant Free","thumbnail":"https://img1.ak.crunchyroll.com/i/spire4-tmb/c119e6260310a2430e0908b43cf53fa61450790480_full.jpg","url":"http://www.crunchyroll.com/free-iwatobi-swim-club/episode-12-distant-free-691213","site":"Crunchyroll"}],"rankings":[{"rank":32,"type":"RATED","context":"highest rated","year":2014,"season":null},{"rank":38,"type":"POPULAR","context":"most popular","year":2014,"season":null},{"rank":9,"type":"RATED","context":"highest rated","year":2014,"season":"SUMMER"},{"rank":10,"type":"POPULAR","context":"most popular","year":2014,"season":"SUMMER"}],"mediaListEntry":null,"reviews":null,"siteUrl":"https://anilist.co/anime/20614","autoCreateForumThread":false,"modNotes":null,"stats":{"scoreDistribution":[{"score":10,"amount":180},{"score":20,"amount":138},{"score":30,"amount":367},{"score":40,"amount":649},{"score":50,"amount":2045},{"score":60,"amount":3918},{"score":70,"amount":8938},{"score":80,"amount":9408},{"score":90,"amount":5939},{"score":100,"amount":4119}],"statusDistribution":[{"status":"CURRENT","amount":2996},{"status":"PLANNING","amount":10779},{"status":"COMPLETED","amount":55294},{"status":"DROPPED","amount":1942},{"status":"PAUSED","amount":2308}]},"isRecommendationBlocked":false,"recommendations":[{"mediaRecommendation":{"id":20464,"title":{"romaji":"Haikyuu!!","english":"HAIKYU!!","native":"ハイキュー!!","userPreferred":"Haikyuu!!"},"type":"ANIME"}},{"mediaRecommendation":null},{"mediaRecommendation":{"id":100402,"title":{"romaji":"Tsurune: Kazemai Koukou Kyuudou-bu","english":"Tsurune","native":"ツルネ ―風舞高校弓道部―","userPreferred":"Tsurune: Kazemai Koukou Kyuudou-bu"},"type":"ANIME"}},{"mediaRecommendation":{"id":17819,"title":{"romaji":"Kyoto Animation: Suiei-hen","english":null,"native":"京都アニメーションCM「水泳編」","userPreferred":"Kyoto Animation: Suiei-hen"},"type":"ANIME"}},{"mediaRecommendation":{"id":130549,"title":{"romaji":"RE-MAIN","english":"RE-MAIN","native":"RE-MAIN（リメイン）","userPreferred":"RE-MAIN"},"type":"ANIME"}}]}