{"id":20619,"idMal":22547,"title":{"romaji":"Blade & Soul","english":null,"native":"ブレイドアンドソウル","userPreferred":"Blade & Soul"},"format":"TV","status":"FINISHED","episodes":13,"description":"A thousand-year peace is coming to an end. The fledgling Wind Empire strives to overthrow the fading Stratus Empire and unite the four continents in a new era of equality–albeit an equality enforced by military might. Amid this mortal trouble and strife come the ancient Darksiders, with the nefarious Jin Seoyeon as the harbinger of their return… and with the people fighting among themselves, there may be no one to oppose their evil plans and save the world.\r\n\r\nBased on the Korean MMORPG \"Blade & Soul\".","startDate":{"year":2014,"month":4,"day":4},"endDate":{"year":2014,"month":6,"day":27},"season":"SPRING","seasonYear":2014,"duration":24,"countryOfOrigin":"JP","isLicensed":true,"source":"VIDEO_GAME","hashtag":null,"trailer":null,"updatedAt":1706280486,"coverImage":{"large":"https://s4.anilist.co/file/anilistcdn/media/anime/cover/large/bx20619-mezLG8DuqnrS.jpg","medium":"https://s4.anilist.co/file/anilistcdn/media/anime/cover/medium/bx20619-mezLG8DuqnrS.jpg","small":"https://s4.anilist.co/file/anilistcdn/media/anime/cover/small/bx20619-mezLG8DuqnrS.jpg","color":"#e4bb5d"},"bannerImage":"https://s4.anilist.co/file/anilistcdn/media/anime/banner/20619-XCRbxyoHeQ0f.jpg","genres":["Action","Adventure","Fantasy"],"synonyms":["Blade and Soul"],"averageScore":54,"meanScore":54,"favourites":81,"popularity":18345,"trending":0,"tags":[{"id":98,"name":"Female Protagonist","isMediaSpoiler":false},{"id":86,"name":"Primarily Female Cast","isMediaSpoiler":false},{"id":252,"name":"Revenge","isMediaSpoiler":false},{"id":85,"name":"Tragedy","isMediaSpoiler":false},{"id":490,"name":"Anachronism","isMediaSpoiler":false},{"id":90,"name":"CGI","isMediaSpoiler":false}],"relations":[{"id":20836,"title":{"english":null,"native":"ブレイドアンドソウル","romaji":"Blade & Soul Specials","userPreferred":"Blade & Soul Specials"},"type":"ANIME"}],"characters":[{"id":88036,"name":"Varel Jin"},{"id":88083,"name":"Roana Dan"},{"id":88084,"name":"Karen El"},{"id":88085,"name":"Hazuki Jin"},{"id":143561,"name":"Alka"},{"id":143822,"name":"Yuu"},{"id":143823,"name":"Yu Ran"},{"id":143880,"name":"Gante  Ga"}],"staff":[{"id":101369,"name":"Hiroshi Hamasaki"},{"id":118588,"name":"Hiroshi Takeuchi"},{"id":109339,"name":"Atsuhiro Tomioka"},{"id":118589,"name":"Eri Osada"},{"id":100948,"name":"Tarou Iwashiro"},{"id":120069,"name":"MimimemeMIMI"},{"id":119938,"name":"Hiroto Morishita"},{"id":119753,"name":"Kouta Kobayashi"},{"id":122440,"name":"Yoshiaki Kyougoku"},{"id":122453,"name":"Soutarou Shimizu"},{"id":123074,"name":"Seong-Hu Park"},{"id":123074,"name":"Seong-Hu Park"},{"id":123074,"name":"Seong-Hu Park"},{"id":119348,"name":"Kenji Konuta"},{"id":123236,"name":"Hirokazu Hanai"},{"id":106134,"name":"Kouichi Chigira"},{"id":124174,"name":"Ayumu Hisao"},{"id":128600,"name":"Akemi Nagao"},{"id":132703,"name":"Hikaru Naraoka"},{"id":97440,"name":"Tae-Hyeong Kim"},{"id":119709,"name":"Yuki Takao"},{"id":119709,"name":"Yuki Takao"},{"id":155050,"name":"Kousei Takahashi"}],"studios":[{"id":3,"name":"GONZO","isAnimationStudio":true},{"id":376,"name":"Sentai Filmworks","isAnimationStudio":false}],"isFavourite":false,"isAdult":false,"isLocked":false,"nextAiringEpisode":null,"airingSchedule":[],"trends":[{"date":1417359600,"trending":2,"popularity":null,"inProgress":null},{"date":1417532400,"trending":2,"popularity":null,"inProgress":null},{"date":1417878000,"trending":2,"popularity":null,"inProgress":null},{"date":1417964400,"trending":2,"popularity":null,"inProgress":null},{"date":1418050800,"trending":2,"popularity":null,"inProgress":null},{"date":1418310000,"trending":2,"popularity":null,"inProgress":null},{"date":1418569200,"trending":2,"popularity":null,"inProgress":null},{"date":1418742000,"trending":2,"popularity":null,"inProgress":null},{"date":1419174000,"trending":2,"popularity":null,"inProgress":null},{"date":1419519600,"trending":2,"popularity":null,"inProgress":null},{"date":1419778800,"trending":2,"popularity":null,"inProgress":null},{"date":1420038000,"trending":2,"popularity":null,"inProgress":null},{"date":1420383600,"trending":2,"popularity":null,"inProgress":null},{"date":1420815600,"trending":2,"popularity":null,"inProgress":null},{"date":1420902000,"trending":2,"popularity":null,"inProgress":null},{"date":1420988400,"trending":2,"popularity":null,"inProgress":null},{"date":1421161200,"trending":2,"popularity":null,"inProgress":null},{"date":1421247600,"trending":3,"popularity":null,"inProgress":null},{"date":1421334000,"trending":2,"popularity":null,"inProgress":null},{"date":1421506800,"trending":2,"popularity":null,"inProgress":null},{"date":1422284400,"trending":3,"popularity":null,"inProgress":null},{"date":1422457200,"trending":3,"popularity":null,"inProgress":null},{"date":1424876400,"trending":2,"popularity":null,"inProgress":null},{"date":1424962800,"trending":2,"popularity":null,"inProgress":null},{"date":1425222000,"trending":2,"popularity":null,"inProgress":null}],"externalLinks":["http://www.tbs.co.jp/anime/blade/","http://www.ncsoft.jp/bns/","http://www.hulu.com/blade-and-soul","https://www.hidive.com/tv/blade-soul","https://www.crunchyroll.com/blade-and-soul"],"streamingEpisodes":[{"title":"PV","thumbnail":"https://img1.ak.crunchyroll.com/i/spire1-tmb/f86d5ef7943c8646cd41126dcccf0fc51396550782_full.jpg","url":"http://www.crunchyroll.com/blade-and-soul/blade-and-soul-pv-652145","site":"Crunchyroll"},{"title":"Episode 1 - Path","thumbnail":"https://img1.ak.crunchyroll.com/i/spire2-tmb/81e92bd96363e2fca59b74c0a2bcf6b21396571175_full.jpg","url":"http://www.crunchyroll.com/blade-and-soul/episode-1-path-652149","site":"Crunchyroll"},{"title":"Episode 2 - Desire","thumbnail":"https://img1.ak.crunchyroll.com/i/spire1-tmb/41da8fd7a6a028799b74656912ddece71397106204_full.jpg","url":"http://www.crunchyroll.com/blade-and-soul/episode-2-desire-653375","site":"Crunchyroll"},{"title":"Episode 3 - Revenge","thumbnail":"https://img1.ak.crunchyroll.com/i/spire3-tmb/a5b8c9c3c0c46f6f58fdc3213540a3081397714907_full.jpg","url":"http://www.crunchyroll.com/blade-and-soul/episode-3-revenge-652691","site":"Crunchyroll"},{"title":"Episode 4 - Sword","thumbnail":"https://img1.ak.crunchyroll.com/i/spire2-tmb/ed98e740cfaa75971eb8d984ed4eb9fb1398278300_full.jpg","url":"http://www.crunchyroll.com/blade-and-soul/episode-4-sword-652693","site":"Crunchyroll"},{"title":"Episode 5 - Flower","thumbnail":"https://img1.ak.crunchyroll.com/i/spire2-tmb/4184c3d425dbd86b01c0c039475a0f7d1398877390_full.jpg","url":"http://www.crunchyroll.com/blade-and-soul/episode-5-flower-652695","site":"Crunchyroll"},{"title":"Episode 6 - Dream","thumbnail":"https://img1.ak.crunchyroll.com/i/spire4-tmb/f6817e4193dc16d749ca96296adc1c671399519171_full.jpg","url":"http://www.crunchyroll.com/blade-and-soul/episode-6-dream-652697","site":"Crunchyroll"},{"title":"Episode 7 - Time","thumbnail":"https://img1.ak.crunchyroll.com/i/spire1-tmb/460770cd47fbf5b07a1826f57ffd1d1b1400092245_full.jpg","url":"http://www.crunchyroll.com/blade-and-soul/episode-7-time-652699","site":"Crunchyroll"},{"title":"Episode 8 - Sky","thumbnail":"https://img1.ak.crunchyroll.com/i/spire4-tmb/8a3029d7b1c1712b39c69d3c20bd0c581400720809_full.jpg","url":"http://www.crunchyroll.com/blade-and-soul/episode-8-sky-652701","site":"Crunchyroll"},{"title":"Episode 9 - Moon","thumbnail":"https://img1.ak.crunchyroll.com/i/spire1-tmb/f3866860f890e1740ab12e10eb186da01401380451_full.jpg","url":"http://www.crunchyroll.com/blade-and-soul/episode-9-moon-652703","site":"Crunchyroll"},{"title":"Episode 10 - Sin","thumbnail":"https://img1.ak.crunchyroll.com/i/spire1-tmb/209231ef38604a6326092c8d65cebfb51401931712_full.jpg","url":"http://www.crunchyroll.com/blade-and-soul/episode-10-sin-652705","site":"Crunchyroll"},{"title":"Episode 11 - Punishment","thumbnail":"https://img1.ak.crunchyroll.com/i/spire4-tmb/737a52f6434500d20a8af081cdc31ce21402596571_full.jpg","url":"http://www.crunchyroll.com/blade-and-soul/episode-11-punishment-652707","site":"Crunchyroll"},{"title":"Episode 12 - Soul","thumbnail":"https://img1.ak.crunchyroll.com/i/spire2-tmb/e4040cdee30fc1de1da0f5897adcfed11403179939_full.jpg","url":"http://www.crunchyroll.com/blade-and-soul/episode-12-soul-652709","site":"Crunchyroll"},{"title":"Episode 13 - God","thumbnail":"https://img1.ak.crunchyroll.com/i/spire3-tmb/b87cd4487accd0da0263d6b8b437099d1403737776_full.jpg","url":"http://www.crunchyroll.com/blade-and-soul/episode-13-god-652711","site":"Crunchyroll"}],"rankings":[{"rank":29,"type":"POPULAR","context":"most popular","year":2014,"season":"SPRING"}],"mediaListEntry":null,"reviews":[{"id":2098,"score":40,"summary":"If you are a fan of the game, do not watch it.","body":"Ah, Blade and Soul, how I love these three words. It is one of the best journeys I have ever had in online games and I will never forget it in my life. Have you played in that game yet, you have?  Then I am sure that you will understand me. Blade and Soul is the game, where I read every single dialogue, every single quest, I know everything about that game. (Almost). And when I found out that one of my most favorite games ever had an anime adaptation, I could not even think about anything else; the only thought in my head was to watch it and to do it as soon as possible. However, my bliss was destroyed after two episodes of this wonderful anime called Blade and Soul. So, let us discuss the storyline. \n\nBlade and Soul (블레이드 앤 소울) is an anime adaptation of the game with the same name that began airing in April 2014. Hiroshi Hamasaki and Hiroshi Takeuchi directed the anime at studio Gonzo from scripts written by Atsuhiro Tomioka. The anime’s storyline revolves around a female swordsman named Alka, who travels to find Jin Valel, a demon-like woman, who has the power to kill any living being, who also killed Alka’s master Hon. Alka heads on a journey to become stronger and to take her revenge. Will she be able to find and kill Jin Valel, or, perhaps, the woman she wants to kill is too strong even for her? Find out the answer now!\n\nWhile the storyline sounds average, it still has too many flaws to be even average: it is bad, it is so bad that you should never watch it, if you are a fan of the game. The main problem with it is that it has too many plot holes: so many things are not explained, so many questions are left unanswered, and the most important thing is that it is unfinished. I understand well that the anime is suffering because it cannot reveal anything about the game. (There is a chance that some people will not play in Blade and Soul, if they find all answers to their questions in that anime). I understand that the budget of this anime created some limitations for this anime, I understand it. But I do not understand only one thing, why would someone spend their money on something that is that bad?  Why not make the creators of the game promote Blade and Soul and make a very good anime adaptation? They might not want to do that? Then, what is the purpose of creating this adaptation? I do not understand it. \n\nThe animation and the music are the only two decent things about that anime. The animation is fine: character designs are okay and the anime has a nice range of colors, too. The anime sometimes uses CGI effects, which will make your eyes bleed. All in all, the animation is not great, but it is watchable, at least. The sound is also average. The whole soundtrack, as well as the voice acting, are dull and unremarkable. Nothing to comment on, to be honest; it is bad. \n\nThe characters are bad too. The villains are your overpowered guys that wear some weird stuff, but it is not the main thing. The problem here is that they do not make sense. What I mean is that in the game the trio of villains did make sense, here; however, they are the dullest villains I have ever seen in my life: Ga Gante is even unable to speak. But it is not the worst part about that anime, the worst part about it is the main protagonist of this series, Alka. I would compare her personality with a bacterium, but I guess that even a bacterium is smarter than Alka. Do not get me wrong, she does receive development in this anime and she will evolve into “slightly better than average character.” Not only Alka, but also her friends and other characters are just dull and do not make sense at all. A good example for this will be the fact that there are people that want to kill her, but they do not understand whether they want to do it, or not. All in all, the characters are another flaw of this anime, which make it that bad. \n\nAll in all, if you have never played in the game, I still do not want to recommend you this show. I cannot name you even one good thing about this show, because even the animation is sometimes bad, no, it is very bad. If you have an enemy; however, and if you hate that person, you can recommend them this anime. It will work, I promise you! Think twice before watching Blade and Soul! Respect yourself and your free time! \n\nStory: 4.\nAnimation: 6.\nOST: 5.\nCharacters: 1.\nEnjoyment: 6.\nOverall: (4+6+5+1+6)/5= 4, 4."}],"siteUrl":"https://anilist.co/anime/20619","autoCreateForumThread":false,"modNotes":null,"stats":{"scoreDistribution":[{"score":10,"amount":278},{"score":20,"amount":343},{"score":30,"amount":562},{"score":40,"amount":904},{"score":50,"amount":1348},{"score":60,"amount":1746},{"score":70,"amount":1300},{"score":80,"amount":620},{"score":90,"amount":252},{"score":100,"amount":197}],"statusDistribution":[{"status":"CURRENT","amount":811},{"status":"PLANNING","amount":4834},{"status":"COMPLETED","amount":9501},{"status":"DROPPED","amount":2488},{"status":"PAUSED","amount":711}]},"isRecommendationBlocked":false,"recommendations":[{"mediaRecommendation":{"id":1827,"title":{"romaji":"Seirei no Moribito","english":"Moribito: Guardian of the Spirit","native":"精霊の守り人","userPreferred":"Seirei no Moribito"},"type":"ANIME"}},{"mediaRecommendation":{"id":20462,"title":{"romaji":"Hitsugi no Chaika","english":"Chaika -The Coffin Princess-","native":"棺姫のチャイカ","userPreferred":"Hitsugi no Chaika"},"type":"ANIME"}},{"mediaRecommendation":{"id":21055,"title":{"romaji":"Chaos Dragon: Sekiryuu Sen'eki","english":"Chaos Dragon","native":"ケイオスドラゴン 赤竜戦役","userPreferred":"Chaos Dragon: Sekiryuu Sen'eki"},"type":"ANIME"}}]}