{"id":20638,"idMal":22865,"title":{"romaji":"Rokujouma no Shinryakusha!?","english":"Invaders of the Rokujoma!?","native":"六畳間の侵略者!?","userPreferred":"Rokujouma no Shinryakusha!?"},"format":"TV","status":"FINISHED","episodes":12,"description":"Now that he enters his high school career, Satomi Koutaro begins his life living alone in an apartment that only costs him 5000 yen per month, an extremely cheap deal even for this small apartment. There’s a catch: the apartment is apparently haunted by a cute ghost that has driven its prior occupants away. Next thing he knows, not only is there a ghost trying to drive him out of his new home, but magical girls and other unique female characters turn this small apartment into a battleground of sorts.","startDate":{"year":2014,"month":7,"day":12},"endDate":{"year":2014,"month":9,"day":27},"season":"SUMMER","seasonYear":2014,"duration":24,"countryOfOrigin":"JP","isLicensed":true,"source":"LIGHT_NOVEL","hashtag":"#6jomadaho","trailer":null,"updatedAt":1706292582,"coverImage":{"large":"https://s4.anilist.co/file/anilistcdn/media/anime/cover/large/bx20638-SbFNGXcc4Fgi.png","medium":"https://s4.anilist.co/file/anilistcdn/media/anime/cover/medium/bx20638-SbFNGXcc4Fgi.png","small":"https://s4.anilist.co/file/anilistcdn/media/anime/cover/small/bx20638-SbFNGXcc4Fgi.png","color":"#e4935d"},"bannerImage":"https://s4.anilist.co/file/anilistcdn/media/anime/banner/20638-tHQu2YsLHRum.jpg","genres":["Comedy","Romance","Supernatural"],"synonyms":["ห้องเช่าป่วนก๊วนคนแปลก"],"averageScore":67,"meanScore":68,"favourites":272,"popularity":32730,"trending":0,"tags":[{"id":23,"name":"Female Harem","isMediaSpoiler":false},{"id":191,"name":"Aliens","isMediaSpoiler":false},{"id":220,"name":"Ghost","isMediaSpoiler":false},{"id":82,"name":"Male Protagonist","isMediaSpoiler":false},{"id":321,"name":"Urban Fantasy","isMediaSpoiler":false},{"id":29,"name":"Magic","isMediaSpoiler":false},{"id":39,"name":"Parody","isMediaSpoiler":false},{"id":178,"name":"Card Battle","isMediaSpoiler":false},{"id":105,"name":"Ensemble Cast","isMediaSpoiler":false},{"id":46,"name":"School","isMediaSpoiler":false},{"id":99,"name":"Henshin","isMediaSpoiler":false},{"id":548,"name":"Acting","isMediaSpoiler":false},{"id":328,"name":"Cosplay","isMediaSpoiler":false}],"relations":[{"id":85761,"title":{"english":"Invaders of the Rokujouma!?","native":"六畳間の侵略者！？","romaji":"Rokujouma no Shinryakusha?!","userPreferred":"Rokujouma no Shinryakusha?!"},"type":"MANGA"},{"id":132703,"title":{"english":null,"native":"六畳間の侵略者!? プロモーションMOVIE","romaji":"Rokujouma no Shinryakusha!? Promotion MOVIE","userPreferred":"Rokujouma no Shinryakusha!? Promotion MOVIE"},"type":"ANIME"}],"characters":[{"id":88073,"name":"Koutarou Satomi"},{"id":88074,"name":"Sanae Higashihongan"},{"id":88075,"name":"Yurika Nijino"},{"id":88076,"name":"Kiriha Kurano"},{"id":88077,"name":"Theiamillis Gre Fortorthe"},{"id":88078,"name":"Rushkhania Nye Pardomshiha"},{"id":88663,"name":"Harumi Sakuraba"},{"id":88664,"name":"Shizuka Kasagi"},{"id":88665,"name":"Karama"},{"id":88666,"name":"Korama"},{"id":175509,"name":"Clariausa Dawra Fortorthe"},{"id":175510,"name":"Maki Aika"}],"staff":[{"id":118603,"name":"Takehaya"},{"id":116523,"name":"petit milady"},{"id":101753,"name":"Shin Oonuma"},{"id":118776,"name":"Shougo Yasukawa"},{"id":109791,"name":"Ryousuke Nakanishi"},{"id":118924,"name":"Poco"},{"id":118925,"name":"Hideki Furukawa"},{"id":118926,"name":"Maki Morio"},{"id":118925,"name":"Hideki Furukawa"},{"id":101549,"name":"Satoshi Motoyama"},{"id":118921,"name":"Nichika Oomori"},{"id":118688,"name":"Eri Suzuki"},{"id":118922,"name":"Masumi Tazawa"},{"id":118923,"name":"Maria Naganawa"},{"id":109939,"name":"Hideki Shirane"},{"id":123133,"name":"Yoshinobu Tokumoto"},{"id":123133,"name":"Yoshinobu Tokumoto"},{"id":124396,"name":"Mitsutoshi Satou"},{"id":124396,"name":"Mitsutoshi Satou"},{"id":124673,"name":"Kousuke Kobayashi"},{"id":141499,"name":"Marco Kröger"},{"id":191342,"name":"Neil Nadelman"},{"id":135544,"name":"Eiichi Takahashi"},{"id":102621,"name":"John Ledford"},{"id":102621,"name":"John Ledford"}],"studios":[{"id":300,"name":"SILVER LINK.","isAnimationStudio":true},{"id":6698,"name":"KADOKAWA","isAnimationStudio":false},{"id":6431,"name":"KDDI","isAnimationStudio":false},{"id":7365,"name":"Showgate","isAnimationStudio":false},{"id":79,"name":"Genco","isAnimationStudio":false},{"id":376,"name":"Sentai Filmworks","isAnimationStudio":false}],"isFavourite":false,"isAdult":false,"isLocked":false,"nextAiringEpisode":null,"airingSchedule":[],"trends":[{"date":1417359600,"trending":4,"popularity":null,"inProgress":null},{"date":1417446000,"trending":2,"popularity":null,"inProgress":null},{"date":1417532400,"trending":2,"popularity":null,"inProgress":null},{"date":1417791600,"trending":4,"popularity":null,"inProgress":null},{"date":1417878000,"trending":5,"popularity":null,"inProgress":null},{"date":1417964400,"trending":8,"popularity":null,"inProgress":null},{"date":1418050800,"trending":3,"popularity":null,"inProgress":null},{"date":1418137200,"trending":3,"popularity":null,"inProgress":null},{"date":1418223600,"trending":3,"popularity":null,"inProgress":null},{"date":1418310000,"trending":3,"popularity":null,"inProgress":null},{"date":1418482800,"trending":3,"popularity":null,"inProgress":null},{"date":1418569200,"trending":3,"popularity":null,"inProgress":null},{"date":1418655600,"trending":5,"popularity":null,"inProgress":null},{"date":1418914800,"trending":3,"popularity":null,"inProgress":null},{"date":1419001200,"trending":3,"popularity":null,"inProgress":null},{"date":1419087600,"trending":5,"popularity":null,"inProgress":null},{"date":1419174000,"trending":3,"popularity":null,"inProgress":null},{"date":1419260400,"trending":2,"popularity":null,"inProgress":null},{"date":1419346800,"trending":5,"popularity":null,"inProgress":null},{"date":1419433200,"trending":4,"popularity":null,"inProgress":null},{"date":1419519600,"trending":2,"popularity":null,"inProgress":null},{"date":1419606000,"trending":2,"popularity":null,"inProgress":null},{"date":1419692400,"trending":3,"popularity":null,"inProgress":null},{"date":1419778800,"trending":6,"popularity":null,"inProgress":null},{"date":1419865200,"trending":4,"popularity":null,"inProgress":null}],"externalLinks":["http://corona106.tv/","http://www.crunchyroll.com/rokujyoma","http://www.hulu.com/invaders-of-the-rokujyoma","https://www.hidive.com/tv/invaders-of-the-rokujouma"],"streamingEpisodes":[],"rankings":[{"rank":79,"type":"RATED","context":"highest rated","year":2014,"season":null},{"rank":76,"type":"POPULAR","context":"most popular","year":2014,"season":null},{"rank":18,"type":"RATED","context":"highest rated","year":2014,"season":"SUMMER"},{"rank":19,"type":"POPULAR","context":"most popular","year":2014,"season":"SUMMER"}],"mediaListEntry":null,"reviews":[{"id":15298,"score":80,"summary":"Anime relaxant, original et drôle. Je recommande !","body":"# ~~~__The Invaders of the Rokujouma ?!__~~~\n# ~~~_六畳間の侵略者?!_~~~\n~~~img220(https://www.anime-gate.net/images-animes-fonds/rokujouma-no-shinryakusha-bg.jpg)~~~\n~~~youtube(https://youtu.be/fDJ9gnSif8Q)~~~\n\n__1. Graphismes :__ _8/10_\nPour un anime datant de 2014, je trouve les graphismes des paysages assez surprenants et agréables. Je suis très sévère au niveau des graphismes lors des couchers de soleil, mais ceux-ci sont très agréables à regarder et me détendraient presque ! Les rues sont jolies, l'école aussi, c'est un des plus gros points de pourquoi j'aime cet anime.\n\n__2. Ambiance :__ _17/20_ \nL'ambiance est quelque peu liée aux graphismes mais ce sont quand bien même deux choses différentes. Dans cet anime, l'ambiance colle bien avec les actions, et les prises de vues sont assez bien choisies.\n\n__3. Scénario :__ _40/50_\nL'histoire principale est assez originale et rigolote. C'est en fait plusieurs \"extra-terrestres\" qui veulent s'emparer de l'appartement 106 (pas sûr du numéro, à vérifier) pour leurs intérêts personnels. Ces  personnes vont alors se battre pour l'obtenir mais le propriétaire n'est pas d'accord, c'est alors qu'une amitié va se créer entre tous et mener une vie quotidienne de lycéen normal.\nEn revanche, il y a quelque chose qui ne colle pas à l'histoire générale, c'est l'action. Pour moi, elle n'a pas grand chose à faire dans l'histoire car j'ai trouvé ça ridicule. Le personnage principal qui arrive à battre une random avec une épée qui pop du ciel c'est du n'importe quoi !\nMalgré ces deux-trois exceptions, l'histoire est plutôt plaisante.\n\n__4. Personnages :__ _7/10_ \nTous les personnages présents dans l'histoire ont une personnalité différente. Je les aime tous ! \nTout d'abord, _Satomi Kōtarō_ ; le personnage principal. Assez basique mais efficace pour le développement de l'histoire car c'est le seul perso banal.\nPuis, _Higashihongan Sanae_ ; très agréable et calme.\n_Kurano Kiriha_ ; assez mystérieuse mais on apprend à la connaître au fil du temps.\n_Tiamilis_ ; la tsundere du groupe, il en fallait bien une !\n_Ruth_ ; l'amie de Tiamilis, assez drôle et plutôt extravagante.\n_Yurika Nijino_ ; très marrante, la victime du groupe. Sans elle, l'anime n'aurait aucun sens !\n\n__5. Opening :__ _8/10_ \nEn visuel, l'unique opening est assez bof mais très cliché et colle bien à l'histoire. Quant à la musique, je m'en souviens encore alors que j'ai fini l'anime hier, elle est plutôt cool.\n\n~~~youtube(https://youtu.be/zggbCjFbRzE)~~~\n\n__6. Rythme de visionnage :__ \nJ'ai mis environ 1 mois à le regarder. Pas hyper attractif mais assez bien quand on a rien à faire. Je reprends les anime petit à petit alors c'est normal !\n\n~~~img220(https://i.skyrock.net/4867/92444867/pics/3275099484_1_4_JwrqN4i6.png)~~~\n\n__Points forts : ► Anime drôle, avec une bonne ambiance et des personnages originaux. Opening assez chouette et bons graphismes.\nPoints faibles : ► Quelques scènes d'action qui ne devraient pas apparaître selon moi.__"}],"siteUrl":"https://anilist.co/anime/20638","autoCreateForumThread":false,"modNotes":null,"stats":{"scoreDistribution":[{"score":10,"amount":107},{"score":20,"amount":107},{"score":30,"amount":264},{"score":40,"amount":529},{"score":50,"amount":1265},{"score":60,"amount":2379},{"score":70,"amount":4285},{"score":80,"amount":2825},{"score":90,"amount":1147},{"score":100,"amount":531}],"statusDistribution":[{"status":"CURRENT","amount":1602},{"status":"PLANNING","amount":9352},{"status":"COMPLETED","amount":19200},{"status":"DROPPED","amount":1462},{"status":"PAUSED","amount":1114}]},"isRecommendationBlocked":false,"recommendations":[{"mediaRecommendation":{"id":100483,"title":{"romaji":"Yuragi-sou no Yuuna-san","english":"Yuuna and the Haunted Hot Springs","native":"ゆらぎ荘の幽奈さん","userPreferred":"Yuragi-sou no Yuuna-san"},"type":"ANIME"}},{"mediaRecommendation":{"id":108146,"title":{"romaji":"Yichang Shengwu Jianwen Lu","english":null,"native":"异常生物见闻录","userPreferred":"Yichang Shengwu Jianwen Lu"},"type":"ANIME"}},{"mediaRecommendation":{"id":20556,"title":{"romaji":"Ryuugajou Nanana no Maizoukin","english":"Nanana's Buried Treasure","native":"龍ヶ嬢七々々の埋蔵金","userPreferred":"Ryuugajou Nanana no Maizoukin"},"type":"ANIME"}},{"mediaRecommendation":{"id":8841,"title":{"romaji":"Kore wa Zombie desu ka?","english":"Is this a Zombie?","native":"これはゾンビですか?","userPreferred":"Kore wa Zombie desu ka?"},"type":"ANIME"}},{"mediaRecommendation":{"id":19685,"title":{"romaji":"Kanojo ga Flag wo Oraretara","english":"If Her Flag Breaks","native":"彼女がフラグをおられたら","userPreferred":"Kanojo ga Flag wo Oraretara"},"type":"ANIME"}},{"mediaRecommendation":{"id":696,"title":{"romaji":"Tenchi Muyou!","english":null,"native":"天地無用！","userPreferred":"Tenchi Muyou!"},"type":"ANIME"}},{"mediaRecommendation":{"id":107961,"title":{"romaji":"Kawaikereba Hentai demo Suki ni Natte Kuremasu ka?","english":"Hensuki: Are you willing to fall in love with a pervert, as long as she’s a cutie?","native":"可愛ければ変態でも好きになってくれますか？","userPreferred":"Kawaikereba Hentai demo Suki ni Natte Kuremasu ka?"},"type":"ANIME"}},{"mediaRecommendation":{"id":5667,"title":{"romaji":"To LOVE-Ru OVA","english":null,"native":"To LOVEる -とらぶる-","userPreferred":"To LOVE-Ru OVA"},"type":"ANIME"}},{"mediaRecommendation":{"id":3455,"title":{"romaji":"To LOVE-Ru","english":"To Love Ru","native":"To LOVEる -とらぶる-","userPreferred":"To LOVE-Ru"},"type":"ANIME"}},{"mediaRecommendation":{"id":13663,"title":{"romaji":"To LOVE-Ru Darkness","english":"To Love Ru Darkness","native":"To LOVEる -とらぶる- ダークネス","userPreferred":"To LOVE-Ru Darkness"},"type":"ANIME"}},{"mediaRecommendation":{"id":9181,"title":{"romaji":"Motto To LOVE-Ru","english":"Motto To Love Ru","native":"もっと To LOVEる -とらぶる-","userPreferred":"Motto To LOVE-Ru"},"type":"ANIME"}},{"mediaRecommendation":{"id":13851,"title":{"romaji":"To LOVE-Ru Darkness OVA","english":null,"native":"To LOVEる -とらぶる- ダークネス","userPreferred":"To LOVE-Ru Darkness OVA"},"type":"ANIME"}},{"mediaRecommendation":{"id":15583,"title":{"romaji":"Date A Live","english":"Date A Live","native":"デート・ア・ライブ","userPreferred":"Date A Live"},"type":"ANIME"}},{"mediaRecommendation":{"id":20995,"title":{"romaji":"To LOVE-Ru Darkness 2nd","english":"To Love Ru Darkness 2","native":"To LOVEる -とらぶる- ダークネス2nd","userPreferred":"To LOVE-Ru Darkness 2nd"},"type":"ANIME"}},{"mediaRecommendation":{"id":21853,"title":{"romaji":"To LOVE-Ru Darkness 2nd OVA","english":null,"native":"To LOVEる -とらぶる- ダークネス2nd","userPreferred":"To LOVE-Ru Darkness 2nd OVA"},"type":"ANIME"}},{"mediaRecommendation":{"id":21852,"title":{"romaji":"To LOVE-Ru Darkness 2nd Specials","english":"To Love Ru Darkness 2 Specials","native":"To LOVEる -とらぶる- ダークネス2nd","userPreferred":"To LOVE-Ru Darkness 2nd Specials"},"type":"ANIME"}},{"mediaRecommendation":{"id":21093,"title":{"romaji":"Monster Musume no Iru Nichijou","english":"Monster Musume: Everyday Life With Monster Girls","native":"モンスター娘のいる日常","userPreferred":"Monster Musume no Iru Nichijou"},"type":"ANIME"}},{"mediaRecommendation":{"id":146836,"title":{"romaji":"Lv1 Maou to One Room Yuusha","english":"Level 1 Demon Lord and One Room Hero","native":"Lv1魔王とワンルーム勇者","userPreferred":"Lv1 Maou to One Room Yuusha"},"type":"ANIME"}}]}