{"id":20635,"idMal":22777,"title":{"romaji":"Dragon Ball Kai (2014)","english":"Dragon Ball Z Kai: The Final Chapters","native":"ドラゴンボール改 (2014)","userPreferred":"Dragon Ball Kai (2014)"},"format":"TV","status":"FINISHED","episodes":69,"description":"Remastered version of the Majin Boo arc that adheres more to the manga's story.","startDate":{"year":2014,"month":4,"day":6},"endDate":{"year":2015,"month":6,"day":28},"season":"SPRING","seasonYear":2014,"duration":24,"countryOfOrigin":"JP","isLicensed":true,"source":"MANGA","hashtag":null,"trailer":"https://www.youtube.com/watch?v=JXVcOKppJZE","updatedAt":1706299759,"coverImage":{"large":"https://s4.anilist.co/file/anilistcdn/media/anime/cover/large/bx20635-gUYy4KZfYRb0.jpg","medium":"https://s4.anilist.co/file/anilistcdn/media/anime/cover/medium/bx20635-gUYy4KZfYRb0.jpg","small":"https://s4.anilist.co/file/anilistcdn/media/anime/cover/small/bx20635-gUYy4KZfYRb0.jpg","color":"#f1bb28"},"bannerImage":"https://s4.anilist.co/file/anilistcdn/media/anime/banner/20635-2eB3QP44dM1M.jpg","genres":["Action","Adventure","Comedy"],"synonyms":["Dragon Ball Kai","DBK","DB Kai","DBZ Kai"],"averageScore":75,"meanScore":75,"favourites":629,"popularity":37908,"trending":3,"tags":[{"id":66,"name":"Super Power","isMediaSpoiler":false},{"id":99,"name":"Henshin","isMediaSpoiler":false},{"id":56,"name":"Shounen","isMediaSpoiler":false},{"id":82,"name":"Male Protagonist","isMediaSpoiler":false},{"id":191,"name":"Aliens","isMediaSpoiler":false},{"id":931,"name":"Tomboy","isMediaSpoiler":false},{"id":30,"name":"Martial Arts","isMediaSpoiler":false},{"id":253,"name":"Gods","isMediaSpoiler":false},{"id":15,"name":"Demons","isMediaSpoiler":false},{"id":88,"name":"Primarily Male Cast","isMediaSpoiler":false},{"id":1045,"name":"Heterosexual","isMediaSpoiler":false}],"relations":[{"id":11359,"title":{"english":"Dragon Ball Z Kai: Peace for the Future! The Spirit of Goku is Forever","native":"ドラゴンボール改 未来に平和を！悟空の魂よ永遠に","romaji":"Dragon Ball Kai: Mirai ni Heiwa wo! Goku no Tamashii yo Eien ni","userPreferred":"Dragon Ball Kai: Mirai ni Heiwa wo! Goku no Tamashii yo Eien ni"},"type":"ANIME"},{"id":813,"title":{"english":"Dragon Ball Z","native":"ドラゴンボールZ","romaji":"Dragon Ball Z","userPreferred":"Dragon Ball Z"},"type":"ANIME"},{"id":30042,"title":{"english":"Dragon Ball","native":"ドラゴンボール","romaji":"Dragon Ball","userPreferred":"Dragon Ball"},"type":"MANGA"},{"id":21175,"title":{"english":"Dragon Ball Super","native":"ドラゴンボール超","romaji":"Dragon Ball Super","userPreferred":"Dragon Ball Super"},"type":"ANIME"}],"characters":[{"id":6273,"name":"Dende"},{"id":6134,"name":"Ginyu"},{"id":32466,"name":"Cold Daiou"},{"id":6147,"name":"Burter"},{"id":2097,"name":"Yajirobe"},{"id":2110,"name":"Baba Uranai"},{"id":2159,"name":"Kuririn"},{"id":3908,"name":"Cell"},{"id":209916,"name":"Nobuyo Ookawa"},{"id":5499,"name":"Tenshinhan"},{"id":2707,"name":"Trunks"},{"id":6127,"name":"Shen Long"},{"id":6108,"name":"Kami"},{"id":678,"name":"Bulma"},{"id":3694,"name":"Freeza"},{"id":6148,"name":"Guldo"},{"id":9239,"name":"Dodoria"},{"id":40489,"name":"Noufu"},{"id":6167,"name":"Muten Roushi"},{"id":6155,"name":"Raditz"},{"id":9784,"name":"Gregory"},{"id":2104,"name":"Gohan Son"},{"id":9766,"name":"Porunga"},{"id":9785,"name":"Bubbles"},{"id":4014,"name":"Yamcha"}],"staff":[{"id":95043,"name":"Vic Mignogna"},{"id":95134,"name":"Takeshi Kusao"},{"id":95192,"name":"Greg Ayres"},{"id":95203,"name":"Justin Cook"},{"id":95203,"name":"Justin Cook"},{"id":95251,"name":"John Burgmeier"},{"id":95253,"name":"Christopher Sabat"},{"id":95302,"name":"Jerry Jewell"},{"id":95313,"name":"Caitlin Glass"},{"id":95340,"name":"Patrick Seitz"},{"id":95518,"name":"Ryou Horikawa"},{"id":95659,"name":"Brina Palencia"},{"id":96602,"name":"J. Michael Tatum"},{"id":96901,"name":"Akira Toriyama"},{"id":100316,"name":"Gen Fukunaga"},{"id":100425,"name":"Kenji Ootsuki"},{"id":102062,"name":"Shunsuke Kikuchi"},{"id":102152,"name":"Joel Mcdonald"},{"id":104078,"name":"Terri Doty"},{"id":107263,"name":"Takayoshi Tanimoto"},{"id":113591,"name":"Masato Jouno"},{"id":117575,"name":"Takao Koyama"},{"id":122968,"name":"Norihito Sumitomo"},{"id":112799,"name":"Masaaki Iwane"},{"id":148560,"name":"Kyuuso Nekokami"}],"studios":[{"id":18,"name":"Toei Animation","isAnimationStudio":true},{"id":102,"name":"Funimation","isAnimationStudio":false}],"isFavourite":false,"isAdult":false,"isLocked":false,"nextAiringEpisode":null,"airingSchedule":[{"airingAt":1396742400,"timeUntilAiring":-309560784,"episode":0},{"airingAt":1397347200,"timeUntilAiring":-308955984,"episode":1},{"airingAt":1397952000,"timeUntilAiring":-308351184,"episode":2},{"airingAt":1398556800,"timeUntilAiring":-307746384,"episode":3},{"airingAt":1399161600,"timeUntilAiring":-307141584,"episode":4},{"airingAt":1399766400,"timeUntilAiring":-306536784,"episode":5},{"airingAt":1400371200,"timeUntilAiring":-305931984,"episode":6},{"airingAt":1400976000,"timeUntilAiring":-305327184,"episode":7},{"airingAt":1401580800,"timeUntilAiring":-304722384,"episode":8},{"airingAt":1402185600,"timeUntilAiring":-304117584,"episode":9},{"airingAt":1402790400,"timeUntilAiring":-303512784,"episode":10},{"airingAt":1403395200,"timeUntilAiring":-302907984,"episode":11},{"airingAt":1404000000,"timeUntilAiring":-302303184,"episode":12},{"airingAt":1404604800,"timeUntilAiring":-301698384,"episode":13},{"airingAt":1405209600,"timeUntilAiring":-301093584,"episode":14},{"airingAt":1405814400,"timeUntilAiring":-300488784,"episode":15},{"airingAt":1406419200,"timeUntilAiring":-299883984,"episode":16},{"airingAt":1407024000,"timeUntilAiring":-299279184,"episode":17},{"airingAt":1407628800,"timeUntilAiring":-298674384,"episode":18},{"airingAt":1408233600,"timeUntilAiring":-298069584,"episode":19},{"airingAt":1408838400,"timeUntilAiring":-297464784,"episode":20},{"airingAt":1409443200,"timeUntilAiring":-296859984,"episode":21},{"airingAt":1410048000,"timeUntilAiring":-296255184,"episode":22},{"airingAt":1410652800,"timeUntilAiring":-295650384,"episode":23},{"airingAt":1411257600,"timeUntilAiring":-295045584,"episode":24}],"trends":[{"date":1417359600,"trending":8,"popularity":null,"inProgress":null},{"date":1417446000,"trending":6,"popularity":null,"inProgress":null},{"date":1417532400,"trending":6,"popularity":null,"inProgress":null},{"date":1417618800,"trending":4,"popularity":null,"inProgress":null},{"date":1417705200,"trending":7,"popularity":null,"inProgress":null},{"date":1417791600,"trending":2,"popularity":null,"inProgress":null},{"date":1417878000,"trending":5,"popularity":null,"inProgress":null},{"date":1418223600,"trending":5,"popularity":null,"inProgress":null},{"date":1418310000,"trending":2,"popularity":null,"inProgress":null},{"date":1418482800,"trending":2,"popularity":null,"inProgress":null},{"date":1418569200,"trending":3,"popularity":null,"inProgress":null},{"date":1418655600,"trending":2,"popularity":null,"inProgress":null},{"date":1418742000,"trending":2,"popularity":null,"inProgress":null},{"date":1418914800,"trending":2,"popularity":null,"inProgress":null},{"date":1419087600,"trending":2,"popularity":null,"inProgress":null},{"date":1419174000,"trending":7,"popularity":null,"inProgress":null},{"date":1419260400,"trending":6,"popularity":null,"inProgress":null},{"date":1419346800,"trending":7,"popularity":null,"inProgress":null},{"date":1419519600,"trending":4,"popularity":null,"inProgress":null},{"date":1419606000,"trending":2,"popularity":null,"inProgress":null},{"date":1419692400,"trending":5,"popularity":null,"inProgress":null},{"date":1419778800,"trending":5,"popularity":null,"inProgress":null},{"date":1419865200,"trending":7,"popularity":null,"inProgress":null},{"date":1419951600,"trending":2,"popularity":null,"inProgress":null},{"date":1420383600,"trending":2,"popularity":null,"inProgress":null}],"externalLinks":["http://www.toei-anim.co.jp/tv/dragon_kai/","https://play.hbomax.com/page/urn:hbo:page:GY0XU4AhXXsPCUAEAAAA3:type:series"],"streamingEpisodes":[],"rankings":[{"rank":30,"type":"RATED","context":"highest rated","year":2014,"season":null},{"rank":66,"type":"POPULAR","context":"most popular","year":2014,"season":null},{"rank":9,"type":"RATED","context":"highest rated","year":2014,"season":"SPRING"},{"rank":21,"type":"POPULAR","context":"most popular","year":2014,"season":"SPRING"}],"mediaListEntry":null,"reviews":null,"siteUrl":"https://anilist.co/anime/20635","autoCreateForumThread":false,"modNotes":null,"stats":{"scoreDistribution":[{"score":10,"amount":95},{"score":20,"amount":77},{"score":30,"amount":190},{"score":40,"amount":359},{"score":50,"amount":1068},{"score":60,"amount":1914},{"score":70,"amount":4543},{"score":80,"amount":5147},{"score":90,"amount":3056},{"score":100,"amount":2279}],"statusDistribution":[{"status":"CURRENT","amount":1466},{"status":"PLANNING","amount":4658},{"status":"COMPLETED","amount":30334},{"status":"DROPPED","amount":791},{"status":"PAUSED","amount":659}]},"isRecommendationBlocked":false,"recommendations":[{"mediaRecommendation":{"id":225,"title":{"romaji":"Dragon Ball GT","english":"Dragon Ball GT","native":"ドラゴンボールGT","userPreferred":"Dragon Ball GT"},"type":"ANIME"}},{"mediaRecommendation":{"id":906,"title":{"romaji":"Dragon Ball Z: Ryuuken Bakuhatsu!! Goku ga Yaraneba Dare ga Yaru","english":"Dragon Ball Z: Wrath of the Dragon","native":"ドラゴンボールＺ 龍拳爆発!!悟空がやらねば誰がやる","userPreferred":"Dragon Ball Z: Ryuuken Bakuhatsu!! Goku ga Yaraneba Dare ga Yaru"},"type":"ANIME"}},{"mediaRecommendation":{"id":102352,"title":{"romaji":"Super Dragon Ball Heroes","english":null,"native":"スーパードラゴンボールヒーローズ","userPreferred":"Super Dragon Ball Heroes"},"type":"ANIME"}},{"mediaRecommendation":{"id":223,"title":{"romaji":"Dragon Ball","english":"Dragon Ball","native":"ドラゴンボール","userPreferred":"Dragon Ball"},"type":"ANIME"}},{"mediaRecommendation":{"id":905,"title":{"romaji":"Dragon Ball Z: Fukkatsu no Fusion!! Goku to Vegeta","english":"Dragon Ball Z: Fusion Reborn","native":"ドラゴンボールＺ 復活のフュージョン!!悟空とベジータ","userPreferred":"Dragon Ball Z: Fukkatsu no Fusion!! Goku to Vegeta"},"type":"ANIME"}},{"mediaRecommendation":{"id":14837,"title":{"romaji":"Dragon Ball Z: Kami to Kami","english":"Dragon Ball Z: Battle of Gods","native":"ドラゴンボールZ: 神と神","userPreferred":"Dragon Ball Z: Kami to Kami"},"type":"ANIME"}}]}