{"id":20656,"idMal":23251,"title":{"romaji":"Gugure! Kokkuri-san","english":"Gugure! Kokkuri-san","native":"繰繰れ!コックリさん","userPreferred":"Gugure! Kokkuri-san"},"format":"TV","status":"FINISHED","episodes":12,"description":"The original manga revolves around Kohina, a little girl who ends up summoning by a Kokkuri-san, a lower-ranking ghost in Japanese folklore. The Kokkuri-san she calls ends up being a white-haired handsome, young man. Although he had intended to merely haunt her at first, he becomes worried about her terrible eating habit of cup ramen for every meal, so he decides to haunt her in order to protect her.<br>\n<br>\n(Source: Anime News Network)","startDate":{"year":2014,"month":10,"day":6},"endDate":{"year":2014,"month":12,"day":22},"season":"FALL","seasonYear":2014,"duration":24,"countryOfOrigin":"JP","isLicensed":true,"source":"MANGA","hashtag":"#gugukoku","trailer":"https://www.youtube.com/watch?v=dzFpwjvchZM","updatedAt":1706280345,"coverImage":{"large":"https://s4.anilist.co/file/anilistcdn/media/anime/cover/large/bx20656-QL6CP1rtkTPj.png","medium":"https://s4.anilist.co/file/anilistcdn/media/anime/cover/medium/bx20656-QL6CP1rtkTPj.png","small":"https://s4.anilist.co/file/anilistcdn/media/anime/cover/small/bx20656-QL6CP1rtkTPj.png","color":"#506be4"},"bannerImage":"https://s4.anilist.co/file/anilistcdn/media/anime/banner/20656-46VjEVzpXvW4.jpg","genres":["Comedy","Supernatural"],"synonyms":null,"averageScore":72,"meanScore":72,"favourites":432,"popularity":32382,"trending":0,"tags":[{"id":193,"name":"Episodic","isMediaSpoiler":false},{"id":233,"name":"Youkai","isMediaSpoiler":false},{"id":144,"name":"Meta","isMediaSpoiler":false},{"id":324,"name":"Chibi","isMediaSpoiler":false},{"id":98,"name":"Female Protagonist","isMediaSpoiler":false},{"id":254,"name":"Kemonomimi","isMediaSpoiler":false},{"id":82,"name":"Male Protagonist","isMediaSpoiler":false},{"id":56,"name":"Shounen","isMediaSpoiler":false},{"id":220,"name":"Ghost","isMediaSpoiler":false},{"id":113,"name":"Nekomimi","isMediaSpoiler":false},{"id":77,"name":"Gender Bending","isMediaSpoiler":true},{"id":105,"name":"Ensemble Cast","isMediaSpoiler":false},{"id":81,"name":"Iyashikei","isMediaSpoiler":false},{"id":779,"name":"Kuudere","isMediaSpoiler":false},{"id":164,"name":"Tsundere","isMediaSpoiler":false},{"id":240,"name":"Amnesia","isMediaSpoiler":true},{"id":186,"name":"Crossdressing","isMediaSpoiler":true},{"id":488,"name":"Age Regression","isMediaSpoiler":true},{"id":157,"name":"Guns","isMediaSpoiler":false},{"id":191,"name":"Aliens","isMediaSpoiler":true}],"relations":[{"id":58172,"title":{"english":"Gugure! Kokkuri-san","native":"繰繰れ!コックリさん","romaji":"Gugure! Kokkuri-san","userPreferred":"Gugure! Kokkuri-san"},"type":"MANGA"},{"id":20904,"title":{"english":"Gugure! Kokkuri-san Specials","native":"繰繰れ！コックリさん Specials","romaji":"Gugure! Kokkuri-san Specials","userPreferred":"Gugure! Kokkuri-san Specials"},"type":"ANIME"}],"characters":[{"id":88513,"name":"Kohina Ichimatsu"},{"id":88514,"name":"Kokkuri-san"},{"id":88515,"name":"Inugami"},{"id":88516,"name":"Shigaraki"},{"id":36309,"name":"Narrator"},{"id":213615,"name":"Yamamoto-kun"},{"id":213616,"name":"Tama"},{"id":234694,"name":"Zannen na Timer"},{"id":234696,"name":"Classmate"},{"id":234695,"name":"Classmate"},{"id":234698,"name":"Mascot"},{"id":234699,"name":"Tenin"},{"id":234701,"name":"Tengu"},{"id":234700,"name":"Jimeko"},{"id":234702,"name":"Honya no Koe"},{"id":234704,"name":"Kyoushi"},{"id":234705,"name":"Nazo no Shoujo"},{"id":234707,"name":"Classmate"},{"id":234708,"name":"Classmate"},{"id":234711,"name":"Classmate"},{"id":234712,"name":"Classmate"},{"id":234713,"name":"Okami"},{"id":234714,"name":"Kureha"},{"id":234715,"name":"Kureha no Koibito"},{"id":234716,"name":"Noel no Chihi"}],"staff":[{"id":103538,"name":"Yoshimasa Hiraike"},{"id":101527,"name":"Miwa Ooshima"},{"id":120064,"name":"Mariko Itou"},{"id":121372,"name":"Miyako Yatsu"},{"id":102496,"name":"Hajime Hyakkoku"},{"id":108421,"name":"Midori Endou"},{"id":105862,"name":"Kenichi Maeyamada"},{"id":105862,"name":"Kenichi Maeyamada"},{"id":105862,"name":"Kenichi Maeyamada"},{"id":95212,"name":"Daisuke Ono"},{"id":101507,"name":"Atsushi Suemitsu"},{"id":101507,"name":"Atsushi Suemitsu"},{"id":101507,"name":"Atsushi Suemitsu"},{"id":101507,"name":"Atsushi Suemitsu"},{"id":95079,"name":"Takahiro Sakurai"},{"id":95091,"name":"Jouji Nakata"}],"studios":[{"id":73,"name":"TMS Entertainment","isAnimationStudio":true}],"isFavourite":false,"isAdult":false,"isLocked":false,"nextAiringEpisode":null,"airingSchedule":[{"airingAt":1412525100,"timeUntilAiring":-293778292,"episode":1},{"airingAt":1413129900,"timeUntilAiring":-293173492,"episode":2},{"airingAt":1413734700,"timeUntilAiring":-292568692,"episode":3},{"airingAt":1414339500,"timeUntilAiring":-291963892,"episode":4},{"airingAt":1414944300,"timeUntilAiring":-291359092,"episode":5},{"airingAt":1415549100,"timeUntilAiring":-290754292,"episode":6},{"airingAt":1416153900,"timeUntilAiring":-290149492,"episode":7},{"airingAt":1416758700,"timeUntilAiring":-289544692,"episode":8},{"airingAt":1417363500,"timeUntilAiring":-288939892,"episode":9},{"airingAt":1417968300,"timeUntilAiring":-288335092,"episode":10},{"airingAt":1418573100,"timeUntilAiring":-287730292,"episode":11},{"airingAt":1419177900,"timeUntilAiring":-287125492,"episode":12}],"trends":[{"date":1417359600,"trending":79,"popularity":null,"inProgress":null},{"date":1417446000,"trending":40,"popularity":null,"inProgress":null},{"date":1417532400,"trending":34,"popularity":null,"inProgress":null},{"date":1417618800,"trending":14,"popularity":null,"inProgress":null},{"date":1417705200,"trending":13,"popularity":null,"inProgress":null},{"date":1417791600,"trending":17,"popularity":null,"inProgress":null},{"date":1417878000,"trending":23,"popularity":null,"inProgress":null},{"date":1417964400,"trending":86,"popularity":null,"inProgress":null},{"date":1418050800,"trending":44,"popularity":null,"inProgress":null},{"date":1418137200,"trending":25,"popularity":null,"inProgress":null},{"date":1418223600,"trending":24,"popularity":null,"inProgress":null},{"date":1418310000,"trending":16,"popularity":null,"inProgress":null},{"date":1418396400,"trending":15,"popularity":null,"inProgress":null},{"date":1418482800,"trending":26,"popularity":null,"inProgress":null},{"date":1418569200,"trending":97,"popularity":null,"inProgress":null},{"date":1418655600,"trending":47,"popularity":null,"inProgress":null},{"date":1418742000,"trending":28,"popularity":null,"inProgress":null},{"date":1418828400,"trending":25,"popularity":null,"inProgress":null},{"date":1418914800,"trending":13,"popularity":null,"inProgress":null},{"date":1419001200,"trending":12,"popularity":null,"inProgress":null},{"date":1419087600,"trending":18,"popularity":null,"inProgress":null},{"date":1419174000,"trending":137,"popularity":null,"inProgress":null},{"date":1419260400,"trending":76,"popularity":null,"inProgress":null},{"date":1419346800,"trending":33,"popularity":null,"inProgress":null},{"date":1419433200,"trending":18,"popularity":null,"inProgress":null}],"externalLinks":["http://www.hulu.com/gugure-kokkurisan","https://twitter.com/gugukoku_anime","http://www.gugukoku.com/","https://www.hidive.com/tv/gugure-kokkuri-san"],"streamingEpisodes":[{"title":"Episode 1 - Doll Girl Meets Kokkuri-san!","thumbnail":"https://img1.ak.crunchyroll.com/i/spire2-tmb/d87d7aa4237f839cdd7f47ac46f529471412558575_full.jpg","url":"http://www.crunchyroll.com/gugure-kokkuri-san/episode-1-doll-girl-meets-kokkuri-san-661755","site":"Crunchyroll"},{"title":"Episode 2 - A Refreshing Smile is the First Step Towards Becoming a Real Human!","thumbnail":"https://img1.ak.crunchyroll.com/i/spire4-tmb/4f0b9e1334a3641160d974e47c3074761412984962_full.jpg","url":"http://www.crunchyroll.com/gugure-kokkuri-san/episode-2-a-refreshing-smile-is-the-first-step-towards-becoming-a-real-human-661757","site":"Crunchyroll"},{"title":"Episode 3 - Inugami, Stay! Go to Your House!","thumbnail":"https://img1.ak.crunchyroll.com/i/spire2-tmb/30ddf8e6dc1eba733f3ead6e4542abe81413583914_full.jpg","url":"http://www.crunchyroll.com/gugure-kokkuri-san/episode-3-inugami-stay-go-to-your-house-661759","site":"Crunchyroll"},{"title":"Episode 4 - The One on My Mind is Into Sci-Fi!","thumbnail":"https://img1.ak.crunchyroll.com/i/spire1-tmb/b51ba80329303959b507cf1fe6a2ae891414192586_full.jpg","url":"http://www.crunchyroll.com/gugure-kokkuri-san/episode-4-the-one-on-my-mind-is-into-sci-fi-661761","site":"Crunchyroll"},{"title":"Episode 5 - The Flowers on the Desk are a Message!","thumbnail":"https://img1.ak.crunchyroll.com/i/spire3-tmb/780b5dff965d2e558047607d97c085931414784536_full.jpg","url":"http://www.crunchyroll.com/gugure-kokkuri-san/episode-5-the-flowers-on-the-desk-are-a-message-661763","site":"Crunchyroll"},{"title":"Episode 6 - Kohina, the Cyclops, and Shigaraki!","thumbnail":"https://img1.ak.crunchyroll.com/i/spire2-tmb/786c948cdbbb6b03420aae60363f4ea61415409826_full.jpg","url":"http://www.crunchyroll.com/gugure-kokkuri-san/episode-6-kohina-the-cyclops-and-shigaraki-661765","site":"Crunchyroll"},{"title":"Episode 7 - Cat God Tama's Love at First Sight!","thumbnail":"https://img1.ak.crunchyroll.com/i/spire1-tmb/389853a5174a0dc0580ab636ff0c4e5d1416002267_full.jpg","url":"http://www.crunchyroll.com/gugure-kokkuri-san/episode-7-cat-god-tamas-love-at-first-sight-661767","site":"Crunchyroll"},{"title":"Episode 8 - Kokkuri-san's Steamy Secret Hot Spring Tour!","thumbnail":"https://img1.ak.crunchyroll.com/i/spire3-tmb/8106dd55981dd497f955f415da50eb9d1416622762_full.jpg","url":"http://www.crunchyroll.com/gugure-kokkuri-san/episode-8-kokkuri-sans-steamy-secret-hot-spring-tour-661769","site":"Crunchyroll"},{"title":"Episode 9 - The Age of Many Worries!","thumbnail":"https://img1.ak.crunchyroll.com/i/spire2-tmb/da284a70a39767efcb22394e017c05fd1417320066_full.jpg","url":"http://www.crunchyroll.com/gugure-kokkuri-san/episode-9-the-age-of-many-worries-661771","site":"Crunchyroll"},{"title":"Episode 10 - Kureha's Days Spent Waiting in Vain!","thumbnail":"https://img1.ak.crunchyroll.com/i/spire1-tmb/64c72e3f7498a424144770520d41af9f1417823789_full.jpg","url":"http://www.crunchyroll.com/gugure-kokkuri-san/episode-10-kurehas-days-spent-waiting-in-vain-661773","site":"Crunchyroll"},{"title":"Episode 11 - Adult Dropout Cosplay!","thumbnail":"https://img1.ak.crunchyroll.com/i/spire2-tmb/c6bc4fc6a2b814401cb6c905849fcbef1418429866_full.jpg","url":"http://www.crunchyroll.com/gugure-kokkuri-san/episode-11-adult-dropout-cosplay-661775","site":"Crunchyroll"},{"title":"Episode 12 - DESTINY","thumbnail":"https://img1.ak.crunchyroll.com/i/spire4-tmb/552e1eb4c755c9ce4478375960ae7f4e1419028499_full.jpg","url":"http://www.crunchyroll.com/gugure-kokkuri-san/episode-12-destiny-661777","site":"Crunchyroll"}],"rankings":[{"rank":50,"type":"RATED","context":"highest rated","year":2014,"season":null},{"rank":78,"type":"POPULAR","context":"most popular","year":2014,"season":null},{"rank":14,"type":"RATED","context":"highest rated","year":2014,"season":"FALL"},{"rank":23,"type":"POPULAR","context":"most popular","year":2014,"season":"FALL"}],"mediaListEntry":null,"reviews":null,"siteUrl":"https://anilist.co/anime/20656","autoCreateForumThread":false,"modNotes":null,"stats":{"scoreDistribution":[{"score":10,"amount":78},{"score":20,"amount":48},{"score":30,"amount":148},{"score":40,"amount":293},{"score":50,"amount":863},{"score":60,"amount":1617},{"score":70,"amount":3401},{"score":80,"amount":3168},{"score":90,"amount":1627},{"score":100,"amount":873}],"statusDistribution":[{"status":"CURRENT","amount":1499},{"status":"PLANNING","amount":10959},{"status":"COMPLETED","amount":16783},{"status":"DROPPED","amount":1815},{"status":"PAUSED","amount":1326}]},"isRecommendationBlocked":false,"recommendations":[{"mediaRecommendation":{"id":20722,"title":{"romaji":"Barakamon","english":"Barakamon","native":"ばらかもん","userPreferred":"Barakamon"},"type":"ANIME"}},{"mediaRecommendation":{"id":14713,"title":{"romaji":"Kamisama Hajimemashita","english":"Kamisama Kiss","native":"神様はじめました","userPreferred":"Kamisama Hajimemashita"},"type":"ANIME"}},{"mediaRecommendation":{"id":21631,"title":{"romaji":"Udon no Kuni no Kiniro Kemari","english":"Poco's Udon World","native":"うどんの国の金色毛鞠","userPreferred":"Udon no Kuni no Kiniro Kemari"},"type":"ANIME"}},{"mediaRecommendation":{"id":100077,"title":{"romaji":"Hinamatsuri","english":"HINAMATSURI","native":"ヒナまつり","userPreferred":"Hinamatsuri"},"type":"ANIME"}},{"mediaRecommendation":{"id":20447,"title":{"romaji":"Noragami","english":"Noragami","native":"ノラガミ","userPreferred":"Noragami"},"type":"ANIME"}},{"mediaRecommendation":{"id":111428,"title":{"romaji":"Maou-jou de Oyasumi","english":"Sleepy Princess in the Demon Castle","native":"魔王城でおやすみ","userPreferred":"Maou-jou de Oyasumi"},"type":"ANIME"}},{"mediaRecommendation":{"id":10162,"title":{"romaji":"Usagi Drop","english":"Bunny Drop","native":"うさぎドロップ","userPreferred":"Usagi Drop"},"type":"ANIME"}},{"mediaRecommendation":{"id":139589,"title":{"romaji":"Kotarou wa Hitorigurashi","english":"Kotaro Lives Alone","native":"コタローは１人暮らし","userPreferred":"Kotarou wa Hitorigurashi"},"type":"ANIME"}},{"mediaRecommendation":{"id":20431,"title":{"romaji":"Hoozuki no Reitetsu","english":"Hozuki's Coolheadedness","native":"鬼灯の冷徹","userPreferred":"Hoozuki no Reitetsu"},"type":"ANIME"}}]}