{"id":20701,"idMal":23673,"title":{"romaji":"Ookami Shoujo to Kuro Ouji","english":"Wolf Girl and Black Prince","native":"オオカミ少女と黒王子","userPreferred":"Ookami Shoujo to Kuro Ouji"},"format":"TV","status":"FINISHED","episodes":12,"description":"The story centers around Erika Shinohara, a vain 16-year-old girl who tells her friends about her romantic exploits, but she actually has no boyfriend. She claims that a handsome boy in a candid photo is her boyfriend, but it turns out that boy is a schoolmate named Kyouya Sata. She has no choice but to make him her fake boyfriend. Unfortunately, Sata may look like a sweet person, but he is actually an ultra-black-hearted sadist. Sata takes advantage of Erika's weakness and treats her like his dog.\n<br><br>\n(Source: Anime News Network)","startDate":{"year":2014,"month":10,"day":5},"endDate":{"year":2014,"month":12,"day":21},"season":"FALL","seasonYear":2014,"duration":24,"countryOfOrigin":"JP","isLicensed":true,"source":"MANGA","hashtag":"#ookamishojo ","trailer":"https://www.youtube.com/watch?v=uIesYTfKQWw","updatedAt":1706299784,"coverImage":{"large":"https://s4.anilist.co/file/anilistcdn/media/anime/cover/large/bx20701-8tyJFN3soUm0.jpg","medium":"https://s4.anilist.co/file/anilistcdn/media/anime/cover/medium/bx20701-8tyJFN3soUm0.jpg","small":"https://s4.anilist.co/file/anilistcdn/media/anime/cover/small/bx20701-8tyJFN3soUm0.jpg","color":"#f1e443"},"bannerImage":"https://s4.anilist.co/file/anilistcdn/media/anime/banner/20701-2TCItnY8VkTE.jpg","genres":["Comedy","Romance","Slice of Life"],"synonyms":null,"averageScore":66,"meanScore":66,"favourites":932,"popularity":79721,"trending":0,"tags":[{"id":53,"name":"Shoujo","isMediaSpoiler":false},{"id":1045,"name":"Heterosexual","isMediaSpoiler":false},{"id":164,"name":"Tsundere","isMediaSpoiler":false},{"id":98,"name":"Female Protagonist","isMediaSpoiler":false},{"id":1228,"name":"Primarily Teen Cast","isMediaSpoiler":false},{"id":46,"name":"School","isMediaSpoiler":false},{"id":356,"name":"Gyaru","isMediaSpoiler":false},{"id":139,"name":"Love Triangle","isMediaSpoiler":true}],"relations":[{"id":21007,"title":{"english":null,"native":"オオカミ少女と黒王子「疑心暗鬼 -Happening kiss-」","romaji":"Ookami Shoujo to Kuro Ouji: Gishinanki – Happening kiss","userPreferred":"Ookami Shoujo to Kuro Ouji: Gishinanki – Happening kiss"},"type":"ANIME"},{"id":58825,"title":{"english":"Wolf Girl and Black Prince","native":"オオカミ少女と黒王子","romaji":"Ookami Shoujo to Kuro Ouji","userPreferred":"Ookami Shoujo to Kuro Ouji"},"type":"MANGA"},{"id":99643,"title":{"english":null,"native":"オオカミハート","romaji":"Ookami Heart","userPreferred":"Ookami Heart"},"type":"ANIME"}],"characters":[{"id":84153,"name":"Ayumi Sanda"},{"id":61775,"name":"Erika Shinohara"},{"id":84371,"name":"Nozomi Kamiya"},{"id":58417,"name":"Kyouya Sata"},{"id":165020,"name":"Takeru Hibiya"},{"id":158352,"name":"Yoshito Kimura"},{"id":157143,"name":"Yuu Kusakabe"},{"id":157383,"name":"Reika Sata"},{"id":157191,"name":"Hitomi Sata"},{"id":157418,"name":"Shinohara's Father"},{"id":157446,"name":"Marin Tachibana"},{"id":157420,"name":"Shinohara's Mother"},{"id":157495,"name":"Yuri"},{"id":157494,"name":"Aki Tezuka"},{"id":157499,"name":"Kanon Yamamoto"},{"id":157501,"name":"Kazuki Ueda"},{"id":157500,"name":"Kana Yajima"},{"id":157502,"name":"Yuuichi Takii"},{"id":157293,"name":"Junya Oono"},{"id":157742,"name":"Miho"},{"id":157617,"name":"Ryouko"},{"id":158406,"name":"Kusakabe's Sister"},{"id":157837,"name":"Kusakabe's Mother"},{"id":157836,"name":"Mayu"},{"id":158413,"name":"Atsuko Kojima"}],"staff":[{"id":101598,"name":"Kenichi Kasai"},{"id":113801,"name":"Sawako Hirabayashi"},{"id":101132,"name":"Maki Fujioka"},{"id":116815,"name":"Gou Sakabe"},{"id":101598,"name":"Kenichi Kasai"},{"id":121966,"name":"Yuka Kazama"},{"id":132892,"name":"Koujin Ochi"},{"id":103757,"name":"René Dawn-Claude"},{"id":138738,"name":"Charlotte Uhlig"},{"id":105359,"name":"Ayuko Hatta"},{"id":146391,"name":"ORESAMA"}],"studios":[{"id":333,"name":"TYO Animations","isAnimationStudio":true},{"id":76,"name":"Yomiuri TV","isAnimationStudio":false},{"id":6620,"name":"Nippon Television Network","isAnimationStudio":false},{"id":29,"name":"VAP","isAnimationStudio":false}],"isFavourite":false,"isAdult":false,"isLocked":false,"nextAiringEpisode":null,"airingSchedule":[{"airingAt":1412514000,"timeUntilAiring":-293789409,"episode":1},{"airingAt":1413118800,"timeUntilAiring":-293184609,"episode":2},{"airingAt":1413723600,"timeUntilAiring":-292579809,"episode":3},{"airingAt":1414328400,"timeUntilAiring":-291975009,"episode":4},{"airingAt":1414933200,"timeUntilAiring":-291370209,"episode":5},{"airingAt":1415538000,"timeUntilAiring":-290765409,"episode":6},{"airingAt":1416142800,"timeUntilAiring":-290160609,"episode":7},{"airingAt":1416747600,"timeUntilAiring":-289555809,"episode":8},{"airingAt":1417352400,"timeUntilAiring":-288951009,"episode":9},{"airingAt":1417957200,"timeUntilAiring":-288346209,"episode":10},{"airingAt":1418562000,"timeUntilAiring":-287741409,"episode":11},{"airingAt":1419166800,"timeUntilAiring":-287136609,"episode":12}],"trends":[{"date":1417359600,"trending":112,"popularity":null,"inProgress":null},{"date":1417446000,"trending":49,"popularity":null,"inProgress":null},{"date":1417532400,"trending":35,"popularity":null,"inProgress":null},{"date":1417618800,"trending":25,"popularity":null,"inProgress":null},{"date":1417705200,"trending":19,"popularity":null,"inProgress":null},{"date":1417791600,"trending":24,"popularity":null,"inProgress":null},{"date":1417878000,"trending":19,"popularity":null,"inProgress":null},{"date":1417964400,"trending":133,"popularity":null,"inProgress":null},{"date":1418050800,"trending":49,"popularity":null,"inProgress":null},{"date":1418137200,"trending":31,"popularity":null,"inProgress":null},{"date":1418223600,"trending":26,"popularity":null,"inProgress":null},{"date":1418310000,"trending":24,"popularity":null,"inProgress":null},{"date":1418396400,"trending":16,"popularity":null,"inProgress":null},{"date":1418482800,"trending":18,"popularity":null,"inProgress":null},{"date":1418569200,"trending":129,"popularity":null,"inProgress":null},{"date":1418655600,"trending":47,"popularity":null,"inProgress":null},{"date":1418742000,"trending":25,"popularity":null,"inProgress":null},{"date":1418828400,"trending":27,"popularity":null,"inProgress":null},{"date":1418914800,"trending":23,"popularity":null,"inProgress":null},{"date":1419001200,"trending":28,"popularity":null,"inProgress":null},{"date":1419087600,"trending":19,"popularity":null,"inProgress":null},{"date":1419174000,"trending":183,"popularity":null,"inProgress":null},{"date":1419260400,"trending":74,"popularity":null,"inProgress":null},{"date":1419346800,"trending":39,"popularity":null,"inProgress":null},{"date":1419433200,"trending":22,"popularity":null,"inProgress":null}],"externalLinks":["http://www.ookamishojo-anime.jp/","http://www.crunchyroll.com/ookami"],"streamingEpisodes":[],"rankings":[{"rank":494,"type":"POPULAR","context":"most popular all time","year":null,"season":null},{"rank":91,"type":"RATED","context":"highest rated","year":2014,"season":null},{"rank":36,"type":"POPULAR","context":"most popular","year":2014,"season":null},{"rank":29,"type":"RATED","context":"highest rated","year":2014,"season":"FALL"},{"rank":14,"type":"POPULAR","context":"most popular","year":2014,"season":"FALL"}],"mediaListEntry":null,"reviews":[{"id":6433,"score":71,"summary":"Reviewing Wolf Girl and Black Prince","body":"If you are looking for a romance anime with a tsundere male character I highly recommend this. This anime is about a girl named Erika Shinohara who lies to her friends about having a hot boyfriend, forced into an ultimatum Erika takes a picture of a random boy she sees on the street. Turns out the boy is Kyōya Sata and he is well known as the \"Prince\" of the school. In desperation Erika ask Sata to be her pretend boyfriend and to her surprise Sata complies, under one condition, \"Spin around 3 times and bark\". This demand throws Erika into a relationship with Sata which she is referred to as his dog. Throughout the show we are given a glimpse into what Erika's life is like as Kyōya's slave. As she is forced to get drinks for him or even be his shield against rain puddles she finds herself in love. Though until around episode 7-8, Kyōya remains a jerk who likes to demean and order Erika around.  Some problems I found in the show was the fact that after they officially got together the Kyōya we knew for half the season had completely disappeared and here came this new loving Kyōya. However some might not find that a problem, I wasn't completely fond of the idea. Though a good things about the show is the solid plot which follows through but still shows a little bit of comedy and romance through Kyōya acting a jerk, and the animation, though some might not really care, the animation was really good and did a good job of showing off Kyōya's looks. However if you find yourself liking this anime just as much as I did, here's the bad news. After some extensive research I couldn't find the right anime just like Wolf Girl and Black Prince. Well I take that back, an anime that was kind of similar was Maid-Sama. \n\nThis is my first review but I really hope that those of you reading this really enjoy it. I would recommend Wolf Girl and Black Prince if you are into the cold male character who takes a liking to a girl and harbors feeling but is still at the same time cold to her. This anime took me for a spin with the animation and plot and I look forward to rewatching it if I am really bored and can't find another anime. Anyway thanks for reading my review and I hope you guys really truly enjoyed it. Let me know if there are things I can work on or things you liked about this series. Also let me know if you want me to review a series in particular or want any recommendations.  \n\nStay Safe Everyone \n\nXOXO- \n\nXDSweets"},{"id":23075,"score":15,"summary":"Like slowly consuming toxic waste bit by bit. ","body":"_~~~__ I-can-fix-him-Simulator__~~~_\nUp until now I have had very little experience with any shoujo anime or manga. The only one, that I've had completed so far was Sugar Soldier, which I enjoyed far more than initially expected.  \n \nHaving now finished \"Wolf Girl and Black Prince\" I am so incredibly glad that my first experience did not come from this one, because my god.   \n\nIn all fairness, I came into this show with already quite a bias, having heard from friends, that watched the show in their teenage years, how much of an embarrassing shitshow this title was going to be. I am saying this to put into context how  shocked I was with the overally quality being even lower than actually expected.    \n \nimg440(https://assets.cdn.moviepilot.de/files/c9d3bc1203796fa97dda6755bc5ceb34836c7b4713932c5079db49a0d04b/copyright/284563-7.jpg)\n \nIt is not just the story and the characters that dont work to any satisfying degree on any possible level but they are a great place to start. These are not characters. Neither do they show any resemblance to any actual human being beyond a surface level. It doesnt matter how illogical or infuriating they behave in any given scene, the anime will pretend that it is actually a master of story writing with its many \"emotional\" moments it pretends it earned. The only character I could tolerate was Ayumi. I like Ayumi. She did nothing wrong once.   \n\nBut the worst offender has to have been Kyouta. It is actually baffling how much of a contrast there is between how much he acts like an unlikable, whiny, spoiled child and how the show acts at any given point as hes actually the most attractive human being on this earth since the conception of man. I am still trying to find a single positive trait about him. At his best most he does the bare minimum. He is very rarely at his best.  \n  \nimg440(https://www.themoviedb.org/t/p/original/bAyDxKRv10DeLIvkA07g0MVYquU.jpg) \n\nThe overally production isnt any better in the slightest. It has actually been awhile since I have seen an anime where it just seems so obvious that not a single person cared. Neither in terms of direction, animation or soundtrack was theire any ounce of fucks that were given. Maybe I am wrong. Maybe someone somewhere really had some passion for this project. But if so then I did not notice.   \n\nThe Opening of this anime must have been the funniest example of this. So incredibly bland and void of subastance for the one thing in your production where you want to shine the most. I especially like the last 15 seconds where it feels like the song and visuals were ready to end but someone on the team was like \"Shoot, we still have to fill 15 seconds. Quick, add some scenes that mean nothing!\" \n  \nyoutube(https://www.youtube.com/watch?v=FDEH_7jNrSE) \n\nHowever, the most aggrevating part must have been just how overall toxic the message of this anime is.  \n\"Just keeping hanging onto your toxic partner, he is just reallyyyy bad at conveying his feelings. Dont you dare try and find someone that treats you better or doesnt verbally abuse you. Thats not real love.\"   \nI personally know many friends that actually read/watched this title when they were growing up (for some reason it was reasonably successful in Germany) and the \"moral\" that children get out this just kind of suck.  \n \nI didnt want this anime to stand out among my ratings but I even struggled to justify giving it something above a 10. It is a piece of art that, whose only redeeming quality to me has been, that I can now appreciate good shows a little bit more. So thanks I guess. \n \nDont watch this, nothing is being lost."}],"siteUrl":"https://anilist.co/anime/20701","autoCreateForumThread":false,"modNotes":null,"stats":{"scoreDistribution":[{"score":10,"amount":703},{"score":20,"amount":632},{"score":30,"amount":1142},{"score":40,"amount":1891},{"score":50,"amount":3387},{"score":60,"amount":5834},{"score":70,"amount":9321},{"score":80,"amount":6960},{"score":90,"amount":3497},{"score":100,"amount":2372}],"statusDistribution":[{"status":"CURRENT","amount":2224},{"status":"PLANNING","amount":17710},{"status":"COMPLETED","amount":55315},{"status":"DROPPED","amount":3102},{"status":"PAUSED","amount":1370}]},"isRecommendationBlocked":false,"recommendations":[{"mediaRecommendation":{"id":3731,"title":{"romaji":"Itazura na Kiss","english":"ItaKiss","native":"イタズラなKiss","userPreferred":"Itazura na Kiss"},"type":"ANIME"}},{"mediaRecommendation":{"id":7054,"title":{"romaji":"Kaichou wa Maid-sama!","english":"Maid-Sama!","native":"会長はメイド様!","userPreferred":"Kaichou wa Maid-sama!"},"type":"ANIME"}},{"mediaRecommendation":{"id":2034,"title":{"romaji":"Lovely★Complex","english":"Lovely Complex","native":"ラブ★コン","userPreferred":"Lovely★Complex"},"type":"ANIME"}},{"mediaRecommendation":{"id":4224,"title":{"romaji":"Toradora!","english":"Toradora!","native":"とらドラ！","userPreferred":"Toradora!"},"type":"ANIME"}},{"mediaRecommendation":{"id":101921,"title":{"romaji":"Kaguya-sama wa Kokurasetai: Tensaitachi no Renai Zunousen","english":"Kaguya-sama: Love is War","native":"かぐや様は告らせたい～天才たちの恋愛頭脳戦～","userPreferred":"Kaguya-sama wa Kokurasetai: Tensaitachi no Renai Zunousen"},"type":"ANIME"}},{"mediaRecommendation":{"id":20946,"title":{"romaji":"Ore Monogatari!!","english":"My Love Story!!","native":"俺物語!!","userPreferred":"Ore Monogatari!!"},"type":"ANIME"}},{"mediaRecommendation":{"id":14227,"title":{"romaji":"Tonari no Kaibutsu-kun","english":"My Little Monster","native":"となりの怪物くん","userPreferred":"Tonari no Kaibutsu-kun"},"type":"ANIME"}},{"mediaRecommendation":{"id":20596,"title":{"romaji":"Ao Haru Ride","english":"Blue Spring Ride","native":"アオハライド","userPreferred":"Ao Haru Ride"},"type":"ANIME"}},{"mediaRecommendation":{"id":113813,"title":{"romaji":"Kanojo, Okarishimasu","english":"Rent-a-Girlfriend","native":"彼女、お借りします","userPreferred":"Kanojo, Okarishimasu"},"type":"ANIME"}},{"mediaRecommendation":{"id":1838,"title":{"romaji":"Mitsu x Mitsu Drops","english":"Honey x Honey Drops","native":"蜜×蜜ドロップス","userPreferred":"Mitsu x Mitsu Drops"},"type":"ANIME"}},{"mediaRecommendation":{"id":21292,"title":{"romaji":"Nijiiro Days","english":"Rainbow Days","native":"虹色デイズ","userPreferred":"Nijiiro Days"},"type":"ANIME"}},{"mediaRecommendation":{"id":114840,"title":{"romaji":"Koi to Yobu ni wa Kimochi Warui","english":"Koikimo","native":"恋と呼ぶには気持ち悪い","userPreferred":"Koi to Yobu ni wa Kimochi Warui"},"type":"ANIME"}},{"mediaRecommendation":{"id":14289,"title":{"romaji":"Sukitte Ii na yo.","english":"Say \"I love you\".","native":"好きっていいなよ。","userPreferred":"Sukitte Ii na yo."},"type":"ANIME"}},{"mediaRecommendation":{"id":6045,"title":{"romaji":"Kimi ni Todoke","english":"Kimi ni Todoke: From Me to You","native":"君に届け","userPreferred":"Kimi ni Todoke"},"type":"ANIME"}},{"mediaRecommendation":{"id":145,"title":{"romaji":"Kareshi Kanojo no Jijou","english":"His and Her Circumstances","native":"彼氏彼女の事情","userPreferred":"Kareshi Kanojo no Jijou"},"type":"ANIME"}},{"mediaRecommendation":{"id":153930,"title":{"romaji":"Romantic Killer","english":"Romantic Killer","native":"ロマンティック・キラー","userPreferred":"Romantic Killer"},"type":"ANIME"}},{"mediaRecommendation":{"id":106,"title":{"romaji":"Hana Yori Dango","english":"Boys Over Flowers","native":"花より男子","userPreferred":"Hana Yori Dango"},"type":"ANIME"}},{"mediaRecommendation":{"id":100645,"title":{"romaji":"Akkun to Kanojo","english":"My Sweet Tyrant","native":"あっくんとカノジョ","userPreferred":"Akkun to Kanojo"},"type":"ANIME"}},{"mediaRecommendation":{"id":155527,"title":{"romaji":"Ojou to Banken-kun","english":"A Girl & Her Guard Dog","native":"お嬢と番犬くん","userPreferred":"Ojou to Banken-kun"},"type":"ANIME"}}]}