{"id":20729,"idMal":24405,"title":{"romaji":"World Trigger","english":"World Trigger","native":"ワールドトリガー","userPreferred":"World Trigger"},"format":"TV","status":"FINISHED","episodes":73,"description":"One day, a gate to another world suddenly opens in Mikado City. Aliens invincible to Earth’s weapons, called “Neighbors”, start coming over. Earth’s only line of defense is a mysterious group called the “Border” who are armed with weapons called “Triggers”.<br>\r\n <br>\r\nFour years later, the city has recovered from initial attacks and citizens of Mikado City have started to get use to the Neighbor’s attacks. Yuma Kuga, a transfer student, and his classmate Osamu Mikumo find themselves fighting a Neighbor that suddenly appears. Osamu, who is actually a Border agent, activates his Trigger but is unable to defeat it. This leaves Yuma to activate his own Trigger and defeat the alien. Yuma reveals that he is not part of Border and is actually a Neighbor who has transferred from the other side.<br>\r\n<br>\r\n(Source: Crunchyroll)","startDate":{"year":2014,"month":10,"day":5},"endDate":{"year":2016,"month":4,"day":3},"season":"FALL","seasonYear":2014,"duration":23,"countryOfOrigin":"JP","isLicensed":true,"source":"MANGA","hashtag":"#トリガーオン","trailer":"https://www.youtube.com/watch?v=2oui7JLlBpk","updatedAt":1706299749,"coverImage":{"large":"https://s4.anilist.co/file/anilistcdn/media/anime/cover/large/bx20729-DnBXnUxFon1B.png","medium":"https://s4.anilist.co/file/anilistcdn/media/anime/cover/medium/bx20729-DnBXnUxFon1B.png","small":"https://s4.anilist.co/file/anilistcdn/media/anime/cover/small/bx20729-DnBXnUxFon1B.png","color":"#f1ae28"},"bannerImage":"https://s4.anilist.co/file/anilistcdn/media/anime/banner/20729-yIc4suclOeOA.jpg","genres":["Action","Adventure","Sci-Fi","Supernatural"],"synonyms":null,"averageScore":72,"meanScore":72,"favourites":1504,"popularity":82726,"trending":1,"tags":[{"id":191,"name":"Aliens","isMediaSpoiler":false},{"id":105,"name":"Ensemble Cast","isMediaSpoiler":false},{"id":56,"name":"Shounen","isMediaSpoiler":false},{"id":43,"name":"Swordplay","isMediaSpoiler":false},{"id":157,"name":"Guns","isMediaSpoiler":false},{"id":101,"name":"Battle Royale","isMediaSpoiler":false},{"id":244,"name":"Isekai","isMediaSpoiler":false},{"id":82,"name":"Male Protagonist","isMediaSpoiler":false},{"id":34,"name":"Military","isMediaSpoiler":false},{"id":46,"name":"School","isMediaSpoiler":false},{"id":85,"name":"Tragedy","isMediaSpoiler":true},{"id":1228,"name":"Primarily Teen Cast","isMediaSpoiler":false},{"id":175,"name":"Robots","isMediaSpoiler":false}],"relations":[{"id":78151,"title":{"english":"World Trigger","native":"ワールドトリガー","romaji":"World Trigger","userPreferred":"World Trigger"},"type":"MANGA"},{"id":114087,"title":{"english":"World Trigger 2nd Season","native":"ワールドトリガー 2ndシーズン","romaji":"World Trigger 2nd Season","userPreferred":"World Trigger 2nd Season"},"type":"ANIME"}],"characters":[{"id":81239,"name":"Yuuma Kuga"},{"id":81237,"name":"Osamu Mikumo"},{"id":89014,"name":"Yuuichi Jin"},{"id":89227,"name":"Chika Amatori"},{"id":137000,"name":"Replica"},{"id":155806,"name":"Shiori Usami"},{"id":155811,"name":"Souya Kazama"},{"id":155809,"name":"Jun Arashiyama"},{"id":155808,"name":"Masamune Kido"},{"id":155807,"name":"Masafumi Shinoda"},{"id":155812,"name":"Ai Kitora"},{"id":155813,"name":"Shuuji Miwa"},{"id":155814,"name":"Takumi Rindou"},{"id":158986,"name":"Enedra"},{"id":158987,"name":"Hairein"},{"id":140699,"name":"Hyuse"},{"id":179721,"name":"Gieve"},{"id":179722,"name":"Shinji Fuyushima"},{"id":179723,"name":"Futatsugi"},{"id":179724,"name":"Itsuki Fujisawa"},{"id":179725,"name":"Eida"},{"id":179727,"name":"Bitou"},{"id":179726,"name":"Makoto Chano"},{"id":179728,"name":"Haruka Ayatsuji"},{"id":179729,"name":"Fuku Arashiyama"}],"staff":[{"id":103785,"name":"Daisuke Ashihara"},{"id":103366,"name":"Mitsuru Hongou"},{"id":105817,"name":"Hiroyuki Yoshino"},{"id":100304,"name":"Kenji Kawai"},{"id":114175,"name":"Masahiro Yokotani"},{"id":99564,"name":"Natsuko Takahashi"},{"id":124670,"name":"Kouji Ogawa"},{"id":124670,"name":"Kouji Ogawa"},{"id":125368,"name":"Shinichi Konno"},{"id":151871,"name":"Takuma Suzuki"},{"id":151894,"name":"Rei Ishigura"},{"id":111205,"name":"Yuuichi Nomura"},{"id":130405,"name":"Toshihisa Kaiya"},{"id":110223,"name":"Hiroshi Shimizu"},{"id":119105,"name":"Toshimitsu Takeuchi"},{"id":110935,"name":"Hitomi Tsuruta"},{"id":148533,"name":"Hyeon-Jeong Lee"},{"id":105817,"name":"Hiroyuki Yoshino"},{"id":110935,"name":"Hitomi Tsuruta"},{"id":103463,"name":"Eisaku Inoue"},{"id":97701,"name":"Hiroshi Oonogi"},{"id":130405,"name":"Toshihisa Kaiya"},{"id":105133,"name":"Masanobu Nomura"},{"id":150699,"name":"Shinichi Igarashi"},{"id":155818,"name":"Tomoko Shima"}],"studios":[{"id":18,"name":"Toei Animation","isAnimationStudio":true},{"id":55,"name":"TV Asahi","isAnimationStudio":false}],"isFavourite":false,"isAdult":false,"isLocked":false,"nextAiringEpisode":null,"airingSchedule":[{"airingAt":1412458200,"timeUntilAiring":-293845225,"episode":1},{"airingAt":1413063000,"timeUntilAiring":-293240425,"episode":2},{"airingAt":1413667800,"timeUntilAiring":-292635625,"episode":3},{"airingAt":1414272600,"timeUntilAiring":-292030825,"episode":4},{"airingAt":1414877400,"timeUntilAiring":-291426025,"episode":5},{"airingAt":1415482200,"timeUntilAiring":-290821225,"episode":6},{"airingAt":1416087000,"timeUntilAiring":-290216425,"episode":7},{"airingAt":1416691800,"timeUntilAiring":-289611625,"episode":8},{"airingAt":1417296600,"timeUntilAiring":-289006825,"episode":9},{"airingAt":1417901400,"timeUntilAiring":-288402025,"episode":10},{"airingAt":1418506200,"timeUntilAiring":-287797225,"episode":11},{"airingAt":1419111000,"timeUntilAiring":-287192425,"episode":12},{"airingAt":1419715800,"timeUntilAiring":-286587625,"episode":13},{"airingAt":1420320600,"timeUntilAiring":-285982825,"episode":14},{"airingAt":1420925400,"timeUntilAiring":-285378025,"episode":15},{"airingAt":1421530200,"timeUntilAiring":-284773225,"episode":16},{"airingAt":1422135000,"timeUntilAiring":-284168425,"episode":17},{"airingAt":1422739800,"timeUntilAiring":-283563625,"episode":18},{"airingAt":1423344600,"timeUntilAiring":-282958825,"episode":19},{"airingAt":1423949400,"timeUntilAiring":-282354025,"episode":20},{"airingAt":1424554200,"timeUntilAiring":-281749225,"episode":21},{"airingAt":1425159000,"timeUntilAiring":-281144425,"episode":22},{"airingAt":1425763800,"timeUntilAiring":-280539625,"episode":23},{"airingAt":1426368600,"timeUntilAiring":-279934825,"episode":24},{"airingAt":1426973400,"timeUntilAiring":-279330025,"episode":25}],"trends":[{"date":1417359600,"trending":56,"popularity":null,"inProgress":null},{"date":1417446000,"trending":24,"popularity":null,"inProgress":null},{"date":1417532400,"trending":19,"popularity":null,"inProgress":null},{"date":1417618800,"trending":20,"popularity":null,"inProgress":null},{"date":1417705200,"trending":14,"popularity":null,"inProgress":null},{"date":1417791600,"trending":7,"popularity":null,"inProgress":null},{"date":1417878000,"trending":71,"popularity":null,"inProgress":null},{"date":1417964400,"trending":46,"popularity":null,"inProgress":null},{"date":1418050800,"trending":21,"popularity":null,"inProgress":null},{"date":1418137200,"trending":23,"popularity":null,"inProgress":null},{"date":1418223600,"trending":14,"popularity":null,"inProgress":null},{"date":1418310000,"trending":17,"popularity":null,"inProgress":null},{"date":1418396400,"trending":6,"popularity":null,"inProgress":null},{"date":1418482800,"trending":70,"popularity":null,"inProgress":null},{"date":1418569200,"trending":56,"popularity":null,"inProgress":null},{"date":1418655600,"trending":37,"popularity":null,"inProgress":null},{"date":1418742000,"trending":14,"popularity":null,"inProgress":null},{"date":1418828400,"trending":20,"popularity":null,"inProgress":null},{"date":1418914800,"trending":10,"popularity":null,"inProgress":null},{"date":1419001200,"trending":18,"popularity":null,"inProgress":null},{"date":1419087600,"trending":74,"popularity":null,"inProgress":null},{"date":1419174000,"trending":62,"popularity":null,"inProgress":null},{"date":1419260400,"trending":16,"popularity":null,"inProgress":null},{"date":1419346800,"trending":22,"popularity":null,"inProgress":null},{"date":1419433200,"trending":9,"popularity":null,"inProgress":null}],"externalLinks":["http://www.crunchyroll.com/world-trigger","http://www.tv-asahi.co.jp/worldtrigger/","https://twitter.com/Anime_W_Trigger","https://tubitv.com/series/2061/world_trigger"],"streamingEpisodes":[{"title":"Episode 1 - Visitor from the Other World","thumbnail":"https://img1.ak.crunchyroll.com/i/spire4-tmb/b960440439e84e48bcf66ffb8b5a456b1412395263_full.jpg","url":"http://www.crunchyroll.com/world-trigger/episode-1-visitor-from-the-other-world-793041","site":"Crunchyroll"},{"title":"Episode 2 - Neighbor and Trion Soldier","thumbnail":"https://img1.ak.crunchyroll.com/i/spire1-tmb/61883de81eaf0350ed01ade905bbffbe1412984367_full.jpg","url":"http://www.crunchyroll.com/world-trigger/episode-2-neighbor-and-trion-soldier-793042","site":"Crunchyroll"},{"title":"Episode 3 - Osamu Mikumo's Ability","thumbnail":"https://img1.ak.crunchyroll.com/i/spire2-tmb/d93025c1546d2437f4a9d41af8af966f1413582246_full.jpg","url":"http://www.crunchyroll.com/world-trigger/episode-3-osamu-mikumos-ability-793043","site":"Crunchyroll"},{"title":"Episode 4 - Ai Kitora, A-Rank No.5 Agent","thumbnail":"https://img1.ak.crunchyroll.com/i/spire2-tmb/2f8ff22b0035e9e702dd615f0ede29381414701377_full.jpg","url":"http://www.crunchyroll.com/world-trigger/episode-4-ai-kitora-a-rank-no5-agent-793045","site":"Crunchyroll"},{"title":"Episode 5 - Power Elite, Yuichi Jin","thumbnail":"https://img1.ak.crunchyroll.com/i/spire2-tmb/6a6e0b2e6ca394ca67cbe9ee712fb0731415383340_full.jpg","url":"http://www.crunchyroll.com/world-trigger/episode-5-power-elite-yuichi-jin-793046","site":"Crunchyroll"},{"title":"Episode 6 - Chika Amatori's Side Effect","thumbnail":"https://img1.ak.crunchyroll.com/i/spire1-tmb/764655380f039b7afdcf609053daa31d1415992159_full.jpg","url":"http://www.crunchyroll.com/world-trigger/episode-6-chika-amatoris-side-effect-793048","site":"Crunchyroll"},{"title":"Episode 7 - Miwa Squad's Assault","thumbnail":"https://img1.ak.crunchyroll.com/i/spire1-tmb/86296e6c8c1538066b6043b3ae64f2ed1416594261_full.jpg","url":"http://www.crunchyroll.com/world-trigger/episode-7-miwa-squads-assault-793050","site":"Crunchyroll"},{"title":"Episode 8 - The Black Trigger","thumbnail":"https://img1.ak.crunchyroll.com/i/spire4-tmb/c5133a7bff5ffb22cf74148bc8b338ac1417240526_full.jpg","url":"http://www.crunchyroll.com/world-trigger/episode-8-the-black-trigger-793051","site":"Crunchyroll"},{"title":"Episode 9 - The Organization Known as Border","thumbnail":"https://img1.ak.crunchyroll.com/i/spire3-tmb/020fe2714f35b3b68736df455d3c14871417821488_full.jpg","url":"http://www.crunchyroll.com/world-trigger/episode-9-the-organization-known-as-border-793052","site":"Crunchyroll"},{"title":"Episode 10 - Tamakoma Branch","thumbnail":"https://img1.ak.crunchyroll.com/i/spire4-tmb/4b5bed0a284336a89f9e2733a7c92cd21418427454_full.jpg","url":"http://www.crunchyroll.com/world-trigger/episode-10-tamakoma-branch-793059","site":"Crunchyroll"},{"title":"Episode 11 - Each one's determination","thumbnail":"https://img1.ak.crunchyroll.com/i/spire2-tmb/a601bab1180287f5714add6b168854111419015362_full.jpg","url":"http://www.crunchyroll.com/world-trigger/episode-11-each-ones-determination-793060","site":"Crunchyroll"},{"title":"Episode 12 - A-Rank Agents of Tamakoma","thumbnail":"https://img1.ak.crunchyroll.com/i/spire3-tmb/d979ad43d61930f25d08d0d2ab68eb301419626844_full.jpg","url":"http://www.crunchyroll.com/world-trigger/episode-12-a-rank-agents-of-tamakoma-793061","site":"Crunchyroll"},{"title":"Episode 13 - Border's Top Teams","thumbnail":"https://img1.ak.crunchyroll.com/i/spire1-tmb/d9e79c4de168d274f56d504ded995f9c1420827744_full.jpg","url":"http://www.crunchyroll.com/world-trigger/episode-13-borders-top-teams-793063","site":"Crunchyroll"},{"title":"Episode 14 - No.1 Attacker, Kei Tachikawa","thumbnail":"https://img1.ak.crunchyroll.com/i/spire3-tmb/1f17e6f5dd687bf3f5bc658220eaa8151421441444_full.jpg","url":"http://www.crunchyroll.com/world-trigger/episode-14-no1-attacker-kei-tachikawa-793064","site":"Crunchyroll"},{"title":"Episode 15 - Black Trigger, Fujin","thumbnail":"https://img1.ak.crunchyroll.com/i/spire3-tmb/ffd1f4ebf947180179b504769d34819c1422038213_full.jpg","url":"http://www.crunchyroll.com/world-trigger/episode-15-black-trigger-fujin-793067","site":"Crunchyroll"},{"title":"Episode 16 - The Future Moves Forward","thumbnail":"https://img1.ak.crunchyroll.com/i/spire2-tmb/c22229d236ae5995117c95c8af7c5ce61422651853_full.jpg","url":"http://www.crunchyroll.com/world-trigger/episode-16-the-future-moves-forward-793068","site":"Crunchyroll"},{"title":"Episode 17 - Border Official Enlistment","thumbnail":"https://img1.ak.crunchyroll.com/i/spire1-tmb/f236f854f588ea43cd93c01c9ae4e40a1423858399_full.jpg","url":"http://www.crunchyroll.com/world-trigger/episode-17-border-official-enlistment-793070","site":"Crunchyroll"},{"title":"Episode 18 - Osamu Mikumo vs. Soya Kazama","thumbnail":"https://img1.ak.crunchyroll.com/i/spire1-tmb/3a3d0ffa4ae7357694aa93fe6f5de55a1424465277_full.jpg","url":"http://www.crunchyroll.com/world-trigger/episode-18-osamu-mikumo-vs-soya-kazama-793072","site":"Crunchyroll"},{"title":"Episode 19 - Rank War, Shun Midorikawa's Plot","thumbnail":"https://img1.ak.crunchyroll.com/i/spire4-tmb/2e9f619ba536937d9804c63c60b5890e1425066717_full.jpg","url":"http://www.crunchyroll.com/world-trigger/episode-19-rank-war-shun-midorikawas-plot-793075","site":"Crunchyroll"},{"title":"Episode 20 - Duel! Yuma vs. Midorikawa","thumbnail":"https://img1.ak.crunchyroll.com/i/spire3-tmb/ef5ec41e7a9a3a0dd4c6774100c5dfc81425706916_full.jpg","url":"http://www.crunchyroll.com/world-trigger/episode-20-duel-yuma-vs-midorikawa-793077","site":"Crunchyroll"},{"title":"Episode 21 - The Neighbors' World","thumbnail":"https://img1.ak.crunchyroll.com/i/spire2-tmb/dfe29605904b79cb0c7a3e6bee8eedfd1426284604_full.jpg","url":"http://www.crunchyroll.com/world-trigger/episode-21-the-neighbors-world-793078","site":"Crunchyroll"},{"title":"Episode 22 - The Large-Scale Invasion begins","thumbnail":"https://img1.ak.crunchyroll.com/i/spire4-tmb/c6883f3f7c47e6fd5e8b7cd51287ceb21426874075_full.jpg","url":"http://www.crunchyroll.com/world-trigger/episode-22-the-large-scale-invasion-begins-793080","site":"Crunchyroll"},{"title":"Episode 23 - The Holy Land, Aftokrator","thumbnail":"https://img1.ak.crunchyroll.com/i/spire1-tmb/8bc4b4e0cf6b70c9f44576b0940af7241427492158_full.jpg","url":"http://www.crunchyroll.com/world-trigger/episode-23-the-holy-land-aftokrator-793083","site":"Crunchyroll"},{"title":"Episode 24 - Meeden's Baby Birds","thumbnail":"https://img1.ak.crunchyroll.com/i/spire1-tmb/d99b9538c352806b931111caf0e66b421428121600_full.jpg","url":"http://www.crunchyroll.com/world-trigger/episode-24-meedens-baby-birds-793085","site":"Crunchyroll"},{"title":"Episode 25 - The Most Powerful Squad in Border","thumbnail":"https://img1.ak.crunchyroll.com/i/spire3-tmb/eaaf897d3973a41a9339b44cb4c02c931428756301_full.jpg","url":"http://www.crunchyroll.com/world-trigger/episode-25-the-most-powerful-squad-in-border-793088","site":"Crunchyroll"},{"title":"Episode 26 - Fierce fight! Enedora vs. Kazama Squad","thumbnail":"https://img1.ak.crunchyroll.com/i/spire4-tmb/105e4deb09ac0ae020e604f4dd0facb01429383051_full.jpg","url":"http://www.crunchyroll.com/world-trigger/episode-26-fierce-fight-enedora-vs-kazama-squad-793089","site":"Crunchyroll"},{"title":"Episode 27 - Border on the Counterattack","thumbnail":"https://img1.ak.crunchyroll.com/i/spire1-tmb/2531e2cd4e02e4e05ba526a873aab2671429915666_full.jpg","url":"http://www.crunchyroll.com/world-trigger/episode-27-border-on-the-counterattack-793091","site":"Crunchyroll"},{"title":"Episode 28 - Organon User","thumbnail":"https://img1.ak.crunchyroll.com/i/spire4-tmb/1f005f789d53c04cd62eb133505e13d11430524512_full.jpg","url":"http://www.crunchyroll.com/world-trigger/episode-28-organon-user-793093","site":"Crunchyroll"},{"title":"Episode 29 - A Crossroads of Fate","thumbnail":"https://img1.ak.crunchyroll.com/i/spire3-tmb/72218fcd9f491e856b6b4d8eb90a1a031431132357_full.jpg","url":"http://www.crunchyroll.com/world-trigger/episode-29-a-crossroads-of-fate-793095","site":"Crunchyroll"},{"title":"Episode 30 - The Enemy Captain, Hyrein","thumbnail":"https://img1.ak.crunchyroll.com/i/spire4-tmb/8813deb6a7a3d616fe24644ca8642c491431731977_full.jpg","url":"http://www.crunchyroll.com/world-trigger/episode-30-the-enemy-captain-hyrein-793100","site":"Crunchyroll"},{"title":"Episode 31 - Osamu Mikumo's Determination","thumbnail":"https://img1.ak.crunchyroll.com/i/spire2-tmb/e53181c7bfa8fdb8d00ef8c314e0192a1432362288_full.jpg","url":"http://www.crunchyroll.com/world-trigger/episode-31-osamu-mikumos-determination-793101","site":"Crunchyroll"},{"title":"Episode 32 - Implacable Enedora","thumbnail":"https://img1.ak.crunchyroll.com/i/spire4-tmb/f56250297632d32e6bea862c441fab021432939446_full.jpg","url":"http://www.crunchyroll.com/world-trigger/episode-32-implacable-enedora-793103","site":"Crunchyroll"},{"title":"Episode 33 - The Terror of Hyrein","thumbnail":"https://img1.ak.crunchyroll.com/i/spire4-tmb/f85527530aa044aea26ab5cac0f1c3f81433559177_full.jpg","url":"http://www.crunchyroll.com/world-trigger/episode-33-the-terror-of-hyrein-793104","site":"Crunchyroll"},{"title":"Episode 34 - A Fierce Showdown! The Fight of the Best","thumbnail":"https://img1.ak.crunchyroll.com/i/spire2-tmb/49823b9ff3ae8d96f82efecd9f3143781434133973_full.jpg","url":"http://www.crunchyroll.com/world-trigger/episode-34-a-fierce-showdown-the-fight-of-the-best-793106","site":"Crunchyroll"},{"title":"Episode 35 - The End of the Battle","thumbnail":"https://img1.ak.crunchyroll.com/i/spire2-tmb/c702df75c1c6ba1fda676aeaa4df04291434775395_full.jpg","url":"http://www.crunchyroll.com/world-trigger/episode-35-the-end-of-the-battle-793108","site":"Crunchyroll"},{"title":"Episode 36 - The Have-not","thumbnail":"https://img1.ak.crunchyroll.com/i/spire1-tmb/5d0e1f3c60b441d8d12d4190462cb19b1435374707_full.jpg","url":"http://www.crunchyroll.com/world-trigger/episode-36-the-have-not-793109","site":"Crunchyroll"},{"title":"Episode 37 - A Hero and a Partner","thumbnail":"https://img1.ak.crunchyroll.com/i/spire2-tmb/43a4ddb91942e88a99c67396a82e73b91436015675_full.jpg","url":"http://www.crunchyroll.com/world-trigger/episode-37-a-hero-and-a-partner-793111","site":"Crunchyroll"},{"title":"Episode 38 - B-Rank Wars Begin","thumbnail":"https://img1.ak.crunchyroll.com/i/spire1-tmb/956bcddbd771dd91614a5d40380e518c1437169257_full.jpg","url":"http://www.crunchyroll.com/world-trigger/episode-38-b-rank-wars-begin-793114","site":"Crunchyroll"},{"title":"Episode 39 - Suwa Squad and Arafune Squad","thumbnail":"https://img1.ak.crunchyroll.com/i/spire2-tmb/341934673245c6c7944b2767afe79ca41437832839_full.jpg","url":"http://www.crunchyroll.com/world-trigger/episode-39-suwa-squad-and-arafune-squad-793116","site":"Crunchyroll"},{"title":"Episode 40 - Setting off! Mikumo Squad","thumbnail":"https://img1.ak.crunchyroll.com/i/spire4-tmb/b050a319cd8bedbea19ec78116e467281438385238_full.jpg","url":"http://www.crunchyroll.com/world-trigger/episode-40-setting-off-mikumo-squad-793118","site":"Crunchyroll"},{"title":"Episode 41 - An Impertinent Rookie","thumbnail":"https://img1.ak.crunchyroll.com/i/spire3-tmb/09fc9a097ac5ab0d305066ef59b2f98f1439055688_full.jpg","url":"http://www.crunchyroll.com/world-trigger/episode-41-an-impertinent-rookie-793120","site":"Crunchyroll"},{"title":"Episode 42 - Ko Murakami of Suzunari-1","thumbnail":"https://img1.ak.crunchyroll.com/i/spire2-tmb/0f2248c9a2ccfb4076459cfd8a411b3c1439416777_full.jpg","url":"http://www.crunchyroll.com/world-trigger/episode-42-ko-murakami-of-suzunari-1-793122","site":"Crunchyroll"},{"title":"Episode 43 - Nasu Squad's Choice","thumbnail":"https://img1.ak.crunchyroll.com/i/spire2-tmb/f1b84eb1f56b95b0b54925ec1837bb881440175395_full.jpg","url":"http://www.crunchyroll.com/world-trigger/episode-43-nasu-squads-choice-793124","site":"Crunchyroll"},{"title":"Episode 44 - The Battle in the Foul Weather","thumbnail":"https://img1.ak.crunchyroll.com/i/spire2-tmb/d90bb02369ceac50a393c04865c6c69b1440795987_full.jpg","url":"http://www.crunchyroll.com/world-trigger/episode-44-the-battle-in-the-foul-weather-793126","site":"Crunchyroll"},{"title":"Episode 45 - The Thing That Decides the Battle","thumbnail":"https://img1.ak.crunchyroll.com/i/spire1-tmb/10926447472f206cc67a4327ca10d28c1441392939_full.jpg","url":"http://www.crunchyroll.com/world-trigger/episode-45-the-thing-that-decides-the-battle-793129","site":"Crunchyroll"},{"title":"Episode 46 - The Ace's Willpower","thumbnail":"https://img1.ak.crunchyroll.com/i/spire1-tmb/89bde411def1d2c3e3dcf94bab3143e51442609364_full.jpg","url":"http://www.crunchyroll.com/world-trigger/episode-46-the-aces-willpower-793130","site":"Crunchyroll"},{"title":"Episode 47 - The Captain's Pride","thumbnail":"https://img1.ak.crunchyroll.com/i/spire1-tmb/4d509521f5c3db0379bc6e8d135451c91443206168_full.jpg","url":"http://www.crunchyroll.com/world-trigger/episode-47-the-captains-pride-793133","site":"Crunchyroll"},{"title":"Episode 48 - And Towards the Future","thumbnail":"https://img1.ak.crunchyroll.com/i/spire2-tmb/03da2627a9ec2e15a97efb1a8b5ba2041443819289_full.jpg","url":"http://www.crunchyroll.com/world-trigger/episode-48-and-towards-the-future-793162","site":"Crunchyroll"},{"title":"Episode 64 - A Prisoner from Aftokrator","thumbnail":"https://img1.ak.crunchyroll.com/i/spire3-tmb/f5c38fff52d0185fbddc70f92269ee871454107422_full.jpg","url":"http://www.crunchyroll.com/world-trigger/episode-64-a-prisoner-from-aftokrator-793160","site":"Crunchyroll"},{"title":"Episode 65 - No.1 Shooter, Masataka Ninomiya","thumbnail":"https://img1.ak.crunchyroll.com/i/spire2-tmb/ef21ad3e843f0f4c95f41e3b36b5d5531454698630_full.jpg","url":"http://www.crunchyroll.com/world-trigger/episode-65-no1-shooter-masataka-ninomiya-793136","site":"Crunchyroll"},{"title":"Episode 66 - Sharpened Fangs","thumbnail":"https://img1.ak.crunchyroll.com/i/spire1-tmb/ab53ef2ee4b12800f2b0173d8b4246031455303154_full.jpg","url":"http://www.crunchyroll.com/world-trigger/episode-66-sharpened-fangs-793137","site":"Crunchyroll"},{"title":"Episode 67 - The Battle of the B-Rank Top Teams","thumbnail":"https://img1.ak.crunchyroll.com/i/spire1-tmb/44a4d54ec9ab8e0afa1f342cb09987631455959311_full.jpg","url":"http://www.crunchyroll.com/world-trigger/episode-67-the-battle-of-the-b-rank-top-teams-793139","site":"Crunchyroll"},{"title":"Episode 68 - The Targeted Tamakoma","thumbnail":"https://img1.ak.crunchyroll.com/i/spire2-tmb/25b8d9294093a5c97870ee0ac788fa8c1456518640_full.jpg","url":"http://www.crunchyroll.com/world-trigger/episode-68-the-targeted-tamakoma-793141","site":"Crunchyroll"},{"title":"Episode 69 - A Battle Royal","thumbnail":"https://img1.ak.crunchyroll.com/i/spire3-tmb/3b5099b567f98ec4436dba8ef3dcc1991457133325_full.jpg","url":"http://www.crunchyroll.com/world-trigger/episode-69-a-battle-royal-793143","site":"Crunchyroll"},{"title":"Episode 70 - A Captain's Duty","thumbnail":"https://img1.ak.crunchyroll.com/i/spire1-tmb/70b93be49a37c5f56d8b1dd26fa8ebce1457744824_full.jpg","url":"http://www.crunchyroll.com/world-trigger/episode-70-a-captains-duty-793144","site":"Crunchyroll"},{"title":"Episode 71 - A New Threat","thumbnail":"https://img1.ak.crunchyroll.com/i/spire4-tmb/8e2500bc9bdb0429900b0ced800b007f1458369243_full.jpg","url":"http://www.crunchyroll.com/world-trigger/episode-71-a-new-threat-793147","site":"Crunchyroll"},{"title":"Episode 72 - An Evolving Mikumo Squad","thumbnail":"https://img1.ak.crunchyroll.com/i/spire3-tmb/6cf60497bdb7fc9ce419ca50f6fa35471458947622_full.jpg","url":"http://www.crunchyroll.com/world-trigger/episode-72-an-evolving-mikumo-squad-793149","site":"Crunchyroll"},{"title":"Episode 73 - To the Future","thumbnail":"https://img1.ak.crunchyroll.com/i/spire3-tmb/c870dedca1a83137c2d3d144984155ed1459527119_full.jpg","url":"http://www.crunchyroll.com/world-trigger/episode-73-to-the-future-793150","site":"Crunchyroll"}],"rankings":[{"rank":470,"type":"POPULAR","context":"most popular all time","year":null,"season":null},{"rank":49,"type":"RATED","context":"highest rated","year":2014,"season":null},{"rank":33,"type":"POPULAR","context":"most popular","year":2014,"season":null},{"rank":15,"type":"RATED","context":"highest rated","year":2014,"season":"FALL"},{"rank":12,"type":"POPULAR","context":"most popular","year":2014,"season":"FALL"}],"mediaListEntry":{"id":248410935,"status":"COMPLETED"},"reviews":[{"id":15214,"score":70,"summary":"The future of battle shounen?","body":"If you have been watching anime, be it a few months or several years, you might be familiar with the Battle Shounen genre. Boasting the largest and most popular titles in modern anime/manga such as the Naruto, Bleach, Yu Yu Hakusho, My Hero Academia and so on, it goes without saying that their influence and presence over the medium is here to stay. At conventions, it is often the norm to see people break out into their favourite finishing moves, cosplay as their favourite characters, defend their favourite fights and moments vehemently. It is one of the foundations on which the modern industry is supported, serving as the channel of entry to new fans. I was also one such fan, starting my journey in the medium with Dragonball Z back in 2000, albeit lacking knowledge of anime at that point in time. And while my current attitude to the genre is cold to lukewarm at best, I won’t deny that it is close to my heart.\n\nAnd why wouldn’t it be! Despite my changing taste, fights like Rock Lee vs Gaara, Kenshin vs Saito, Yusuke vs Toguro and so on, are moments that I revisit from time to time, indulging in a sense of nostalgia that only this genre offers. These characters and their struggles feal real enough, despite being in different worlds or time periods and I can’t help but egg them on as they strive to achieve their potential and personal goals. With all that said, the genre is not free from flaws. While it might be filled with great moments, the lead up to a lot of them, often tend to be underwhelming. Crumbling under the weight of bloated casts, which only keeps on increasing as the series goes on and resorting to cheap resolutions in the form of power of friendship or power creeps which render existing threats, toothless. It is a genre which has had no sense of direction and innovation since the late 90s (exceptions do exist as is always the case) and people who have known me long wouldn’t help but agree with my disdain for the genre due to the aforementioned reasons. \n\n__~~~GRASSES ON~~~__\n~~~img(https://i.imgur.com/DXfkKB2.png)~~~\n\nEnter World Trigger, the focus of our review today. World trigger is set in Mikado City, where an organisation named Border must protect the city and its inhabitants from visitors from another world, aptly called neighbours. These neighbours are here to kidnap the residents in order to fuel their own economies and society in the other world. It is up to Border and its employees to stop them and ensure life continues as normal. The story focuses on three main characters, as they fight and grow in the organisation and strive to achieve their goals. Stock standard battle Shounen as they come.\n\nWhere it differs from other BS is in terms of how it approaches the whole world vs characters dichotomy. While the characters are the main focus of the series, the world is an overwhelming presence and the cast must keep that in mind as they navigate around Border. The series maintains a level of mystery to it and we along with the cast are offered titbits of information at appropriate times, which enriches our knowledge of the world and its systems, without overwhelming us with aforementioned information. The cast and us, the viewers, then have to process this new information and adjust our understanding of the world. And in that, it is very reminiscent of how Oda, of One Piece fame, presents the world to us, the viewer/reader. \n\nWorld trigger also offers a rather grounded power system, unlike its other Battle Shounen counterparts. The power system is called trion and functions somewhat similar to other systems like Ki or Chakra, in that, there is a finite amount and it requires time to recharge it. Unlike the other two, the big differentiator here is not how large the trion reserves are, but rather how efficiently it is used to meet combat goals. And I say combat, because that is how the series approaches conflict. Not a lot of silly 1v1s centred around pride and showboating, but rather conflict with respect to principles of strategy, implemented through astute tactics. It is not out of the ordinary to see concepts like staggered columns, defeat in detail, supply chains, logistics, combined arms, etc rendered in a Shounen mold. Series like Naruto alluded to it, but World Trigger fully embraces it and I can’t help but admire it for that.\n\n~~~img(https://i.imgur.com/wGDOhWr.png)\n\nimg(https://i.imgur.com/tVWc604.png)~~~\n\nOn the cast itself, the trio (Mikumo, Kuga and Chika) are like any upstarts trying to make it big in their world. Their motives are not as ambitious as leads of yesteryear Shounen series, but is still admirable. They are a likeable bunch and I can’t help but support them as they aim to achieve their goals. The series also boasts a large supporting cast, as is the case with a series focused on the world building side of things. I was pleasantly surprised in terms of how it managed to flesh out the supporting cast and make them damn likeable. They were individuals in their own right and were not presented only to be undermined by the lead trio. Reveals of the world also affects them and impacts their own personal equations and this is only bound to be richer as time goes on. The series is also not afraid to show what really is the top of the world, in terms of power. We, the viewers know what to expect from the lead trio once they reach the top. Just smacks of confidence from the creator and I can’t help but appreciate that. The character dynamics is great and love how the characters bounce off each other.\n\nHonestly, I could go on for hours why I love the cast and world, but that would make this review too unwieldy. So, let’s move onto the shortcomings of season 1. While this was technically a rewatch, I won’t deny that the earlier episodes are somewhat of a challenge to get through for someone new to the series. The series takes a lot of time in setting up its world and characters and that might irk a lot of people. It also doesn’t do any favours that the art and animation is underwhelming. This series is an example of Toei at its absolute worst. Often spending 3-4 minutes in recaps of the previous episodes and having the opening at weird times, be prepared for a tough start. However, the good writing kicks in and would only make the ride even more enjoyable. The music is serviceable, without being tiring. Oh, and do skip 49-63, which were fillers. They don’t add anything to the story and does everything that the series isn’t about. \n\nWith that said, I’m glad I got around to rewatch the series and derive so much enjoyment from it. Hope you, the readers of this review will get the same. And for people who have already seen s1, go on ahead to read my reviews of the subsequent seasons!\n\nReview of the following seasons can be found here:\nS2 [link ](https://anilist.co/review/15215)\nS3 [link ](https://anilist.co/review/15216)"},{"id":15575,"score":65,"summary":"Spoiler Free Review: Great Tactical Battle Shounen Held Back By Its Lacking Production","body":"World Trigger is a very solid battle shounen that focuses more on tactics and strategies in it's fight rather then the usual ass pulls we see in most shounens nowadays. It's similar to why I love the battles in [Railgun](https://anilist.co/anime/104462/A-Certain-Scientific-Railgun-T/), they rely on no power ups mid battle and only their current selves and the show does this very well making each of it's battles very enjoyable and engaging to watch. Adding onto it is a great wide cast of characters all with their own quirks and way of fighting that adds onto how enjoyable each battle is. It's power system Triggers are done very well, it could look complicated on the outside but it's fairly simple once you understand it. The show definitely hits it's peak during the middle where we got to see all of this at its best.\n\nThe content after the middle sadly isn't as good I found. One complaint I'm sure most know of this anime is that it's pacing is very slow, and it definitely is but honestly I don't think it gets that bad until near the end. It takes its time building up everything to it's big arc and it does that well enough to where I didn't really care how slow we were moving at the beginning. The B-Rank Wars is where I feel you really start to feel the slow pacing at its worst, it's a fine arc but the battles in it feel much slower bogged down by lengthy dialogue that feels like too much at times. Of course the dialogue is what makes half of World Triggers fight so entertaining, seeing how characters plan out their next move against an  enemy, but with this arc some fights also have constant cuts to flashbacks of characters backstory to flesh them out throughout multiple episodes that after a while just feel annoying.\n\nimg800(https://cdn.discordapp.com/attachments/905345690853605427/948408429800734760/world-trigger-fiza.png)\n\nYou start to enjoy a fight only to be interrupted five minutes later by something you most likely wont even remember, it makes each battle harder to enjoy. I'd rather we just get all of the backstory in one go just to focus on the battle without this many cuts. Quite honestly I'd recommend the manga for the last part of the series, you'll go through it much faster and probably have the same or even more amount of enjoyment there. I just wanted to get back into the interesting parts of the story by the time I was on episode 70, I had stopped caring for the most part about the B-Rank Wars. World Trigger in it's writing is solid and easily the best part about the show, I have no issues with it's story. If you're a big fan of any shounens new or old you'll probably enjoy this.\n\nBut when it comes to the production is when it starts to show it's flaws. Along with it's slow pacing is Toei Animation consistently giving you the most bare bones C- grade animation, it's very rough around the edges but is barely passable enough to keep me invested in how each fight will play out. They can still make a fight feel fast pace but their was multiple times where I had wished the animation were better. Side note one of Toei Animations freelance aces [Naotoshi Shida](Naotoshi Shida) only showed up once throughout the series which I even now find surprising. I would love to keep this at a 7 but these flaws became more and more apparent as the series went on, still I had a great time with World Trigger very interested to see where the series goes.\n\noh and episode 49 - 63 are filler, skip that shit.\n\n[S2 Thoughts](https://anilist.co/activity/359011456)\n[S3 Thoughts](https://anilist.co/activity/360286536)"},{"id":15668,"score":77,"summary":"A review of all 3 seasons of World Trigger [Spoiler-Free]","body":"~~~World Trigger is a show that I wasn't too interested in at first. The animation was pretty bland and the story seemed okay but my god did it improve. This review will include all 3 seasons and my thoughts and will be spoiler-free so if you've never watched World Trigger and are considering giving it a go then don't worry. Any spoilers I mention will be under spoiler tags but asides from that there won't be any.\n\nAnyway, let's start getting into this review using my usual template as I don't know how else to write one xD\n\n__Plot:__\nStarting off with one of World Trigger's strongest points. Unlike other typical shounen where the winner is decided by who has the flashier/bigger attack, World Trigger's power system is balanced and the winner isn't usually who is stronger but instead based entirely on strategy. For example, even one of the strongest characters could lose to a well-planned out strategy and oh my god are the strategies good. Each strategy is super entertaining to see play out and was unique and different enough to keep me invested.\n\nHowever, the plot isn't amazing. Certain arcs did fall into quite a stereotypical shounen mould such as the B-rank war battles aka the classic tournament arc and whilst it did start off interesting and manage to get me re-invested at the end, it did feel repetitive.\nDue to that, I find it hard to rate the plot of World Trigger any higher than an 8/10. It was still really good but the repetitive structure of the last arc let it down in my opinion.\n\n__Characterisation:__\nAnd now we move on to something else World Trigger did brilliantly. The focus and attention given to each character is insane. It's not anything One Piece level but the amount of side characters that are introduced is a lot yet I never felt too overwhelmed. Each group and team is interesting and the characters are all different enough to tell apart. Although, yet again, by the last arc it did get a little hard to remember who everyone was. \n\nAs for character development, there is a shit ton of it. The main trio ofc all have their own developments whether through using new moves/strategies or through overcoming their past weaknesses but there is also lots of character development for side characters too which I loved. \n\nOverall this section is an 8/10 as despite the intense character development and cool side characters introduced in the latter parts of the seasons it got to the point where there were too many characters to keep track of.\n\n__Character Dynamics:__\nFitting nicely with the last section, this was also done well. The dynamics with each group were all so interesting and mainly the developing dynamic between our main group was super interesting to see. However, my favourite part about the character dynamics has to be the friends that the main trio makes outside of their squad/base. For example- ~!Kuga ends up befriending all the strong fighters through the Solo Rank wars; Chika makes friends with all the sniper peeps; Osamu starts making connections of his own through other gunner fighters!~\nAnyway, this was done really well and I don't really have an issue with it- 8.5/10\n\n__Visuals/Animation Quality:__\nRight then this is where there is a huge split and I'll have to discuss the seasons separately. Season 1's animation is C-grade at best and it's quite clear that the anime was created purely to boost manga sales. It is barely passable and in some situations, it even worsened action parts of the season which is sad as, in my opinion, the best arc takes place within the 1st season and I would love to see that arc in season 2/3 animation. Speaking of season 2/3 animation, this is incredible. The animation flows really well and, especially in the closure of season 3, the animation goes next level and blew me away.\nTherefore due to the pretty bad animation in season 1 compared to the better animation in season 2/3- I will give this a 7/10 in order to balance it out. But for those that want to start watching World Trigger, even tho I've given loads of hate to the season 1 animation it is still watchable and I enjoyed watching it was just annoying because I know it could've been done so much better, especially when comparing it to the most recent seasons.\n\n__Voice Acting:__\nTbh I don't know what to say here. The voice acting was good and I don't have any issues with it. There were no voices that I found annoying either so ig this is an 8/10\n\n__Music/Soundtrack:__\nHere we go time to talk about the opening and ending themes. So in the 1st season, we have easily one of the best openings of the entire series being this one:\nyoutube(https://www.youtube.com/watch?v=mQHqUm_yN0w&t=5s)\nThis is so good and always served to hype me up at the halfway point of each ep. Now you're probably thinking- wtf do you mean the halfway point??? So basically season 1 has no ending themes so to cope with that the opening theme is placed halfway through the episode which at first I found strange but I got used to it pretty quickly. As for the other openings of season 1, they were okay. Nothing too special about them- they weren't necessarily bad but they didn't do much to hype me up.\nAnyway moving on to the BEST opening of World Trigger. The season 2 opening.\nyoutube(https://www.youtube.com/watch?v=c_CALJPXVQY)\nOMG TxT don't miss, do they? Not only does the song slap but the imagery as well took exactly what I said above: \"I would love to see that arc in season 2/3 animation\" and they actually did it!!! Taking the best arc of World Trigger and turning it into an opening with beautiful animation. So yeah that's my fave opening and if you watch it I hope it will be your fave too. As for the ending theme of season 2...imma be honest I skipped that each time. I wasn't a fan. \nAnd lastly the season 3 opening and ending theme. The season 3 opening is nostalgic af and the ending just slaps so hard and in both cases, the visuals are great too.\n\nNow moving on to soundtrack. Each song worked really well with the scene it was placed in and I never had any issues with it or songs I didn't like.\nSo overall this section is an 8.5/10 for me just because some of the openings let it down\n\n__Fight Choreography/Pacing:__\nRight then, this is where some issues come into play. I'll first discuss the fight choreography in season 1. There wasn't that much and even when it was there it was super clunky due to the animation level. There was still strategy but it always felt kind of off which ofc like you might have expected, season 2 and 3 solve. Both of the fight choreographies are entertaining and, as I mentioned in the plot section, are heavily focused on strategy as to who can outwit their opponent first.\nSo fight choreography is a 7/10 cos it was let down AGAIN by the 1st season.\n\nMoving on, this is where the issues come into play within both seasons, unfortunately. The pacing is hella slow. Within season 1 out of all 73 episodes, we only get like 4/5 arcs and one of those arcs is a filler arc (which lasts eps 49- 63) soo we can't count that. Now I'm not saying that these arcs weren't entertaining because they definitely were but in some areas, it definitely did drag on a bit and nowhere else is that made more apparent than the B-rank war arcs as not only does it last 21 eps in season 1, the other 2 seasons are also still focused on it. I think you can see why the pacing is an issue now, can't you? Now yes season 2 does have another arc to break away from the battles but for the most part, it is basically a tournament arc that lasts 47 eps...yep you heard me right...47!!!!! So yeah the pacing is painful, to say the least, but, unlike shows like One Piece where the content has obviously been stretched out within World Trigger, it is still watchable. Yes, there may be more dialogue than necessary but ultimately it is still watchable and enjoyable.\nSo anyway the pacing is a 5/10 cos it could be so much better but it didn't ruin the series or anything.\n\n__Genre Mixing:__\nSo this section is for when a show mixes two juxtaposing genres and how well they handle it. As for World Trigger, I haven't really found any scenarios where they've necessarily done this. If you are still confused with what the fuck I mean an example would be a serious scene that then uses some comedic elements and how that is handled but as for World Trigger I feel they keep the comedic/serious aspects separate which works well. So yeah this section doesn't really apply but I thought I would mention it anyway.\n\n__Conclusion:__\nRight so overall World Trigger is a lot of fun and I 100% recommend checking it out. I definitely recommend it to those that want something slightly different than the usual shounen as the use of strategy makes it stand out in comparison to other shounen titles. \n\nMy scores for the 3 seasons would be:\n-Season 1= 7.2/10\n-Season 2= 8/10\n-Season 3= 8.2/10\nTherefore overall I will be giving World Trigger a 7.7/10.\n\nAnyway, I hope I might have convinced some of you to check out World Trigger and that those that have also watched World Trigger agree with my thoughts :)~~~"},{"id":17228,"score":90,"summary":"Strategic Brilliance: The Forgotten Greatness of World Trigger ","body":"~~~img700(https://imgur.com/3i2hexJ.jpg)\n~~~\n___\n#~~~__Part 1: A Rough Start__~~~\n___\n~~~When looking for series to watch, I tend to look at and hear what has made a buzz in the last few decades and check out any hidden gems individuals recommend to watch. However, in my last 5 years of being an anime fan, I have heard little to nothing about a show called \"World Trigger\". After watching the whole series, I can partially understand why that is the case. Being an adaptation from Toei Animation, the show featured production issues in its first season, from passable animation, strange cuts and pacing, and an oddly placed opening in the middle of the episode. Not to mention, this show had nothing flashy about it to make it interesting enough for the broader audience.\n\nThe story revolves around a boy named Osamu Mikumo, a high school student who works for an agency dubbed \"Border\". Their purpose is to fight off interdimensional and extraterrestrial creatures called \"Neighbors\", who since four years ago have brought destruction to Mikado City, which has become a hotbed for invaders. In a chance encounter, Osamu is saved from a Neighbor by a mysterious transfer student named Kuga, who turns out to be a humanoid Neighbor.\n\nWhen I first began this show, I did not have the highest expectations. It seemed like a somewhat-generic series with a few interesting ideas here and there, but nothing to make it stand out enough to be memorable. I kept watching the series as I wanted to at least be able to say I had given it a chance. However, the more I watched, the more interesting it became. What I first thought of as a passable show started to turn into a series that I had trouble turning off. You were taunted by the cliffhanger that was just egging you to keep on going. One after another, the story began to plant its roots and flourish into a show that, to me, stood out as one I'll remember forever.\n\nThere's no getting around the fact that for the first ~20 episodes, they weren't the greatest. World Trigger takes its' time developing its cast of characters, their motivations, and how the series' powers function. While not the best, they do a good job at setting up for what is to come and making every plot point and decision later in the series feel organic and rewarding to the viewer.\n___\n#__Part 2: What Makes World Trigger Special?__\n___\n\nimg550(https://media.giphy.com/media/H2sFe9Z3AxU8erTzYg/giphy.gif)\n\nWith the buildup of 20+ episodes, World Trigger pulls no punches in  delivering a tremendous payoff. This is when World Trigger starts shifting into its element, flexing on all other battle series for what it has that they only wish for: large-scale, complex, and strategical battles. And not only that, but also using it as a way to develop and flesh out numerous characters, something I've only ever seen done in [Haikyuu](https://anilist.co/anime/20464/HAIKYU/). Instead of making Border a faceless agency that is used as a plot device to move the story forward, the show uses squad battles to flesh out characters you had no idea you would come to care for and see further down the road. In doing so, it's able to create a massive cast of characters, each with their own personalities, fighting styles, and relationships, not only with the main cast but also with other squads.\n\nThe main cast of characters is what really drives this story along and makes every situation meaningful. Osamu is a very weak individual, and we are constantly told this throughout the entirety of the story by other characters and his results. Though weak, Osamu tries to find every nook and cranny to pull himself past the finish line. He is not given any breaks, no random power-ups, or cheats. Every outcome Osamu achieves is done through his own hard effort and strategy. This is what makes his character so empowering. In a world where he is born to be one of the weakest, he breaks past expectations to show that even when born with no innate skills, with bonds and strategy, it is possible to contribute. Kuga, on the other hand, is the opposite of Osamu. From the beginning, he is shown to be incredibly strong, possessing a Black Trigger and years' worth of battle experience. However, he doesn't look down on Osamu for being weak, but rather looks up to him for showing him there is more to life than just battle. He comes to understand that he is able to pick and choose his own destiny to fight for. Lastly, there is a meek girl named Chika, who  possesses an innate talent for trion but has her own inner struggles when it comes to battling. She has to learn to move on from past experiences in order to grant aid to those she cares for.\n\nSince we're now on the topic of battles, it's a good time to explain what the power system of World Trigger is, and how it excels. Every individual is born with an organ in their body called a Trion Gland, which resides next to their heart. Each person has different levels of trion, with some individuals, like our main character, possessing some of the lowest trion outputs. This trion gland is much like how muscles work in that when used, trion production increases. This trion is used to power weapons called Triggers, which are tools made from the technology of Neighbors. As such, the effectiveness of a trigger is in turn affected by the amount of trion produced from a trion gland. While using a trigger, the user will manifest a Trion Body, a body made fully of trion, while their normal body goes into the trigger holder. Upon losing significant amounts of trion, the user will either revert back to their normal body or, if higher ranked, will initiate the \"Bail Out\" command, in which they are transported back to headquarters. Moving on to the triggers, there are three main classes to choose from: Attacker, Gunner, and Sniper. Each comes with a variety of different weapons and styles of combat that greatly change how an individual uses them. For example, gunner triggers can take on a variety of forms: handguns, cubes, homing lasers, etc. There are also triggers dubbed \"Black Triggers,\" which are triggers that are put into a rank of their own due to their power in comparison to regular triggers, though proportionately they are very small in number. This is only scratching the surface of the level of intricacy and craft placed into developing this power system. Every trigger is different, and each user has their own styles and ways of combat, making every battle between squads complex and different.\n\nimg550(https://media.giphy.com/media/ks5WObWQI9WU9OiMUd/giphy.gif)\n\nFinally, we can talk about the bread and butter of what makes this series phenomenal: strategy. Most action series tend to either have no strategy when in a fight, or it's one that lacks any real depth and doesn't evolve further than that. World Trigger, on the other hand, lives and breathes evolving strategies and tactics. It highlights the importance of numbers in a fight and how team battles actually work when every individual on a battlefield is searching for a way to outwit their opponent. One example is using a Sniper Trigger. If you fire shots too early in a battle, you will reveal your position to other parties, making yourself not only an open target but giving them more wiggle room and assurance. If you have no one defending you when an attacker is nearby, you will be struck down. If you don't time your shot correctly, your shot will be blocked by a shield, giving away your position and weapon of choice. This is just the surface level of the amount of detail and realism given in every battle of World Trigger. Every Trigger user is given an assigned role and must execute their role in the smartest way possible or they will be taken advantage of by those who strategize better. While the level of Trion is an important factor in battle, strategies and teamwork can overcome even the strongest of users. Even Black Trigger users can be overcome by regular trigger users if their skill set and strategy prove to be superior. As battles evolve, each character has to learn to adapt to their given situation and form plans to squeeze out a victory. By having characters grow from these battles, it allows for character growth not only for the main cast but all the supporting members as well.\n___\n#__Part 3: Closing Remarks and Reflections__\n___\nWorld Trigger is, by definition, a battle shounen that shows its strengths through the use of a large cast of colorful characters and its amazingly complex battle system and strategic elements. While Season 1 had numerous production issues, Toei Animation gifted us with Seasons 2 and 3, which improved the animation and pacing significantly by making it seasonal. Giving series like World Trigger a second chance to make better of itself made me extremely happy as it shows that, while without a good production the story can still shine, __with__ a good production it can look like a top-tier series that it always deserved to be. Quick note: skip the filler episodes (49-63). They are quite terrible and will only hamper your experience.\n\nI highly recommend World Trigger to anyone who is burnt out on the repetitive and monotonous battles found in action series. While other shows try to show off via their high-octane and rapid action, World Trigger takes a different approach by bringing back what it truly means to come to a fight prepared. I couldn't just sit back and watch a fight unfold; I was actively invested and thinking of what plans of action each character could take to escape situations. This series is a great blend of mind games and action that deserves way more attention and love than it gets.\n~~~"}],"siteUrl":"https://anilist.co/anime/20729","autoCreateForumThread":false,"modNotes":null,"stats":{"scoreDistribution":[{"score":10,"amount":200},{"score":20,"amount":203},{"score":30,"amount":355},{"score":40,"amount":625},{"score":50,"amount":1432},{"score":60,"amount":2404},{"score":70,"amount":5610},{"score":80,"amount":5720},{"score":90,"amount":3198},{"score":100,"amount":1580}],"statusDistribution":[{"status":"CURRENT","amount":7420},{"status":"PLANNING","amount":34791},{"status":"COMPLETED","amount":28272},{"status":"DROPPED","amount":6760},{"status":"PAUSED","amount":5483}]},"isRecommendationBlocked":false,"recommendations":[{"mediaRecommendation":{"id":269,"title":{"romaji":"BLEACH","english":"Bleach","native":"BLEACH","userPreferred":"BLEACH"},"type":"ANIME"}},{"mediaRecommendation":{"id":20994,"title":{"romaji":"GATE: Jieitai Kanochi nite, Kaku Tatakaeri","english":"Gate","native":"GATE 自衛隊 彼の地にて、斯く戦えり","userPreferred":"GATE: Jieitai Kanochi nite, Kaku Tatakaeri"},"type":"ANIME"}},{"mediaRecommendation":{"id":16498,"title":{"romaji":"Shingeki no Kyojin","english":"Attack on Titan","native":"進撃の巨人","userPreferred":"Shingeki no Kyojin"},"type":"ANIME"}},{"mediaRecommendation":{"id":20829,"title":{"romaji":"Owari no Seraph","english":"Seraph of the End: Vampire Reign","native":"終わりのセラフ","userPreferred":"Owari no Seraph"},"type":"ANIME"}},{"mediaRecommendation":{"id":21459,"title":{"romaji":"Boku no Hero Academia","english":"My Hero Academia","native":"僕のヒーローアカデミア","userPreferred":"Boku no Hero Academia"},"type":"ANIME"}},{"mediaRecommendation":{"id":101922,"title":{"romaji":"Kimetsu no Yaiba","english":"Demon Slayer: Kimetsu no Yaiba","native":"鬼滅の刃","userPreferred":"Kimetsu no Yaiba"},"type":"ANIME"}},{"mediaRecommendation":{"id":14513,"title":{"romaji":"Magi: The labyrinth of magic","english":"Magi: The Labyrinth of Magic","native":"マギ The labyrinth of magic","userPreferred":"Magi: The labyrinth of magic"},"type":"ANIME"}},{"mediaRecommendation":{"id":18115,"title":{"romaji":"Magi: The kingdom of magic","english":"Magi: The Kingdom of Magic","native":"マギ The kingdom of magic","userPreferred":"Magi: The kingdom of magic"},"type":"ANIME"}},{"mediaRecommendation":{"id":107663,"title":{"romaji":"Kanata no Astra","english":"ASTRA LOST IN SPACE","native":"彼方のアストラ","userPreferred":"Kanata no Astra"},"type":"ANIME"}},{"mediaRecommendation":{"id":20457,"title":{"romaji":"Black Bullet","english":"Black Bullet","native":"ブラック・ブレット","userPreferred":"Black Bullet"},"type":"ANIME"}},{"mediaRecommendation":{"id":131150,"title":{"romaji":"SCARLET NEXUS","english":"Scarlet Nexus","native":"SCARLET NEXUS","userPreferred":"SCARLET NEXUS"},"type":"ANIME"}},{"mediaRecommendation":{"id":130997,"title":{"romaji":"D_CIDE TRAUMEREI THE ANIMATION","english":"D_CIDE TRAUMEREI THE ANIMATION","native":"D_CIDE TRAUMEREI THE ANIMATION","userPreferred":"D_CIDE TRAUMEREI THE ANIMATION"},"type":"ANIME"}},{"mediaRecommendation":{"id":20849,"title":{"romaji":"GOD EATER","english":"God Eater","native":"GOD EATER","userPreferred":"GOD EATER"},"type":"ANIME"}},{"mediaRecommendation":{"id":9919,"title":{"romaji":"Ao no Exorcist","english":"Blue Exorcist","native":"青の祓魔師","userPreferred":"Ao no Exorcist"},"type":"ANIME"}},{"mediaRecommendation":{"id":11061,"title":{"romaji":"HUNTER×HUNTER (2011)","english":"Hunter x Hunter (2011)","native":"HUNTER×HUNTER (2011)","userPreferred":"HUNTER×HUNTER (2011)"},"type":"ANIME"}},{"mediaRecommendation":{"id":18001,"title":{"romaji":"Freezing Vibration","english":null,"native":"フリージング ヴァイブレーション","userPreferred":"Freezing Vibration"},"type":"ANIME"}},{"mediaRecommendation":{"id":30,"title":{"romaji":"Shin Seiki Evangelion","english":"Neon Genesis Evangelion","native":"新世紀エヴァンゲリオン","userPreferred":"Shin Seiki Evangelion"},"type":"ANIME"}},{"mediaRecommendation":{"id":20727,"title":{"romaji":"Kekkai Sensen","english":"Blood Blockade Battlefront","native":"血界戦線","userPreferred":"Kekkai Sensen"},"type":"ANIME"}},{"mediaRecommendation":{"id":87502,"title":{"romaji":"Megaton-kyuu Musashi","english":null,"native":"メガトン級ムサシ","userPreferred":"Megaton-kyuu Musashi"},"type":"ANIME"}},{"mediaRecommendation":{"id":10793,"title":{"romaji":"Guilty Crown","english":"Guilty Crown","native":"ギルティクラウン","userPreferred":"Guilty Crown"},"type":"ANIME"}},{"mediaRecommendation":{"id":21499,"title":{"romaji":"Sousei no Onmyouji","english":"Twin Star Exorcists","native":"双星の陰陽師","userPreferred":"Sousei no Onmyouji"},"type":"ANIME"}},{"mediaRecommendation":{"id":115230,"title":{"romaji":"Kami no Tou: Tower of God","english":"Tower of God","native":"神之塔 -Tower of God-","userPreferred":"Kami no Tou: Tower of God"},"type":"ANIME"}},{"mediaRecommendation":{"id":159322,"title":{"romaji":"BLEACH: Sennen Kessen-hen - Ketsubetsu-tan","english":"BLEACH: Thousand-Year Blood War - The Separation","native":"BLEACH 千年血戦篇-訣別譚-","userPreferred":"BLEACH: Sennen Kessen-hen - Ketsubetsu-tan"},"type":"ANIME"}}]}