{"id":20794,"idMal":null,"title":{"romaji":"Aikatsu! 3","english":null,"native":"アイカツ! 3","userPreferred":"Aikatsu! 3"},"format":"TV","status":"FINISHED","episodes":51,"description":"The third season of Aikatsu! In place of Ichigo Hoshimiya who was the protagonist in the first two seasons (she will still be in the story as a supporting character), the new season will feature her underclass girl Akari Ozora with her classmates.<br>\n<br>\n(Source: Anime News Network)","startDate":{"year":2014,"month":10,"day":2},"endDate":{"year":2015,"month":9,"day":24},"season":"FALL","seasonYear":2014,"duration":24,"countryOfOrigin":"JP","isLicensed":true,"source":"VIDEO_GAME","hashtag":"#アイカツ #aikatsu","trailer":null,"updatedAt":1706279116,"coverImage":{"large":"https://s4.anilist.co/file/anilistcdn/media/anime/cover/large/bx20794-r0UUSFxLc9QN.jpg","medium":"https://s4.anilist.co/file/anilistcdn/media/anime/cover/medium/bx20794-r0UUSFxLc9QN.jpg","small":"https://s4.anilist.co/file/anilistcdn/media/anime/cover/small/bx20794-r0UUSFxLc9QN.jpg","color":"#50c9fe"},"bannerImage":"https://s4.anilist.co/file/anilistcdn/media/anime/banner/n20794-sY313MxkwGMc.jpg","genres":["Music"],"synonyms":null,"averageScore":76,"meanScore":78,"favourites":91,"popularity":2573,"trending":0,"tags":[{"id":115,"name":"Idol","isMediaSpoiler":false},{"id":46,"name":"School","isMediaSpoiler":false},{"id":86,"name":"Primarily Female Cast","isMediaSpoiler":false},{"id":92,"name":"Cute Girls Doing Cute Things","isMediaSpoiler":false},{"id":410,"name":"Fashion","isMediaSpoiler":false},{"id":98,"name":"Female Protagonist","isMediaSpoiler":false},{"id":99,"name":"Henshin","isMediaSpoiler":false},{"id":28,"name":"Kids","isMediaSpoiler":false},{"id":90,"name":"CGI","isMediaSpoiler":false},{"id":1489,"name":"Boarding School","isMediaSpoiler":false},{"id":548,"name":"Acting","isMediaSpoiler":false},{"id":145,"name":"Work","isMediaSpoiler":false},{"id":178,"name":"Card Battle","isMediaSpoiler":false}],"relations":[{"id":20181,"title":{"english":null,"native":"アイカツ! 2","romaji":"Aikatsu! 2","userPreferred":"Aikatsu! 2"},"type":"ANIME"},{"id":20640,"title":{"english":null,"native":"劇場版 アイカツ！","romaji":"Aikatsu! Movie","userPreferred":"Aikatsu! Movie"},"type":"ANIME"},{"id":21307,"title":{"english":"Aikatsu! 4","native":"アイカツ! 4","romaji":"Aikatsu! 4","userPreferred":"Aikatsu! 4"},"type":"ANIME"},{"id":21207,"title":{"english":null,"native":"アイカツ！ミュージックアワード みんなで賞をもらっちゃいまSHOW！","romaji":"Aikatsu! Music Award: Minna de Shou wo Moraima SHOW!","userPreferred":"Aikatsu! Music Award: Minna de Shou wo Moraima SHOW!"},"type":"ANIME"},{"id":104797,"title":{"english":null,"native":"アイカツ！ＧＯ！ＧＯ！ＧＯ！","romaji":"Aikatsu! Go! Go! Go!","userPreferred":"Aikatsu! Go! Go! Go!"},"type":"MANGA"},{"id":111082,"title":{"english":null,"native":"アイカツオンパレード！","romaji":"Aikatsu on Parade!","userPreferred":"Aikatsu on Parade!"},"type":"ANIME"}],"characters":[{"id":67457,"name":"Mizuki Kanzaki"},{"id":67451,"name":"Ichigo Hoshimiya"},{"id":67455,"name":"Ran Shibuki"},{"id":67453,"name":"Aoi Kiriya"},{"id":88522,"name":"Sumire\r\n Hikami"},{"id":88523,"name":"Akari\r\n Oozora"},{"id":88524,"name":"Hinaki Shinjou"},{"id":82375,"name":"Sakura Kitaooji"},{"id":75570,"name":"Otome Arisugawa"},{"id":79923,"name":"Yurika Toudou"},{"id":88865,"name":"Juri Kurebayashi"},{"id":88877,"name":"Madoka Amahane"},{"id":88876,"name":"Rin Kurosawa"},{"id":88875,"name":"Miyabi Fujiwara"},{"id":74772,"name":"Naoto Suzukawa"},{"id":74778,"name":"Raichi Hoshimiya"},{"id":74774,"name":"Johnny Bepp"},{"id":74776,"name":"Orihime Mitsuishi"},{"id":123130,"name":"Tsubasa Sena"},{"id":123131,"name":"Sunny"},{"id":123223,"name":"Kokone Kurisu"},{"id":128179,"name":"Yuu Hattori"},{"id":84629,"name":"Shion Kamiya"},{"id":88873,"name":"Mikuru Natsuki"},{"id":88866,"name":"Seira Otoshiro"}],"staff":[{"id":118777,"name":"Ryuuichi Kimura"},{"id":118779,"name":"Hiroko Yaguchi"},{"id":110481,"name":"MONACA"},{"id":128816,"name":"Kayoko Ishikawa"},{"id":128816,"name":"Kayoko Ishikawa"},{"id":119758,"name":"Youichi Katou"},{"id":144238,"name":"Mizuki Takahashi"},{"id":133564,"name":"Shingo Fujii"}],"studios":[{"id":14,"name":"Sunrise","isAnimationStudio":true},{"id":23,"name":"Bandai Visual","isAnimationStudio":false}],"isFavourite":false,"isAdult":false,"isLocked":false,"nextAiringEpisode":null,"airingSchedule":[{"airingAt":1427965200,"timeUntilAiring":-278338255,"episode":26},{"airingAt":1428570000,"timeUntilAiring":-277733455,"episode":27},{"airingAt":1429174800,"timeUntilAiring":-277128655,"episode":28},{"airingAt":1429779600,"timeUntilAiring":-276523855,"episode":29},{"airingAt":1430384400,"timeUntilAiring":-275919055,"episode":30},{"airingAt":1430989200,"timeUntilAiring":-275314255,"episode":31},{"airingAt":1431594000,"timeUntilAiring":-274709455,"episode":32},{"airingAt":1432198800,"timeUntilAiring":-274104655,"episode":33},{"airingAt":1432803600,"timeUntilAiring":-273499855,"episode":34},{"airingAt":1433408400,"timeUntilAiring":-272895055,"episode":35},{"airingAt":1434013200,"timeUntilAiring":-272290255,"episode":36},{"airingAt":1434618000,"timeUntilAiring":-271685455,"episode":37},{"airingAt":1435222800,"timeUntilAiring":-271080655,"episode":38},{"airingAt":1435827600,"timeUntilAiring":-270475855,"episode":39},{"airingAt":1436432400,"timeUntilAiring":-269871055,"episode":40},{"airingAt":1437037200,"timeUntilAiring":-269266255,"episode":41},{"airingAt":1437642000,"timeUntilAiring":-268661455,"episode":42},{"airingAt":1438246800,"timeUntilAiring":-268056655,"episode":43},{"airingAt":1438851600,"timeUntilAiring":-267451855,"episode":44},{"airingAt":1439456400,"timeUntilAiring":-266847055,"episode":45},{"airingAt":1440061200,"timeUntilAiring":-266242255,"episode":46},{"airingAt":1440666000,"timeUntilAiring":-265637455,"episode":47},{"airingAt":1441270800,"timeUntilAiring":-265032655,"episode":48},{"airingAt":1441875600,"timeUntilAiring":-264427855,"episode":49},{"airingAt":1442480400,"timeUntilAiring":-263823055,"episode":50}],"trends":[{"date":1417532400,"trending":2,"popularity":null,"inProgress":null},{"date":1417705200,"trending":2,"popularity":null,"inProgress":null},{"date":1418396400,"trending":2,"popularity":null,"inProgress":null},{"date":1418828400,"trending":2,"popularity":null,"inProgress":null},{"date":1419346800,"trending":2,"popularity":null,"inProgress":null},{"date":1419778800,"trending":3,"popularity":null,"inProgress":null},{"date":1420297200,"trending":2,"popularity":null,"inProgress":null},{"date":1420815600,"trending":2,"popularity":null,"inProgress":null},{"date":1420988400,"trending":2,"popularity":null,"inProgress":null},{"date":1421679600,"trending":2,"popularity":null,"inProgress":null},{"date":1421852400,"trending":2,"popularity":null,"inProgress":null},{"date":1421938800,"trending":4,"popularity":null,"inProgress":null},{"date":1422111600,"trending":2,"popularity":null,"inProgress":null},{"date":1422630000,"trending":2,"popularity":null,"inProgress":null},{"date":1422716400,"trending":3,"popularity":null,"inProgress":null},{"date":1422889200,"trending":2,"popularity":null,"inProgress":null},{"date":1423494000,"trending":3,"popularity":null,"inProgress":null},{"date":1423926000,"trending":2,"popularity":null,"inProgress":null},{"date":1424098800,"trending":2,"popularity":null,"inProgress":null},{"date":1424530800,"trending":2,"popularity":null,"inProgress":null},{"date":1425049200,"trending":2,"popularity":null,"inProgress":null},{"date":1425481200,"trending":2,"popularity":null,"inProgress":null},{"date":1425826800,"trending":4,"popularity":null,"inProgress":null},{"date":1426172400,"trending":2,"popularity":null,"inProgress":null},{"date":1426431600,"trending":3,"popularity":null,"inProgress":null}],"externalLinks":["http://www.tv-tokyo.co.jp/anime/aikatsu","https://twitter.com/aikatsu_anime","http://www.aikatsu.net/03/"],"streamingEpisodes":[],"rankings":[{"rank":24,"type":"RATED","context":"highest rated","year":2014,"season":null},{"rank":9,"type":"RATED","context":"highest rated","year":2014,"season":"FALL"}],"mediaListEntry":null,"reviews":null,"siteUrl":"https://anilist.co/anime/20794","autoCreateForumThread":false,"modNotes":null,"stats":{"scoreDistribution":[{"score":10,"amount":10},{"score":20,"amount":7},{"score":30,"amount":7},{"score":40,"amount":17},{"score":50,"amount":44},{"score":60,"amount":70},{"score":70,"amount":186},{"score":80,"amount":188},{"score":90,"amount":208},{"score":100,"amount":164}],"statusDistribution":[{"status":"CURRENT","amount":214},{"status":"PLANNING","amount":613},{"status":"COMPLETED","amount":1568},{"status":"DROPPED","amount":93},{"status":"PAUSED","amount":85}]},"isRecommendationBlocked":false,"recommendations":[{"mediaRecommendation":{"id":98107,"title":{"romaji":"Idol Time PriPara","english":"Idol Time Pripara","native":"アイドルタイムプリパラ","userPreferred":"Idol Time PriPara"},"type":"ANIME"}}]}