{"id":20815,"idMal":25867,"title":{"romaji":"Rolling☆Girls","english":"The Rolling Girls","native":"ローリング☆ガールズ","userPreferred":"Rolling☆Girls"},"format":"TV","status":"FINISHED","episodes":12,"description":"Ten years after the Great Tokyo War, each prefecture in Japan has split up into independent nations. Each nation is ruled by a prophet called \"Mosa\" and an army called \"Mob\" as they start to compete to take over other countries. Four \"Mob\" girls from the Saitama clan, Nozomi, Yukina, Ai, and Chiaya, are ordered by their \"Mosa\" to travel around Japan riding their motorcycles to mediate multiple battles between nations and clans as they emerge.<br><br>(Source: Anime News Network)","startDate":{"year":2015,"month":1,"day":11},"endDate":{"year":2015,"month":3,"day":29},"season":"WINTER","seasonYear":2015,"duration":24,"countryOfOrigin":"JP","isLicensed":true,"source":"ORIGINAL","hashtag":" #rollinggirls","trailer":"https://www.youtube.com/watch?v=NWTVWrwPbPs","updatedAt":1706292582,"coverImage":{"large":"https://s4.anilist.co/file/anilistcdn/media/anime/cover/large/bx20815-3WdfuLDYATPg.jpg","medium":"https://s4.anilist.co/file/anilistcdn/media/anime/cover/medium/bx20815-3WdfuLDYATPg.jpg","small":"https://s4.anilist.co/file/anilistcdn/media/anime/cover/small/bx20815-3WdfuLDYATPg.jpg","color":"#5dbbe4"},"bannerImage":"https://s4.anilist.co/file/anilistcdn/media/anime/banner/20815-nxo5gB1D0Le5.png","genres":["Action","Adventure","Sci-Fi"],"synonyms":null,"averageScore":63,"meanScore":63,"favourites":154,"popularity":22425,"trending":0,"tags":[{"id":86,"name":"Primarily Female Cast","isMediaSpoiler":false},{"id":66,"name":"Super Power","isMediaSpoiler":false},{"id":98,"name":"Female Protagonist","isMediaSpoiler":false},{"id":281,"name":"Surreal Comedy","isMediaSpoiler":false},{"id":102,"name":"Coming of Age","isMediaSpoiler":false},{"id":105,"name":"Ensemble Cast","isMediaSpoiler":false},{"id":173,"name":"Motorcycles","isMediaSpoiler":false},{"id":92,"name":"Cute Girls Doing Cute Things","isMediaSpoiler":false},{"id":191,"name":"Aliens","isMediaSpoiler":true},{"id":172,"name":"Superhero","isMediaSpoiler":false},{"id":103,"name":"Politics","isMediaSpoiler":false},{"id":176,"name":"Mopeds","isMediaSpoiler":false},{"id":250,"name":"Rural","isMediaSpoiler":false},{"id":144,"name":"Meta","isMediaSpoiler":false},{"id":466,"name":"Lost Civilization","isMediaSpoiler":false},{"id":115,"name":"Idol","isMediaSpoiler":false},{"id":87,"name":"Family Life","isMediaSpoiler":false},{"id":63,"name":"Space","isMediaSpoiler":true},{"id":159,"name":"Super Robot","isMediaSpoiler":true},{"id":118,"name":"Drawing","isMediaSpoiler":false}],"relations":[{"id":102077,"title":{"english":null,"native":"TVアニメ｢ちび☆ローリング☆ガールズ｣コロコロ劇場","romaji":"Rolling☆Girls: Chibi☆Rolling☆Girls Korokoro Gekijou","userPreferred":"Rolling☆Girls: Chibi☆Rolling☆Girls Korokoro Gekijou"},"type":"ANIME"},{"id":121435,"title":{"english":null,"native":"ローリング☆ガールズ","romaji":"Rolling☆Girls","userPreferred":"Rolling☆Girls"},"type":"MANGA"}],"characters":[{"id":88728,"name":"Nozomi Moritomo"},{"id":88729,"name":"Yukina Kosaka"},{"id":88731,"name":"Chiaya Misono"},{"id":88733,"name":"Masami Utoku"},{"id":88736,"name":"Kuranosuke Momiyama"},{"id":88735,"name":"Haruka Misono"},{"id":88739,"name":"Kuniko Shigyou"},{"id":88740,"name":"Yukari Otonashi"},{"id":88743,"name":"Tomomori Moritomo"},{"id":88744,"name":"Hinayo Moritomo"},{"id":88730,"name":"Ai Hibiki"},{"id":172692,"name":"Tomoki Suzuka"},{"id":172691,"name":"Hitoshi"},{"id":172690,"name":"Dandy"},{"id":36309,"name":"Narrator"}],"staff":[{"id":118729,"name":"Kotomi Deai"},{"id":111417,"name":"tanu"},{"id":118958,"name":"Majiro"},{"id":120544,"name":"Tetsuo Hirakawa"},{"id":120544,"name":"Tetsuo Hirakawa"},{"id":121204,"name":"Isao Hayashi"},{"id":122343,"name":"Tetsuya Wakano"},{"id":122610,"name":"Masahiro Suwa"},{"id":124369,"name":"Ayako Hata"},{"id":127730,"name":"Katsuhiko Kitada"},{"id":127730,"name":"Katsuhiko Kitada"},{"id":132703,"name":"Hikaru Naraoka"},{"id":120066,"name":"Shouji Hata"},{"id":126915,"name":"Arifumi Imai"},{"id":126915,"name":"Arifumi Imai"},{"id":126915,"name":"Arifumi Imai"},{"id":126915,"name":"Arifumi Imai"},{"id":126915,"name":"Arifumi Imai"},{"id":100250,"name":"Rina Hidaka"},{"id":120019,"name":"Hiroaki Tsutsumi"},{"id":118663,"name":"Ari Ozawa"},{"id":116543,"name":"Yumiri Hanamori"},{"id":102520,"name":"Masaru Yokoyama"},{"id":120019,"name":"Hiroaki Tsutsumi"},{"id":111135,"name":"Risa Taneda"}],"studios":[{"id":858,"name":"Wit Studio","isAnimationStudio":true},{"id":53,"name":"Dentsu","isAnimationStudio":false},{"id":109,"name":"Shouchiku","isAnimationStudio":false},{"id":144,"name":"Pony Canyon","isAnimationStudio":false},{"id":166,"name":"Movic","isAnimationStudio":false},{"id":102,"name":"Funimation","isAnimationStudio":false}],"isFavourite":false,"isAdult":false,"isLocked":false,"nextAiringEpisode":null,"airingSchedule":[{"airingAt":1420909080,"timeUntilAiring":-285393401,"episode":1},{"airingAt":1421513880,"timeUntilAiring":-284788601,"episode":2},{"airingAt":1422118680,"timeUntilAiring":-284183801,"episode":3},{"airingAt":1422723480,"timeUntilAiring":-283579001,"episode":4},{"airingAt":1423328280,"timeUntilAiring":-282974201,"episode":5},{"airingAt":1423933080,"timeUntilAiring":-282369401,"episode":6},{"airingAt":1424537880,"timeUntilAiring":-281764601,"episode":7},{"airingAt":1425142680,"timeUntilAiring":-281159801,"episode":8},{"airingAt":1425747480,"timeUntilAiring":-280555001,"episode":9},{"airingAt":1426352280,"timeUntilAiring":-279950201,"episode":10},{"airingAt":1426957080,"timeUntilAiring":-279345401,"episode":11},{"airingAt":1427561880,"timeUntilAiring":-278740601,"episode":12}],"trends":[{"date":1417359600,"trending":3,"popularity":null,"inProgress":null},{"date":1417532400,"trending":3,"popularity":null,"inProgress":null},{"date":1417618800,"trending":7,"popularity":null,"inProgress":null},{"date":1417705200,"trending":2,"popularity":null,"inProgress":null},{"date":1417964400,"trending":5,"popularity":null,"inProgress":null},{"date":1418050800,"trending":6,"popularity":null,"inProgress":null},{"date":1418137200,"trending":3,"popularity":null,"inProgress":null},{"date":1418223600,"trending":2,"popularity":null,"inProgress":null},{"date":1418396400,"trending":4,"popularity":null,"inProgress":null},{"date":1418482800,"trending":2,"popularity":null,"inProgress":null},{"date":1418569200,"trending":7,"popularity":null,"inProgress":null},{"date":1418655600,"trending":3,"popularity":null,"inProgress":null},{"date":1418742000,"trending":4,"popularity":null,"inProgress":null},{"date":1418828400,"trending":6,"popularity":null,"inProgress":null},{"date":1419001200,"trending":4,"popularity":null,"inProgress":null},{"date":1419087600,"trending":3,"popularity":null,"inProgress":null},{"date":1419174000,"trending":8,"popularity":null,"inProgress":null},{"date":1419260400,"trending":8,"popularity":null,"inProgress":null},{"date":1419346800,"trending":8,"popularity":null,"inProgress":null},{"date":1419433200,"trending":2,"popularity":null,"inProgress":null},{"date":1419519600,"trending":4,"popularity":null,"inProgress":null},{"date":1419606000,"trending":4,"popularity":null,"inProgress":null},{"date":1419692400,"trending":7,"popularity":null,"inProgress":null},{"date":1419778800,"trending":9,"popularity":null,"inProgress":null},{"date":1419865200,"trending":6,"popularity":null,"inProgress":null}],"externalLinks":["http://rollinggirls.com/","http://www.funimation.com/shows/the-rolling-girls/"],"streamingEpisodes":[],"rankings":[{"rank":84,"type":"POPULAR","context":"most popular","year":2015,"season":null},{"rank":19,"type":"RATED","context":"highest rated","year":2015,"season":"WINTER"},{"rank":19,"type":"POPULAR","context":"most popular","year":2015,"season":"WINTER"}],"mediaListEntry":null,"reviews":[{"id":5201,"score":83,"summary":"Studio Wit's one-of-a-kind reverse-action anime was generally passed over in its day. Does it deserve a second look?","body":"~~~All of my reviews contain __spoilers __for the reviewed material. This is your only warning.~~~\n\n------\n\n*Rolling, falling, scrambling girls. For others, for themselves. Even if they’re destined to be “one of the rest”*\n*--Caption under the title card that opens each episode.*\n\nWith something like *Rolling Girls*, it is perhaps best to take things in order. Despite the show’s tagline trumpeting its themes at you openly at the start of each episode, it takes a while before it becomes apparent what this series is trying to *do*. I say with no exaggeration that watching *Rolling Girls* is something of a humbling experience. It’s a show that flips your expectations around enough times that it keeps you guessing until the very end.\n\nTo be, admittedly, extremely reductive, *Rolling Girls* is a sort of reverse-shonen. A flashy, colorful action anime--think something like *Kill la Kill*--told from the perspective not of its ostensible heroes, but a quartet of un-powered “side character” types. \n\nIn almost any other anime, our leads would not be our leads. The main character would be Masami, a “Best” (that’s what this show calls its superhumans. Everyone else is a “Rest”. On the nose, ainnit?) who likes to play Power Rangers dressup under the name Maccha Green. \n\nimg880(http://i.imgur.com/FVVM0pX.png)\n*Seen here.*\n\n------------------------\n\nMasami is, in fact, introduced that way. She is the leader of what the show terms a Vigilante Squad, a group of peacekepers headed by a Best who keep the order in the show’s setting. That setting being a Japan defined by a years-in-the-rearview event called The Great Tokyo War that fractured the nation into dozens of competing tiny countries. Masami is an archetypal action anime heroine, and the show really seems like it’s going to be her story until about two episodes in. She is injured, loses the Heart Stone that gives a Best their powers, and is promptly sidelined.\n\nimg880(https://i.imgur.com/g5SSANU.png)\n*Our Cast. Chiayi, Yukina, Nozomi, and Ai. Left to right.*\n\n--------------------------------\n\nEnter Nozomi. Introduced an episode prior as Masami’s sidekick-of-sorts (despite apparently being the only one who hadn’t caught on long ago that she was Maccha Green), and now volunteering to take up Green’s secondary responsibility, that of a travelling peacebroker. One who helps solve conflicts between rival vigilante groups. She’s joined by three other girls; Yukina, who is clumsy, gets lost easily, and likes to draw, Chiaya, who is mysterious, terse, owns a magic camera, and somehow knows all the others’ childhood nicknames, and lastly Ai, who seems to think she’s the protagonist of a shonen manga, and is introduced with one of the all-time great one-liners of the medium. \n\nimg880(https://i.imgur.com/GcY7LnM.png)\n*The pun is apparently even dumber in the original Japanese, if you can believe it.*\n\n-------------------\n\nThe series’ first two thirds are about, on one hand, these four girls, and on the other hand, their adventures throughout the fractured Japan. This is where the traveler story elements are strongest. There’s an awful lot of colorful set design, flashy animation, and small-scale stories of love and conflict. \n\nThe actual *content* of these stories varies wildly. In the first nation they stop at, our girls are accused of stealing a heart stone and have to find it before the local vigilante captain executes them. In of itself, that’s not a particularly crazy story. That it takes place in a Tokyo transformed into an “always-on” cosplay and anime capitol of the world is what gives it its character. The real reason the stone was lost? Turns out to be because it fell in the bushy afro of a life-sized shonen action figure. This is just how *Rolling Girls* operates. Casually resolving plot threads through bizarre twists that make an internal logical sense, but sound completely ridiculous out of context. On top of that, the show likes to drop casually-insane worldbuilding like this, drawing zero attention to it at all:\n\nimg880(https://i.imgur.com/I7rKmPy.png)\n\nWhat’s the Tokyo Tower Robot? We do find out, but it’s not really relevant in any major way, and seems to mostly exist to remind the viewer that the world this is all happening in is one *vastly* different from our own. \n\nIn one particularly amazing case, a story about two conflicting towns and their respective vigilante squads seems to be an oddball meditation on how to peacefully resolve international conflicts, and responsibly building a national identity around peaceful things like sport and food as opposed to pure power dynamics. Because this is *Rolling Girls*, that arc also involves a group of motorcycle-bound delinquents who talk only in unintelligible grunts and bike revs, a statue-building old man and his daughter who doesn’t think she can live up to him,  and about a trillion other things. That the *following* arc, about a star-crossed geisha and pink-haired glam-rocker, almost seems tame in comparison until its climax, says a lot about the sheer amount of *stuff* *Rolling Girls* heaps on you. \n\nimg880(https://i.imgur.com/wWq5iU4.png)\n*Not to imply that any arc that could give us this screencap could in any way be less than stellar.*\n\n----------------------------------------------\n\nWe should nod to the show’s audio and visual work here too. *Rolling Girls*’ style is not quite wilfully unique, it does definitely look like a television anime from the mid-2010s, but the thin-line drawing provides a unique charm. The backgrounds on the other hand, look like little else. Check out the castle of arc villain Kukino Ura just as an example.\n\nimg880(https://i.imgur.com/qL9I65x.png)\n\nAudio-wise, the show is obsessed with classic rock. A fictional rock band--The Momiage Hammers--are a recurring plot element and a big deal is made out of how a good song can make you feel like you can take on the world. This is probably the closest the show ever gets to wearing a semi-obvious if you look for it *FLCL* influence on its sleeve.\n\nSo that’s the gist, but where does this all *go?*\n\nWell, many places. The show’s final third drops some trademark out-there revelations (Chiayi is a space alien! Heart Stones don’t actually do anything on their own!) but more importantly it’s where the actual *point* comes in. *Rolling Girls*’ main theme seems to be that not everyone can be--or more importantly *has* to be--a hero in the traditional sense. Our leads never engage in traditional action anime heroism. The flashy sakuga-laden fights are always between other people. Only Ai (whose character is defined by *desperately wanting* to be an action heroine) even gets to do anything close, where she manages to stop a fight between two Bests in one of the show’s best scenes.\n\nimg880(https://i.imgur.com/F7O7s9O.png)\n*To be fair, she has help from a cute dog.*\n\n------------------\n\nBut they *do*, in a manner of speaking, save the day. The final arc of the show concerns a brewing war between two nations, and to greatly collapse the details, it’s neither a recovered Maccha Green nor any of the other actual “heroes” who end things. Nozomi and friends deliver a crucial package at the right moment (because this is *Rolling Girls*, it’s a wooden carving that powers a giant robot), and the conflict is ended before it can spiral out of control. \n\nChiayi ends up having to return to her planet, but she’s immensely grateful to Nozomi for the times they shared together, and in this single line the show sews together its subtext and plaintext, foregrounding its themes exactly *once* in its entire 12-episode run.\n\nimg880(https://i.imgur.com/AIupPuG.png)\n\n*Because* it holds out on this for so long, *Rolling Girls* is admittedly a bit of a frustrating watch. At the same time, there’s a secondary theme running here about (to use a cilche) how it’s the journey, not the destination. Maybe it really doesn’t matter that much that it takes *Rolling Girls* so long to get to the point when it only needs a few seconds to make it, and when getting there in the first place was so fun.\n\n*Rolling Girls* does not slot comfortably into any major artistic movement in anime of the 2010s. Even the *FLCL*-indebted concept-action anime category it’s sometimes lumped into (which includes the aforementioned *Kill la Kill* as well as *Flip-Flappers*, *PUNCH LINE*, and a few other things) doesn’t quite fit. Despite all this, *Rolling Girls* is something of an ultimate “anime for anime nerds”, perhaps the anime equivalent of record-collector rock, simply for riffing on so many ideas without engaging in much explicit reference, the glam rocker in episodes 7 and 8 (a clear nod to *FLCL*’s Haruko) aside. That it's from Wit, a studio with a vast repertoire that contains nothing else *at all* like *Rolling Girls*, just makes it feel that much more special.\n\nI don’t say this lightly, but more than simply being something you don’t see much of (a phrase broad enough that it can, ironically, be applied to many anime and still be true), *Rolling Girls* might straight up be one of a kind. It’s a little strange to be saying this about something that’s comparatively recent, but, time passes, and the mid-2010s are already far enough in the rearview that shows a few years old deserve a second look. The show managing to thread that final needle when it most needs to pushes *Rolling Girls* from a curiosity to an honest-to-god hidden gem, if a somewhat flawed one.\n\nThis is a series that, if you have interest in the wider ways that anime interact with each other, you really should give a look, because it’s among the best at cleverly dancing around audience expectations while still nailing that all-important emotional hit in its finale.\n\n*Rolling Girls* may never find itself being considered an all-time great, but that’s surprisingly apropos given its themes. Director Kotomi Deai has not helmed a full-length TV series before or since, but perhaps she doesn’t need to. Maybe somewhere, right now, *Rolling Girls* is some aspiring director or animator’s very own Maccha Green. I think if that means we get another show as smart and peculiar as *Rolling Girls* in the future, that’ll make it all worth it. \n\nAfter all, everyone's a hero to someone.\n\n--------\n\nAnd if you liked this review, [why not check out some of my others here on Anilist?](https://anilist.co/user/planetJane/reviews)"}],"siteUrl":"https://anilist.co/anime/20815","autoCreateForumThread":false,"modNotes":null,"stats":{"scoreDistribution":[{"score":10,"amount":82},{"score":20,"amount":122},{"score":30,"amount":241},{"score":40,"amount":444},{"score":50,"amount":962},{"score":60,"amount":1414},{"score":70,"amount":1648},{"score":80,"amount":1015},{"score":90,"amount":498},{"score":100,"amount":240}],"statusDistribution":[{"status":"CURRENT","amount":1046},{"status":"PLANNING","amount":10155},{"status":"COMPLETED","amount":7719},{"status":"DROPPED","amount":2364},{"status":"PAUSED","amount":1141}]},"isRecommendationBlocked":false,"recommendations":[{"mediaRecommendation":{"id":21714,"title":{"romaji":"Flip Flappers","english":"FLIP FLAPPERS","native":"フリップフラッパーズ","userPreferred":"Flip Flappers"},"type":"ANIME"}},{"mediaRecommendation":null},{"mediaRecommendation":{"id":21249,"title":{"romaji":"Concrete Revolutio: Choujin Gensou","english":"Concrete Revolutio","native":"コンクリート・レボルティオ～超人幻想～","userPreferred":"Concrete Revolutio: Choujin Gensou"},"type":"ANIME"}},{"mediaRecommendation":{"id":271,"title":{"romaji":"Gad Guard","english":"Gad Guard","native":"ガドガード","userPreferred":"Gad Guard"},"type":"ANIME"}},{"mediaRecommendation":{"id":18497,"title":{"romaji":"Yozakura Quartet: Hana no Uta","english":null,"native":"夜桜四重奏 ~ハナノウタ~","userPreferred":"Yozakura Quartet: Hana no Uta"},"type":"ANIME"}},{"mediaRecommendation":{"id":20672,"title":{"romaji":"Sora no Method","english":"Celestial Method","native":"天体のメソッド","userPreferred":"Sora no Method"},"type":"ANIME"}},{"mediaRecommendation":{"id":21306,"title":{"romaji":"Musaigen no Phantom World","english":"Myriad Colors Phantom World","native":"無彩限のファントム・ワールド","userPreferred":"Musaigen no Phantom World"},"type":"ANIME"}},{"mediaRecommendation":{"id":17909,"title":{"romaji":"Uchouten Kazoku","english":"The Eccentric Family","native":"有頂天家族","userPreferred":"Uchouten Kazoku"},"type":"ANIME"}},{"mediaRecommendation":{"id":849,"title":{"romaji":"Suzumiya Haruhi no Yuuutsu","english":"The Melancholy of Haruhi Suzumiya","native":"涼宮ハルヒの憂鬱","userPreferred":"Suzumiya Haruhi no Yuuutsu"},"type":"ANIME"}},{"mediaRecommendation":{"id":19703,"title":{"romaji":"Kyousougiga (TV)","english":"Kyousougiga","native":"京騒戯画 (TV)","userPreferred":"Kyousougiga (TV)"},"type":"ANIME"}},{"mediaRecommendation":{"id":13283,"title":{"romaji":"one off","english":null,"native":"わんおふ -one off-","userPreferred":"one off"},"type":"ANIME"}},{"mediaRecommendation":{"id":113418,"title":{"romaji":"Super Cub","english":"Super Cub","native":"スーパーカブ","userPreferred":"Super Cub"},"type":"ANIME"}},{"mediaRecommendation":{"id":21197,"title":{"romaji":"Bakuon!!","english":"Bakuon!!","native":"ばくおん!!","userPreferred":"Bakuon!!"},"type":"ANIME"}},{"mediaRecommendation":{"id":21171,"title":{"romaji":"Long Riders!","english":null,"native":"ろんぐらいだぁす！","userPreferred":"Long Riders!"},"type":"ANIME"}},{"mediaRecommendation":{"id":21298,"title":{"romaji":"Minami Kamakura Koukou Joshi Jitensha-Bu","english":"Minami Kamakura High School Girls Cycling Club","native":"南鎌倉高校女子自転車部","userPreferred":"Minami Kamakura Koukou Joshi Jitensha-Bu"},"type":"ANIME"}},{"mediaRecommendation":{"id":103871,"title":{"romaji":"Zombie Land Saga","english":"ZOMBIE LAND SAGA","native":"ゾンビランドサガ","userPreferred":"Zombie Land Saga"},"type":"ANIME"}},{"mediaRecommendation":{"id":20964,"title":{"romaji":"Punch Line","english":"PUNCH LINE","native":"パンチライン","userPreferred":"Punch Line"},"type":"ANIME"}},{"mediaRecommendation":{"id":101317,"title":{"romaji":"BLACKFOX","english":null,"native":"BLACKFOX","userPreferred":"BLACKFOX"},"type":"ANIME"}},{"mediaRecommendation":{"id":10721,"title":{"romaji":"Mawaru Penguindrum","english":"Penguindrum","native":"輪るピングドラム","userPreferred":"Mawaru Penguindrum"},"type":"ANIME"}},{"mediaRecommendation":{"id":21748,"title":{"romaji":"FLCL Alternative","english":"FLCL Alternative","native":"フリクリ オルタナ","userPreferred":"FLCL Alternative"},"type":"ANIME"}},{"mediaRecommendation":{"id":9078,"title":{"romaji":"Rokudenashi BLUES 1993","english":null,"native":"ろくでなしBLUES 1993","userPreferred":"Rokudenashi BLUES 1993"},"type":"ANIME"}},{"mediaRecommendation":{"id":227,"title":{"romaji":"FLCL","english":"FLCL","native":"フリクリ","userPreferred":"FLCL"},"type":"ANIME"}},{"mediaRecommendation":{"id":122434,"title":{"romaji":"Heion Sedai no Idaten-tachi","english":"The Idaten Deities Know Only Peace","native":"平穏世代の韋駄天達","userPreferred":"Heion Sedai no Idaten-tachi"},"type":"ANIME"}},{"mediaRecommendation":{"id":10357,"title":{"romaji":"Jinrui wa Suitai Shimashita","english":"Humanity Has Declined","native":"人類は衰退しました","userPreferred":"Jinrui wa Suitai Shimashita"},"type":"ANIME"}},{"mediaRecommendation":{"id":131878,"title":{"romaji":"Gyakuten Sekai no Denchi Shoujo","english":"RUMBLE GARANNDOLL","native":"逆転世界ノ電池少女","userPreferred":"Gyakuten Sekai no Denchi Shoujo"},"type":"ANIME"}}]}