{"id":20950,"idMal":33037,"title":{"romaji":"Tsukiuta. THE ANIMATION","english":"TSUKIUTA. The Animation","native":"ツキウタ。 THE ANIMATION","userPreferred":"Tsukiuta. THE ANIMATION"},"format":"TV","status":"FINISHED","episodes":13,"description":"Six Gravity and Procellarum are two rival male idol groups who happen to live in the same dorm. Six Gravity is made up of young men who represent the months of December to May, while Procellarum’s members represent June to November. Follow the daily lives of these twelve young men as they deal with the stresses of idol-hood, school, and living together. With music by famous Vocaloid producers!<br><br>\n\n(Source: FUNimation)","startDate":{"year":2016,"month":7,"day":6},"endDate":{"year":2016,"month":9,"day":28},"season":"SUMMER","seasonYear":2016,"duration":24,"countryOfOrigin":"JP","isLicensed":true,"source":"OTHER","hashtag":"#ツキアニ","trailer":null,"updatedAt":1706278537,"coverImage":{"large":"https://s4.anilist.co/file/anilistcdn/media/anime/cover/medium/20950-ZzshBLIPvQ3a.jpg","medium":"https://s4.anilist.co/file/anilistcdn/media/anime/cover/medium/20950-ZzshBLIPvQ3a.jpg","small":"https://s4.anilist.co/file/anilistcdn/media/anime/cover/small/20950-ZzshBLIPvQ3a.jpg","color":"#5d78e4"},"bannerImage":"https://s4.anilist.co/file/anilistcdn/media/anime/banner/20950-79PuhIyNIxlT.jpg","genres":["Music"],"synonyms":null,"averageScore":61,"meanScore":62,"favourites":75,"popularity":5735,"trending":0,"tags":[{"id":115,"name":"Idol","isMediaSpoiler":false},{"id":88,"name":"Primarily Male Cast","isMediaSpoiler":false},{"id":1063,"name":"Cute Boys Doing Cute Things","isMediaSpoiler":false},{"id":110,"name":"Band","isMediaSpoiler":false},{"id":105,"name":"Ensemble Cast","isMediaSpoiler":false}],"relations":[{"id":105244,"title":{"english":"TSUKIUTA. The Animation Season 2","native":"ツキウタ。 THE ANIMATION 2","romaji":"Tsukiuta. THE ANIMATION 2","userPreferred":"Tsukiuta. THE ANIMATION 2"},"type":"ANIME"},{"id":129859,"title":{"english":null,"native":"ツキウタ。SSアンソロジー","romaji":"Tsukiuta. SS Anthology","userPreferred":"Tsukiuta. SS Anthology"},"type":"MANGA"},{"id":169766,"title":{"english":null,"native":"ラビッツキングダム THE MOVIE","romaji":"RABBITS KINGDOM THE MOVIE","userPreferred":"RABBITS KINGDOM THE MOVIE"},"type":"ANIME"}],"characters":[{"id":122288,"name":"Kai Fuzuki"},{"id":122289,"name":"You Hazuki"},{"id":122290,"name":"Iku Kannazuki"},{"id":122291,"name":"Koi Kisaragi"},{"id":122292,"name":"Rui Minazuki"},{"id":122293,"name":"Hajime Mutsuki"},{"id":122403,"name":"Haru Yayoi"},{"id":122404,"name":"Arata Uzuki"},{"id":122405,"name":"Kakeru Shiwasu"},{"id":122406,"name":"Shun Shimotsuki"},{"id":122407,"name":"Aoi Satsuki"},{"id":122408,"name":"Yoru Nagatsuki"},{"id":227497,"name":"Wakaba Yuki"},{"id":270466,"name":"Akane Asagiri"}],"staff":[{"id":102561,"name":"Itsurou Kawasaki"},{"id":118421,"name":"Sayaka Harada"},{"id":100323,"name":"Yukiko Ban"},{"id":95672,"name":"Yuuki Kaji"},{"id":95098,"name":"Wataru Hatano"},{"id":107017,"name":"Toshiki Masuda"},{"id":95167,"name":"Tetsuya Kakihara"},{"id":96489,"name":"Tomoaki Maeno"},{"id":95206,"name":"Takashi Kondou"},{"id":109879,"name":"Shouta Aoi"},{"id":95097,"name":"Kousuke Toriumi"},{"id":100626,"name":"Yoshimasa Hosoya"},{"id":95857,"name":"KENN"},{"id":96762,"name":"Ryouhei Kimura"},{"id":95819,"name":"Kenshou Ono"},{"id":233755,"name":"Kikuo"},{"id":233755,"name":"Kikuo"},{"id":233756,"name":"takamatt"},{"id":233756,"name":"takamatt"},{"id":216439,"name":"Utata-P"},{"id":194497,"name":"Akira Takizawa"},{"id":216438,"name":"Tory Hitsuji"},{"id":194497,"name":"Akira Takizawa"},{"id":121504,"name":"Hitoshizuku-P"},{"id":233758,"name":"Yama△"}],"studios":[{"id":1,"name":"Studio Pierrot","isAnimationStudio":true},{"id":6109,"name":"Studio Signpost","isAnimationStudio":true}],"isFavourite":false,"isAdult":false,"isLocked":false,"nextAiringEpisode":null,"airingSchedule":[{"airingAt":1467813600,"timeUntilAiring":-238488531,"episode":1},{"airingAt":1468418400,"timeUntilAiring":-237883731,"episode":2},{"airingAt":1469023200,"timeUntilAiring":-237278931,"episode":3},{"airingAt":1469628000,"timeUntilAiring":-236674131,"episode":4},{"airingAt":1470232800,"timeUntilAiring":-236069331,"episode":5},{"airingAt":1470837600,"timeUntilAiring":-235464531,"episode":6},{"airingAt":1471442400,"timeUntilAiring":-234859731,"episode":7},{"airingAt":1472047200,"timeUntilAiring":-234254931,"episode":8},{"airingAt":1472652000,"timeUntilAiring":-233650131,"episode":9},{"airingAt":1473256800,"timeUntilAiring":-233045331,"episode":10},{"airingAt":1473861600,"timeUntilAiring":-232440531,"episode":11},{"airingAt":1474466400,"timeUntilAiring":-231835731,"episode":12},{"airingAt":1475071200,"timeUntilAiring":-231230931,"episode":13}],"trends":[{"date":1417618800,"trending":2,"popularity":null,"inProgress":null},{"date":1418828400,"trending":2,"popularity":null,"inProgress":null},{"date":1419001200,"trending":2,"popularity":null,"inProgress":null},{"date":1419174000,"trending":2,"popularity":null,"inProgress":null},{"date":1426777200,"trending":3,"popularity":null,"inProgress":null},{"date":1426950000,"trending":2,"popularity":null,"inProgress":null},{"date":1428678000,"trending":2,"popularity":null,"inProgress":null},{"date":1428764400,"trending":2,"popularity":null,"inProgress":null},{"date":1434121200,"trending":2,"popularity":null,"inProgress":null},{"date":1434985200,"trending":2,"popularity":null,"inProgress":null},{"date":1439218800,"trending":2,"popularity":null,"inProgress":null},{"date":1443106800,"trending":2,"popularity":null,"inProgress":null},{"date":1449414000,"trending":2,"popularity":null,"inProgress":null},{"date":1450450800,"trending":2,"popularity":null,"inProgress":null},{"date":1455202800,"trending":2,"popularity":null,"inProgress":null},{"date":1459004400,"trending":4,"popularity":null,"inProgress":null},{"date":1459090800,"trending":6,"popularity":null,"inProgress":null},{"date":1459350000,"trending":2,"popularity":null,"inProgress":null},{"date":1459522800,"trending":4,"popularity":null,"inProgress":null},{"date":1459782000,"trending":3,"popularity":null,"inProgress":null},{"date":1459954800,"trending":2,"popularity":null,"inProgress":null},{"date":1460041200,"trending":2,"popularity":null,"inProgress":null},{"date":1460732400,"trending":2,"popularity":null,"inProgress":null},{"date":1461250800,"trending":3,"popularity":null,"inProgress":null},{"date":1461423600,"trending":3,"popularity":null,"inProgress":null}],"externalLinks":["https://twitter.com/tsukiani_info","http://www.tsukiani.com/","http://www.funimation.com/shows/tsukiuta-the-animation"],"streamingEpisodes":[],"rankings":[{"rank":27,"type":"RATED","context":"highest rated","year":2016,"season":"SUMMER"}],"mediaListEntry":null,"reviews":null,"siteUrl":"https://anilist.co/anime/20950","autoCreateForumThread":false,"modNotes":null,"stats":{"scoreDistribution":[{"score":10,"amount":66},{"score":20,"amount":40},{"score":30,"amount":78},{"score":40,"amount":103},{"score":50,"amount":217},{"score":60,"amount":278},{"score":70,"amount":328},{"score":80,"amount":198},{"score":90,"amount":128},{"score":100,"amount":94}],"statusDistribution":[{"status":"CURRENT","amount":309},{"status":"PLANNING","amount":2540},{"status":"COMPLETED","amount":2074},{"status":"DROPPED","amount":544},{"status":"PAUSED","amount":268}]},"isRecommendationBlocked":false,"recommendations":[{"mediaRecommendation":{"id":21512,"title":{"romaji":"Ensemble Stars!","english":"Ensemble Stars!","native":"あんさんぶるスターズ！","userPreferred":"Ensemble Stars!"},"type":"ANIME"}},{"mediaRecommendation":{"id":98310,"title":{"romaji":"The Idolm@ster SideM","english":"THE IDOLM@STER Side M","native":"アイドルマスター SideM","userPreferred":"The Idolm@ster SideM"},"type":"ANIME"}},{"mediaRecommendation":{"id":87495,"title":{"romaji":"IDOLiSH7","english":"IDOLiSH7","native":"アイドリッシュセブン","userPreferred":"IDOLiSH7"},"type":"ANIME"}},{"mediaRecommendation":{"id":21751,"title":{"romaji":"B-PROJECT: Kodou*Ambitious","english":"B-PROJECT","native":"B-PROJECT～鼓動＊アンビシャス～","userPreferred":"B-PROJECT: Kodou*Ambitious"},"type":"ANIME"}},{"mediaRecommendation":{"id":97904,"title":{"romaji":"TSUKIPRO THE ANIMATION","english":"TSUKIPRO THE ANIMATION","native":"TSUKIPRO THE ANIMATION","userPreferred":"TSUKIPRO THE ANIMATION"},"type":"ANIME"}},{"mediaRecommendation":{"id":21645,"title":{"romaji":"MARGINAL#4: KISS kara Tsukuru Big Bang","english":"MARGINAL #4 the Animation","native":"MARGINAL#4 KISSから創造るBig Bang","userPreferred":"MARGINAL#4: KISS kara Tsukuru Big Bang"},"type":"ANIME"}},{"mediaRecommendation":{"id":21118,"title":{"romaji":"Star Mu","english":"STARMYU","native":"スタミュ","userPreferred":"Star Mu"},"type":"ANIME"}},{"mediaRecommendation":{"id":10321,"title":{"romaji":"Uta no☆Prince-sama♪ Maji LOVE 1000%","english":"Uta no Prince Sama","native":"うたの☆プリンスさまっ♪ マジLOVE1000%","userPreferred":"Uta no☆Prince-sama♪ Maji LOVE 1000%"},"type":"ANIME"}},{"mediaRecommendation":{"id":109010,"title":{"romaji":"I★CHU: HALFWAY THROUGH THE IDOL","english":"I★CHU","native":"アイ★チュウ HALFWAY THROUGH THE IDOL","userPreferred":"I★CHU: HALFWAY THROUGH THE IDOL"},"type":"ANIME"}},{"mediaRecommendation":{"id":125909,"title":{"romaji":"TSUKIPRO THE ANIMATION 2","english":"TSUKIPRO THE ANIMATION 2","native":"TSUKIPRO THE ANIMATION 2","userPreferred":"TSUKIPRO THE ANIMATION 2"},"type":"ANIME"}},{"mediaRecommendation":{"id":131584,"title":{"romaji":"Visual Prison","english":"VISUAL PRISON","native":"ヴィジュアルプリズン","userPreferred":"Visual Prison"},"type":"ANIME"}},{"mediaRecommendation":{"id":21850,"title":{"romaji":"Magic-kyun! Renaissance","english":"Magic-Kyun! Renaissance","native":"マジきゅんっ！ルネッサンス","userPreferred":"Magic-kyun! Renaissance"},"type":"ANIME"}}]}