{"id":20991,"idMal":28883,"title":{"romaji":"Hidan no Aria AA","english":"Aria the Scarlet Ammo AA","native":"緋弾のアリアAA","userPreferred":"Hidan no Aria AA"},"format":"TV","status":"FINISHED","episodes":12,"description":"A young girl idolizes the world-renowned S-ranked butei Kanzaki H. Aria and plans to follow in her footsteps. However, her test grades her out as only an E-rank! All is not lost, however, as Aria agrees to give her some pointers. Can Aria help this newcomer become a first-rate butei?","startDate":{"year":2015,"month":10,"day":6},"endDate":{"year":2015,"month":12,"day":22},"season":"FALL","seasonYear":2015,"duration":23,"countryOfOrigin":"JP","isLicensed":true,"source":"MANGA","hashtag":"#ariaaa","trailer":"https://www.youtube.com/watch?v=eal1b3JztN4","updatedAt":1706277996,"coverImage":{"large":"https://s4.anilist.co/file/anilistcdn/media/anime/cover/large/bx20991-bYPGhJvthBWI.png","medium":"https://s4.anilist.co/file/anilistcdn/media/anime/cover/medium/bx20991-bYPGhJvthBWI.png","small":"https://s4.anilist.co/file/anilistcdn/media/anime/cover/small/bx20991-bYPGhJvthBWI.png","color":"#e46b43"},"bannerImage":"https://s4.anilist.co/file/anilistcdn/media/anime/banner/20991-KrhvvvCYXWPO.png","genres":["Action","Adventure","Comedy"],"synonyms":null,"averageScore":58,"meanScore":58,"favourites":101,"popularity":18783,"trending":0,"tags":[{"id":157,"name":"Guns","isMediaSpoiler":false},{"id":98,"name":"Female Protagonist","isMediaSpoiler":false},{"id":86,"name":"Primarily Female Cast","isMediaSpoiler":false},{"id":46,"name":"School","isMediaSpoiler":false},{"id":76,"name":"Yuri","isMediaSpoiler":true},{"id":779,"name":"Kuudere","isMediaSpoiler":false},{"id":163,"name":"Yandere","isMediaSpoiler":false},{"id":50,"name":"Seinen","isMediaSpoiler":false},{"id":1228,"name":"Primarily Teen Cast","isMediaSpoiler":false}],"relations":[{"id":56771,"title":{"english":"Hidan no Aria AA","native":"緋弾のアリアAA","romaji":"Hidan no Aria AA","userPreferred":"Hidan no Aria AA"},"type":"MANGA"},{"id":8630,"title":{"english":"Aria the Scarlet Ammo","native":"緋弾のアリア","romaji":"Hidan no Aria","userPreferred":"Hidan no Aria"},"type":"ANIME"}],"characters":[{"id":55489,"name":"Akari Mamiya"},{"id":30046,"name":"Aria Holmes Kanzaki"},{"id":85057,"name":"Hina Fuuma"},{"id":30048,"name":"Kinji Tooyama"},{"id":55491,"name":"Raika Hino"},{"id":55493,"name":"Shino Sasaki"},{"id":190942,"name":"Urara  Takachiho"},{"id":299288,"name":"Kirin Shima"}],"staff":[{"id":111351,"name":"Shogako Tachibana"},{"id":104911,"name":"Chuugaku Akamatsu"},{"id":111333,"name":"Takashi Kawabata"},{"id":103067,"name":"Fumihiko Shimo"},{"id":101527,"name":"Miwa Ooshima"},{"id":121207,"name":"Kouhei Hashimoto"},{"id":121390,"name":"Takurou Iga"},{"id":121900,"name":"Chisato Kikunaga"},{"id":122948,"name":"Hiroyuki Ookaji"},{"id":111479,"name":"nano"},{"id":192612,"name":"Yuusuke Yamamoto"}],"studios":[{"id":95,"name":"Doga Kobo","isAnimationStudio":true},{"id":464,"name":"flying DOG","isAnimationStudio":false},{"id":6454,"name":"Madman Entertainment","isAnimationStudio":false},{"id":102,"name":"Funimation","isAnimationStudio":false}],"isFavourite":false,"isAdult":false,"isLocked":false,"nextAiringEpisode":null,"airingSchedule":[{"airingAt":1444140000,"timeUntilAiring":-262162815,"episode":1},{"airingAt":1444744800,"timeUntilAiring":-261558015,"episode":2},{"airingAt":1445349600,"timeUntilAiring":-260953215,"episode":3},{"airingAt":1445954400,"timeUntilAiring":-260348415,"episode":4},{"airingAt":1446559200,"timeUntilAiring":-259743615,"episode":5},{"airingAt":1447164000,"timeUntilAiring":-259138815,"episode":6},{"airingAt":1447768800,"timeUntilAiring":-258534015,"episode":7},{"airingAt":1448373600,"timeUntilAiring":-257929215,"episode":8},{"airingAt":1448978400,"timeUntilAiring":-257324415,"episode":9},{"airingAt":1449583200,"timeUntilAiring":-256719615,"episode":10},{"airingAt":1450188000,"timeUntilAiring":-256114815,"episode":11},{"airingAt":1450792800,"timeUntilAiring":-255510015,"episode":12}],"trends":[{"date":1419001200,"trending":19,"popularity":null,"inProgress":null},{"date":1419087600,"trending":10,"popularity":null,"inProgress":null},{"date":1419174000,"trending":5,"popularity":null,"inProgress":null},{"date":1419260400,"trending":7,"popularity":null,"inProgress":null},{"date":1419346800,"trending":5,"popularity":null,"inProgress":null},{"date":1419433200,"trending":2,"popularity":null,"inProgress":null},{"date":1419519600,"trending":8,"popularity":null,"inProgress":null},{"date":1419606000,"trending":4,"popularity":null,"inProgress":null},{"date":1419692400,"trending":4,"popularity":null,"inProgress":null},{"date":1419778800,"trending":8,"popularity":null,"inProgress":null},{"date":1419865200,"trending":5,"popularity":null,"inProgress":null},{"date":1420038000,"trending":2,"popularity":null,"inProgress":null},{"date":1420124400,"trending":3,"popularity":null,"inProgress":null},{"date":1420297200,"trending":2,"popularity":null,"inProgress":null},{"date":1420383600,"trending":2,"popularity":null,"inProgress":null},{"date":1420470000,"trending":3,"popularity":null,"inProgress":null},{"date":1420642800,"trending":2,"popularity":null,"inProgress":null},{"date":1420729200,"trending":4,"popularity":null,"inProgress":null},{"date":1420902000,"trending":2,"popularity":null,"inProgress":null},{"date":1420988400,"trending":2,"popularity":null,"inProgress":null},{"date":1421247600,"trending":2,"popularity":null,"inProgress":null},{"date":1421506800,"trending":2,"popularity":null,"inProgress":null},{"date":1421766000,"trending":3,"popularity":null,"inProgress":null},{"date":1422543600,"trending":2,"popularity":null,"inProgress":null},{"date":1422802800,"trending":2,"popularity":null,"inProgress":null}],"externalLinks":["http://ariaaa.tv/","https://www.hulu.com/series/aria-the-scarlet-ammo-505fb364-8151-4e1d-8f65-d3eff694fcf2","https://www.funimation.com/shows/aria-the-scarlet-ammo/"],"streamingEpisodes":[],"rankings":[{"rank":95,"type":"POPULAR","context":"most popular","year":2015,"season":null},{"rank":30,"type":"RATED","context":"highest rated","year":2015,"season":"FALL"},{"rank":26,"type":"POPULAR","context":"most popular","year":2015,"season":"FALL"}],"mediaListEntry":null,"reviews":null,"siteUrl":"https://anilist.co/anime/20991","autoCreateForumThread":false,"modNotes":null,"stats":{"scoreDistribution":[{"score":10,"amount":165},{"score":20,"amount":217},{"score":30,"amount":405},{"score":40,"amount":663},{"score":50,"amount":1186},{"score":60,"amount":1728},{"score":70,"amount":1490},{"score":80,"amount":678},{"score":90,"amount":308},{"score":100,"amount":222}],"statusDistribution":[{"status":"CURRENT","amount":781},{"status":"PLANNING","amount":5070},{"status":"COMPLETED","amount":10731},{"status":"DROPPED","amount":1636},{"status":"PAUSED","amount":565}]},"isRecommendationBlocked":false,"recommendations":[{"mediaRecommendation":{"id":889,"title":{"romaji":"BLACK LAGOON","english":"Black Lagoon","native":"BLACK LAGOON","userPreferred":"BLACK LAGOON"},"type":"ANIME"}},{"mediaRecommendation":{"id":17167,"title":{"romaji":"Akai Koudan Zillion Specials","english":"Zillion Specials","native":"JJ対リックス·宿命の対決","userPreferred":"Akai Koudan Zillion Specials"},"type":"ANIME"}},{"mediaRecommendation":{"id":1706,"title":{"romaji":"Gun Frontier","english":null,"native":"ガンフロンティア","userPreferred":"Gun Frontier"},"type":"ANIME"}},{"mediaRecommendation":{"id":4522,"title":{"romaji":"The Hard: BOUNTY HUNTER","english":"Bounty Hunter: the Hard","native":"ザ・ハード BOUNTY HUNTER","userPreferred":"The Hard: BOUNTY HUNTER"},"type":"ANIME"}},{"mediaRecommendation":{"id":2010,"title":{"romaji":"Taiho Shichauzo No Mercy!!","english":null,"native":"逮捕しちゃうぞ イン アメリカ","userPreferred":"Taiho Shichauzo No Mercy!!"},"type":"ANIME"}},{"mediaRecommendation":{"id":20547,"title":{"romaji":"Soul Eater Not!","english":null,"native":"ソウルイータノット！","userPreferred":"Soul Eater Not!"},"type":"ANIME"}}]}