{"id":21020,"idMal":27737,"title":{"romaji":"Battle Spirits: Burning Soul","english":null,"native":"バトルスピリッツ 烈火魂","userPreferred":"Battle Spirits: Burning Soul"},"format":"TV","status":"FINISHED","episodes":51,"description":"In the near future, a battle card game called \"Battle Spirits\" has gained enormous popularity. Players of the game -- known as \"Battlers\" -- start duelings everywhere using their color-coded cards with different attributes, creating a \"Sengoku (Warring States) period\" for the game. <br><br>\n(Source: ANN)","startDate":{"year":2015,"month":4,"day":1},"endDate":{"year":2016,"month":3,"day":30},"season":"SPRING","seasonYear":2015,"duration":22,"countryOfOrigin":"JP","isLicensed":true,"source":"OTHER","hashtag":"#バトスピ #bs_animation #バーニングソウル","trailer":"https://www.youtube.com/watch?v=db7cc4JPv14","updatedAt":1706277834,"coverImage":{"large":"https://s4.anilist.co/file/anilistcdn/media/anime/cover/large/bx21020-3svdVaLFmVWY.jpg","medium":"https://s4.anilist.co/file/anilistcdn/media/anime/cover/medium/bx21020-3svdVaLFmVWY.jpg","small":"https://s4.anilist.co/file/anilistcdn/media/anime/cover/small/bx21020-3svdVaLFmVWY.jpg","color":"#f1a135"},"bannerImage":"https://s4.anilist.co/file/anilistcdn/media/anime/banner/21020-Fflvtxalipnk.jpg","genres":["Action"],"synonyms":["バトルスピリッツバーニングソウル"],"averageScore":56,"meanScore":59,"favourites":10,"popularity":931,"trending":0,"tags":[{"id":28,"name":"Kids","isMediaSpoiler":false},{"id":178,"name":"Card Battle","isMediaSpoiler":false}],"relations":[{"id":5082,"title":{"english":null,"native":"バトルスピリッツ 少年突破バシン","romaji":"Battle Spirits: Shounen Toppa Bashin","userPreferred":"Battle Spirits: Shounen Toppa Bashin"},"type":"ANIME"},{"id":21635,"title":{"english":null,"native":"バトルスピリッツ ダブルドライブ","romaji":"Battle Spirits: Double Drive","userPreferred":"Battle Spirits: Double Drive"},"type":"ANIME"},{"id":19825,"title":{"english":"Battle Spirits: Strongest Galaxy Ultimate Zero","native":"最強銀河 究極[アルティメット]ゼロ~バトルスピリッツ~","romaji":"Battle Spirits: Saikyou Ginga Ultimate Zero","userPreferred":"Battle Spirits: Saikyou Ginga Ultimate Zero"},"type":"ANIME"},{"id":11017,"title":{"english":null,"native":"バトルスピリッツ 覇王（ヒーローズ）","romaji":"Battle Spirits: Heroes","userPreferred":"Battle Spirits: Heroes"},"type":"ANIME"},{"id":6901,"title":{"english":null,"native":"バトルスピリッツ 少年激覇ダン","romaji":"Battle Spirits: Shounen Gekiha Dan","userPreferred":"Battle Spirits: Shounen Gekiha Dan"},"type":"ANIME"},{"id":14913,"title":{"english":null,"native":"バトルスピリッツ ソードアイズ","romaji":"Battle Spirits: Sword Eyes","userPreferred":"Battle Spirits: Sword Eyes"},"type":"ANIME"},{"id":21635,"title":{"english":null,"native":"バトルスピリッツ ダブルドライブ","romaji":"Battle Spirits: Double Drive","userPreferred":"Battle Spirits: Double Drive"},"type":"ANIME"},{"id":5082,"title":{"english":null,"native":"バトルスピリッツ 少年突破バシン","romaji":"Battle Spirits: Shounen Toppa Bashin","userPreferred":"Battle Spirits: Shounen Toppa Bashin"},"type":"ANIME"}],"characters":[{"id":180105,"name":"Sasuke Akatsuki"},{"id":180106,"name":"Kanna Kuroda"},{"id":180108,"name":"Nagayori Akai"},{"id":180107,"name":"Yukimura Rekka"},{"id":180109,"name":"Dairokuten Maou"},{"id":180110,"name":"Souun Gunjou"},{"id":180112,"name":"Kanetsugu Houryokuin"},{"id":180115,"name":"Okuni Midoriyama"},{"id":36309,"name":"Narrator"},{"id":180114,"name":"Toukichirou Mashira"},{"id":180113,"name":"Hanzou Hyakki"},{"id":180116,"name":"Shingen Shidou"},{"id":180118,"name":"Kenshin Shirogane"},{"id":180117,"name":"Ranmaru Shikigami"},{"id":180119,"name":"Taichi"},{"id":180120,"name":"Takuma"},{"id":180121,"name":"Yuuya"},{"id":180111,"name":"Toshiie Homura"},{"id":28268,"name":"Toppa Bashin"}],"staff":[{"id":100650,"name":"Kunihisa Sugishima"},{"id":105213,"name":"Katsumi Hasegawa"},{"id":111061,"name":"Yoshinori Yumoto"},{"id":97994,"name":"Kenta Shinohara"},{"id":120064,"name":"Mariko Itou"},{"id":122252,"name":"Norifumi Nakamura"},{"id":120026,"name":"Nobuaki Nobusawa"},{"id":122332,"name":"Aya Nakanishi"},{"id":119818,"name":"Yasunori Yamada"},{"id":124291,"name":"Naoko Kuwabara"},{"id":122980,"name":"Fo'xTails"},{"id":238025,"name":"Takashi Itou"},{"id":238024,"name":"Tomoyuki Ueki"},{"id":228009,"name":"Shinpei Nagashima"},{"id":146425,"name":"Naoki Watanabe"},{"id":104604,"name":"Naoto Tsushima"},{"id":150944,"name":"Akiko Shibata"},{"id":144518,"name":"Sadayoshi Fujino"}],"studios":[{"id":14,"name":"Sunrise","isAnimationStudio":true},{"id":139,"name":"NAS","isAnimationStudio":false},{"id":6116,"name":"Bandai Namco Pictures","isAnimationStudio":true},{"id":16,"name":"TV Tokyo","isAnimationStudio":false}],"isFavourite":false,"isAdult":false,"isLocked":false,"nextAiringEpisode":null,"airingSchedule":[{"airingAt":1427880600,"timeUntilAiring":-278422047,"episode":1},{"airingAt":1428485400,"timeUntilAiring":-277817247,"episode":2},{"airingAt":1429090200,"timeUntilAiring":-277212447,"episode":3},{"airingAt":1429695000,"timeUntilAiring":-276607647,"episode":4},{"airingAt":1430299800,"timeUntilAiring":-276002847,"episode":5},{"airingAt":1430904600,"timeUntilAiring":-275398047,"episode":6},{"airingAt":1431509400,"timeUntilAiring":-274793247,"episode":7},{"airingAt":1432114200,"timeUntilAiring":-274188447,"episode":8},{"airingAt":1432719000,"timeUntilAiring":-273583647,"episode":9},{"airingAt":1433323800,"timeUntilAiring":-272978847,"episode":10},{"airingAt":1433928600,"timeUntilAiring":-272374047,"episode":11},{"airingAt":1434533400,"timeUntilAiring":-271769247,"episode":12},{"airingAt":1435138200,"timeUntilAiring":-271164447,"episode":13}],"trends":[{"date":1427295600,"trending":2,"popularity":null,"inProgress":null},{"date":1427900400,"trending":2,"popularity":null,"inProgress":null},{"date":1428159600,"trending":3,"popularity":null,"inProgress":null},{"date":1428332400,"trending":2,"popularity":null,"inProgress":null},{"date":1428505200,"trending":2,"popularity":null,"inProgress":null},{"date":1428591600,"trending":3,"popularity":null,"inProgress":null},{"date":1428850800,"trending":3,"popularity":null,"inProgress":null},{"date":1429023600,"trending":2,"popularity":null,"inProgress":null},{"date":1429196400,"trending":4,"popularity":null,"inProgress":null},{"date":1429714800,"trending":2,"popularity":null,"inProgress":null},{"date":1430319600,"trending":3,"popularity":null,"inProgress":null},{"date":1430406000,"trending":2,"popularity":null,"inProgress":null},{"date":1430665200,"trending":2,"popularity":null,"inProgress":null},{"date":1431010800,"trending":3,"popularity":null,"inProgress":null},{"date":1431702000,"trending":2,"popularity":null,"inProgress":null},{"date":1432220400,"trending":2,"popularity":null,"inProgress":null},{"date":1434466800,"trending":2,"popularity":null,"inProgress":null},{"date":1435849200,"trending":2,"popularity":null,"inProgress":null},{"date":1443711600,"trending":2,"popularity":null,"inProgress":null},{"date":1445526000,"trending":2,"popularity":null,"inProgress":null},{"date":1446735600,"trending":2,"popularity":null,"inProgress":null},{"date":1450364400,"trending":3,"popularity":null,"inProgress":null},{"date":1453993200,"trending":2,"popularity":null,"inProgress":null},{"date":1455807600,"trending":2,"popularity":null,"inProgress":null},{"date":1527433200,"trending":1,"popularity":127,"inProgress":11}],"externalLinks":["http://www.sunrise-inc.co.jp/battlespirits7/index.html","http://www.battlespirits.com/","https://twitter.com/bs_animation"],"streamingEpisodes":[],"rankings":[],"mediaListEntry":null,"reviews":null,"siteUrl":"https://anilist.co/anime/21020","autoCreateForumThread":false,"modNotes":null,"stats":{"scoreDistribution":[{"score":10,"amount":11},{"score":20,"amount":13},{"score":30,"amount":7},{"score":40,"amount":10},{"score":50,"amount":49},{"score":60,"amount":54},{"score":70,"amount":49},{"score":80,"amount":28},{"score":90,"amount":22},{"score":100,"amount":12}],"statusDistribution":[{"status":"CURRENT","amount":82},{"status":"PLANNING","amount":336},{"status":"COMPLETED","amount":346},{"status":"DROPPED","amount":103},{"status":"PAUSED","amount":64}]},"isRecommendationBlocked":false,"recommendations":[{"mediaRecommendation":{"id":112325,"title":{"romaji":"Shadowverse","english":"Shadowverse","native":"シャドウバース","userPreferred":"Shadowverse"},"type":"ANIME"}},{"mediaRecommendation":{"id":8410,"title":{"romaji":"Metal Fight Beyblade: Baku","english":"Beyblade: Metal Masters","native":"メタルファイト ベイブレード～爆～","userPreferred":"Metal Fight Beyblade: Baku"},"type":"ANIME"}},{"mediaRecommendation":{"id":1685,"title":{"romaji":"Duel Masters","english":null,"native":"デュエル・マスターズ","userPreferred":"Duel Masters"},"type":"ANIME"}},{"mediaRecommendation":{"id":13145,"title":{"romaji":"Cardfight!! Vanguard: Asia Circuit-hen","english":"Cardfight!! Vanguard Asia Circuit","native":"カードファイト!! ヴァンガード アジアサーキット編","userPreferred":"Cardfight!! Vanguard: Asia Circuit-hen"},"type":"ANIME"}},{"mediaRecommendation":{"id":5962,"title":{"romaji":"Metal Fight Beyblade","english":"Beyblade: Metal Fusion","native":"メタルファイト ベイブレード","userPreferred":"Metal Fight Beyblade"},"type":"ANIME"}},{"mediaRecommendation":{"id":11017,"title":{"romaji":"Battle Spirits: Heroes","english":null,"native":"バトルスピリッツ 覇王（ヒーローズ）","userPreferred":"Battle Spirits: Heroes"},"type":"ANIME"}},{"mediaRecommendation":{"id":101424,"title":{"romaji":"PazuDora","english":"Puzzle & Dragon","native":"パズドラ","userPreferred":"PazuDora"},"type":"ANIME"}},{"mediaRecommendation":{"id":139212,"title":{"romaji":"Cardfight!! Vanguard: will+Dress","english":"Cardfight!! Vanguard will+Dress","native":"カードファイト!! ヴァンガード will+Dress","userPreferred":"Cardfight!! Vanguard: will+Dress"},"type":"ANIME"}}]}