{"id":21213,"idMal":30895,"title":{"romaji":"Haruchika: Haruta to Chika wa Seishun Suru","english":"Haruchika - Haruta & Chika","native":"ハルチカ～ハルタとチカは青春する～","userPreferred":"Haruchika: Haruta to Chika wa Seishun Suru"},"format":"TV","status":"FINISHED","episodes":12,"description":"Things look bleak for the school’s Wind Instrument Club until childhood friends Haruta and Chika step in to save the day. When they aren’t practicing to perfect their own playing, they’re working hard to save the club by recruiting new members. After a series of mysteries shock the school, they’ll have to add junior detectives to their already impressive resumes.\n<br>\n<br>\n(Source: FUNimation)","startDate":{"year":2016,"month":1,"day":7},"endDate":{"year":2016,"month":3,"day":24},"season":"WINTER","seasonYear":2016,"duration":24,"countryOfOrigin":"JP","isLicensed":true,"source":"OTHER","hashtag":"#ハルチカ","trailer":"https://www.youtube.com/watch?v=m21NmwIIuqM","updatedAt":1706276841,"coverImage":{"large":"https://s4.anilist.co/file/anilistcdn/media/anime/cover/large/bx21213-9TdiQ4jB6Jiv.jpg","medium":"https://s4.anilist.co/file/anilistcdn/media/anime/cover/medium/bx21213-9TdiQ4jB6Jiv.jpg","small":"https://s4.anilist.co/file/anilistcdn/media/anime/cover/small/bx21213-9TdiQ4jB6Jiv.jpg","color":"#e4935d"},"bannerImage":"https://s4.anilist.co/file/anilistcdn/media/anime/banner/n21213-1z2LH8jQL10D.jpg","genres":["Music","Mystery","Romance","Slice of Life"],"synonyms":null,"averageScore":58,"meanScore":58,"favourites":78,"popularity":19340,"trending":0,"tags":[{"id":46,"name":"School","isMediaSpoiler":false},{"id":110,"name":"Band","isMediaSpoiler":false},{"id":139,"name":"Love Triangle","isMediaSpoiler":false},{"id":84,"name":"School Club","isMediaSpoiler":false},{"id":265,"name":"Musical","isMediaSpoiler":false},{"id":294,"name":"Bisexual","isMediaSpoiler":false},{"id":694,"name":"Detective","isMediaSpoiler":false},{"id":483,"name":"LGBTQ+ Themes","isMediaSpoiler":false}],"relations":[{"id":86531,"title":{"english":null,"native":"ハルチカ ～ハルタとチカは青春する～","romaji":"HaruChika: Haruta to Chika wa Seishun suru","userPreferred":"HaruChika: Haruta to Chika wa Seishun suru"},"type":"MANGA"}],"characters":[{"id":89327,"name":"Chika Homura"},{"id":89328,"name":"Haruta Kamijou"},{"id":89329,"name":"Shinjirou Kusakabe"},{"id":199554,"name":"Tooru Asagiri"},{"id":199555,"name":"Kae Asahina"},{"id":199556,"name":"Sae Asahina"},{"id":199557,"name":"Yaeko Fujima"},{"id":199558,"name":"Akari Gotou"},{"id":199559,"name":"Kaiyuu Hiyama"},{"id":199562,"name":"Maren no Chichi"},{"id":199561,"name":"Keisuke Katagiri"},{"id":199564,"name":"Minami Kamijou"},{"id":199565,"name":"Shunya Nagoe"},{"id":199566,"name":"Satoshi Narushima"},{"id":199567,"name":"Narushima no Haha"},{"id":199568,"name":"Miyoko Narushima"},{"id":199569,"name":"Narushima no Chichi"},{"id":199570,"name":"Mayu Nishikawa"},{"id":199571,"name":"Maren Sei"},{"id":199572,"name":"Naoko Serizawa"},{"id":234211,"name":"Watanabe Takuya"}],"staff":[{"id":111395,"name":"Masakazu Hashimoto"},{"id":97076,"name":"Reiko Yoshida"},{"id":111163,"name":"Asako Nishida"},{"id":119392,"name":"Sei Hatsuno"},{"id":132764,"name":"Namaniku ATK"},{"id":119690,"name":"Takeshi Yasuda"},{"id":160492,"name":"Mayumi Miyaoka"},{"id":151935,"name":"Yurie Oohigashi"},{"id":102689,"name":"Shiro Hamaguchi"},{"id":146865,"name":"Ayumu Takahashi"},{"id":142411,"name":"Katsuhiro Nakano"},{"id":160492,"name":"Mayumi Miyaoka"},{"id":104675,"name":"Kenji Horikawa"},{"id":153558,"name":"Chie Katou"},{"id":158911,"name":"Rie Katou"},{"id":151935,"name":"Yurie Oohigashi"},{"id":128664,"name":"Satoshi Namiki"},{"id":155858,"name":"Junichirou Tamura"},{"id":132762,"name":"Ayumi Satou"},{"id":165216,"name":"Yukiko Katou"},{"id":165201,"name":"Mitsuhito Tsuji"},{"id":104340,"name":"Masahiro Murakami"},{"id":148345,"name":"Noboru Sugimitsu"},{"id":148174,"name":"Terushige Yoshie"},{"id":146229,"name":"Katsue Inoue"}],"studios":[{"id":132,"name":"P.A. Works","isAnimationStudio":true},{"id":6158,"name":"Glovision","isAnimationStudio":false}],"isFavourite":false,"isAdult":false,"isLocked":false,"nextAiringEpisode":null,"airingSchedule":[{"airingAt":1452098100,"timeUntilAiring":-254203790,"episode":1},{"airingAt":1452702900,"timeUntilAiring":-253598990,"episode":2},{"airingAt":1453307700,"timeUntilAiring":-252994190,"episode":3},{"airingAt":1453912500,"timeUntilAiring":-252389390,"episode":4},{"airingAt":1454517300,"timeUntilAiring":-251784590,"episode":5},{"airingAt":1455122100,"timeUntilAiring":-251179790,"episode":6},{"airingAt":1455726900,"timeUntilAiring":-250574990,"episode":7},{"airingAt":1456331700,"timeUntilAiring":-249970190,"episode":8},{"airingAt":1456936500,"timeUntilAiring":-249365390,"episode":9},{"airingAt":1457541300,"timeUntilAiring":-248760590,"episode":10},{"airingAt":1458146100,"timeUntilAiring":-248155790,"episode":11},{"airingAt":1458750900,"timeUntilAiring":-247550990,"episode":12}],"trends":[{"date":1433516400,"trending":9,"popularity":null,"inProgress":null},{"date":1433602800,"trending":18,"popularity":null,"inProgress":null},{"date":1433689200,"trending":13,"popularity":null,"inProgress":null},{"date":1433775600,"trending":6,"popularity":null,"inProgress":null},{"date":1433948400,"trending":4,"popularity":null,"inProgress":null},{"date":1434034800,"trending":8,"popularity":null,"inProgress":null},{"date":1434207600,"trending":2,"popularity":null,"inProgress":null},{"date":1434294000,"trending":3,"popularity":null,"inProgress":null},{"date":1434380400,"trending":3,"popularity":null,"inProgress":null},{"date":1434466800,"trending":5,"popularity":null,"inProgress":null},{"date":1434553200,"trending":2,"popularity":null,"inProgress":null},{"date":1434639600,"trending":4,"popularity":null,"inProgress":null},{"date":1435071600,"trending":4,"popularity":null,"inProgress":null},{"date":1435244400,"trending":2,"popularity":null,"inProgress":null},{"date":1435417200,"trending":2,"popularity":null,"inProgress":null},{"date":1435503600,"trending":2,"popularity":null,"inProgress":null},{"date":1436022000,"trending":2,"popularity":null,"inProgress":null},{"date":1436281200,"trending":3,"popularity":null,"inProgress":null},{"date":1436626800,"trending":2,"popularity":null,"inProgress":null},{"date":1437750000,"trending":2,"popularity":null,"inProgress":null},{"date":1438786800,"trending":2,"popularity":null,"inProgress":null},{"date":1438873200,"trending":8,"popularity":null,"inProgress":null},{"date":1438959600,"trending":4,"popularity":null,"inProgress":null},{"date":1439046000,"trending":4,"popularity":null,"inProgress":null},{"date":1439218800,"trending":3,"popularity":null,"inProgress":null}],"externalLinks":["http://haruchika-anime.jp/","https://twitter.com/haruta_chika","http://www.funimation.com/shows/haruchika"],"streamingEpisodes":[],"rankings":[{"rank":92,"type":"POPULAR","context":"most popular","year":2016,"season":null},{"rank":22,"type":"RATED","context":"highest rated","year":2016,"season":"WINTER"},{"rank":20,"type":"POPULAR","context":"most popular","year":2016,"season":"WINTER"}],"mediaListEntry":null,"reviews":null,"siteUrl":"https://anilist.co/anime/21213","autoCreateForumThread":false,"modNotes":null,"stats":{"scoreDistribution":[{"score":10,"amount":141},{"score":20,"amount":172},{"score":30,"amount":321},{"score":40,"amount":670},{"score":50,"amount":1196},{"score":60,"amount":1513},{"score":70,"amount":1440},{"score":80,"amount":762},{"score":90,"amount":240},{"score":100,"amount":134}],"statusDistribution":[{"status":"CURRENT","amount":923},{"status":"PLANNING","amount":6880},{"status":"COMPLETED","amount":7742},{"status":"DROPPED","amount":2971},{"status":"PAUSED","amount":824}]},"isRecommendationBlocked":false,"recommendations":[{"mediaRecommendation":{"id":20698,"title":{"romaji":"Yahari Ore no Seishun Love Come wa Machigatteiru. Zoku","english":"My Teen Romantic Comedy SNAFU TOO!","native":"やはり俺の青春ラブコメはまちがっている。続","userPreferred":"Yahari Ore no Seishun Love Come wa Machigatteiru. Zoku"},"type":"ANIME"}},{"mediaRecommendation":{"id":12189,"title":{"romaji":"Hyouka","english":"Hyouka","native":"氷菓","userPreferred":"Hyouka"},"type":"ANIME"}},{"mediaRecommendation":{"id":13333,"title":{"romaji":"TARI TARI","english":"Tari Tari","native":"TARI TARI","userPreferred":"TARI TARI"},"type":"ANIME"}},{"mediaRecommendation":{"id":21066,"title":{"romaji":"Sakurako-san no Ashimoto ni wa Shitai ga Umatteiru","english":"Beautiful Bones -Sakurako's Investigation-","native":"櫻子さんの足下には死体が埋まっている","userPreferred":"Sakurako-san no Ashimoto ni wa Shitai ga Umatteiru"},"type":"ANIME"}},{"mediaRecommendation":{"id":103302,"title":{"romaji":"Kono Oto Tomare!","english":"Kono Oto Tomare!: Sounds of Life","native":"この音とまれ！","userPreferred":"Kono Oto Tomare!"},"type":"ANIME"}},{"mediaRecommendation":{"id":20912,"title":{"romaji":"Hibike! Euphonium","english":"Sound! Euphonium","native":"響け！ユーフォニアム","userPreferred":"Hibike! Euphonium"},"type":"ANIME"}},{"mediaRecommendation":{"id":1698,"title":{"romaji":"Nodame Cantabile","english":null,"native":"のだめカンタービレ","userPreferred":"Nodame Cantabile"},"type":"ANIME"}},{"mediaRecommendation":{"id":163571,"title":{"romaji":"BanG Dream! It's MyGO!!!!!","english":"BanG Dream! It's MyGO!!!!!","native":"BanG Dream! It's MyGO!!!!!","userPreferred":"BanG Dream! It's MyGO!!!!!"},"type":"ANIME"}}]}