{"id":21311,"idMal":31478,"title":{"romaji":"Bungou Stray Dogs","english":"Bungo Stray Dogs","native":"文豪ストレイドッグス","userPreferred":"Bungou Stray Dogs"},"format":"TV","status":"FINISHED","episodes":12,"description":"Stalked by a beastly white tiger, Atsushi Nakajima has no idea that the menace lives inside him—a power that catches the attention of the Armed Detective Agency. Using inhuman abilities to combat crime, this team takes Atsushi under the wing of their most eccentric member, Dazai. Together, they tear through mafia-muddled mysteries while enemies keep an eye on the tiger’s lofty bounty.\n<br><br>\n(Source: Funimation)","startDate":{"year":2016,"month":4,"day":7},"endDate":{"year":2016,"month":6,"day":23},"season":"SPRING","seasonYear":2016,"duration":24,"countryOfOrigin":"JP","isLicensed":true,"source":"MANGA","hashtag":"#bungosd","trailer":"https://www.youtube.com/watch?v=GGsohezPRXU","updatedAt":1706299758,"coverImage":{"large":"https://s4.anilist.co/file/anilistcdn/media/anime/cover/large/bx21311-hAXyT8Yoh6G9.jpg","medium":"https://s4.anilist.co/file/anilistcdn/media/anime/cover/medium/bx21311-hAXyT8Yoh6G9.jpg","small":"https://s4.anilist.co/file/anilistcdn/media/anime/cover/small/bx21311-hAXyT8Yoh6G9.jpg","color":"#e4bb50"},"bannerImage":"https://s4.anilist.co/file/anilistcdn/media/anime/banner/21311-oVJYXoU38Lm5.jpg","genres":["Action","Comedy","Mystery","Supernatural"],"synonyms":["כלבי ספרות נודדים","Văn hào lưu lạc","คณะประพันธกรจรจัด"],"averageScore":77,"meanScore":77,"favourites":12178,"popularity":307448,"trending":8,"tags":[{"id":66,"name":"Super Power","isMediaSpoiler":false},{"id":648,"name":"Crime","isMediaSpoiler":false},{"id":694,"name":"Detective","isMediaSpoiler":false},{"id":107,"name":"Mafia","isMediaSpoiler":false},{"id":321,"name":"Urban Fantasy","isMediaSpoiler":false},{"id":82,"name":"Male Protagonist","isMediaSpoiler":false},{"id":227,"name":"Classic Literature","isMediaSpoiler":false},{"id":199,"name":"Yakuza","isMediaSpoiler":false},{"id":595,"name":"Urban","isMediaSpoiler":false},{"id":105,"name":"Ensemble Cast","isMediaSpoiler":false},{"id":88,"name":"Primarily Male Cast","isMediaSpoiler":false},{"id":1382,"name":"Orphan","isMediaSpoiler":false},{"id":109,"name":"Primarily Adult Cast","isMediaSpoiler":false},{"id":50,"name":"Seinen","isMediaSpoiler":false},{"id":145,"name":"Work","isMediaSpoiler":false},{"id":106,"name":"Gangs","isMediaSpoiler":false},{"id":1046,"name":"Suicide","isMediaSpoiler":false},{"id":83,"name":"Slapstick","isMediaSpoiler":false},{"id":157,"name":"Guns","isMediaSpoiler":true},{"id":285,"name":"Terrorism","isMediaSpoiler":true},{"id":779,"name":"Kuudere","isMediaSpoiler":false},{"id":772,"name":"Shapeshifting","isMediaSpoiler":false},{"id":104,"name":"Anti-Hero","isMediaSpoiler":false},{"id":128,"name":"Incest","isMediaSpoiler":false},{"id":94,"name":"Gore","isMediaSpoiler":true},{"id":322,"name":"Assassins","isMediaSpoiler":false},{"id":193,"name":"Episodic","isMediaSpoiler":false},{"id":85,"name":"Tragedy","isMediaSpoiler":true},{"id":99,"name":"Henshin","isMediaSpoiler":false},{"id":161,"name":"Bar","isMediaSpoiler":false}],"relations":[{"id":85307,"title":{"english":"Bungo Stray Dogs","native":"文豪ストレイドッグス","romaji":"Bungou Stray Dogs","userPreferred":"Bungou Stray Dogs"},"type":"MANGA"},{"id":21679,"title":{"english":"Bungo Stray Dogs 2","native":"文豪ストレイドッグス 第2シーズン","romaji":"Bungou Stray Dogs 2nd Season","userPreferred":"Bungou Stray Dogs 2nd Season"},"type":"ANIME"},{"id":98384,"title":{"english":"Bungo Stray Dogs: DEAD APPLE","native":"文豪ストレイドッグス DEAD APPLE","romaji":"Bungou Stray Dogs: DEAD APPLE","userPreferred":"Bungou Stray Dogs: DEAD APPLE"},"type":"ANIME"},{"id":120150,"title":{"english":"Bungo Stray Dogs WAN!","native":"文豪ストレイドッグス わん！","romaji":"Bungou Stray Dogs Wan!","userPreferred":"Bungou Stray Dogs Wan!"},"type":"ANIME"},{"id":97204,"title":{"english":"Bungo Stray Dogs: Osamu Dazai's Entrance Exam","native":"文豪ストレイドッグス 太宰治の入社試験","romaji":"Bungou Stray Dogs: Dazai Osamu no Nyuusha Shiken","userPreferred":"Bungou Stray Dogs: Dazai Osamu no Nyuusha Shiken"},"type":"MANGA"}],"characters":[{"id":89196,"name":"Yukichi Fukuzawa"},{"id":89197,"name":"Atsushi Nakajima"},{"id":89198,"name":"Osamu Dazai"},{"id":89199,"name":"Ryuunosuke Akutagawa"},{"id":89200,"name":"Doppo Kunikida"},{"id":89201,"name":"Ranpo Edogawa"},{"id":89205,"name":"Junichirou Tanizaki"},{"id":89207,"name":"Kenji Miyazawa"},{"id":89208,"name":"Akiko Yosano"},{"id":89209,"name":"Naomi Tanizaki"},{"id":89853,"name":"Chuuya Nakahara"},{"id":89854,"name":"Motojirou Kajii"},{"id":89855,"name":"Ichiyou Higuchi"},{"id":89856,"name":"Kyouka Izumi"},{"id":121168,"name":"Ougai Mori"},{"id":136705,"name":"Michizou Tachihara"},{"id":138063,"name":"Elise"},{"id":138151,"name":"Rokuzou Taguchi"},{"id":138152,"name":"Minoura"},{"id":137512,"name":"Gin Akutagawa"},{"id":138147,"name":"Nobuko Sasaki"},{"id":138153,"name":"Junsa Sugimoto"},{"id":138066,"name":"Ryuurou Hirotsu"},{"id":132222,"name":"Lucy Montgomery"},{"id":121164,"name":"Francis Fitzgerald"}],"staff":[{"id":105087,"name":"Takuya Igarashi"},{"id":100062,"name":"Youji Enokido"},{"id":118665,"name":"Kafka Asagiri"},{"id":118666,"name":"Harukawa35"},{"id":118586,"name":"Kazuhiro Wakabayashi"},{"id":100172,"name":"Taku Iwasaki"},{"id":103917,"name":"GRANRODEO"},{"id":120002,"name":"Nobuhiro Arai"},{"id":120003,"name":"Yumiko Kondou"},{"id":120002,"name":"Nobuhiro Arai"},{"id":120004,"name":"Luck Life"},{"id":118785,"name":"Kazuhiro Yoneda"},{"id":120921,"name":"Yoshiyuki Asai"},{"id":122610,"name":"Masahiro Suwa"},{"id":128243,"name":"Shun Enokido"},{"id":129853,"name":"Hiroki Kanno"},{"id":95196,"name":"Kishou Taniyama"},{"id":120004,"name":"Luck Life"},{"id":104518,"name":"Masaaki Iizuka"},{"id":104518,"name":"Masaaki Iizuka"},{"id":149059,"name":"Masumi Ueno"},{"id":149061,"name":"Miwako Saitou"},{"id":149060,"name":"Kaze LaLa Choir"},{"id":149058,"name":"Reisiu Sakai"},{"id":149057,"name":"Caoli Cano"}],"studios":[{"id":4,"name":"bones","isAnimationStudio":true},{"id":6158,"name":"Glovision","isAnimationStudio":false},{"id":102,"name":"Funimation","isAnimationStudio":false}],"isFavourite":false,"isAdult":false,"isLocked":false,"nextAiringEpisode":null,"airingSchedule":[{"airingAt":1459958700,"timeUntilAiring":-246343308,"episode":1},{"airingAt":1460563500,"timeUntilAiring":-245738508,"episode":2},{"airingAt":1461168300,"timeUntilAiring":-245133708,"episode":3},{"airingAt":1461773100,"timeUntilAiring":-244528908,"episode":4},{"airingAt":1462377900,"timeUntilAiring":-243924108,"episode":5},{"airingAt":1462982700,"timeUntilAiring":-243319308,"episode":6},{"airingAt":1463587500,"timeUntilAiring":-242714508,"episode":7},{"airingAt":1464192300,"timeUntilAiring":-242109708,"episode":8},{"airingAt":1464797100,"timeUntilAiring":-241504908,"episode":9},{"airingAt":1465401900,"timeUntilAiring":-240900108,"episode":10},{"airingAt":1466006700,"timeUntilAiring":-240295308,"episode":11},{"airingAt":1466611500,"timeUntilAiring":-239690508,"episode":12}],"trends":[{"date":1440082800,"trending":45,"popularity":null,"inProgress":null},{"date":1440169200,"trending":21,"popularity":null,"inProgress":null},{"date":1440255600,"trending":8,"popularity":null,"inProgress":null},{"date":1440342000,"trending":8,"popularity":null,"inProgress":null},{"date":1440428400,"trending":5,"popularity":null,"inProgress":null},{"date":1440514800,"trending":5,"popularity":null,"inProgress":null},{"date":1440601200,"trending":6,"popularity":null,"inProgress":null},{"date":1440687600,"trending":2,"popularity":null,"inProgress":null},{"date":1440946800,"trending":2,"popularity":null,"inProgress":null},{"date":1441033200,"trending":2,"popularity":null,"inProgress":null},{"date":1441119600,"trending":2,"popularity":null,"inProgress":null},{"date":1441292400,"trending":3,"popularity":null,"inProgress":null},{"date":1441465200,"trending":3,"popularity":null,"inProgress":null},{"date":1441897200,"trending":2,"popularity":null,"inProgress":null},{"date":1441983600,"trending":6,"popularity":null,"inProgress":null},{"date":1442070000,"trending":2,"popularity":null,"inProgress":null},{"date":1442156400,"trending":2,"popularity":null,"inProgress":null},{"date":1442761200,"trending":3,"popularity":null,"inProgress":null},{"date":1443279600,"trending":2,"popularity":null,"inProgress":null},{"date":1443625200,"trending":4,"popularity":null,"inProgress":null},{"date":1443884400,"trending":2,"popularity":null,"inProgress":null},{"date":1443970800,"trending":5,"popularity":null,"inProgress":null},{"date":1444316400,"trending":2,"popularity":null,"inProgress":null},{"date":1444662000,"trending":2,"popularity":null,"inProgress":null},{"date":1445007600,"trending":3,"popularity":null,"inProgress":null}],"externalLinks":["http://bungo-stray-dogs.jp/","https://twitter.com/bungosd_anime","http://www.crunchyroll.com/bungo-stray-dogs","https://www.funimation.com/shows/bungo-stray-dogs/#videos","https://www.netflix.com/title/80132126"],"streamingEpisodes":[{"title":"Episode 61 - Twilight Goodbye","thumbnail":"https://img1.ak.crunchyroll.com/i/spire3-tmb/c840074eabcd60941c7fc8d5d7b53a691695217230_full.jpg","url":"http://www.crunchyroll.com/bungo-stray-dogs/episode-61-twilight-goodbye-905702","site":"Crunchyroll"},{"title":"Episode 60 - Inhuman Demons (Part 3)","thumbnail":"https://img1.ak.crunchyroll.com/i/spire3-tmb/607850e8d441634aee6930811c73d9591694561453_full.jpg","url":"http://www.crunchyroll.com/bungo-stray-dogs/episode-60-inhuman-demons-part-3-905701","site":"Crunchyroll"},{"title":"Episode 59 - Land of Inhuman Demons (Part 2)","thumbnail":"https://img1.ak.crunchyroll.com/i/spire2-tmb/59018bf06aa1c6af855a9f8ce55180511693996031_full.jpg","url":"http://www.crunchyroll.com/bungo-stray-dogs/episode-59-land-of-inhuman-demons-part-2-905700","site":"Crunchyroll"},{"title":"Episode 58 - Land of Inhuman Demons (Part 1)","thumbnail":"https://img1.ak.crunchyroll.com/i/spire4-tmb/84372a4c98d084e695e17c2267710c561693398542_full.jpg","url":"http://www.crunchyroll.com/bungo-stray-dogs/episode-58-land-of-inhuman-demons-part-1-905699","site":"Crunchyroll"},{"title":"Episode 57 - At the Port in the Sky (Part 3)","thumbnail":"https://img1.ak.crunchyroll.com/i/spire4-tmb/b04e668d39857dc3e909dc676a9e060e1692798911_full.jpg","url":"http://www.crunchyroll.com/bungo-stray-dogs/episode-57-at-the-port-in-the-sky-part-3-905698","site":"Crunchyroll"},{"title":"Episode 56 - At the Port in the Sky (Part 2)","thumbnail":"https://img1.ak.crunchyroll.com/i/spire1-tmb/af1c3d8cbf48b7279c1d065533c234521692195519_full.jpg","url":"http://www.crunchyroll.com/bungo-stray-dogs/episode-56-at-the-port-in-the-sky-part-2-905697","site":"Crunchyroll"},{"title":"Episode 55 - At the Port in the Sky (Part 1)","thumbnail":"https://img1.ak.crunchyroll.com/i/spire4-tmb/4f6ad5567f37bc4f630efd8e19cf74961691588696_full.jpg","url":"http://www.crunchyroll.com/bungo-stray-dogs/episode-55-at-the-port-in-the-sky-part-1-905696","site":"Crunchyroll"},{"title":"Episode 54 - HERO WAR, GANG WAR","thumbnail":"https://img1.ak.crunchyroll.com/i/spire4-tmb/f35ddda3086117c78524e7d3136be1f91690963644_full.jpg","url":"http://www.crunchyroll.com/bungo-stray-dogs/episode-54-hero-war-gang-war-905695","site":"Crunchyroll"},{"title":"Episode 53 - HERO VS. CRIMINAL","thumbnail":"https://img1.ak.crunchyroll.com/i/spire1-tmb/580c829f574a078aae4ebb474046550e1690380426_full.jpg","url":"http://www.crunchyroll.com/bungo-stray-dogs/episode-53-hero-vs-criminal-905694","site":"Crunchyroll"},{"title":"Episode 52 - The Answer to Everything","thumbnail":"https://img1.ak.crunchyroll.com/i/spire4-tmb/b3edd51ead21ec0cc1656c4f60a704541689747303_full.jpg","url":"http://www.crunchyroll.com/bungo-stray-dogs/episode-52-the-answer-to-everything-905693","site":"Crunchyroll"},{"title":"Episode 51 - The Strongest Man","thumbnail":"https://img1.ak.crunchyroll.com/i/spire3-tmb/d96a0f24eb0c66d30ea11d9cb78dd9f81689169453_full.jpg","url":"http://www.crunchyroll.com/bungo-stray-dogs/episode-51-the-strongest-man-905692","site":"Crunchyroll"}],"rankings":[{"rank":431,"type":"RATED","context":"highest rated all time","year":null,"season":null},{"rank":67,"type":"POPULAR","context":"most popular all time","year":null,"season":null},{"rank":19,"type":"RATED","context":"highest rated","year":2016,"season":null},{"rank":6,"type":"POPULAR","context":"most popular","year":2016,"season":null},{"rank":3,"type":"RATED","context":"highest rated","year":2016,"season":"SPRING"},{"rank":3,"type":"POPULAR","context":"most popular","year":2016,"season":"SPRING"}],"mediaListEntry":null,"reviews":[{"id":6858,"score":71,"summary":"a bit of a disjointed start, but it flicks a switch half way and becomes quite a satisfying show overall","body":">\"Justice is a weapon. It can be used to cause harm, but it cannot protect or save others.\"\n\nHere we are again attempting to review shit, wish me luck lads.\n.\n.\n.\n.\nBungou Stray Dogs (BSD) is an adaption of the 2012 manga series of the same name, being written by Kafka Asagiri and illustrated by Sango Harukawa. This 12-episode run is the first season of the current three seasons out at the time of this review, and my review will strictly be on the first season.\nimg720(https://i.ytimg.com/vi/tvHqaimwcKE/maxresdefault.jpg)\n\nBSD is about an 18-year-old orphan named Atsushi Nakajima joining the Armed Detective Agency, basically a bunch of detectives with a bunch of superpowers called gifts. Excepts its more a less a gang war than actual detective work, which isn’t bad, just something to take note of. \n\nGifts have a more or less typical concept, similar to My Hero Academia or any other super power based anime, there’s nothing too unique about it, this isn’t really a bad thing, but the concept isn’t really ground-breaking or anything, though the idea of a detective agency with superpowers still sounds interesting enough to get me on board.\n\nAnyway it’s time to get to my actual opinion. I think Bungou Stray Dogs is interesting, what I mean by that is it has a lot of potential but falls flat a lot in the first half of season 1. Granted they are just getting their footing and they need time to get into the flow of things, but I just felt that the first few episodes felt disjointed. I wasn’t really intrigued and nothing really kept my attention. Even the set up for later episodes felt kind of flat. A clear example is in one episode they hype up a character saying they’re super strong and such, but the MC who can’t even remain conscious while using his gift is able to have a fair fight with him? Granted they did display his power to an extreme before hand on people who either didn’t have gifts, or fighting abilities, but to me its just felt kind of cliché for the MC to just come with the whole I cant die here yet kind of vibe. But once again this episode did build up a lot of lore the following later half. Which I would say turns around at episode 7, this is where I feel like the story picks up, it’s the first episode I felt fully invested in the characters and the stakes were felt, especially one of the key lessons in the episode, you can’t save everyone, or even anyone at some points, they’re detectives not heroes. That theme plays out a few times throughout the season, it gives the series a more realistic feel and I feel like that really works for it.\n\nThis is helped by the characters. The characters are very well done, they have distinct personalities, motives and ideals, when they clash its interesting and when their challenged its even better, I think its well done even in early episodes which is always good, especially since the plot is heavily character driven, and for the second half of the season, the plots very good in my opinion, it all fit well together and the fight in episode 10 particular, felt very satisfying, though I feel like the antagonists motives in that episode came out of nowhere, but that might just be me.\nimg720(https://i.pinimg.com/originals/da/20/64/da20647a4152e99f63a340810e5bdd33.gif)\n\nThe series is accompanied by an amazing OST in my opinion, especially the OP and ED, the OP having a hype start to the episode and the ED having a more sentimental ending. The art style has a lot of saturated colours and refined line work that really looks nice, I really like what BONES have done, but BONES being BONES of course its going to be good.\nimg720(https://66.media.tumblr.com/1a796c81de4f4c52032b7f2eb7620df0/cc52fdd2e690a439-73/s500x750/e05b997e7568f9f04c9cf14403ec2111d6b0354d.png)\n\nOverall it has a bit of a disjointed start which feels pretty mediocre, but it flicks a switch half way and becomes quite a satisfying show"},{"id":8121,"score":30,"summary":"There is an agency and a mafia. They look for a tiger but the tiger is the friends we made along the way.","body":">___Warning there might be some spoilers in this review___\n\n\n\nThis show has honestly baffled my mind and I still cannot comprehend what I have witnessed. I do not even know where to begin. Firstly this show has continued to haunt me even after completing season 1. You can't even understand the frustration I feel trying to search up this author's name and my search results are filled with this skinny twink. You cannot even understand me actually listening to the anime community once with everyone saying this shit is good and being severely disappointed but then have everyone saying the good shit happens in season 2. No way I'm watching another season of this fish-eyed plagued episodic show. Never again. \n\nOkay time to get into the show itself. Let me start with talking about the Port Mafia. They all look so fucking goofy and how they manage to look even goofier than The Guild is beyond me. Their leader is a 40-year-old freak who can't even get over someone that has already move on and summons a loli to fight for him. The fact that I am supposed to take him and his Scooby gang seriously is laughable. Then there's the Agency which let me start with the characters I kind of liked which was only Ranpo and that was because he entertained me even if have to look past the 9000 IQ moments that this man does in the show. Jun'ichirō and Fukuzawa were alright I guess but Osamu is a whole ass different story.\n\nOsamu is the single most annoying character in this show I don't hate him as much as the 40-year-old freak but he is a close second. I do not even know where to begin with this man. I guess the main thing was that the suicide jokes were not funny the first time and they were definitely not funny when they kept spamming me with them. At this point, I do not care what tragic backstory they come up with to explain his suicidal tendencies or if it is a person he is playing up just please spare me these jokes. I do not even care if he is going to actually commit suicide anything to just get him to stop. \n\nOkay, now I'm going to talk about some of the lamest abilities in this show. Steinback's ability was that he can grow grapevines because you know the author he's named after wrote that one book The Wrath of the Grapes or something like that. Then we have a guy who can only teleport people inside the book they are currently reading. Another one who can only limit and control the abilities of those who pass his \"test\". A woman who can think really fast. A guy who needs dolls to shoot accurately. A farmer who can only be super strong on an empty stomach. Amazing.\n\nIn conclusion, there are only a few good things about this show, and I only finished it because I thought the President was kinda cute."},{"id":13000,"score":95,"summary":"Strong characters, depth & humor make this so much more than just a \"good vs. bad\" turf war","body":"_[Note: this review is for all 3 seasons and the DEAD APPLE movie.]_\n\nAtsushi Nakajima is having a bad week. First, he gets kicked out of the orphanage he called home—home to abusive adults, but still. Then, he seems to be stalked by a bloodthirsty tiger so he has to stay on the move. Also, he’s about to starve. THEN it turns out he __is__ the tiger—specifically a weretiger, but he didn’t know and can’t control it.\n\nMy initial reaction from episode 1, and my current reaction 37 episodes and 1 movie later, are the same: _Atsushi is a sweet cinnamon roll who needs a HUG and a THERAPIST and to SLEEP FOR A WEEK and I LOVE HIM_\n\n<img src=\"https://64.media.tumblr.com/99738d37887dbbcfb8b6a3a6a295a5a2/67d287c38a667288-86/s500x750/457f3b794946718ece62ddfb738dd91c26d98214.gifv\">\n\nWhile Atsushi is our entry into the series and one of the main characters, _Bungo Stray Dogs_ follows the supernaturally-gifted members of the “Armed Detective Agency,\"  who accomplish different tasks including running a business, solving mysteries, protecting people and running interference with the local mafia, which _also_ employs a number of supernaturally-gifted people.\n\nThis is a __VERY FUN SERIES.__ It starts out seeming like a straightforward Underdog Good Guys vs. Well-Funded Big Bad Organization, and that’s not necessarily wrong. But as the series progresses, the “bad guys” get their share of the spotlight too.\n\nNow first, I want to say, because I was confused for the longest time: this takes place in an alternate modern day. They’ve got smartphones and the internet, but there was apparently recently some big sort of war that doesn’t correspond to anything real, and the characters’ outfits are…well:\n\n<img src=\"https://64.media.tumblr.com/8a73313f501a37bc4592c0e5c71de498/67d287c38a667288-ef/s500x750/bab4c1ae0f3b67d35980df22ff9c3825b3ece6d9.gifv\">\n\nFor several episodes, despite the cell phones and computers I swear I thought this was set in the 1920s, but no. They just all have the fashion sense of a 10-year-old playing with paper dolls.\n\nI mean, look at the image above. And then look at __Mr. Edgy High-School Vampire__ below:\n\n<img src=\"https://64.media.tumblr.com/5144c7ff3cb0f653c8d7b754d86959dc/67d287c38a667288-37/s500x750/7d730513712a4b6987b1863c31231ba488cab73d.gifv\">\n\n_These people not only inhabit the same city, but no one ever seems to think they look out of place._\n\nNot a criticism. I admire a series that has devoted itself to such distinctly cosplayable designs and refuses to give an explanation.\n\n__Anyway.__\n\nThe general storyline is usually: the Armed Detective Agency receives a job that involves investigating something murderous and/or supernatural, or that involves protection from something murderous and/or supernatural. Sometimes this is straightforward, sometimes this is part of a longer story that means things even _more_ murderous and supernatural are lurking in the shadows. \n\nThe players are often the Agency vs. the Mafia, but these orgs will occasionally team up for the greater good if an outside threat tries to move in. Some members of one org were previously with the other, so there’s a lot of history and emotions between certain factions.\n\nOne such complicated person is this dork: Osamu Dazai. He’s the one getting strangled by his partner.\n\n<img src=\"https://64.media.tumblr.com/8887bc3f9e8abe2d7083820d0b15c50f/67d287c38a667288-d8/s500x750/c29f17dee9f97b602ad14fc65700e24bdf8e9bf0.gifv\">\n\nHe’s often found in the middle of a [failed] suicide attempt, or asking a pretty girl to commit a lovely double suicide with him. He’s cheerfully nihilistic, not intimidating, comes off as an airhead and a dork.\n\n…and then you see this face, which is Universal Anime Face for __“character who knows SO MUCH and is excellent at scheming.”__\n\n<img src=\"https://64.media.tumblr.com/608e8c1873ea90e9e504a660cd0abc24/67d287c38a667288-1a/s500x750/e55c7a985b4e8008da1b9fe9a36366194e90d587.gifv\">\n\nThe characters are this show’s strength. If you’d told me during the first handful of episodes that one of my top 2 characters would be a mafia leader, I’d laugh, because _why would I like a bad guy *that* much?_ When something is set up as clearly good vs. evil, I don’t tend to land on the side of evil ~~regardless of evil’s extremely good character design~~\n\n<img src=\"https://64.media.tumblr.com/3254a15f87dc49abeb0fa809dae61455/67d287c38a667288-2b/s500x750/d5f655229b5a2518c9162c63a3cd27861147adf9.gifv\">\n\nBut hey, lots of evil gets a backstory and turn out to be super interesting—heck, this guy here is part of the focus of a half-season prequel! (Season 2, for the record–—the first half is a prequel, then the second half picks up after the end of season 1.)\n\n<img src=\"https://64.media.tumblr.com/87e2087794e060bbe62f94e5f05d1523/67d287c38a667288-a3/s500x750/5de89943b9a6ed20351dbe81e6c33b0940f60b1f.gifv\">\n\nThe series is about fighting, and people get hurt, and people have to make tough decisions. But it’s often balanced with humor, and that’s part of why I enjoyed it so much. There’s so much to track—people on both sides with tragic backstories, the city- or world-ending plots that pop up, the many, MANY attempted murders—that if it went straight through, it would be overwhelming. \n\n<img src=\"https://64.media.tumblr.com/554f008e05d90c4fdfb5d18ad07f49a6/67d287c38a667288-57/s500x750/ec333961c1aaddb52128ded7603fb7a6f0d05326.gifv\">\n\nBut in the midst of all that, you have characters making jokes, or being inept, or responding to a hostage situation by playing rock-paper-scissors to see who deals with it, or tripping their enemy in the middle of a Very Serious Battle like Bug Bunny showing up to fight Thanos.\n\n(None of that really translates to gifs well, but here’s a character, in the middle of a dangerous fight, picking up __Mr. Teenage “I Swear I’ll Kill You If You Laugh At Me” Hot Topic Model__ and carrying him like a sack of potatoes.)\n\n<img src=\"https://64.media.tumblr.com/f8a825e7c353cda4f39828a5c462b63f/67d287c38a667288-97/s500x750/bde791767368e4623ba375fa57c36616b74145d2.gifv\">\n\nAnother fun thing about this series is that the title translates to “Literary Stray Dogs,” and all the main characters are named after famous late writers. This is easy to miss if you’re American like me and have never heard of “Doppo Kunikida” or “Akiko Yosano,” but once international characters show up in season 2, you’re faced with “Louisa Alcott” and “John Steinbeck,” part of a group led by \"Francis Scott Key Fitzgerald.”\n\nThe characters’ powers all vary as well. Their names are often weird, until you learn that the names are all lines/titles of the original authors’ works (Chuuya Nakahara’s _Upon the Tainted Sorrow_ gravity manipulation sounds ridiculous, Astushi’s _Beast Beneath the Moonlight_ weretiger ability sounds pretentious until you know the connection). Abilities range from “great fighting ability” to “useful defensive ability” to “Herman Melville creates small flying whales and that’s…cool, I guess?”\n\n<img src=\"https://64.media.tumblr.com/958d55cb81ae52bc15bdac350150a13a/67d287c38a667288-e1/s500x750/f31e6c503f45da1b8a3ea20db79a5c46635b8b15.gifv\">\n\n___Verdict___\n\n_English dub?_ Yes, and I love it! I tried watching both, and I actually prefer the dub’s voices.\n\n_Visuals:_ This is a show dedicated to its aesthetic, at least as far as fashion is concerned. I don’t know if any of the character designs/outfits are based on their namesakes (although remember my comment that I thought this was set in the 20s for a while? A lot of the namesake authors _were_ active/alive between 1900 and 1930, so…), but maybe? Or maybe they just wanted to have suspenders and hats and long coats. Whatever, it’s cool and looks good, as does the rest of the series. Much of it is bright and/or takes place in the daytime–avoiding the “too dark to see what’s going on” thing.\n\n_Worth watching?_ YESSSSS. Please watch _sweet cinnamon roll too good too pure for this world_ Atsushi find a place of his own and learn he _does_ get to have nice things. Please watch Dazai act like a total goof before the next scene shows us he’s five steps ahead of everyone else. Please watch Chuuya manipulate gravity so his hat stays on while he flips upside down. Please watch characters snark at each other even as they team up to defeat city-destroying monsters."},{"id":13877,"score":65,"summary":"It's not the best thing ever, but it's also not a complete waste of time. ","body":"I mean, it's okay. I feel like most people are distracted with the fact that Dazai is hot and they just assume the show is good. Not to say that Dazai isn't hot. Or that the show is bad. It's just not super phenominal like people make it out to be. Bungou Stray Dogs is a ~7/10 for me, coming from someone who adores over-the-top action and mystery, so you'd think this would be up my alley, right? But I didn't find anything about the show super impactful. It's entertaining, but it's lacking in a lot of areas. \n\nAlso, this is a little picky, but I feel like this show couldn't decide if it was going to be silly or serious. It flips between the two, and I can't really tell what tone they were going for. Action and comedy tend to go together, but here it felt jarring. I can't really put my finger on it. \n\n__*SPOILER TERRITORY*__\n\nConcerning Dazai, I actually thought he was pretty annoying. The whole \"double-suicide\" spiel was funny in the first episode when he was floating down the river and maybe a few times after that... but at some point, I found it annoying. I'm guessing he's supposed to be the edgy character? That's the best way I can describe it I guess - he came off as edgy instead of cool.  He is SO pretty though <3 I can't say I don't love him.\n\nThe plot is... disjointed. Sometimes when I was watching it, I was going, \"oh, so I guess this is happening now, huh?\" Sometimes it didn't feel like there was an overarching end goal; we were hopping from individual story to individual story without much connection between them. Sometimes it feels like they're just doing things to do things. \n\nAnd the characterization of the protagonist (i forgot his name :/) is really weak. I didn't find him relatable (it could just be me though). He's super strong out of almost nowhere. We don't really see him beat anyone in a fight until atakagawa in the last 2 episodes, so it makes you wonder where he got all that power from. During their fight, I was just confused. Is his power being a furry? Tony the tiger, is that you? His fights were... convenient. Very convenient. You don't really see the protagonist grow as a fighter so much as get strung along on various missions. A big point in the story is that he has a bounty of 7 million yen, but to be honest, up until that point all he did was get beat up. \n\nAnd really quick, concerning atakagawa: why did they put so much emphasis on how strong he is? Like seriously, everytime the characters talk about him, they get all serious and go, \"if you see this man, don't engage him. Run away at all costs. Nobody in the agency can take him on. Do your best to escape with your life\" AND ATAKAGAWA LOSES LITERALLY EVERY SINGLE FIGHT. EVERY SINGLE ONE. He's all cool, like, \"heh. guess I'm retreating. until next time. im so smart strategic and tactful\" YOU LOST DUDE. Ugh my god.\n\nI really didn't think it was the best, but I also wouldn't consider it a total waste of time. Anyways that's what i thought of it."},{"id":21807,"score":62,"summary":"A dark and gruesome anime almost ruined by it's goofy and unrealistic moments.","body":"Have you ever disliked Marvel for their cheeky one-liners, goofy characters or slap-stick comedy ruining serious moments? Then this anime is probably not for you. \n\n_Bungou Stray Dogs_ is quite dark, a lot darker than I expected for what I believed to be your average shounen anime, due to its cast of quite weird characters (I only realized later it's actually a seinen anime). The mafia is displayed as absolutely ruthless, killing anyone in their way. For a while I wasn't sure if a seemingly important side character would even survive the episode they are introduced. The character arc of the main character, causing trouble to everyone due to not being able to control his supernatural ability and thus being shunned and feeling worthless, is believable and progresses nicely to him getting back some self-esteem. The side characters, though being way too goofy for this setting, are quite enjoyable as well. There are also some one-episode murder cases I really enjoyed, that manage to portray a realistic view into what life is in this crime-filled city while also raising believable conflict and stakes for the characters involved. \n\nSadly these moments are mostly brushed over and soon to be forgotten in the endless slaughter, that soon loses its shock value. While the small moments of side characters, often not even tied to the main plot, is what kept me going, the conflict with the mafia is not only very blunt, but also quite unrealistic. The mafia conduct all their operations in broad daylight, murdering civilians or taking them hostage in nearly every episode. They level buildings and kill people on such a regular basis, that one can't avoid but think if this can even be a sustainable business plan. It soon becomes stale, even though the characters might still act surprised, the mafia has been shown doing nothing but doing whatever they want ever since being introduced. Despite their disregard for life and property, most recognizable faces in the mafia are reoccurring characters, even after being beaten to a pulp by the main characters. \n\nThere is one moment where a supposedly strong and menacing mafia assassin is introduced, shown to be cruel by torturing and killing a few poor lads who dare to cross him, who later get's quickly beaten up by one of the main characters. This assassin is then just tossed aside and ignored until their reappearance in a later episode. The series basically just treated a murderer as comedic relief, have them be beaten up and then let go like it's an everyday occurrence. This just negates nearly any stakes, since not even the bad guys seem to risk anything. There are many comedy series and I wouldn't mind seeing_Bungou Stray Dogs_  as a comedy, despite the more serious elements, but the contrast is just so extreme and the transition is so poorly done, that I just can't ignore it.\n \nYou just can't have characters struggle with doing the right thing, desperately trying to save lives, while treating your antagonists with the same level of depth as your average, disposable power ranger villain. Meaningful conversations as well moments of personal grievance and pain are soon to be forgotten, when the character revert to their go-happy goofy usual selves. \n\nIf your suspension of disbelieve isn't shattered yet, this anime also follows the same tropes as many shounen anime: The power levels are completely made up, characters always manage to manifest exactly the right power they need to overcome their hardship, there is at least one character with a totally overused, supposed comedic trait, that's just totally annoying (like whiny Zenitsu in Kimetsu no Yaiba, or suicidal Dazai here) and important characters can nearly survive everything. Most anime at least give some half assed explanation like \"Of course he can survive being stabbed in the heart. He just channelled his inner power to relocate his heart into his fingers\", but not in _Bungou Stray Dogs_ . Here characters tank or dodge bullets from SMGs in a quantity that would even make action heroes like Stallone and Schwarzenegger envious. A mafia-goon with a tommy gun has such a bad aim in this anime, it would even make a stormtrooper look decent in comparison. \n\nThere is much I can rant about, but despite this shows many shortcomings, I still somehow quite enjoyed it. I wouldn't recommend this anime, but if you are looking for a show to kill some time and are out of better options, _Bungou Stray Dogs_ can certainly be a consideration."},{"id":22085,"score":84,"summary":"A great mystery/action anime ","body":"If you are looking for anime that will have you gripped and have you holding on at every twist and turn, then this is the show for you. If you want an anime that has extremally likeable, insanely complicated and just overall cool characters, this is the show for you. If you are looking for action packed fight scenes this is the anime for you! Honestly Bungo stray dogs has something for everyone, and is a great introduction to the seinen genre as a whole. \n\n#  Summary# \nBungo stray dogs is a 2016 anime about our main character Atsushi, an orphan, finding out he has what's called 'a special ability' that allows him to turn into a tiger. We follow along as he meets Dazai, who introduces him to the armed detective agency, a group of ability users who work together to solve mysteries and fight organized crime. Atsushi soon joins and we are taken on a journey as Atsushi as he meets each armed detective member and learns about their ability, goes on missions, and learns to control his own ability, with lot of (mafia- related) drama mixed in-between.\n\nimg220(https://4.bp.blogspot.com/-u1JvLvpUsl0/VwdIwCT0kRI/AAAAAAAAa50/x-h_RBncQTw24K0DUlf7NosXltVwUAKZw/s1600/Omake%2BGif%2BAnime%2B-%2BBungou%2BStray%2BDogs%2B-%2BEpisode%2B1%2B-%2BAtsushi%2BPaw.gif)\n# Positives\nThough this show has a wide range of attributes, one main highlight for me was the really interesting dynamics between every single character that is usually fueled by equally riveting backstory. One of the main themes of bungo stray dogs is the past and how it effects the future, which it handles beautifully. The show only improves as the seasons progress and as you meet more of the characters and learn the reason for some of their actions. With betrayals and double crosses at every corner you never know what's coming next.\nimg220(https://i.pinimg.com/originals/0d/bc/14/0dbc14f719dcfd3ee81e744cb1276935.gif)\nSpeaking of characters, everyone who is watching this show can find a character they like and/or relate too. The spectrum of personalities is wide so you are bound to find one that resonates with you, even if just a little.\nimg220(https://i.pinimg.com/originals/b3/b6/8f/b3b68f8f32096cbf132684252fdd4938.png)\n# negatives\nOne problem with this show is the animation. Whilst not bad in any sense of the word, they most often do not hold a candle to the manga pages they were adapted from. The framing is often weird and way worse than in manga. They constantly show characters at this weird fish eye angle which is just unsettling. \nimg220(https://preview.redd.it/what-do-you-think-about-the-animes-fisheye-lens-effect-v0-bg6yjpo6roeb1.jpg?width=640&crop=smart&auto=webp&s=90cf90067fc265bafc3701c153ef8b33f89ff655)\nMany emotional moments just don't have the same impact.  Being animated by studio bones, which has repeatedly been disappointing fans with their anime adaptations, this is no surprise. This is not too say they have completely messed it up.  I would personally say this is some of bones best work and the first season does not look bad for a 2016 anime. Fight choreography is great and the characters  'abilities'  are beautifully displayed and easy to understand as a result\nimg220(https://media.tenor.com/tAvl8_RABi0AAAAC/ry%C5%ABnosuke-akutagawa-bungou-stray-dogs.gif)\nAnother criticism I do have is that the main character, Atsushi, does get pushed to the side quite a lot. He more acts like a vessel for telling the viewer things about the world, as he does not know himself. However he does grow and develop throughout the story, so it is not like he is completely neglected.\nimg220(https://thumbs.gfycat.com/EquatorialBlankCarpenterant-max-1mb.gif)\n\n\n# QUICK RANT ABOUT THE WOMEN IN BSD\n\nOne huge credit i have to give to Bungo stray dogs is it is one of the only anime to have both well written and well designed female characters.  They have their own personalities, they are useful in battle, they are not complete idiots, they don't only talk about how much they love a man, their outfits are not over sexualized and they do not have impossible proportions. I know what your thinking- 'wow the bar really is low'. But it is because in the anime space it can be hard to find inspirational, smart, not overly sexualized female characters but bsd care about their female cast and does not just discard them once they feel they are no longer relevant! one thing I will say though, (spoilers ahead btw) is Yosano's, the doctor of the ADA, ability is too heal people fully but she can only do it if the person is on the brink of death so she often has to hurt someone more before she can heal them. The hurting someone more bit is for some reason mildly sexualized in the anime? It's weird but does not effect her overall character.\nimg220(https://media.tenor.com/IFjTHveQ5LkAAAAC/yosano-akiko.gif)\n\n\nif you like angst, a likeable cast , rich backstories, and interesting abilities (some which have such specific conditions they are reminiscent of jjba) then you will enjoy this anime\nOverall, a great watch that will have laughing crying and everything else in-between."}],"siteUrl":"https://anilist.co/anime/21311","autoCreateForumThread":false,"modNotes":null,"stats":{"scoreDistribution":[{"score":10,"amount":509},{"score":20,"amount":266},{"score":30,"amount":807},{"score":40,"amount":1643},{"score":50,"amount":4807},{"score":60,"amount":9741},{"score":70,"amount":28272},{"score":80,"amount":40543},{"score":90,"amount":26596},{"score":100,"amount":16810}],"statusDistribution":[{"status":"CURRENT","amount":21156},{"status":"PLANNING","amount":79450},{"status":"COMPLETED","amount":186157},{"status":"DROPPED","amount":9082},{"status":"PAUSED","amount":11603}]},"isRecommendationBlocked":false,"recommendations":[{"mediaRecommendation":{"id":1604,"title":{"romaji":"Katekyou Hitman REBORN!","english":"REBORN!","native":"家庭教師ヒットマンREBORN!","userPreferred":"Katekyou Hitman REBORN!"},"type":"ANIME"}},{"mediaRecommendation":{"id":20727,"title":{"romaji":"Kekkai Sensen","english":"Blood Blockade Battlefront","native":"血界戦線","userPreferred":"Kekkai Sensen"},"type":"ANIME"}},{"mediaRecommendation":{"id":3588,"title":{"romaji":"Soul Eater","english":"Soul Eater","native":"ソウルイーター","userPreferred":"Soul Eater"},"type":"ANIME"}},{"mediaRecommendation":{"id":14467,"title":{"romaji":"K","english":"K","native":"K","userPreferred":"K"},"type":"ANIME"}},{"mediaRecommendation":{"id":2025,"title":{"romaji":"DARKER THAN BLACK: Kuro no Keiyakusha","english":"Darker than Black","native":"DARKER THAN BLACK -黒の契約者-","userPreferred":"DARKER THAN BLACK: Kuro no Keiyakusha"},"type":"ANIME"}},{"mediaRecommendation":{"id":20447,"title":{"romaji":"Noragami","english":"Noragami","native":"ノラガミ","userPreferred":"Noragami"},"type":"ANIME"}},{"mediaRecommendation":{"id":2251,"title":{"romaji":"Baccano!","english":"Baccano!","native":"バッカーノ！","userPreferred":"Baccano!"},"type":"ANIME"}},{"mediaRecommendation":{"id":16035,"title":{"romaji":"Karneval (TV)","english":"Karneval (TV)","native":"カーニヴァル (TV)","userPreferred":"Karneval (TV)"},"type":"ANIME"}},{"mediaRecommendation":{"id":20521,"title":{"romaji":"Hamatora THE ANIMATION","english":"Hamatora","native":"ハマトラ THE ANIMATION","userPreferred":"Hamatora THE ANIMATION"},"type":"ANIME"}},{"mediaRecommendation":{"id":6746,"title":{"romaji":"Durarara!!","english":"Durarara!!","native":"デュラララ!!","userPreferred":"Durarara!!"},"type":"ANIME"}},{"mediaRecommendation":{"id":16512,"title":{"romaji":"Devil Survivor 2: THE ANIMATION","english":"Devil Survivor 2: The Animation","native":"デビルサバイバー２ THE ANIMATION","userPreferred":"Devil Survivor 2: THE ANIMATION"},"type":"ANIME"}},{"mediaRecommendation":{"id":108554,"title":{"romaji":"Keishicho Tokumu-bu Tokushu Kyoaku-han Taisaku-Shitsu Dai-Nana-ka: Tokunana","english":"Special 7: Special Crime Investigation Unit","native":"警視庁 特務部 特殊凶悪犯対策室 第七課 -トクナナ-","userPreferred":"Keishicho Tokumu-bu Tokushu Kyoaku-han Taisaku-Shitsu Dai-Nana-ka: Tokunana"},"type":"ANIME"}},{"mediaRecommendation":{"id":9941,"title":{"romaji":"TIGER & BUNNY","english":"Tiger & Bunny","native":"TIGER & BUNNY","userPreferred":"TIGER & BUNNY"},"type":"ANIME"}},{"mediaRecommendation":{"id":21249,"title":{"romaji":"Concrete Revolutio: Choujin Gensou","english":"Concrete Revolutio","native":"コンクリート・レボルティオ～超人幻想～","userPreferred":"Concrete Revolutio: Choujin Gensou"},"type":"ANIME"}},{"mediaRecommendation":{"id":101361,"title":{"romaji":"Tenrou: Sirius the Jaeger","english":"Sirius the Jaeger","native":"天狼 Sirius the Jaeger","userPreferred":"Tenrou: Sirius the Jaeger"},"type":"ANIME"}},{"mediaRecommendation":{"id":114411,"title":{"romaji":"Bungou to Alchemist: Shinpan no Haguruma","english":"Bungo and Alchemist -Gears of Judgement-","native":"文豪とアルケミスト ～審判ノ歯車～","userPreferred":"Bungou to Alchemist: Shinpan no Haguruma"},"type":"ANIME"}},{"mediaRecommendation":{"id":21711,"title":{"romaji":"91Days","english":"91 Days","native":"91Days","userPreferred":"91Days"},"type":"ANIME"}},{"mediaRecommendation":{"id":21832,"title":{"romaji":"TRICKSTER: Edogawa Ranpo \"Shounen Tantei-dan\" yori","english":"Trickster","native":"TRICKSTER -江戸川乱歩「少年探偵団」より-","userPreferred":"TRICKSTER: Edogawa Ranpo \"Shounen Tantei-dan\" yori"},"type":"ANIME"}},{"mediaRecommendation":{"id":6758,"title":{"romaji":"Tatakau Shisho: The Book of Bantorra","english":"The Book of Bantorra","native":"戦う司書 The Book of Bantorra","userPreferred":"Tatakau Shisho: The Book of Bantorra"},"type":"ANIME"}},{"mediaRecommendation":{"id":105228,"title":{"romaji":"Dorohedoro","english":"Dorohedoro","native":"ドロヘドロ","userPreferred":"Dorohedoro"},"type":"ANIME"}},{"mediaRecommendation":{"id":114888,"title":{"romaji":"Fugou Keiji: Balance:UNLIMITED","english":"The Millionaire Detective - Balance: UNLIMITED","native":"富豪刑事 Balance:UNLIMITED","userPreferred":"Fugou Keiji: Balance:UNLIMITED"},"type":"ANIME"}},{"mediaRecommendation":{"id":99483,"title":{"romaji":"Hakata Tonkotsu Ramens","english":null,"native":"博多豚骨ラーメンズ","userPreferred":"Hakata Tonkotsu Ramens"},"type":"ANIME"}},{"mediaRecommendation":{"id":20755,"title":{"romaji":"Ansatsu Kyoushitsu","english":"Assassination Classroom","native":"暗殺教室","userPreferred":"Ansatsu Kyoushitsu"},"type":"ANIME"}},{"mediaRecommendation":{"id":97940,"title":{"romaji":"Black Clover","english":"Black Clover","native":"ブラッククローバー","userPreferred":"Black Clover"},"type":"ANIME"}},{"mediaRecommendation":{"id":21507,"title":{"romaji":"Mob Psycho 100","english":"Mob Psycho 100","native":"モブサイコ100","userPreferred":"Mob Psycho 100"},"type":"ANIME"}}]}