{"id":21357,"idMal":31610,"title":{"romaji":"Kyoukai no Rinne 2","english":"Rin-ne 2","native":"境界のRinne ２","userPreferred":"Kyoukai no Rinne 2"},"format":"TV","status":"FINISHED","episodes":25,"description":"The shinigami Rinne Rokudou, and Sakura Mamiya, the girl who can see ghosts, attend the same school. The two spend their days solving the worries of spirits. Rinne is so poor that he is forced to borrow money from Sakura to buy shinigami tools to solve their cases. Rinne and Sakura care for each other, but their relationship is not progressing. However, with the appearance of a new contracted black cat, a beautiful damashigami, and a person with whom Rinne shares a special circumstance, the situation becomes even more chaotic! Rinne and Sakura's after-school time wrapped up in the world of spirits continues!<br>\n<br>\n(Source: Anime News Network)","startDate":{"year":2016,"month":4,"day":9},"endDate":{"year":2016,"month":9,"day":24},"season":"SPRING","seasonYear":2016,"duration":24,"countryOfOrigin":"JP","isLicensed":true,"source":"MANGA","hashtag":"#境界のＲＩＮＮＥ #anime_rinne","trailer":null,"updatedAt":1706285491,"coverImage":{"large":"https://s4.anilist.co/file/anilistcdn/media/anime/cover/large/bx21357-kMdMWARChk7Z.jpg","medium":"https://s4.anilist.co/file/anilistcdn/media/anime/cover/medium/bx21357-kMdMWARChk7Z.jpg","small":"https://s4.anilist.co/file/anilistcdn/media/anime/cover/small/bx21357-kMdMWARChk7Z.jpg","color":"#f18643"},"bannerImage":null,"genres":["Comedy","Romance","Supernatural"],"synonyms":null,"averageScore":67,"meanScore":68,"favourites":40,"popularity":6166,"trending":0,"tags":[{"id":56,"name":"Shounen","isMediaSpoiler":false},{"id":233,"name":"Youkai","isMediaSpoiler":false},{"id":193,"name":"Episodic","isMediaSpoiler":false},{"id":82,"name":"Male Protagonist","isMediaSpoiler":false},{"id":105,"name":"Ensemble Cast","isMediaSpoiler":false},{"id":46,"name":"School","isMediaSpoiler":false},{"id":15,"name":"Demons","isMediaSpoiler":false},{"id":113,"name":"Nekomimi","isMediaSpoiler":false},{"id":147,"name":"Afterlife","isMediaSpoiler":false},{"id":243,"name":"Reincarnation","isMediaSpoiler":false},{"id":220,"name":"Ghost","isMediaSpoiler":false}],"relations":[{"id":20953,"title":{"english":"Rin-ne","native":"境界のRinne","romaji":"Kyoukai no Rinne","userPreferred":"Kyoukai no Rinne"},"type":"ANIME"},{"id":43558,"title":{"english":"RIN-NE","native":"境界のRINNE","romaji":"Kyoukai no RINNE","userPreferred":"Kyoukai no RINNE"},"type":"MANGA"},{"id":97670,"title":{"english":"Rin-ne 3","native":"境界のRinne 3","romaji":"Kyoukai no Rinne 3","userPreferred":"Kyoukai no Rinne 3"},"type":"ANIME"}],"characters":[{"id":21408,"name":"Rinne Rokudou"},{"id":21176,"name":"Sakura Mamiya"}],"staff":[{"id":118500,"name":"Shizutaka Sugahara"},{"id":96891,"name":"Rumiko Takahashi"},{"id":97096,"name":"Michiko Yokote"},{"id":156651,"name":"Glim Spanky"},{"id":112211,"name":"Pile"},{"id":174776,"name":"Shiggy Jr."},{"id":150952,"name":"CreepHyp"}],"studios":[{"id":112,"name":"Brain's Base","isAnimationStudio":true}],"isFavourite":false,"isAdult":false,"isLocked":false,"nextAiringEpisode":null,"airingSchedule":[{"airingAt":1460190600,"timeUntilAiring":-246111425,"episode":1},{"airingAt":1460795400,"timeUntilAiring":-245506625,"episode":2},{"airingAt":1461400200,"timeUntilAiring":-244901825,"episode":3},{"airingAt":1462005000,"timeUntilAiring":-244297025,"episode":4},{"airingAt":1462609800,"timeUntilAiring":-243692225,"episode":5},{"airingAt":1463214600,"timeUntilAiring":-243087425,"episode":6},{"airingAt":1463819400,"timeUntilAiring":-242482625,"episode":7},{"airingAt":1464424200,"timeUntilAiring":-241877825,"episode":8},{"airingAt":1465029000,"timeUntilAiring":-241273025,"episode":9},{"airingAt":1465633800,"timeUntilAiring":-240668225,"episode":10},{"airingAt":1466238600,"timeUntilAiring":-240063425,"episode":11},{"airingAt":1466843400,"timeUntilAiring":-239458625,"episode":12},{"airingAt":1467448200,"timeUntilAiring":-238853825,"episode":13},{"airingAt":1468053000,"timeUntilAiring":-238249025,"episode":14},{"airingAt":1468657800,"timeUntilAiring":-237644225,"episode":15},{"airingAt":1469262600,"timeUntilAiring":-237039425,"episode":16},{"airingAt":1469867400,"timeUntilAiring":-236434625,"episode":17},{"airingAt":1470472200,"timeUntilAiring":-235829825,"episode":18},{"airingAt":1471077000,"timeUntilAiring":-235225025,"episode":19},{"airingAt":1471681800,"timeUntilAiring":-234620225,"episode":20},{"airingAt":1472286600,"timeUntilAiring":-234015425,"episode":21},{"airingAt":1472891400,"timeUntilAiring":-233410625,"episode":22},{"airingAt":1473496200,"timeUntilAiring":-232805825,"episode":23},{"airingAt":1474101000,"timeUntilAiring":-232201025,"episode":24},{"airingAt":1474705800,"timeUntilAiring":-231596225,"episode":25}],"trends":[{"date":1442242800,"trending":13,"popularity":null,"inProgress":null},{"date":1442329200,"trending":2,"popularity":null,"inProgress":null},{"date":1442502000,"trending":2,"popularity":null,"inProgress":null},{"date":1442588400,"trending":2,"popularity":null,"inProgress":null},{"date":1442761200,"trending":2,"popularity":null,"inProgress":null},{"date":1443366000,"trending":3,"popularity":null,"inProgress":null},{"date":1445439600,"trending":2,"popularity":null,"inProgress":null},{"date":1446303600,"trending":2,"popularity":null,"inProgress":null},{"date":1449932400,"trending":2,"popularity":null,"inProgress":null},{"date":1451660400,"trending":3,"popularity":null,"inProgress":null},{"date":1453215600,"trending":2,"popularity":null,"inProgress":null},{"date":1455375600,"trending":3,"popularity":null,"inProgress":null},{"date":1455462000,"trending":3,"popularity":null,"inProgress":null},{"date":1455721200,"trending":3,"popularity":null,"inProgress":null},{"date":1456585200,"trending":2,"popularity":null,"inProgress":null},{"date":1456758000,"trending":2,"popularity":null,"inProgress":null},{"date":1457190000,"trending":2,"popularity":null,"inProgress":null},{"date":1457794800,"trending":2,"popularity":null,"inProgress":null},{"date":1457881200,"trending":2,"popularity":null,"inProgress":null},{"date":1457967600,"trending":2,"popularity":null,"inProgress":null},{"date":1458486000,"trending":4,"popularity":null,"inProgress":null},{"date":1458572400,"trending":2,"popularity":null,"inProgress":null},{"date":1458745200,"trending":3,"popularity":null,"inProgress":null},{"date":1458831600,"trending":2,"popularity":null,"inProgress":null},{"date":1459004400,"trending":2,"popularity":null,"inProgress":null}],"externalLinks":["https://twitter.com/nhk_rinne","http://anime-rinne.com/","http://www.crunchyroll.com/rin-ne","https://www.hidive.com/tv/rin-ne-2","http://www.hulu.com/rinne"],"streamingEpisodes":[{"title":"Episode 1 - The Mysterious Student","thumbnail":"https://img1.ak.crunchyroll.com/i/spire2-tmb/445ebff18373e5d03b8e315ab5f801671428444193_full.jpg","url":"http://www.crunchyroll.com/rin-ne/episode-1-the-mysterious-student-678805","site":"Crunchyroll"},{"title":"Episode 2 - Memories of the Red Ring","thumbnail":"https://img1.ak.crunchyroll.com/i/spire3-tmb/59cfc05ad1c9a9637fe25061156522051428967622_full.jpg","url":"http://www.crunchyroll.com/rin-ne/episode-2-memories-of-the-red-ring-678807","site":"Crunchyroll"},{"title":"Episode 3 - Freak of the Club Building","thumbnail":"https://img1.ak.crunchyroll.com/i/spire3-tmb/6e6c89e570a5818b44ba539e33ce5a6d1430811835_full.jpg","url":"http://www.crunchyroll.com/rin-ne/episode-3-freak-of-the-club-building-678809","site":"Crunchyroll"},{"title":"Episode 4 - If You Don't Mind Starting as Friends","thumbnail":"https://img1.ak.crunchyroll.com/i/spire2-tmb/646a0ad8f52302a9c7492778d255b56c1430162831_full.jpg","url":"http://www.crunchyroll.com/rin-ne/episode-4-if-you-dont-mind-starting-as-friends-678811","site":"Crunchyroll"},{"title":"Episode 5 - Hanako-san","thumbnail":"https://img1.ak.crunchyroll.com/i/spire2-tmb/1a8abdaeef8a2a2b2a388ccca42d09b11430783911_full.jpg","url":"http://www.crunchyroll.com/rin-ne/episode-5-hanako-san-678813","site":"Crunchyroll"},{"title":"Episode 6 - Voices of the Roadside Shrine","thumbnail":"https://img1.ak.crunchyroll.com/i/spire1-tmb/9502e5d3947c049d12d3699272d7aa991431498001_full.jpg","url":"http://www.crunchyroll.com/rin-ne/episode-6-voices-of-the-roadside-shrine-678815","site":"Crunchyroll"},{"title":"Episode 7 - Curse of the Rabbit Hutch","thumbnail":"https://img1.ak.crunchyroll.com/i/spire1-tmb/7ccb671e28fe689d3d0688bccb328f661432066903_full.jpg","url":"http://www.crunchyroll.com/rin-ne/episode-7-curse-of-the-rabbit-hutch-678817","site":"Crunchyroll"},{"title":"Episode 8 - Welcome to Hell!","thumbnail":"https://img1.ak.crunchyroll.com/i/spire4-tmb/507462f652d72ecf52d255ab0697a5691432578985_full.jpg","url":"http://www.crunchyroll.com/rin-ne/episode-8-welcome-to-hell-678819","site":"Crunchyroll"},{"title":"Episode 9 - The Wig's Disappointment and the Pumpkin's Temptation","thumbnail":"https://img1.ak.crunchyroll.com/i/spire3-tmb/821d5455f75da4f84ce27bdfb10075e01433192369_full.jpg","url":"http://www.crunchyroll.com/rin-ne/episode-9-the-wigs-disappointment-and-the-pumpkins-temptation-678821","site":"Crunchyroll"},{"title":"Episode 10 - Damashigami Company","thumbnail":"https://img1.ak.crunchyroll.com/i/spire2-tmb/b75f1929b9d8aec1548d191956758ebe1433802832_full.jpg","url":"http://www.crunchyroll.com/rin-ne/episode-10-damashigami-company-678823","site":"Crunchyroll"},{"title":"Episode 11 - The Young President's Induction?!","thumbnail":"https://img1.ak.crunchyroll.com/i/spire1-tmb/62aef7fc5cba17845edb9341c46c60931434394258_full.jpg","url":"http://www.crunchyroll.com/rin-ne/episode-11-the-young-presidents-induction-678825","site":"Crunchyroll"},{"title":"Episode 12 - Ageha the Shinigami","thumbnail":"https://img1.ak.crunchyroll.com/i/spire4-tmb/c85d884f2d1f3720f3229eadd9339f931434994824_full.jpg","url":"http://www.crunchyroll.com/rin-ne/episode-12-ageha-the-shinigami-678827","site":"Crunchyroll"},{"title":"Episode 13 - Naggy","thumbnail":"https://img1.ak.crunchyroll.com/i/spire1-tmb/56e1916dcb3434332cb137d914c30f121435652506_full.jpg","url":"http://www.crunchyroll.com/rin-ne/episode-13-naggy-678829","site":"Crunchyroll"},{"title":"Episode 14 - It's Not a Date!","thumbnail":"https://img1.ak.crunchyroll.com/i/spire2-tmb/27fcdb36d5829873430da714de2082ac1436299872_full.jpg","url":"http://www.crunchyroll.com/rin-ne/episode-14-its-not-a-date-682563","site":"Crunchyroll"},{"title":"Episode 15 - Just a Thank You","thumbnail":"https://img1.ak.crunchyroll.com/i/spire1-tmb/a1416a31f7591d3e8de36b9fa90525401436942436_full.jpg","url":"http://www.crunchyroll.com/rin-ne/episode-15-just-a-thank-you-682565","site":"Crunchyroll"},{"title":"Episode 16 - Memories of the Haunted Cedar","thumbnail":"https://img1.ak.crunchyroll.com/i/spire2-tmb/86f25708747c713ffd19fd1a75b6ce041437415872_full.jpg","url":"http://www.crunchyroll.com/rin-ne/episode-16-memories-of-the-haunted-cedar-682567","site":"Crunchyroll"},{"title":"Episode 17 - Curse of the Power Stone","thumbnail":"https://img1.ak.crunchyroll.com/i/spire4-tmb/9a9578ecc838ddd1448dbb7768acf7181438019491_full.jpg","url":"http://www.crunchyroll.com/rin-ne/episode-17-curse-of-the-power-stone-682569","site":"Crunchyroll"},{"title":"Episode 18 - Kain the Shirushigami","thumbnail":"https://img1.ak.crunchyroll.com/i/spire1-tmb/fe0e1645740f1473d13ebd9a392c4d701438636430_full.jpg","url":"http://www.crunchyroll.com/rin-ne/episode-18-kain-the-shirushigami-682571","site":"Crunchyroll"},{"title":"Episode 19 - In the Box","thumbnail":"https://img1.ak.crunchyroll.com/i/spire4-tmb/5f0fbc0fed289368b93545e7be278f081439359363_full.jpg","url":"http://www.crunchyroll.com/rin-ne/episode-19-in-the-box-682573","site":"Crunchyroll"},{"title":"Episode 20 - A Home Without Spirits","thumbnail":"https://img1.ak.crunchyroll.com/i/spire3-tmb/76a27c6f0fb3f4455dd3d7cd32b081bf1439923253_full.jpg","url":"http://www.crunchyroll.com/rin-ne/episode-20-a-home-without-spirits-682575","site":"Crunchyroll"},{"title":"Episode 21 - M's Tragedy","thumbnail":"https://img1.ak.crunchyroll.com/i/spire2-tmb/0219ca32aa6d9b865618b5e6bf9c5a681440537553_full.jpg","url":"http://www.crunchyroll.com/rin-ne/episode-21-ms-tragedy-682577","site":"Crunchyroll"},{"title":"Episode 22 - Merry Christmas in the Derelict","thumbnail":"https://img1.ak.crunchyroll.com/i/spire4-tmb/dd86b26b7b8c2cbce601a6ec8f19f2201441142252_full.jpg","url":"http://www.crunchyroll.com/rin-ne/episode-22-merry-christmas-in-the-derelict-682579","site":"Crunchyroll"},{"title":"Episode 23 - Fox Trap","thumbnail":"https://img1.ak.crunchyroll.com/i/spire2-tmb/9639bf7785ef3888566ffc1878db25231441739611_full.jpg","url":"http://www.crunchyroll.com/rin-ne/episode-23-fox-trap-682581","site":"Crunchyroll"},{"title":"Episode 24 - Spirited Ramen","thumbnail":"https://img1.ak.crunchyroll.com/i/spire1-tmb/a9bc78e686bb340c12ee08e17461c9731442253674_full.jpg","url":"http://www.crunchyroll.com/rin-ne/episode-24-spirited-ramen-682583","site":"Crunchyroll"},{"title":"Episode 25 - Target: Sakura","thumbnail":"https://img1.ak.crunchyroll.com/i/spire2-tmb/0bdcca794025732c1adcee1bf898cffa1442991259_full.jpg","url":"http://www.crunchyroll.com/rin-ne/episode-25-target-sakura-682585","site":"Crunchyroll"}],"rankings":[{"rank":69,"type":"RATED","context":"highest rated","year":2016,"season":null},{"rank":24,"type":"RATED","context":"highest rated","year":2016,"season":"SPRING"}],"mediaListEntry":null,"reviews":null,"siteUrl":"https://anilist.co/anime/21357","autoCreateForumThread":false,"modNotes":null,"stats":{"scoreDistribution":[{"score":10,"amount":42},{"score":20,"amount":13},{"score":30,"amount":30},{"score":40,"amount":67},{"score":50,"amount":221},{"score":60,"amount":379},{"score":70,"amount":715},{"score":80,"amount":454},{"score":90,"amount":193},{"score":100,"amount":117}],"statusDistribution":[{"status":"CURRENT","amount":339},{"status":"PLANNING","amount":1993},{"status":"COMPLETED","amount":3245},{"status":"DROPPED","amount":275},{"status":"PAUSED","amount":314}]},"isRecommendationBlocked":false,"recommendations":[]}