{"id":21385,"idMal":31722,"title":{"romaji":"Nanatsu no Taizai: Seisen no Shirushi","english":"The Seven Deadly Sins: Signs of A Holy War","native":"七つの大罪 聖戦の予兆","userPreferred":"Nanatsu no Taizai: Seisen no Shirushi"},"format":"TV","status":"FINISHED","episodes":4,"description":"Four-part original story by mangaka Nakaba Suzuki. Having taken the kingdom of Leones back from Holy Knights, the Seven Deadly Sins, along with Elizabeth and Hawk, can finally enjoy peaceful lives they earned. However, with premonitions of a new threat looming, their happy, ordinary days are about to end.","startDate":{"year":2016,"month":8,"day":28},"endDate":{"year":2016,"month":9,"day":18},"season":"SUMMER","seasonYear":2016,"duration":25,"countryOfOrigin":"JP","isLicensed":true,"source":"MANGA","hashtag":"#七つの大罪","trailer":"https://www.youtube.com/watch?v=31r9IUcVcuk","updatedAt":1706296604,"coverImage":{"large":"https://s4.anilist.co/file/anilistcdn/media/anime/cover/large/bx21385-0rOBu6r4C4b9.jpg","medium":"https://s4.anilist.co/file/anilistcdn/media/anime/cover/medium/bx21385-0rOBu6r4C4b9.jpg","small":"https://s4.anilist.co/file/anilistcdn/media/anime/cover/small/bx21385-0rOBu6r4C4b9.jpg","color":"#e4c950"},"bannerImage":"https://s4.anilist.co/file/anilistcdn/media/anime/banner/21385-JCyhJbQVli1v.jpg","genres":["Action","Adventure","Comedy","Ecchi","Fantasy","Supernatural"],"synonyms":["The Seven Deadly Sins: Signs of Holy War","The Seven Deadly Sins - Anzeichen eines Heiligen Kriegs","ศึกตำนาน 7 อัศวิน ภาค สัญญาณสงครามศักดิ์สิทธิ์","The Seven Deadly Sins: Ślady Świętej Wojny"],"averageScore":67,"meanScore":67,"favourites":936,"popularity":129594,"trending":3,"tags":[{"id":56,"name":"Shounen","isMediaSpoiler":false},{"id":29,"name":"Magic","isMediaSpoiler":false},{"id":82,"name":"Male Protagonist","isMediaSpoiler":false},{"id":105,"name":"Ensemble Cast","isMediaSpoiler":false},{"id":66,"name":"Super Power","isMediaSpoiler":false},{"id":193,"name":"Episodic","isMediaSpoiler":false},{"id":15,"name":"Demons","isMediaSpoiler":false}],"relations":[{"id":74485,"title":{"english":"The Seven Deadly Sins","native":"七つの大罪","romaji":"Nanatsu no Taizai","userPreferred":"Nanatsu no Taizai"},"type":"MANGA"},{"id":20789,"title":{"english":"The Seven Deadly Sins","native":"七つの大罪","romaji":"Nanatsu no Taizai","userPreferred":"Nanatsu no Taizai"},"type":"ANIME"},{"id":99539,"title":{"english":"The Seven Deadly Sins: Revival of the Commandments","native":"七つの大罪 戒めの復活","romaji":"Nanatsu no Taizai: Imashime no Fukkatsu","userPreferred":"Nanatsu no Taizai: Imashime no Fukkatsu"},"type":"ANIME"}],"characters":[{"id":74285,"name":"Gilthunder"},{"id":72921,"name":"Meliodas"},{"id":72923,"name":"Elizabeth Liones"},{"id":86683,"name":"Hawk"},{"id":74653,"name":"Diane"},{"id":77605,"name":"Ban"},{"id":83801,"name":"King"},{"id":133377,"name":"Hawk Mama"},{"id":86685,"name":"Howzer"},{"id":89180,"name":"Merlin"},{"id":86703,"name":"Griamor"},{"id":86699,"name":"Jericho"},{"id":131567,"name":"Gustav"},{"id":88823,"name":"Gowther"},{"id":131564,"name":"Vivian"},{"id":86677,"name":"Dreyfus"},{"id":131914,"name":"Marmas"},{"id":131565,"name":"Bartra Liones"},{"id":86679,"name":"Hendricksen"},{"id":131916,"name":"Simon"},{"id":131889,"name":"Slader"},{"id":86665,"name":"Guila"},{"id":36309,"name":"Narrator"},{"id":86691,"name":"Veronica Liones"},{"id":86681,"name":"Elaine"}],"staff":[{"id":98251,"name":"Nakaba Suzuki"},{"id":104571,"name":"Tomokazu Tokoro"},{"id":111165,"name":"Yuniko Ayana"},{"id":107638,"name":"Keigo Sasaki"},{"id":103509,"name":"Hiroyuki Sawano"},{"id":105902,"name":"Takafumi Wada"},{"id":123868,"name":"Takao Maki"},{"id":120068,"name":"Alisa Takigawa"},{"id":96138,"name":"Chris Cason"},{"id":95202,"name":"Mike McFarland"},{"id":102517,"name":"MUCC"},{"id":136625,"name":"Toshimasa Ishii"},{"id":136625,"name":"Toshimasa Ishii"},{"id":184290,"name":"Arturo Cataño"},{"id":105004,"name":"Jorge Vasconcellos"},{"id":180890,"name":"Pedro Crispim"},{"id":183844,"name":"Eduardo Ribeiro"},{"id":319016,"name":"Katarzyna Wojsz-Saaid"},{"id":278696,"name":"Małgorzata Lalowska"},{"id":278696,"name":"Małgorzata Lalowska"},{"id":278698,"name":"Aleksandra Nowosad"}],"studios":[{"id":561,"name":"A-1 Pictures","isAnimationStudio":true}],"isFavourite":false,"isAdult":false,"isLocked":false,"nextAiringEpisode":null,"airingSchedule":[{"airingAt":1472371200,"timeUntilAiring":-233930961,"episode":1},{"airingAt":1472976000,"timeUntilAiring":-233326161,"episode":2},{"airingAt":1473580800,"timeUntilAiring":-232721361,"episode":3},{"airingAt":1474185600,"timeUntilAiring":-232116561,"episode":4}],"trends":[{"date":1443452400,"trending":63,"popularity":null,"inProgress":null},{"date":1443538800,"trending":25,"popularity":null,"inProgress":null},{"date":1443625200,"trending":13,"popularity":null,"inProgress":null},{"date":1443711600,"trending":6,"popularity":null,"inProgress":null},{"date":1443798000,"trending":9,"popularity":null,"inProgress":null},{"date":1443884400,"trending":9,"popularity":null,"inProgress":null},{"date":1443970800,"trending":5,"popularity":null,"inProgress":null},{"date":1444057200,"trending":5,"popularity":null,"inProgress":null},{"date":1444143600,"trending":3,"popularity":null,"inProgress":null},{"date":1444316400,"trending":4,"popularity":null,"inProgress":null},{"date":1444489200,"trending":2,"popularity":null,"inProgress":null},{"date":1444662000,"trending":2,"popularity":null,"inProgress":null},{"date":1444748400,"trending":2,"popularity":null,"inProgress":null},{"date":1444834800,"trending":3,"popularity":null,"inProgress":null},{"date":1445007600,"trending":4,"popularity":null,"inProgress":null},{"date":1445094000,"trending":4,"popularity":null,"inProgress":null},{"date":1445180400,"trending":2,"popularity":null,"inProgress":null},{"date":1445266800,"trending":4,"popularity":null,"inProgress":null},{"date":1445353200,"trending":4,"popularity":null,"inProgress":null},{"date":1445439600,"trending":3,"popularity":null,"inProgress":null},{"date":1445785200,"trending":2,"popularity":null,"inProgress":null},{"date":1445871600,"trending":2,"popularity":null,"inProgress":null},{"date":1446044400,"trending":2,"popularity":null,"inProgress":null},{"date":1446390000,"trending":2,"popularity":null,"inProgress":null},{"date":1446476400,"trending":2,"popularity":null,"inProgress":null}],"externalLinks":["http://www.7-taizai.net/","https://twitter.com/7_taizai","https://www.netflix.com/title/80050063"],"streamingEpisodes":[],"rankings":[{"rank":283,"type":"POPULAR","context":"most popular all time","year":null,"season":null},{"rank":70,"type":"RATED","context":"highest rated","year":2016,"season":null},{"rank":19,"type":"POPULAR","context":"most popular","year":2016,"season":null},{"rank":19,"type":"RATED","context":"highest rated","year":2016,"season":"SUMMER"},{"rank":5,"type":"POPULAR","context":"most popular","year":2016,"season":"SUMMER"}],"mediaListEntry":null,"reviews":null,"siteUrl":"https://anilist.co/anime/21385","autoCreateForumThread":false,"modNotes":null,"stats":{"scoreDistribution":[{"score":10,"amount":779},{"score":20,"amount":826},{"score":30,"amount":1607},{"score":40,"amount":2807},{"score":50,"amount":6382},{"score":60,"amount":11814},{"score":70,"amount":19940},{"score":80,"amount":13204},{"score":90,"amount":6376},{"score":100,"amount":4148}],"statusDistribution":[{"status":"CURRENT","amount":2098},{"status":"PLANNING","amount":10318},{"status":"COMPLETED","amount":115385},{"status":"DROPPED","amount":1165},{"status":"PAUSED","amount":628}]},"isRecommendationBlocked":false,"recommendations":[{"mediaRecommendation":{"id":116752,"title":{"romaji":"Nanatsu no Taizai: Funnu no Shinpan","english":"The Seven Deadly Sins: Dragon's Judgement","native":"七つの大罪 憤怒の審判","userPreferred":"Nanatsu no Taizai: Funnu no Shinpan"},"type":"ANIME"}}]}