{"id":21516,"idMal":32245,"title":{"romaji":"Kuromukuro","english":"Kuromukuro","native":"クロムクロ","userPreferred":"Kuromukuro"},"format":"TV","status":"FINISHED","episodes":26,"description":"During the construction of the Kurobe Dam, an ancient artifact was discovered, and so the United Nations Kurobe Research Institute was established. Intellectuals from all over the world gathered to study the object, and the children of those researchers attend Mt. Tate International Senior High School, including the institute head's daughter, Yukina Shirahane. In the summer of 2016, a lone samurai once again awakens!<br>\n<br>\n(Source: Pony Canyon USA)","startDate":{"year":2016,"month":4,"day":7},"endDate":{"year":2016,"month":9,"day":29},"season":"SPRING","seasonYear":2016,"duration":24,"countryOfOrigin":"JP","isLicensed":true,"source":"ORIGINAL","hashtag":"#クロムクロ","trailer":"https://www.youtube.com/watch?v=oIOgBRsCsUQ","updatedAt":1706299784,"coverImage":{"large":"https://s4.anilist.co/file/anilistcdn/media/anime/cover/large/bx21516-F3sOzoi6aHsZ.jpg","medium":"https://s4.anilist.co/file/anilistcdn/media/anime/cover/medium/bx21516-F3sOzoi6aHsZ.jpg","small":"https://s4.anilist.co/file/anilistcdn/media/anime/cover/small/bx21516-F3sOzoi6aHsZ.jpg","color":"#3578a1"},"bannerImage":"https://s4.anilist.co/file/anilistcdn/media/anime/banner/n21516-7Z3BI3W8ryXQ.jpg","genres":["Action","Mecha"],"synonyms":null,"averageScore":67,"meanScore":68,"favourites":214,"popularity":27133,"trending":0,"tags":[{"id":175,"name":"Robots","isMediaSpoiler":false},{"id":191,"name":"Aliens","isMediaSpoiler":true},{"id":96,"name":"Time Manipulation","isMediaSpoiler":false},{"id":111,"name":"War","isMediaSpoiler":false},{"id":34,"name":"Military","isMediaSpoiler":false},{"id":105,"name":"Ensemble Cast","isMediaSpoiler":false},{"id":160,"name":"Real Robot","isMediaSpoiler":false},{"id":98,"name":"Female Protagonist","isMediaSpoiler":false},{"id":46,"name":"School","isMediaSpoiler":false},{"id":252,"name":"Revenge","isMediaSpoiler":false},{"id":63,"name":"Space","isMediaSpoiler":true},{"id":82,"name":"Male Protagonist","isMediaSpoiler":false},{"id":43,"name":"Swordplay","isMediaSpoiler":false}],"relations":[],"characters":[{"id":89429,"name":"Kennosuke Tokisada Ouma"},{"id":89430,"name":"Yukina Shirahane"},{"id":89431,"name":"Sophie Noelle"},{"id":89432,"name":"Mika Ogino"},{"id":89433,"name":"Ryouto Akagi"},{"id":89434,"name":"Jundai Kayahara"},{"id":89435,"name":"José Carlos Takasuka"},{"id":89436,"name":"Marina Unami"},{"id":89438,"name":"Koharu Shirahane"},{"id":89437,"name":"Hiromi Shirahane"},{"id":89439,"name":"Tom Borden"},{"id":89440,"name":"Shenmei Liu"},{"id":89441,"name":"Sebastian"},{"id":89528,"name":"Graham"},{"id":89529,"name":"Rita"},{"id":89530,"name":"Beth"},{"id":89531,"name":"Minoru Aramata"},{"id":89532,"name":"Jirou"},{"id":89533,"name":"Paula"},{"id":89534,"name":"Takekuma Sensei"},{"id":89535,"name":"Oshou Yakushi"},{"id":180044,"name":"Muetta"},{"id":180056,"name":"Fusunani"},{"id":180057,"name":"Hedo"},{"id":180058,"name":"Imusa"}],"staff":[{"id":97762,"name":"Tensai Okamura"},{"id":108369,"name":"Ryou Higaki"},{"id":105322,"name":"Yuriko Ishii"},{"id":120019,"name":"Hiroaki Tsutsumi"},{"id":120020,"name":"Nobutaka Ike"},{"id":120021,"name":"Ayumi Nishihata"},{"id":105322,"name":"Yuriko Ishii"},{"id":118586,"name":"Kazuhiro Wakabayashi"},{"id":102047,"name":"GLAY"},{"id":120022,"name":"Michiko Touyama"},{"id":121275,"name":"Hideki Itou"},{"id":121325,"name":"Tomoyo Sawada"},{"id":104650,"name":"Kanami Sekiguchi"},{"id":105294,"name":"Touko Machida"},{"id":122619,"name":"Ryouichi Ishigami"},{"id":122999,"name":"Nana Miura"},{"id":122999,"name":"Nana Miura"},{"id":118971,"name":"Saho Yamane"},{"id":145667,"name":"Youhei Kodama"},{"id":145302,"name":"Yoshitaka Itai"},{"id":151941,"name":"Hiroko Umemura"},{"id":151940,"name":"Nobuaki Kikuchi"},{"id":142610,"name":"Takema Okamura"},{"id":142614,"name":"Takayuki Nagatani"},{"id":151937,"name":"Yasushi Ooshima"}],"studios":[{"id":132,"name":"P.A. Works","isAnimationStudio":true}],"isFavourite":false,"isAdult":false,"isLocked":false,"nextAiringEpisode":null,"airingSchedule":[{"airingAt":1460030400,"timeUntilAiring":-246271676,"episode":1},{"airingAt":1460635200,"timeUntilAiring":-245666876,"episode":2},{"airingAt":1461240000,"timeUntilAiring":-245062076,"episode":3},{"airingAt":1461844800,"timeUntilAiring":-244457276,"episode":4},{"airingAt":1462449600,"timeUntilAiring":-243852476,"episode":5},{"airingAt":1463054400,"timeUntilAiring":-243247676,"episode":6},{"airingAt":1463659200,"timeUntilAiring":-242642876,"episode":7},{"airingAt":1464264000,"timeUntilAiring":-242038076,"episode":8},{"airingAt":1464868800,"timeUntilAiring":-241433276,"episode":9},{"airingAt":1465473600,"timeUntilAiring":-240828476,"episode":10},{"airingAt":1466078400,"timeUntilAiring":-240223676,"episode":11},{"airingAt":1466683200,"timeUntilAiring":-239618876,"episode":12},{"airingAt":1467288000,"timeUntilAiring":-239014076,"episode":13},{"airingAt":1467892800,"timeUntilAiring":-238409276,"episode":14},{"airingAt":1468497600,"timeUntilAiring":-237804476,"episode":15},{"airingAt":1469102400,"timeUntilAiring":-237199676,"episode":16},{"airingAt":1469707200,"timeUntilAiring":-236594876,"episode":17},{"airingAt":1470312000,"timeUntilAiring":-235990076,"episode":18},{"airingAt":1470916800,"timeUntilAiring":-235385276,"episode":19},{"airingAt":1471521600,"timeUntilAiring":-234780476,"episode":20},{"airingAt":1472126400,"timeUntilAiring":-234175676,"episode":21},{"airingAt":1472731200,"timeUntilAiring":-233570876,"episode":22},{"airingAt":1473336000,"timeUntilAiring":-232966076,"episode":23},{"airingAt":1473940800,"timeUntilAiring":-232361276,"episode":24},{"airingAt":1474545600,"timeUntilAiring":-231756476,"episode":25}],"trends":[{"date":1449500400,"trending":10,"popularity":null,"inProgress":null},{"date":1449586800,"trending":6,"popularity":null,"inProgress":null},{"date":1449673200,"trending":5,"popularity":null,"inProgress":null},{"date":1449759600,"trending":2,"popularity":null,"inProgress":null},{"date":1449846000,"trending":3,"popularity":null,"inProgress":null},{"date":1449932400,"trending":2,"popularity":null,"inProgress":null},{"date":1451142000,"trending":3,"popularity":null,"inProgress":null},{"date":1452351600,"trending":2,"popularity":null,"inProgress":null},{"date":1452524400,"trending":2,"popularity":null,"inProgress":null},{"date":1454943600,"trending":9,"popularity":null,"inProgress":null},{"date":1455030000,"trending":6,"popularity":null,"inProgress":null},{"date":1455116400,"trending":2,"popularity":null,"inProgress":null},{"date":1455202800,"trending":3,"popularity":null,"inProgress":null},{"date":1455289200,"trending":2,"popularity":null,"inProgress":null},{"date":1455462000,"trending":5,"popularity":null,"inProgress":null},{"date":1455634800,"trending":4,"popularity":null,"inProgress":null},{"date":1455721200,"trending":2,"popularity":null,"inProgress":null},{"date":1455980400,"trending":5,"popularity":null,"inProgress":null},{"date":1456066800,"trending":4,"popularity":null,"inProgress":null},{"date":1456153200,"trending":2,"popularity":null,"inProgress":null},{"date":1456412400,"trending":3,"popularity":null,"inProgress":null},{"date":1456498800,"trending":3,"popularity":null,"inProgress":null},{"date":1456671600,"trending":4,"popularity":null,"inProgress":null},{"date":1456758000,"trending":4,"popularity":null,"inProgress":null},{"date":1456844400,"trending":3,"popularity":null,"inProgress":null}],"externalLinks":["https://twitter.com/kuromukuro_unkl","http://kuromukuro.com/","https://www.netflix.com/title/80103318"],"streamingEpisodes":[],"rankings":[{"rank":68,"type":"RATED","context":"highest rated","year":2016,"season":null},{"rank":76,"type":"POPULAR","context":"most popular","year":2016,"season":null},{"rank":23,"type":"RATED","context":"highest rated","year":2016,"season":"SPRING"},{"rank":19,"type":"POPULAR","context":"most popular","year":2016,"season":"SPRING"}],"mediaListEntry":null,"reviews":null,"siteUrl":"https://anilist.co/anime/21516","autoCreateForumThread":false,"modNotes":null,"stats":{"scoreDistribution":[{"score":10,"amount":94},{"score":20,"amount":74},{"score":30,"amount":202},{"score":40,"amount":388},{"score":50,"amount":1017},{"score":60,"amount":1700},{"score":70,"amount":2920},{"score":80,"amount":2056},{"score":90,"amount":950},{"score":100,"amount":486}],"statusDistribution":[{"status":"CURRENT","amount":1505},{"status":"PLANNING","amount":8903},{"status":"COMPLETED","amount":12871},{"status":"DROPPED","amount":2327},{"status":"PAUSED","amount":1527}]},"isRecommendationBlocked":false,"recommendations":[{"mediaRecommendation":{"id":1575,"title":{"romaji":"Code Geass: Hangyaku no Lelouch","english":"Code Geass: Lelouch of the Rebellion","native":"コードギアス 反逆のルルーシュ","userPreferred":"Code Geass: Hangyaku no Lelouch"},"type":"ANIME"}},{"mediaRecommendation":{"id":237,"title":{"romaji":"Koukyoushihen Eureka Seven","english":"Eureka Seven","native":"交響詩篇エウレカセブン","userPreferred":"Koukyoushihen Eureka Seven"},"type":"ANIME"}},{"mediaRecommendation":{"id":30,"title":{"romaji":"Shin Seiki Evangelion","english":"Neon Genesis Evangelion","native":"新世紀エヴァンゲリオン","userPreferred":"Shin Seiki Evangelion"},"type":"ANIME"}},{"mediaRecommendation":{"id":20806,"title":{"romaji":"Cross Ange: Tenshi to Ryuu no Rondo","english":"Cross Ange: Rondo of Angel and Dragon","native":"クロスアンジュ 天使と竜の輪舞","userPreferred":"Cross Ange: Tenshi to Ryuu no Rondo"},"type":"ANIME"}},{"mediaRecommendation":{"id":99424,"title":{"romaji":"SSSS.GRIDMAN","english":"SSSS.GRIDMAN","native":"SSSS.GRIDMAN","userPreferred":"SSSS.GRIDMAN"},"type":"ANIME"}},{"mediaRecommendation":{"id":20667,"title":{"romaji":"Shirogane no Ishi: Argevollen","english":"ARGEVOLLEN","native":"白銀の意思 アルジェヴォルン","userPreferred":"Shirogane no Ishi: Argevollen"},"type":"ANIME"}},{"mediaRecommendation":{"id":2001,"title":{"romaji":"Tengen Toppa Gurren Lagann","english":"Gurren Lagann","native":"天元突破グレンラガン","userPreferred":"Tengen Toppa Gurren Lagann"},"type":"ANIME"}},{"mediaRecommendation":{"id":182,"title":{"romaji":"Tenkuu no Escaflowne","english":"Vision of Escaflowne","native":"天空のエスカフローネ","userPreferred":"Tenkuu no Escaflowne"},"type":"ANIME"}},{"mediaRecommendation":{"id":71,"title":{"romaji":"Full Metal Panic!","english":"Full Metal Panic!","native":"フルメタル・パニック！","userPreferred":"Full Metal Panic!"},"type":"ANIME"}},{"mediaRecommendation":{"id":249,"title":{"romaji":"Inuyasha","english":"InuYasha","native":"犬夜叉","userPreferred":"Inuyasha"},"type":"ANIME"}},{"mediaRecommendation":{"id":100663,"title":{"romaji":"ULTRAMAN","english":"ULTRAMAN","native":"ULTRAMAN","userPreferred":"ULTRAMAN"},"type":"ANIME"}},{"mediaRecommendation":{"id":155158,"title":{"romaji":"Kidou Senshi Gundam: Suisei no Majo Season 2","english":"Mobile Suit Gundam: The Witch from Mercury Season 2","native":"機動戦士ガンダム 水星の魔女 Season2","userPreferred":"Kidou Senshi Gundam: Suisei no Majo Season 2"},"type":"ANIME"}},{"mediaRecommendation":{"id":99423,"title":{"romaji":"Darling in the Franxx","english":"DARLING in the FRANXX","native":"ダーリン・イン・ザ・フランキス","userPreferred":"Darling in the Franxx"},"type":"ANIME"}},{"mediaRecommendation":{"id":113950,"title":{"romaji":"SSSS.DYNAZENON","english":"SSSS.DYNAZENON","native":"SSSS.DYNAZENON","userPreferred":"SSSS.DYNAZENON"},"type":"ANIME"}},{"mediaRecommendation":{"id":6288,"title":{"romaji":"Kidou Senshi Gundam 00: A wakening of the Trailblazer","english":"Mobile Suit Gundam 00 the Movie: A Wakening of the Trailblazer","native":"劇場版 機動戦士ガンダム00 -A wakening of the Trailblazer-","userPreferred":"Kidou Senshi Gundam 00: A wakening of the Trailblazer"},"type":"ANIME"}},{"mediaRecommendation":{"id":154643,"title":{"romaji":"SYNDUALITY Noir","english":"Synduality Noir","native":"SYNDUALITY Noir","userPreferred":"SYNDUALITY Noir"},"type":"ANIME"}},{"mediaRecommendation":{"id":139274,"title":{"romaji":"Kidou Senshi Gundam: Suisei no Majo","english":"Mobile Suit Gundam: The Witch from Mercury","native":"機動戦士ガンダム 水星の魔女","userPreferred":"Kidou Senshi Gundam: Suisei no Majo"},"type":"ANIME"}},{"mediaRecommendation":{"id":116589,"title":{"romaji":"86: Eighty Six","english":"86 EIGHTY-SIX","native":"86－エイティシックス－","userPreferred":"86: Eighty Six"},"type":"ANIME"}}]}