{"id":21558,"idMal":32370,"title":{"romaji":"D.Gray-man HALLOW","english":"D.Gray-man HALLOW","native":"ディー・グレイマン ハロー","userPreferred":"D.Gray-man HALLOW"},"format":"TV","status":"FINISHED","episodes":13,"description":"Despite the recent Akuma attack, the members of the Black Order are in high spirits as they set about moving to a new base. Immediately upon his arrival, however, Allen Walker is suddenly called by the Central Agency and has his arm forcefully sealed by the Order. He is then led to a surprising meeting with his master, General Cross Marian, who reveals staggering secrets surrounding the enigmatic 14th Noah. <br><br>\n\nA phantom thief incident, the arrival of a mysterious group of Exorcists, the death of an important comrade, and an all-out battle against the Noah Family—just what does this mean for Allen, Yuu Kanda, and the rest of the Order? This is but the beginning of a series of strange, seemingly unconnected events that lead to something far greater. <br><br>\n\n(Source: MAL Rewrite)","startDate":{"year":2016,"month":7,"day":5},"endDate":{"year":2016,"month":9,"day":27},"season":"SUMMER","seasonYear":2016,"duration":24,"countryOfOrigin":"JP","isLicensed":true,"source":"MANGA","hashtag":"#dgrayman","trailer":"https://www.youtube.com/watch?v=oXPdSTEBdhE","updatedAt":1706299762,"coverImage":{"large":"https://s4.anilist.co/file/anilistcdn/media/anime/cover/large/bx21558-K9iLPLz1gDGY.png","medium":"https://s4.anilist.co/file/anilistcdn/media/anime/cover/medium/bx21558-K9iLPLz1gDGY.png","small":"https://s4.anilist.co/file/anilistcdn/media/anime/cover/small/bx21558-K9iLPLz1gDGY.png","color":"#4350c9"},"bannerImage":"https://s4.anilist.co/file/anilistcdn/media/anime/banner/21558-uuPrY046YYGZ.jpg","genres":["Action","Adventure","Comedy"],"synonyms":null,"averageScore":74,"meanScore":74,"favourites":464,"popularity":29569,"trending":2,"tags":[{"id":56,"name":"Shounen","isMediaSpoiler":false},{"id":82,"name":"Male Protagonist","isMediaSpoiler":false},{"id":66,"name":"Super Power","isMediaSpoiler":false},{"id":476,"name":"Circus","isMediaSpoiler":false},{"id":198,"name":"Foreign","isMediaSpoiler":true},{"id":15,"name":"Demons","isMediaSpoiler":true},{"id":88,"name":"Primarily Male Cast","isMediaSpoiler":false},{"id":95,"name":"Steampunk","isMediaSpoiler":false},{"id":94,"name":"Gore","isMediaSpoiler":false},{"id":779,"name":"Kuudere","isMediaSpoiler":false}],"relations":[{"id":30024,"title":{"english":"D.Gray-man","native":"ディー・グレイマン","romaji":"D.Gray-man","userPreferred":"D.Gray-man"},"type":"MANGA"},{"id":1482,"title":{"english":"D.Gray-man","native":"ディー・グレイマン","romaji":"D.Gray-man","userPreferred":"D.Gray-man"},"type":"ANIME"}],"characters":[{"id":139,"name":"Allen Walker"},{"id":140,"name":"Yu Kanda"},{"id":779,"name":"Lavi"},{"id":141,"name":"Lenalee Lee"},{"id":14675,"name":"Howard Link"},{"id":858,"name":"Millenium Earl"},{"id":778,"name":"Tyki Mikk"},{"id":780,"name":"Road Kamelot"},{"id":29037,"name":"Wisely"},{"id":30234,"name":"Alma Karma"},{"id":36358,"name":"Johnny Gill"},{"id":2283,"name":"Cross Marian"},{"id":857,"name":"Miranda Lotto"},{"id":14527,"name":"Noise Marie"},{"id":3154,"name":"Bookman"},{"id":6712,"name":"Fou"},{"id":6715,"name":"Winters Sokaro"},{"id":30461,"name":"Twi Chang"},{"id":6714,"name":"Klaud Nine"},{"id":6711,"name":"Bak Chang"},{"id":30856,"name":"Jerry"},{"id":27544,"name":"Madarao"},{"id":7099,"name":"Chaoji Han"},{"id":6858,"name":"Reever Wenhamm"},{"id":33750,"name":"Zu Mei Chang"}],"staff":[{"id":96892,"name":"Katsura Hoshino"},{"id":118719,"name":"Yoshiharu\r\n Ashino"},{"id":97096,"name":"Michiko Yokote"},{"id":114593,"name":"Tatsuto Higuchi"},{"id":118495,"name":"Kenichi Yamashita"},{"id":110893,"name":"Yousuke Kabashima"},{"id":110893,"name":"Yousuke Kabashima"},{"id":100112,"name":"Kaoru Wada"},{"id":120116,"name":"Kazushi Fujii"},{"id":103185,"name":"Takeshi Takadera"},{"id":119879,"name":"Mashiro Ayano"},{"id":120644,"name":"Lenny code fiction"},{"id":121292,"name":"Masatoshi Kai"},{"id":158889,"name":"Ryouta Katou"},{"id":142378,"name":"Takayuki Hirobe"},{"id":109031,"name":"Atsuhiro Iwakami"},{"id":147294,"name":"Yousuke Imai"},{"id":152734,"name":"Nobuoki Kinoshita"},{"id":267297,"name":"Yousuke Tsuruki"},{"id":134808,"name":"Hiroyuki Shimizu"},{"id":148239,"name":"Susumu Hieda"},{"id":128905,"name":"Akiko Nabeiwa"},{"id":217020,"name":"Kousuke Kazuno"},{"id":148020,"name":"Shizuka Kurosaki"},{"id":273174,"name":"Risa Takeba"}],"studios":[{"id":73,"name":"TMS Entertainment","isAnimationStudio":true}],"isFavourite":false,"isAdult":false,"isLocked":false,"nextAiringEpisode":null,"airingSchedule":[{"airingAt":1467650100,"timeUntilAiring":-238652100,"episode":1},{"airingAt":1468254900,"timeUntilAiring":-238047300,"episode":2},{"airingAt":1468859700,"timeUntilAiring":-237442500,"episode":3},{"airingAt":1469464500,"timeUntilAiring":-236837700,"episode":4},{"airingAt":1470069300,"timeUntilAiring":-236232900,"episode":5},{"airingAt":1470674100,"timeUntilAiring":-235628100,"episode":6},{"airingAt":1471278900,"timeUntilAiring":-235023300,"episode":7},{"airingAt":1471883700,"timeUntilAiring":-234418500,"episode":8},{"airingAt":1472488500,"timeUntilAiring":-233813700,"episode":9},{"airingAt":1473093300,"timeUntilAiring":-233208900,"episode":10},{"airingAt":1473698100,"timeUntilAiring":-232604100,"episode":11},{"airingAt":1474302900,"timeUntilAiring":-231999300,"episode":12},{"airingAt":1474907700,"timeUntilAiring":-231394500,"episode":13}],"trends":[{"date":1450537200,"trending":14,"popularity":null,"inProgress":null},{"date":1450623600,"trending":74,"popularity":null,"inProgress":null},{"date":1450710000,"trending":24,"popularity":null,"inProgress":null},{"date":1450796400,"trending":17,"popularity":null,"inProgress":null},{"date":1450882800,"trending":11,"popularity":null,"inProgress":null},{"date":1450969200,"trending":11,"popularity":null,"inProgress":null},{"date":1451055600,"trending":7,"popularity":null,"inProgress":null},{"date":1451142000,"trending":8,"popularity":null,"inProgress":null},{"date":1451228400,"trending":3,"popularity":null,"inProgress":null},{"date":1451314800,"trending":9,"popularity":null,"inProgress":null},{"date":1451401200,"trending":3,"popularity":null,"inProgress":null},{"date":1451487600,"trending":4,"popularity":null,"inProgress":null},{"date":1451574000,"trending":8,"popularity":null,"inProgress":null},{"date":1451660400,"trending":3,"popularity":null,"inProgress":null},{"date":1451746800,"trending":3,"popularity":null,"inProgress":null},{"date":1451833200,"trending":4,"popularity":null,"inProgress":null},{"date":1451919600,"trending":4,"popularity":null,"inProgress":null},{"date":1452006000,"trending":4,"popularity":null,"inProgress":null},{"date":1452178800,"trending":2,"popularity":null,"inProgress":null},{"date":1452265200,"trending":2,"popularity":null,"inProgress":null},{"date":1452351600,"trending":4,"popularity":null,"inProgress":null},{"date":1452438000,"trending":2,"popularity":null,"inProgress":null},{"date":1452524400,"trending":5,"popularity":null,"inProgress":null},{"date":1452783600,"trending":5,"popularity":null,"inProgress":null},{"date":1452870000,"trending":5,"popularity":null,"inProgress":null}],"externalLinks":["http://dgrayman-anime.com/","https://twitter.com/dgrayman_anime","http://www.funimation.com/shows/dgray-man","https://www.hulu.com/series/d-gray-man-hallow-4a006d79-8807-49fc-9aec-85ebb40ef2cc","https://www.crunchyroll.com/dgray-man"],"streamingEpisodes":[{"title":"Episode 1 - The Boy Who Hunts Akuma","thumbnail":"https://img1.ak.crunchyroll.com/i/spire3-tmb/b1404c80ee5b044e2df7758b96884cb51503552237_full.jpg","url":"http://www.crunchyroll.com/dgray-man/episode-1-the-boy-who-hunts-akuma-851551","site":"Crunchyroll"},{"title":"Episode 2 - The Black Order","thumbnail":"https://img1.ak.crunchyroll.com/i/spire1-tmb/cbaec0598c29486e7dbb214f00d9d3e21503552840_full.jpg","url":"http://www.crunchyroll.com/dgray-man/episode-2-the-black-order-851552","site":"Crunchyroll"},{"title":"Episode 3 - The Ghost of Mater","thumbnail":"https://img1.ak.crunchyroll.com/i/spire4-tmb/73df61578bfc6da981f7bf4796aefabf1503553498_full.jpg","url":"http://www.crunchyroll.com/dgray-man/episode-3-the-ghost-of-mater-851554","site":"Crunchyroll"},{"title":"Episode 4 - Old Man of the Soil and a Lonely Night's Aria","thumbnail":"https://img1.ak.crunchyroll.com/i/spire1-tmb/fd0bd67f10b9ebb10b3b2d2fd4b7a8c61503554054_full.jpg","url":"http://www.crunchyroll.com/dgray-man/episode-4-old-man-of-the-soil-and-a-lonely-nights-aria-851555","site":"Crunchyroll"},{"title":"Episode 5 - Let Me Hear the Lullaby","thumbnail":"https://img1.ak.crunchyroll.com/i/spire4-tmb/1dd3c6fd39baeb2b136919eaba7818151503554669_full.jpg","url":"http://www.crunchyroll.com/dgray-man/episode-5-let-me-hear-the-lullaby-851556","site":"Crunchyroll"},{"title":"Episode 6 - That Which Calls Forth Disaster","thumbnail":"https://img1.ak.crunchyroll.com/i/spire4-tmb/ff803131321c2b501c4b88ef2386a98c1503555270_full.jpg","url":"http://www.crunchyroll.com/dgray-man/episode-6-that-which-calls-forth-disaster-851557","site":"Crunchyroll"},{"title":"Episode 7 - Tombstone of Memories","thumbnail":"https://img1.ak.crunchyroll.com/i/spire4-tmb/09b5eafd2abeb0797216c5c4217fc0dd1503555912_full.jpg","url":"http://www.crunchyroll.com/dgray-man/episode-7-tombstone-of-memories-851558","site":"Crunchyroll"},{"title":"Episode 8 - The Black Order Annihilation Incident","thumbnail":"https://img1.ak.crunchyroll.com/i/spire3-tmb/6132f798f9adce4a68a8acddc78b89c31503556542_full.jpg","url":"http://www.crunchyroll.com/dgray-man/episode-8-the-black-order-annihilation-incident-851561","site":"Crunchyroll"},{"title":"Episode 9 - The Rewinding Town","thumbnail":"https://img1.ak.crunchyroll.com/i/spire1-tmb/46584223d87809740a5d84b362e4c3951503557127_full.jpg","url":"http://www.crunchyroll.com/dgray-man/episode-9-the-rewinding-town-851563","site":"Crunchyroll"},{"title":"Episode 10 - The Bad Luck Woman's Innocence","thumbnail":"https://img1.ak.crunchyroll.com/i/spire1-tmb/f4cfeea998dd39eec4b26d78f85ade901503562890_full.jpg","url":"http://www.crunchyroll.com/dgray-man/episode-10-the-bad-luck-womans-innocence-851565","site":"Crunchyroll"},{"title":"Episode 11 - Miranda Lotto's Feelings","thumbnail":"https://img1.ak.crunchyroll.com/i/spire1-tmb/e04c7cc4eb08ddae5c42c19478ec6eff1503563249_full.jpg","url":"http://www.crunchyroll.com/dgray-man/episode-11-miranda-lottos-feelings-851566","site":"Crunchyroll"},{"title":"Episode 12 - And Snow Falls Over the Town","thumbnail":"https://img1.ak.crunchyroll.com/i/spire4-tmb/bc78303e3697d3b66057022bd425213d1503563519_full.jpg","url":"http://www.crunchyroll.com/dgray-man/episode-12-and-snow-falls-over-the-town-851567","site":"Crunchyroll"},{"title":"Episode 13 - With the Coat","thumbnail":"https://img1.ak.crunchyroll.com/i/spire1-tmb/bc7a9d0c52640635ebe09b0b8a08208d1503563994_full.jpg","url":"http://www.crunchyroll.com/dgray-man/episode-13-with-the-coat-851568","site":"Crunchyroll"},{"title":"Episode 14 - The Leaf of Revival","thumbnail":"https://img1.ak.crunchyroll.com/i/spire1-tmb/ff03cb735f7825b198a5514badaa98e41503564235_full.jpg","url":"http://www.crunchyroll.com/dgray-man/episode-14-the-leaf-of-revival-851569","site":"Crunchyroll"},{"title":"Episode 15 - Beyond the Snowstorm","thumbnail":"https://img1.ak.crunchyroll.com/i/spire3-tmb/d84c871426ff21777ce437c1ad4e46841503564485_full.jpg","url":"http://www.crunchyroll.com/dgray-man/episode-15-beyond-the-snowstorm-851570","site":"Crunchyroll"},{"title":"Episode 16 - Millennium Swordsman","thumbnail":"https://img1.ak.crunchyroll.com/i/spire3-tmb/061cdc6e4db9df6b8eddc9452a4500a11503564823_full.jpg","url":"http://www.crunchyroll.com/dgray-man/episode-16-millennium-swordsman-851572","site":"Crunchyroll"},{"title":"Episode 17 - Pride of the Swordsman","thumbnail":"https://img1.ak.crunchyroll.com/i/spire2-tmb/cd600e1039018f3d1fc4381e11b567ca1503565056_full.jpg","url":"http://www.crunchyroll.com/dgray-man/episode-17-pride-of-the-swordsman-851577","site":"Crunchyroll"},{"title":"Episode 18 - Lenalee's Love","thumbnail":"https://img1.ak.crunchyroll.com/i/spire4-tmb/bd80eaf7c64128e4ef090549883f0be31503565365_full.jpg","url":"http://www.crunchyroll.com/dgray-man/episode-18-lenalees-love-851581","site":"Crunchyroll"},{"title":"Episode 19 - Vampire of the Solitary Castle","thumbnail":"https://img1.ak.crunchyroll.com/i/spire1-tmb/320c2349e6a46be99192c40399b0fde51503565722_full.jpg","url":"http://www.crunchyroll.com/dgray-man/episode-19-vampire-of-the-solitary-castle-851584","site":"Crunchyroll"},{"title":"Episode 20 - Go For It, Exorcists!","thumbnail":"https://img1.ak.crunchyroll.com/i/spire4-tmb/856d8abcd0d4f5c83860d520294ada9f1503565979_full.jpg","url":"http://www.crunchyroll.com/dgray-man/episode-20-go-for-it-exorcists-851586","site":"Crunchyroll"},{"title":"Episode 21 - Krory Attacks","thumbnail":"https://img1.ak.crunchyroll.com/i/spire2-tmb/7d8d34fd7dd7e107e28ffb43aa91cd921503566291_full.jpg","url":"http://www.crunchyroll.com/dgray-man/episode-21-krory-attacks-851588","site":"Crunchyroll"},{"title":"Episode 22 - The Truth About Eliade","thumbnail":"https://img1.ak.crunchyroll.com/i/spire4-tmb/7da17a4db6225c286d32ed301f49f1b41503566668_full.jpg","url":"http://www.crunchyroll.com/dgray-man/episode-22-the-truth-about-eliade-851590","site":"Crunchyroll"},{"title":"Episode 23 - The Vampire Whom I Loved","thumbnail":"https://img1.ak.crunchyroll.com/i/spire1-tmb/9815f21a12ecbda2c843e1000b00c1d51503566922_full.jpg","url":"http://www.crunchyroll.com/dgray-man/episode-23-the-vampire-whom-i-loved-851592","site":"Crunchyroll"},{"title":"Episode 24 - Krory's New Beginning","thumbnail":"https://img1.ak.crunchyroll.com/i/spire1-tmb/0d7adaeb38ba3d096a34c95985459faf1503567376_full.jpg","url":"http://www.crunchyroll.com/dgray-man/episode-24-krorys-new-beginning-851594","site":"Crunchyroll"},{"title":"Episode 25 - The General's Chains","thumbnail":"https://img1.ak.crunchyroll.com/i/spire3-tmb/df079cb81749eb355c345052275672001503567672_full.jpg","url":"http://www.crunchyroll.com/dgray-man/episode-25-the-generals-chains-851596","site":"Crunchyroll"},{"title":"Episode 26 - The Beginning of the End","thumbnail":"https://img1.ak.crunchyroll.com/i/spire2-tmb/c4d696c4d86410e2ddd6b1023a52a05c1503568007_full.jpg","url":"http://www.crunchyroll.com/dgray-man/episode-26-the-beginning-of-the-end-851597","site":"Crunchyroll"},{"title":"Episode 27 - My Mentor, General Cross","thumbnail":"https://img1.ak.crunchyroll.com/i/spire3-tmb/da6f6934e98a66e9b756de3cf0249bfa1504833474_full.jpg","url":"http://www.crunchyroll.com/dgray-man/episode-27-my-mentor-general-cross-851600","site":"Crunchyroll"},{"title":"Episode 28 - Exorcist Krory","thumbnail":"https://img1.ak.crunchyroll.com/i/spire4-tmb/7bea7827b1c06141141ac058a13c01741504833714_full.jpg","url":"http://www.crunchyroll.com/dgray-man/episode-28-exorcist-krory-851602","site":"Crunchyroll"},{"title":"Episode 29 - The One Who Sells Souls, Part 1","thumbnail":"https://img1.ak.crunchyroll.com/i/spire4-tmb/6af7c939db59dfbc37c45074f1dc78c71504834908_full.jpg","url":"http://www.crunchyroll.com/dgray-man/episode-29-the-one-who-sells-souls-part-1-851604","site":"Crunchyroll"},{"title":"Episode 30 - The One Who Sells Souls, Part 2","thumbnail":"https://img1.ak.crunchyroll.com/i/spire1-tmb/5baebdc66bb78f96f93f914b12816ae21504836251_full.jpg","url":"http://www.crunchyroll.com/dgray-man/episode-30-the-one-who-sells-souls-part-2-851606","site":"Crunchyroll"},{"title":"Episode 31 - Lost Miranda","thumbnail":"https://img1.ak.crunchyroll.com/i/spire1-tmb/43e53756610a56e541e8f875982ce2971504840165_full.jpg","url":"http://www.crunchyroll.com/dgray-man/episode-31-lost-miranda-851607","site":"Crunchyroll"},{"title":"Episode 32 - Mysterious Ghost Ship","thumbnail":"https://img1.ak.crunchyroll.com/i/spire2-tmb/0136750842b24f039f74504413e0c7001504837094_full.jpg","url":"http://www.crunchyroll.com/dgray-man/episode-32-mysterious-ghost-ship-851609","site":"Crunchyroll"},{"title":"Episode 33 - The Village Where a Witch Lives, Part 1","thumbnail":"https://img1.ak.crunchyroll.com/i/spire2-tmb/68446e06c25670dbd801b4fc327debb11504836900_full.jpg","url":"http://www.crunchyroll.com/dgray-man/episode-33-the-village-where-a-witch-lives-part-1-851613","site":"Crunchyroll"},{"title":"Episode 34 - The Village Where a Witch Lives, Part 2","thumbnail":"https://img1.ak.crunchyroll.com/i/spire1-tmb/bb678464c513a324c1c15ec50e1cb37b1504837707_full.jpg","url":"http://www.crunchyroll.com/dgray-man/episode-34-the-village-where-a-witch-lives-part-2-851616","site":"Crunchyroll"},{"title":"Episode 35 - Exorcist Clad in Wind","thumbnail":"https://img1.ak.crunchyroll.com/i/spire2-tmb/d7402b050bbd15d56e8f9ab8bb0fe7a31504838920_full.jpg","url":"http://www.crunchyroll.com/dgray-man/episode-35-exorcist-clad-in-wind-851618","site":"Crunchyroll"},{"title":"Episode 36 - Shroud of Darkness","thumbnail":"https://img1.ak.crunchyroll.com/i/spire2-tmb/19e9a93175bc43afb123e30fedbbf6701504839004_full.jpg","url":"http://www.crunchyroll.com/dgray-man/episode-36-shroud-of-darkness-851619","site":"Crunchyroll"},{"title":"Episode 37 - Charity Bell","thumbnail":"https://img1.ak.crunchyroll.com/i/spire2-tmb/8c15a1f7a8df266f67a76d0d65e695e61504840263_full.jpg","url":"http://www.crunchyroll.com/dgray-man/episode-37-charity-bell-851620","site":"Crunchyroll"},{"title":"Episode 38 - Froi Tiedoll","thumbnail":"https://img1.ak.crunchyroll.com/i/spire4-tmb/8b7548ece67a42cb375d22b8eb81654b1504840622_full.jpg","url":"http://www.crunchyroll.com/dgray-man/episode-38-froi-tiedoll-851622","site":"Crunchyroll"},{"title":"Episode 39 - Silent Coffins","thumbnail":"https://img1.ak.crunchyroll.com/i/spire4-tmb/69a73901f262cc8d3a7f7ae502a85e1e1504841410_full.jpg","url":"http://www.crunchyroll.com/dgray-man/episode-39-silent-coffins-851623","site":"Crunchyroll"},{"title":"Episode 40 - Requiem Rose","thumbnail":"https://img1.ak.crunchyroll.com/i/spire3-tmb/429cab354a75dce09d04b2ae207f9bca1504842193_full.jpg","url":"http://www.crunchyroll.com/dgray-man/episode-40-requiem-rose-851624","site":"Crunchyroll"},{"title":"Episode 41 - A New Assassin","thumbnail":"https://img1.ak.crunchyroll.com/i/spire1-tmb/bd2e1c704afe5421d5e5fa70d18a92191504846827_full.jpg","url":"http://www.crunchyroll.com/dgray-man/episode-41-a-new-assassin-851626","site":"Crunchyroll"},{"title":"Episode 42 - The Black Cat's Traps","thumbnail":"https://img1.ak.crunchyroll.com/i/spire4-tmb/c81f05fd7ca68c6660a87bb692aafd401504842662_full.jpg","url":"http://www.crunchyroll.com/dgray-man/episode-42-the-black-cats-traps-851629","site":"Crunchyroll"},{"title":"Episode 43 - The Wandering Stone Statue","thumbnail":"https://img1.ak.crunchyroll.com/i/spire4-tmb/1b6d9f59ae610faf4973d251b413eefb1504843712_full.jpg","url":"http://www.crunchyroll.com/dgray-man/episode-43-the-wandering-stone-statue-851631","site":"Crunchyroll"},{"title":"Episode 44 - Iron Fan Maid","thumbnail":"https://img1.ak.crunchyroll.com/i/spire1-tmb/836b702f42f5a4824ca778917040e05e1504843801_full.jpg","url":"http://www.crunchyroll.com/dgray-man/episode-44-iron-fan-maid-851635","site":"Crunchyroll"},{"title":"Episode 45 - Strange Mansion","thumbnail":"https://img1.ak.crunchyroll.com/i/spire4-tmb/04146a5a44f78f705f1e1571c603ff9e1504844555_full.jpg","url":"http://www.crunchyroll.com/dgray-man/episode-45-strange-mansion-851637","site":"Crunchyroll"},{"title":"Episode 46 - Illusions in the Snow","thumbnail":"https://img1.ak.crunchyroll.com/i/spire2-tmb/45d95932250fdd3ea7faf09ebbe9ec9f1504845175_full.jpg","url":"http://www.crunchyroll.com/dgray-man/episode-46-illusions-in-the-snow-851639","site":"Crunchyroll"},{"title":"Episode 47 - The Crystal Girl","thumbnail":"https://img1.ak.crunchyroll.com/i/spire4-tmb/424208264fa5bbdfa90ac4dd60d68a871504846233_full.jpg","url":"http://www.crunchyroll.com/dgray-man/episode-47-the-crystal-girl-851641","site":"Crunchyroll"},{"title":"Episode 48 - Wavering Accommodator","thumbnail":"https://img1.ak.crunchyroll.com/i/spire4-tmb/9b4c8755fc1a13aa8cfa5685b6f3d0a51504847094_full.jpg","url":"http://www.crunchyroll.com/dgray-man/episode-48-wavering-accommodator-851643","site":"Crunchyroll"},{"title":"Episode 49 - Lulu Bell's Bell","thumbnail":"https://img1.ak.crunchyroll.com/i/spire4-tmb/04eef1ef3235f627f6fd96a03e9676f81504846996_full.jpg","url":"http://www.crunchyroll.com/dgray-man/episode-49-lulu-bells-bell-851645","site":"Crunchyroll"},{"title":"Episode 50 - Feelings of Devotion","thumbnail":"https://img1.ak.crunchyroll.com/i/spire1-tmb/603d954d4cb254acf6c2a5fe4acda8bd1504848046_full.jpg","url":"http://www.crunchyroll.com/dgray-man/episode-50-feelings-of-devotion-851648","site":"Crunchyroll"},{"title":"Episode 51 - Set Sail, to the East","thumbnail":"https://img1.ak.crunchyroll.com/i/spire1-tmb/d6987321020e125201d3f65cc68ef3bd1504848635_full.jpg","url":"http://www.crunchyroll.com/dgray-man/episode-51-set-sail-to-the-east-851649","site":"Crunchyroll"}],"rankings":[{"rank":36,"type":"RATED","context":"highest rated","year":2016,"season":null},{"rank":71,"type":"POPULAR","context":"most popular","year":2016,"season":null},{"rank":7,"type":"RATED","context":"highest rated","year":2016,"season":"SUMMER"},{"rank":22,"type":"POPULAR","context":"most popular","year":2016,"season":"SUMMER"}],"mediaListEntry":null,"reviews":null,"siteUrl":"https://anilist.co/anime/21558","autoCreateForumThread":false,"modNotes":null,"stats":{"scoreDistribution":[{"score":10,"amount":71},{"score":20,"amount":43},{"score":30,"amount":136},{"score":40,"amount":279},{"score":50,"amount":639},{"score":60,"amount":1212},{"score":70,"amount":2649},{"score":80,"amount":2917},{"score":90,"amount":1710},{"score":100,"amount":1091}],"statusDistribution":[{"status":"CURRENT","amount":1156},{"status":"PLANNING","amount":10386},{"status":"COMPLETED","amount":16193},{"status":"DROPPED","amount":958},{"status":"PAUSED","amount":876}]},"isRecommendationBlocked":false,"recommendations":[{"mediaRecommendation":{"id":21861,"title":{"romaji":"Ao no Exorcist: Kyoto Fujouou-hen","english":"Blue Exorcist: Kyoto Saga","native":"青の祓魔師 京都不浄王篇","userPreferred":"Ao no Exorcist: Kyoto Fujouou-hen"},"type":"ANIME"}},{"mediaRecommendation":{"id":3588,"title":{"romaji":"Soul Eater","english":"Soul Eater","native":"ソウルイーター","userPreferred":"Soul Eater"},"type":"ANIME"}},{"mediaRecommendation":{"id":10049,"title":{"romaji":"Nurarihyon no Mago: Sennen Makyou","english":"Nura: Rise of the Yokai Clan - Demon Capital","native":"ぬらりひょんの孫 千年魔京","userPreferred":"Nurarihyon no Mago: Sennen Makyou"},"type":"ANIME"}},{"mediaRecommendation":{"id":119675,"title":{"romaji":"SHAMAN KING (2021)","english":"SHAMAN KING (2021)","native":"SHAMAN KING (2021)","userPreferred":"SHAMAN KING (2021)"},"type":"ANIME"}},{"mediaRecommendation":{"id":1606,"title":{"romaji":"Kekkaishi","english":"Kekkaishi","native":"結界師","userPreferred":"Kekkaishi"},"type":"ANIME"}},{"mediaRecommendation":{"id":21687,"title":{"romaji":"Soul Eater: Late Night Show","english":"Soul Eater: Late Night Show","native":"ソウルイーターレイトショー","userPreferred":"Soul Eater: Late Night Show"},"type":"ANIME"}},{"mediaRecommendation":{"id":101922,"title":{"romaji":"Kimetsu no Yaiba","english":"Demon Slayer: Kimetsu no Yaiba","native":"鬼滅の刃","userPreferred":"Kimetsu no Yaiba"},"type":"ANIME"}},{"mediaRecommendation":{"id":7592,"title":{"romaji":"Nurarihyon no Mago","english":"Nura: Rise of the Yokai Clan","native":"ぬらりひょんの孫","userPreferred":"Nurarihyon no Mago"},"type":"ANIME"}},{"mediaRecommendation":{"id":269,"title":{"romaji":"BLEACH","english":"Bleach","native":"BLEACH","userPreferred":"BLEACH"},"type":"ANIME"}},{"mediaRecommendation":{"id":135136,"title":{"romaji":"Vanitas no Carte Part 2","english":"The Case Study of Vanitas Part 2","native":"ヴァニタスの手記 2クール","userPreferred":"Vanitas no Carte Part 2"},"type":"ANIME"}},{"mediaRecommendation":{"id":21038,"title":{"romaji":"Ushio to Tora (TV)","english":"Ushio and Tora (TV)","native":"うしおととら (TV)","userPreferred":"Ushio to Tora (TV)"},"type":"ANIME"}},{"mediaRecommendation":{"id":158931,"title":{"romaji":"Ao no Exorcist: Shimane Illuminati-hen","english":"Blue Exorcist -Shimane Illuminati Saga-","native":"青の祓魔師 島根啓明結社篇","userPreferred":"Ao no Exorcist: Shimane Illuminati-hen"},"type":"ANIME"}},{"mediaRecommendation":{"id":147850,"title":{"romaji":"SHAMAN KING: FLOWERS","english":null,"native":"SHAMAN KING FLOWERS","userPreferred":"SHAMAN KING: FLOWERS"},"type":"ANIME"}}]}