{"id":21749,"idMal":33051,"title":{"romaji":"Kidou Senshi Gundam: Tekketsu no Orphans 2","english":"Mobile Suit GUNDAM Iron Blooded Orphans 2","native":"機動戦士ガンダム 鉄血のオルフェンズ 2","userPreferred":"Kidou Senshi Gundam: Tekketsu no Orphans 2"},"format":"TV","status":"FINISHED","episodes":25,"description":"<i>Second season of Mobile Suit Gundam: Iron-Blooded Orphans.</i><br><br>\tLearning about the world from her journey to Earth, Kudelia founded Admoss Company to strive for the financial independence of Mars. While inspecting a mining site of halfmetal, Orga Itsuka, leader of Tekkadan hired by Admoss as guards, senses an attack from a new enemy and heads out to confront them, along with Mikazuki in the mobile suit Gundam Barbatos Lupus.<br><br>(Source: Anime News Network)","startDate":{"year":2016,"month":10,"day":2},"endDate":{"year":2017,"month":4,"day":2},"season":"FALL","seasonYear":2016,"duration":24,"countryOfOrigin":"JP","isLicensed":true,"source":"ORIGINAL","hashtag":"#g_tekketsu","trailer":null,"updatedAt":1706299742,"coverImage":{"large":"https://s4.anilist.co/file/anilistcdn/media/anime/cover/large/bx21749-tO6zfDKFesgl.jpg","medium":"https://s4.anilist.co/file/anilistcdn/media/anime/cover/medium/bx21749-tO6zfDKFesgl.jpg","small":"https://s4.anilist.co/file/anilistcdn/media/anime/cover/small/bx21749-tO6zfDKFesgl.jpg","color":null},"bannerImage":"https://s4.anilist.co/file/anilistcdn/media/anime/banner/21749-vh7IR0lNbQYR.jpg","genres":["Action","Drama","Mecha","Sci-Fi"],"synonyms":["Gundam IBO","G-Tekketsu"],"averageScore":79,"meanScore":79,"favourites":882,"popularity":27915,"trending":2,"tags":[{"id":34,"name":"Military","isMediaSpoiler":false},{"id":111,"name":"War","isMediaSpoiler":false},{"id":85,"name":"Tragedy","isMediaSpoiler":true},{"id":103,"name":"Politics","isMediaSpoiler":false},{"id":160,"name":"Real Robot","isMediaSpoiler":false},{"id":1382,"name":"Orphan","isMediaSpoiler":false},{"id":779,"name":"Kuudere","isMediaSpoiler":false},{"id":104,"name":"Anti-Hero","isMediaSpoiler":false},{"id":63,"name":"Space","isMediaSpoiler":false},{"id":105,"name":"Ensemble Cast","isMediaSpoiler":false},{"id":217,"name":"Dystopian","isMediaSpoiler":false},{"id":294,"name":"Bisexual","isMediaSpoiler":false},{"id":335,"name":"Tanned Skin","isMediaSpoiler":false},{"id":648,"name":"Crime","isMediaSpoiler":false},{"id":1219,"name":"Disability","isMediaSpoiler":false},{"id":1277,"name":"Found Family","isMediaSpoiler":false},{"id":199,"name":"Yakuza","isMediaSpoiler":false},{"id":1453,"name":"Desert","isMediaSpoiler":false},{"id":162,"name":"Space Opera","isMediaSpoiler":false},{"id":155,"name":"Rape","isMediaSpoiler":true},{"id":483,"name":"LGBTQ+ Themes","isMediaSpoiler":false},{"id":909,"name":"Agriculture","isMediaSpoiler":false}],"relations":[{"id":21268,"title":{"english":"Mobile Suit GUNDAM Iron Blooded Orphans","native":"機動戦士ガンダム 鉄血のオルフェンズ","romaji":"Kidou Senshi Gundam: Tekketsu no Orphans","userPreferred":"Kidou Senshi Gundam: Tekketsu no Orphans"},"type":"ANIME"},{"id":124525,"title":{"english":null,"native":"機動戦士ガンダム 鉄血のオルフェンズ弐","romaji":"Kidou Senshi Gundam: Tekketsu no Orphans II","userPreferred":"Kidou Senshi Gundam: Tekketsu no Orphans II"},"type":"MANGA"}],"characters":[{"id":89233,"name":"Mikazuki Augus"},{"id":89235,"name":"Orga Itsuka"},{"id":127244,"name":"Amida Arca"},{"id":127245,"name":"Togonosuke Makanai"},{"id":127246,"name":"Echo Turbine"},{"id":127247,"name":"Bilt Turbine"},{"id":127249,"name":"Nadi Yukinojou Kassapa"},{"id":127250,"name":"Naze Turbine"},{"id":127251,"name":"Merribit Stapleton"},{"id":127252,"name":"Eugene Seven Stark"},{"id":127253,"name":"Carta Issue"},{"id":127254,"name":"Azee Gurumin"},{"id":127255,"name":"Nobliss Gordon"},{"id":127256,"name":"Cracker Griffon"},{"id":127257,"name":"Ein Dalton"},{"id":127258,"name":"McMurdo Barriston"},{"id":127259,"name":"Lafter Frankland"},{"id":89238,"name":"McGillis Fareed"},{"id":89234,"name":"Kudelia Aina Bernstein"},{"id":127644,"name":"Yamagi Gilmerton"},{"id":127653,"name":"Norba Shino"},{"id":143116,"name":"Akihiro Altland"},{"id":159596,"name":"Takaki Uno"},{"id":89237,"name":"Atra Mixta"},{"id":279603,"name":"Almiria Bauduin"}],"staff":[{"id":103539,"name":"Tatsuyuki Nagai"},{"id":100978,"name":"Mari Okada"},{"id":99087,"name":"Yuu Itou"},{"id":116299,"name":"Michinori Chiba"},{"id":102520,"name":"Masaru Yokoyama"},{"id":121855,"name":"Nobuhito Sue"},{"id":125913,"name":"Uru"},{"id":137275,"name":"KANA-BOON"},{"id":103917,"name":"GRANRODEO"},{"id":107707,"name":"SPYAIR"},{"id":165819,"name":"Hiroshi Arisawa"},{"id":110711,"name":"Naohiro Washio"},{"id":158158,"name":"Tamotsu Shinohara"},{"id":142579,"name":"Youhei Miyahara"},{"id":97197,"name":"Hajime Yatate"},{"id":118616,"name":"Ayu Kawamoto"},{"id":103626,"name":"Kanetake Ebikawa"},{"id":97337,"name":"Yoshiyuki Tomino"},{"id":103074,"name":"Jin Aketagawa"},{"id":118610,"name":"Ippei Gyoubu"},{"id":237758,"name":"Kentarou Yoshimura"},{"id":191455,"name":"Kayo Ikeda"},{"id":148584,"name":"Hiroaki Hirata"},{"id":148300,"name":"Toshihiro Maeda"},{"id":160005,"name":"Fumihiko Ootera"}],"studios":[{"id":14,"name":"Sunrise","isAnimationStudio":true},{"id":143,"name":"Mainichi Broadcasting System","isAnimationStudio":false}],"isFavourite":false,"isAdult":false,"isLocked":false,"nextAiringEpisode":null,"airingSchedule":[{"airingAt":1475395200,"timeUntilAiring":-230907166,"episode":1},{"airingAt":1476000000,"timeUntilAiring":-230302366,"episode":2},{"airingAt":1476604800,"timeUntilAiring":-229697566,"episode":3},{"airingAt":1477209600,"timeUntilAiring":-229092766,"episode":4},{"airingAt":1477814400,"timeUntilAiring":-228487966,"episode":5},{"airingAt":1478419200,"timeUntilAiring":-227883166,"episode":6},{"airingAt":1479024000,"timeUntilAiring":-227278366,"episode":7},{"airingAt":1479628800,"timeUntilAiring":-226673566,"episode":8},{"airingAt":1480233600,"timeUntilAiring":-226068766,"episode":9},{"airingAt":1480838400,"timeUntilAiring":-225463966,"episode":10},{"airingAt":1481443200,"timeUntilAiring":-224859166,"episode":11},{"airingAt":1482048000,"timeUntilAiring":-224254366,"episode":12},{"airingAt":1482652800,"timeUntilAiring":-223649566,"episode":13},{"airingAt":1484467200,"timeUntilAiring":-221835166,"episode":14},{"airingAt":1485072000,"timeUntilAiring":-221230366,"episode":15},{"airingAt":1485676800,"timeUntilAiring":-220625566,"episode":16},{"airingAt":1486281600,"timeUntilAiring":-220020766,"episode":17},{"airingAt":1486886400,"timeUntilAiring":-219415966,"episode":18},{"airingAt":1487491200,"timeUntilAiring":-218811166,"episode":19},{"airingAt":1488096000,"timeUntilAiring":-218206366,"episode":20},{"airingAt":1488700800,"timeUntilAiring":-217601566,"episode":21},{"airingAt":1489305600,"timeUntilAiring":-216996766,"episode":22},{"airingAt":1489910400,"timeUntilAiring":-216391966,"episode":23},{"airingAt":1490515200,"timeUntilAiring":-215787166,"episode":24},{"airingAt":1491120000,"timeUntilAiring":-215182366,"episode":25}],"trends":[{"date":1459782000,"trending":5,"popularity":null,"inProgress":null},{"date":1459868400,"trending":4,"popularity":null,"inProgress":null},{"date":1459954800,"trending":12,"popularity":null,"inProgress":null},{"date":1460041200,"trending":5,"popularity":null,"inProgress":null},{"date":1460127600,"trending":2,"popularity":null,"inProgress":null},{"date":1460214000,"trending":3,"popularity":null,"inProgress":null},{"date":1460300400,"trending":4,"popularity":null,"inProgress":null},{"date":1460386800,"trending":2,"popularity":null,"inProgress":null},{"date":1460473200,"trending":5,"popularity":null,"inProgress":null},{"date":1460732400,"trending":4,"popularity":null,"inProgress":null},{"date":1460818800,"trending":3,"popularity":null,"inProgress":null},{"date":1461164400,"trending":2,"popularity":null,"inProgress":null},{"date":1461250800,"trending":3,"popularity":null,"inProgress":null},{"date":1461423600,"trending":2,"popularity":null,"inProgress":null},{"date":1461510000,"trending":3,"popularity":null,"inProgress":null},{"date":1461942000,"trending":2,"popularity":null,"inProgress":null},{"date":1462028400,"trending":2,"popularity":null,"inProgress":null},{"date":1463929200,"trending":2,"popularity":null,"inProgress":null},{"date":1464534000,"trending":2,"popularity":null,"inProgress":null},{"date":1464793200,"trending":2,"popularity":null,"inProgress":null},{"date":1466089200,"trending":2,"popularity":null,"inProgress":null},{"date":1466175600,"trending":2,"popularity":null,"inProgress":null},{"date":1466866800,"trending":2,"popularity":null,"inProgress":null},{"date":1467126000,"trending":2,"popularity":null,"inProgress":null},{"date":1468335600,"trending":2,"popularity":null,"inProgress":null}],"externalLinks":["http://g-tekketsu.com/","https://twitter.com/g_tekketsu","http://www.crunchyroll.com/mobile-suit-gundam-iron-blooded-orphans","https://www.funimation.com/shows/mobile-suit-gundam-iron-blooded-orphans","https://www.hulu.com/series/mobile-suit-gundam-iron-blooded-orphans-614c73c1-3f0b-48e4-b7e0-077071df95d5","https://www.amazon.com/gp/video/detail/B07FRR9C49/","https://www.netflix.com/title/80150290"],"streamingEpisodes":[{"title":"Episode 1 - IRON AND BLOOD","thumbnail":"https://img1.ak.crunchyroll.com/i/spire1-tmb/818cea391839beeeca7a10b323e71d6e1444547163_full.jpg","url":"http://www.crunchyroll.com/mobile-suit-gundam-iron-blooded-orphans/episode-1-iron-and-blood-687053","site":"Crunchyroll"},{"title":"Episode 2 - Barbatos","thumbnail":"https://img1.ak.crunchyroll.com/i/spire3-tmb/7507be857d2ba4100efc8a414c8275701445157583_full.jpg","url":"http://www.crunchyroll.com/mobile-suit-gundam-iron-blooded-orphans/episode-2-barbatos-687055","site":"Crunchyroll"},{"title":"Episode 3 - Glorious Demise","thumbnail":"https://img1.ak.crunchyroll.com/i/spire1-tmb/a70fa584b18fd5027c60305fe69a50bf1445721075_full.jpg","url":"http://www.crunchyroll.com/mobile-suit-gundam-iron-blooded-orphans/episode-3-glorious-demise-687057","site":"Crunchyroll"},{"title":"Episode 4 - The Price of Life","thumbnail":"https://img1.ak.crunchyroll.com/i/spire3-tmb/f7f9b115c50a47b12deb0044026328af1446341060_full.jpg","url":"http://www.crunchyroll.com/mobile-suit-gundam-iron-blooded-orphans/episode-4-the-price-of-life-687751","site":"Crunchyroll"},{"title":"Episode 5 - Beyond the Red Sky","thumbnail":"https://img1.ak.crunchyroll.com/i/spire1-tmb/3964ca0ba6ab9abd3e90118e3fb1996e1446773822_full.jpg","url":"http://www.crunchyroll.com/mobile-suit-gundam-iron-blooded-orphans/episode-5-beyond-the-red-sky-687753","site":"Crunchyroll"},{"title":"Episode 6 - As for Them","thumbnail":"https://img1.ak.crunchyroll.com/i/spire1-tmb/656cff8fad8cb7ec7664cefa256f9fc21447120650_full.jpg","url":"http://www.crunchyroll.com/mobile-suit-gundam-iron-blooded-orphans/episode-6-as-for-them-687755","site":"Crunchyroll"},{"title":"Episode 7 - Whaling","thumbnail":"https://img1.ak.crunchyroll.com/i/spire3-tmb/08ac406347105f7b4142ab2068c1764c1448059377_full.jpg","url":"http://www.crunchyroll.com/mobile-suit-gundam-iron-blooded-orphans/episode-7-whaling-687757","site":"Crunchyroll"},{"title":"Episode 8 - The Form of Closeness","thumbnail":"https://img1.ak.crunchyroll.com/i/spire2-tmb/3dfefee2360a7fa75143de5946fff7aa1448402640_full.jpg","url":"http://www.crunchyroll.com/mobile-suit-gundam-iron-blooded-orphans/episode-8-the-form-of-closeness-687759","site":"Crunchyroll"},{"title":"Episode 9 - Sakazuki","thumbnail":"https://img1.ak.crunchyroll.com/i/spire1-tmb/c7f542415f104ffdd3414026959d91481448997917_full.jpg","url":"http://www.crunchyroll.com/mobile-suit-gundam-iron-blooded-orphans/episode-9-sakazuki-687761","site":"Crunchyroll"},{"title":"Episode 10 - A Letter from Tomorrow","thumbnail":"https://img1.ak.crunchyroll.com/i/spire2-tmb/229740f794ada935aa87536bcbfc56f71449603766_full.jpg","url":"http://www.crunchyroll.com/mobile-suit-gundam-iron-blooded-orphans/episode-10-a-letter-from-tomorrow-687763","site":"Crunchyroll"},{"title":"Episode 11 - HUMAN DEBRIS","thumbnail":"https://img1.ak.crunchyroll.com/i/spire1-tmb/2b93b24faf08535beb495c0f113ae1ed1450205355_full.jpg","url":"http://www.crunchyroll.com/mobile-suit-gundam-iron-blooded-orphans/episode-11-human-debris-687765","site":"Crunchyroll"},{"title":"Episode 12 - The Shoals","thumbnail":"https://img1.ak.crunchyroll.com/i/spire3-tmb/6c290e82abbf6062b8f496d4ef3ef8c61450738212_full.jpg","url":"http://www.crunchyroll.com/mobile-suit-gundam-iron-blooded-orphans/episode-12-the-shoals-687767","site":"Crunchyroll"},{"title":"Episode 13 - Funeral Rites","thumbnail":"https://img1.ak.crunchyroll.com/i/spire2-tmb/48e25a153b3978a1df52649985850bbc1451719254_full.jpg","url":"http://www.crunchyroll.com/mobile-suit-gundam-iron-blooded-orphans/episode-13-funeral-rites-687769","site":"Crunchyroll"},{"title":"Episode 14 - Vessel of Hope","thumbnail":"https://img1.ak.crunchyroll.com/i/spire2-tmb/5d2c3329aaa461e1766072a4c9ff1f2e1452626281_full.jpg","url":"http://www.crunchyroll.com/mobile-suit-gundam-iron-blooded-orphans/episode-14-vessel-of-hope-692047","site":"Crunchyroll"},{"title":"Episode 15 - Trail of Footprints","thumbnail":"https://img1.ak.crunchyroll.com/i/spire2-tmb/779d72475db49c965942299817829b2b1453255726_full.jpg","url":"http://www.crunchyroll.com/mobile-suit-gundam-iron-blooded-orphans/episode-15-trail-of-footprints-692049","site":"Crunchyroll"},{"title":"Episode 16 - Fumitan Admoss","thumbnail":"https://img1.ak.crunchyroll.com/i/spire4-tmb/d88310816d25c51a833a770685b5b23f1453771732_full.jpg","url":"http://www.crunchyroll.com/mobile-suit-gundam-iron-blooded-orphans/episode-16-fumitan-admoss-692051","site":"Crunchyroll"},{"title":"Episode 17 - Kudelia's Decision","thumbnail":"https://img1.ak.crunchyroll.com/i/spire2-tmb/0cab12955d7a763a6b995cb8eb001f351454367597_full.jpg","url":"http://www.crunchyroll.com/mobile-suit-gundam-iron-blooded-orphans/episode-17-kudelias-decision-692053","site":"Crunchyroll"},{"title":"Episode 18 - Voice","thumbnail":"https://img1.ak.crunchyroll.com/i/spire2-tmb/35f5f4bb7d25a07a7ca13b30cc6b4fbc1454983161_full.jpg","url":"http://www.crunchyroll.com/mobile-suit-gundam-iron-blooded-orphans/episode-18-voice-692055","site":"Crunchyroll"},{"title":"Episode 19 - They Gravity of Wishes","thumbnail":"https://img1.ak.crunchyroll.com/i/spire3-tmb/9efce218d2d397b4d1e3127ffb39e0ea1455668615_full.jpg","url":"http://www.crunchyroll.com/mobile-suit-gundam-iron-blooded-orphans/episode-19-they-gravity-of-wishes-692057","site":"Crunchyroll"},{"title":"Episode 20 - Brother","thumbnail":"https://img1.ak.crunchyroll.com/i/spire3-tmb/d451b272bcef240de8a74a25114009461456255202_full.jpg","url":"http://www.crunchyroll.com/mobile-suit-gundam-iron-blooded-orphans/episode-20-brother-692059","site":"Crunchyroll"},{"title":"Episode 21 - To the Place of Return","thumbnail":"https://img1.ak.crunchyroll.com/i/spire4-tmb/64728a56273454dab262193cc215f22e1456804927_full.jpg","url":"http://www.crunchyroll.com/mobile-suit-gundam-iron-blooded-orphans/episode-21-to-the-place-of-return-692061","site":"Crunchyroll"},{"title":"Episode 22 - Not Yet Home","thumbnail":"https://img1.ak.crunchyroll.com/i/spire3-tmb/2ca08d75a8b94c3fe7e5cd1bcfc0c8fd1457757090_full.jpg","url":"http://www.crunchyroll.com/mobile-suit-gundam-iron-blooded-orphans/episode-22-not-yet-home-692063","site":"Crunchyroll"},{"title":"Episode 23 - The Final Lie","thumbnail":"https://img1.ak.crunchyroll.com/i/spire1-tmb/27ef04f48da2b36e43d7dd1e611dbdfa1458437561_full.jpg","url":"http://www.crunchyroll.com/mobile-suit-gundam-iron-blooded-orphans/episode-23-the-final-lie-692065","site":"Crunchyroll"},{"title":"Episode 24 - A Future Reward","thumbnail":"https://img1.ak.crunchyroll.com/i/spire1-tmb/46849813e79ec54f4585e8e98d5766481458954320_full.jpg","url":"http://www.crunchyroll.com/mobile-suit-gundam-iron-blooded-orphans/episode-24-a-future-reward-692067","site":"Crunchyroll"},{"title":"Episode 25 - Tekkadan","thumbnail":"https://img1.ak.crunchyroll.com/i/spire1-tmb/c8b02c815c5090f47b108939c16015421459274618_full.jpg","url":"http://www.crunchyroll.com/mobile-suit-gundam-iron-blooded-orphans/episode-25-tekkadan-692069","site":"Crunchyroll"}],"rankings":[{"rank":291,"type":"RATED","context":"highest rated all time","year":null,"season":null},{"rank":13,"type":"RATED","context":"highest rated","year":2016,"season":null},{"rank":75,"type":"POPULAR","context":"most popular","year":2016,"season":null},{"rank":6,"type":"RATED","context":"highest rated","year":2016,"season":"FALL"},{"rank":18,"type":"POPULAR","context":"most popular","year":2016,"season":"FALL"}],"mediaListEntry":null,"reviews":[{"id":3943,"score":56,"summary":"A highly disappointing followup to the first season that manages to miss everything that made it great to begin with.","body":"The second season of Iron-Blooded Orphans is a disjointed sequel that is disappointing to say the least. None of the emotional weight that the first season carried managed to make its weight into the second season. Rather than being a meaningful continuation of a remarkable series, IBO S2 ends up becoming a predictable series that at times can almost seem like a chore to watch.\n\nMy biggest complaint would be the show’s attempts to generate an emotional response. In the first season, the audience was introduced to a group of battle-hardened child soldiers bent on forging their own path. And like almost any other story in the same vein, there is tragedy and death along the way. While this aspect of IBO continues on in the first season, IBO S2 suffers from the problem of creating tragedy for the sake of tragedy. \n\nAnd yes, this is Iron-Blooded Orphans, so expect protagonists to die as well.\n\nWhereas the first season had Tekkadan members die in order to create meaningful plot development, the second season feels rather empty when it comes to its attempt at creating emotional and poignant events. \n\nFor instance, when characters die, their deaths cease to have an impact beyond the scope of maybe one or two episodes after. \n\nAnother problem would be the way Tekkadan’s growth as a mercenary outfit is handled. The boss, Orga, constantly doubts his own ability to lead. And although this is a very logical flaw to have in a character thrust in an unfriendly world, it becomes rather annoying when these flaws are mentioned in almost every single episode. Many of the great characters of Tekkadan have become relegated to being tools for the writers to directly tell the audience how Orga is developing as a character.\n\nCharacter development should be implicit, rather than directly stated. We don’t need characters literally laying it out for the audience in order for us to see that characters have changed. We don’t need three minutes of dialogue about how the crew members think that so-and-so has changed as a person. That’s just lazy writing if anything.\n\nSo basically, if you thought Eugene was a great character in the first season, prepare to be disappointed. His main role is going to be simply reminding you of how Orga’s changing as a leader.\n\nFinally, a huge problem I noticed was how plot twists or surprises seem either artificial and / or obvious. You’ll notice what I mean as soon as the character of Vidar is introduced. If you are seriously surprised to find out who he is later on in the season, then you are really not paying any attention.\n\nI really wished the second season could live up to the high standards of the first, but alas, that is not the case."},{"id":4796,"score":50,"summary":"For the love of God, new viewer, stop at season 1","body":"IBO Season 2 is notorious in the Gundam fan community. If Gundam Seed Destiny had not captured the gold medal for \"biggest fuckup in history\", IBO S2 could easily take the crown. Every positive to S1, is gone in S2. This review will include spoilers. Please, take it on faith, do not watch season 2 and keep reading. If you can't take that on faith, watch season 2 and join me in the suffering pit. \n\nStarting off with the lighter stuff, let me start with the positives. One, they did not cop out on the implied ending that has been apparent since season 1. Almost every named character in Tekkadan will die, horribly, because they are an underdog that stopped being underestimated. Despite the big fat meme about Orga's death being goofy, everyone who committed war crimes in Tekkadan will get their comeuppance. The fantasy that this team of young boys living by the sword will beat the man and save space, is not happening. They will be crushed by the hierarchy, and their death throes will be heard by no-one. Only the existing power structure, deciding to fix itself, will cause positive change in space. This is totally in step with the setting, the tone, and everything else. You'll occasionally hear people complaining that the big bad meanie general guy didn't get his comeuppance. __That's the point.__ This setting is supposed to be semi-realistic, and that is absolutely in the fantasy department. Item two, is the worldbuilding added by season 2. The fun-but-dumb mobile armor hunt arc vastly expands the world of IBO, so that we can all now pang for an OVA exploring the Calamity War that so names the setting. It sounds like the One Year War on steroids, in the best way. The fight itself, is pretty fun, and the concept that Mikazuki is becoming increasingly physically dependent on Barbatos to function is fitting of the setting. So, onto the bad.\n\nOn the negative side, most everything else. Characters, pacing, narrative, twists, suit design, storyboarding... it's an across the board drop from season one. Instead of tediously explaining how each one of these things is a mess, let's laser in on one example that demonstrates all of these things: McGillis' finale. Whereas the Tekkadan sendoff is totally appropriate to the setting, this shit just leaves you scratching your head. Grand chessmaster McGillis, the architect of almost all of season 1 and 2, has invented a master plan to take total control of Gjallarhorn and restore liberty to space: after getting turned on by how hardcore Mikazuki is at murder, he concludes that activating and piloting a nostalgic artifact of Gjallarhorn will magically sway every single soldier to serve him. His grandmaster plan to completely upend the social order in space...is to steal one mobile suit and declare himself winner. He does this with a minor contingent of soldiers, a small mercenary band, and no political power beyond his own seat at the big boy's table. He proceeds to get the everloving shit kicked out of him in every possible way, including his friend / adoptive brother getting to come back from the dead and kill him. He gets his suit, then everyone laughs at his dumb strategy and shoots at him. I cannot emphasize strongly enough how absurdly stupid this plan is. It is possibly the dumbest plan in Gundam history, possibly the dumbest serious plan I've ever seen in an anime. It permanently annihilates his character beyond any recovery. How is this paced? Very suddenly, because it is apparent there's a fight in the writer's room and they can't make up their minds. How is this storyboarded? I hope you like bright lights bumping into each other in the distance, because IBO is still struggling to manage its budget again. Want new suit designs? Too bad, there are still *two* skeletons available to any given mobile suit, and it's almost always the Valkyrie frame. Twist? The twist is that McGillis is a fucking idiot and apparently was lucky to get as far as he did. \n\nS2 IBO hurt me more than most shows do, but I can't go lower than 5. There's enough quality scattered in there that it's not TOO bad. Tekkadan's end, Orga getting delusions of grandeur, the escape of what few survived Tekkadan, the fun Armor fight, they keep you going to the end. IBO underperformed in merch sales and is widely mocked in Japan and parts of the western audience. The setting has been exiled to a mobile, presumably to never return. Which is a tragedy: IBO has possibly the best setting of any Gundam show, it's just terribly squandered on incompetent, feuding staff. "},{"id":11776,"score":75,"summary":"IBO's Second Season has a story and a lesson to tell, and its still worth a watch. ","body":"~~~_\"Let's go, to the place where we belong.\"_\n~~~\nSeason 2's story and ending has often been discussed as something of inferior to Season 1's ending, and it may seem so, because of the haphazard storytelling. Nonetheless, as an overall thematic ending, I do think IBO has succeeded, and even if the presentation was subpar, its still a tale worth watching. \n\nFirstly, I'll start off by saying that this review won't be that of a strict review, but more of a reflection of how I felt about it.  As a newcomer to the Gundam Series, I do feel that this series stands well as a very character-driven story that emotionally hits the audience, but you do need to take some time to consider the perspectives of the various characters. \n\nAs implied in Season 1's events, this is not a story where our cast will leave with what they earned, nor will they seek the riches and glory they hoped to gain. People will die along the way, and the characters will shoulder the consequences of their actions. \n\n__Spoilers Ahead :\n__\n-\n-\nMuch like your classic Greek tragedy, this is very much a story where excessive pride leads to the fall of its main characters. We see Orga Itsuka, leader of Tekkadan lose sight of what he sought to accomplish. Seeking a place for his family to live in a world where they would no longer be oppressed, Orga actually achieved what he wanted by the events of Edmonton. A place within Teiwaz and better conditions for his comrades, he is blinded by what he could achieve if he kept going. Yet, the problem lay with how we went about it, and not with the fact that he sought more in the first place.  Tempted by the drive to become the King of Mars, he sets a collision course for his family and for himself by going for his goal in the \"shortest way possible\", something that is continuously highlighted to him throughout the show. His decision to ally with McGillis in his decision to start a coup in Gjallarhorn definitely was the root of it, and his plain decision to risk it all with a dark horse was the root of it, and he paid for it with his life and that of many others in Tekkadan. \n\nTheir reliance on violence and force to achieve what they seek, even when others may be possible, are the true reason for Tekkadan's demise, and it is deserved. Progressing through S2, Orga puts the lives of his comrades at risk for unnecessary reasons, despite the obvious odds standing against him.  A merc group against the space police is a poor matchup, no matter how you put it. And he pays for it. \n\nFrom a more macro point of view, what made me like IBO was how it succeeds at making you feel like a member of the family that is Tekkadan. Most of not all of the deaths throughout the series hurt, and it shows how you've become attached to the people who are fighting for a better life for themself and their family. \n\nThat said, there are problems. The handling of McGillis had potential, but it was executed in a disjointed way. His goal of cleansing Gjallarhorn of its corruption have so many problems I can't believe his plan was even thought through. Not to mention the addition of characters such as Hush who had potential but whose development was unclear to say the least. Don't get me started on Iok that said. \n\nThe overall thematic ideas of IBO stand well despite these problems, but how it is handled was not as delicate as how it was in Season 2, and the rapid pacing to conclude such a complicated story is what hampers the success of the show and probably what led to the poor reviews and view of IBO as an overall failure. It wasn't and it shouldn't be disregarded as such."},{"id":20751,"score":88,"summary":"That Time an Anime Gave me Anxiety","body":"The folly of ideals. What do I live for? What do I fight for? What shall I die for?\n\nMobile Suit Gundam Iron Blooded Orphans asks this question. However, it may seem like it failed to answer it. I would argue the opposite, rather the absence of an answer is in itself the answer. We follow the struggle of the Iron Rose Tekkadan and its soldiers, a family made of those that were rejected by all now united under a banner and a cause. \"To reach the place where we belong.\" The pain of this goal is that we follow them across the stars, from Mars to Earth and back again, in search of this place. They live in order to attain their goal, they fight for the ideals of others' ambitions, and they die for the hope that one of them will make it there. In the end, the goal is realized for all that survive, but the hope of Tekkadan, their goal, and ideals are only acknowledged by us. The heartbreaking realization that the place they belong is on the battlefield, being willing to fight and kill and die like human debris for the dreams of others.\n\nIron Blooded Orphans also warns us about how tightly should we hold to ideals, what shall we sacrifice? What is worth casting aside and what is worth holding onto. For Gjallerhorn it is order, for Kudelia hope, McGillis Fareed it is the power to mold the world into something anew. As for Tekkadan? Their ideals are less clear, that is in part their strength, for some of them it may be money and an easy life and they are willing to chase it with all they have. However, their true strength lies in their bonds with one another, the fact that they will leave no one behind. \"We'll find the place for us to belong\" that promise is what fuels all of them even to their tragic fate and it's what defines their humanity.\n\nThe other tragedy is the passing of time, the realization that only those who live can carry our stories forward? But what about those whose stories shall never be shared? They only live on in our hearts, in the memories we store and the impact they had on those they loved and fought with. The struggle of Mikazuki Augus, Akihiro Atlan and Orga Itsuka, as well as the rest of Tekkadan may have faded from the minds of those from the outside. But the hearts of those who survived carry on their hopes to the dream they had so desperately chased after and fought for and that is why they live on. Like the Iron Flower that will never wilt, Tekkadan lives on.\n\nWith a phenomenal soundtrack and a story that may seem slow before it grabs you. Mobile Suit Gundam Iron Blooded Oprhans is worth the watch. It may even capture you long before you realize, when your heart starts pounding and your hands shake that's how you know they got you. Iron Blooded Orphans asks us the question of what are we willing to fight for in our own lives. And that it's up to us to find the answer and carry it forward to the realities we hope for.\n\nLater Days,\n\nAfricanime"}],"siteUrl":"https://anilist.co/anime/21749","autoCreateForumThread":false,"modNotes":null,"stats":{"scoreDistribution":[{"score":10,"amount":87},{"score":20,"amount":54},{"score":30,"amount":123},{"score":40,"amount":225},{"score":50,"amount":456},{"score":60,"amount":749},{"score":70,"amount":1844},{"score":80,"amount":3658},{"score":90,"amount":3618},{"score":100,"amount":2031}],"statusDistribution":[{"status":"CURRENT","amount":1653},{"status":"PLANNING","amount":5821},{"status":"COMPLETED","amount":19011},{"status":"DROPPED","amount":531},{"status":"PAUSED","amount":899}]},"isRecommendationBlocked":false,"recommendations":[{"mediaRecommendation":{"id":2904,"title":{"romaji":"Code Geass: Hangyaku no Lelouch R2","english":"Code Geass: Lelouch of the Rebellion R2","native":"コードギアス 反逆のルルーシュ R2","userPreferred":"Code Geass: Hangyaku no Lelouch R2"},"type":"ANIME"}},{"mediaRecommendation":{"id":16668,"title":{"romaji":"Kakumeiki Valvrave","english":"Valvrave the Liberator","native":"革命機ヴァルヴレイヴ","userPreferred":"Kakumeiki Valvrave"},"type":"ANIME"}},{"mediaRecommendation":{"id":18295,"title":{"romaji":"Kakumeiki Valvrave 2","english":"Valvrave the Liberator 2","native":"革命機ヴァルヴレイヴ 2","userPreferred":"Kakumeiki Valvrave 2"},"type":"ANIME"}},{"mediaRecommendation":{"id":101348,"title":{"romaji":"VINLAND SAGA","english":"Vinland Saga","native":"ヴィンランド・サガ","userPreferred":"VINLAND SAGA"},"type":"ANIME"}}]}