{"id":21879,"idMal":33733,"title":{"romaji":"Inazuma Eleven: Ares no Tenbin","english":"Inazuma Eleven Ares","native":"イナズマイレブン アレスの天秤","userPreferred":"Inazuma Eleven: Ares no Tenbin"},"format":"TV","status":"FINISHED","episodes":26,"description":"Ares no Tenbin depicts an alternative canon following the events of the first season of the original Inazuma Eleven anime. Taking place sometime after Raimon's victory in the Football Frontier, in this alternative universe, the alien attack from the second season never occurs. Japanese soccer has been deemed weak compared to international competition. Due to this, the Raimon Eleven have been disbanded, and its members are sent to different soccer teams across Japan in the hopes of strengthening Japan's soccer at a national level. Moreover, in the modern world of Japanese youth soccer, sponsorship has become a vital aspect of a team's survival. A youth team must have a sponsor, otherwise, their club will face disbandment, and are not permitted to partake in matches.<br><br>\n\nThe series focuses on the forward Asuto Inamori and his team, Inakuni Raimon, which is made up of players from the remote Inakunijima Island. They have replaced the original Raimon Eleven as Raimon Junior High's soccer team, and are competing as underdogs in the annual Football Frontier youth tournament.<br><br>\n\n(Source: Wikpedia)","startDate":{"year":2018,"month":4,"day":6},"endDate":{"year":2018,"month":9,"day":28},"season":"SPRING","seasonYear":2018,"duration":23,"countryOfOrigin":"JP","isLicensed":true,"source":"VIDEO_GAME","hashtag":"#イナズマイレブン","trailer":"https://www.dailymotion.com/video/x6g2bj7","updatedAt":1706296446,"coverImage":{"large":"https://s4.anilist.co/file/anilistcdn/media/anime/cover/large/bx21879-h5RaJDRqPg8N.jpg","medium":"https://s4.anilist.co/file/anilistcdn/media/anime/cover/medium/bx21879-h5RaJDRqPg8N.jpg","small":"https://s4.anilist.co/file/anilistcdn/media/anime/cover/small/bx21879-h5RaJDRqPg8N.jpg","color":"#f1c935"},"bannerImage":"https://s4.anilist.co/file/anilistcdn/media/anime/banner/21879-Ac6WnBmgL5T0.jpg","genres":["Action","Sports"],"synonyms":["Inazuma Eleven Balance of Ares","Super Onze: Ares no Tenbin"],"averageScore":63,"meanScore":64,"favourites":101,"popularity":9746,"trending":1,"tags":[{"id":148,"name":"Football","isMediaSpoiler":false},{"id":66,"name":"Super Power","isMediaSpoiler":false},{"id":82,"name":"Male Protagonist","isMediaSpoiler":false}],"relations":[{"id":5231,"title":{"english":null,"native":"イナズマイレブン","romaji":"Inazuma Eleven","userPreferred":"Inazuma Eleven"},"type":"ANIME"},{"id":104077,"title":{"english":"Inazuma Eleven: The Seal of Orion","native":"イナズマイレブン オリオンの刻印","romaji":"Inazuma Eleven: Orion no Kokuin","userPreferred":"Inazuma Eleven: Orion no Kokuin"},"type":"ANIME"},{"id":102933,"title":{"english":"Inazuma Eleven: Reloaded - Reformation of Soccer","native":"イナズマイレブン リローデッド ～サッカーの変革へんかく～","romaji":"Inazuma Eleven Reloaded - Soccer no Henkaku","userPreferred":"Inazuma Eleven Reloaded - Soccer no Henkaku"},"type":"ANIME"},{"id":99059,"title":{"english":"Inazuma Eleven: Outer Code","native":"イナズマイレブン アウターコード","romaji":"Inazuma Eleven: Outer Code","userPreferred":"Inazuma Eleven: Outer Code"},"type":"ANIME"},{"id":138858,"title":{"english":null,"native":"イナズマイレブン アレスの天秤","romaji":"Inazuma Eleven: Ares no Tenbin\t","userPreferred":"Inazuma Eleven: Ares no Tenbin\t"},"type":"MANGA"}],"characters":[{"id":126872,"name":"Ryouhei Haizaki"},{"id":126873,"name":"Seiryuu Mizukamiya"},{"id":32307,"name":"Ryuuji Midorikawa"},{"id":32156,"name":"Reiji Kageyama"},{"id":16413,"name":"Shuuya Gouenji"},{"id":29850,"name":"Heigorou Kabeyama"},{"id":26939,"name":"Shirou Fubuki"},{"id":38599,"name":"Atsuya Fubuki"},{"id":29851,"name":"Ryuugo Someoka"},{"id":36807,"name":"Reina Yagami"},{"id":36729,"name":"Michiya Kudou"},{"id":16412,"name":"Mamoru Endou"},{"id":32309,"name":"Koujirou Genda"},{"id":31006,"name":"Terumi Afuro"},{"id":32155,"name":"Osamu Saginuma"},{"id":22737,"name":"Yuuto Kidou"},{"id":29849,"name":"Ichirouta Kazemaru"},{"id":31943,"name":"Hiroto Kiyama"},{"id":31784,"name":"Aki Kino"},{"id":31771,"name":"Fuusuke Suzuno"},{"id":32306,"name":"Jirou Sakuma"},{"id":36806,"name":"Daiki Jimon"},{"id":74555,"name":"Mamoru Nishigaki"},{"id":31779,"name":"Haruna Otonashi"},{"id":36805,"name":"Shimozuru Arata"}],"staff":[{"id":128728,"name":"Aki Yamagata"},{"id":140342,"name":"Midori Matsuda"},{"id":118906,"name":"Yumi Kamakura"},{"id":144427,"name":"Yuuko Inoue"},{"id":107521,"name":"Akihiro Hino"},{"id":116593,"name":"Takuzou Nagano"},{"id":116593,"name":"Takuzou Nagano"},{"id":118906,"name":"Yumi Kamakura"},{"id":144426,"name":"Yuuji Ikeda"},{"id":120423,"name":"Mayuko Nakano"},{"id":107521,"name":"Akihiro Hino"},{"id":101766,"name":"Yasunori Mitsuda"},{"id":118906,"name":"Yumi Kamakura"},{"id":99472,"name":"Chizuko Kusakabe"},{"id":99472,"name":"Chizuko Kusakabe"},{"id":142606,"name":"Noboru Haraguchi"},{"id":144762,"name":"Keiichirou Miyoshi"},{"id":119570,"name":"Yasunao Moriyasu"},{"id":199776,"name":"Renato Márcio"},{"id":271283,"name":"Manabu Kawakita"}],"studios":[{"id":28,"name":"OLM","isAnimationStudio":true}],"isFavourite":false,"isAdult":false,"isLocked":false,"nextAiringEpisode":null,"airingSchedule":[{"airingAt":1523004900,"timeUntilAiring":-183295923,"episode":1}],"trends":[{"date":1470322800,"trending":2,"popularity":null,"inProgress":null},{"date":1500044400,"trending":2,"popularity":null,"inProgress":null},{"date":1514732400,"trending":2,"popularity":null,"inProgress":null},{"date":1520348400,"trending":2,"popularity":null,"inProgress":null},{"date":1521039600,"trending":2,"popularity":null,"inProgress":null},{"date":1521730800,"trending":2,"popularity":170,"inProgress":11},{"date":1521817200,"trending":2,"popularity":171,"inProgress":11},{"date":1521903600,"trending":1,"popularity":174,"inProgress":14},{"date":1521990000,"trending":1,"popularity":175,"inProgress":14},{"date":1522249200,"trending":2,"popularity":178,"inProgress":18},{"date":1522335600,"trending":1,"popularity":180,"inProgress":18},{"date":1522508400,"trending":5,"popularity":182,"inProgress":18},{"date":1522681200,"trending":2,"popularity":189,"inProgress":19},{"date":1522767600,"trending":2,"popularity":192,"inProgress":21},{"date":1522940400,"trending":1,"popularity":196,"inProgress":23},{"date":1523026800,"trending":1,"popularity":196,"inProgress":25},{"date":1523113200,"trending":5,"popularity":194,"inProgress":28},{"date":1523199600,"trending":13,"popularity":194,"inProgress":28},{"date":1523286000,"trending":13,"popularity":197,"inProgress":35},{"date":1523372400,"trending":4,"popularity":209,"inProgress":51},{"date":1523458800,"trending":6,"popularity":209,"inProgress":51},{"date":1523545200,"trending":3,"popularity":213,"inProgress":59},{"date":1523631600,"trending":2,"popularity":218,"inProgress":63},{"date":1523718000,"trending":6,"popularity":217,"inProgress":62},{"date":1523804400,"trending":1,"popularity":221,"inProgress":63}],"externalLinks":["http://www.inazuma.jp/ares/","http://www.tv-tokyo.co.jp/anime/inazuma2018/onair/","https://www.primevideo.com/detail/0QO7G1GBWRGK0DLIX3XJPL3VAH/ref=atv_sr_def_c_unkc_62_1_11?sr=1-62&pageTypeIdSource=ASIN&pageTypeId=B09NS48TNJ&qid=1656378018"],"streamingEpisodes":[],"rankings":[],"mediaListEntry":null,"reviews":null,"siteUrl":"https://anilist.co/anime/21879","autoCreateForumThread":false,"modNotes":null,"stats":{"scoreDistribution":[{"score":10,"amount":85},{"score":20,"amount":71},{"score":30,"amount":171},{"score":40,"amount":290},{"score":50,"amount":528},{"score":60,"amount":841},{"score":70,"amount":1202},{"score":80,"amount":703},{"score":90,"amount":357},{"score":100,"amount":223}],"statusDistribution":[{"status":"CURRENT","amount":567},{"status":"PLANNING","amount":1825},{"status":"COMPLETED","amount":6558},{"status":"DROPPED","amount":493},{"status":"PAUSED","amount":303}]},"isRecommendationBlocked":false,"recommendations":[{"mediaRecommendation":{"id":99059,"title":{"romaji":"Inazuma Eleven: Outer Code","english":"Inazuma Eleven: Outer Code","native":"イナズマイレブン アウターコード","userPreferred":"Inazuma Eleven: Outer Code"},"type":"ANIME"}},{"mediaRecommendation":{"id":10507,"title":{"romaji":"Inazuma Eleven GO","english":null,"native":"イナズマイレブン GO","userPreferred":"Inazuma Eleven GO"},"type":"ANIME"}},{"mediaRecommendation":{"id":20464,"title":{"romaji":"Haikyuu!!","english":"HAIKYU!!","native":"ハイキュー!!","userPreferred":"Haikyuu!!"},"type":"ANIME"}},{"mediaRecommendation":{"id":137822,"title":{"romaji":"Blue Lock","english":"BLUELOCK","native":"ブルーロック","userPreferred":"Blue Lock"},"type":"ANIME"}},{"mediaRecommendation":{"id":134732,"title":{"romaji":"Aoashi","english":"Aoashi","native":"アオアシ","userPreferred":"Aoashi"},"type":"ANIME"}}]}