{"id":97642,"idMal":34076,"title":{"romaji":"Uchouten Kazoku 2","english":"The Eccentric Family 2","native":"有頂天家族 2","userPreferred":"Uchouten Kazoku 2"},"format":"TV","status":"FINISHED","episodes":12,"description":"One day, “The Junior”, estranged son of Professor Akadama, who disappeared after losing a fierce father-son dispute, has returned home after a century, now an English gentleman.\nThe big news spread in and out of the Kyoto area in the blink of an eye and shake up both the Tengu and Tanuki worlds.\nThe paths of Humans, Tanukis and Tengus intertwine in Kyoto as the second volume of the furball picture scroll unravels!","startDate":{"year":2017,"month":4,"day":9},"endDate":{"year":2017,"month":6,"day":25},"season":"SPRING","seasonYear":2017,"duration":24,"countryOfOrigin":"JP","isLicensed":true,"source":"OTHER","hashtag":"#有頂天","trailer":"https://www.youtube.com/watch?v=LU5KaJhxtsc","updatedAt":1706296599,"coverImage":{"large":"https://s4.anilist.co/file/anilistcdn/media/anime/cover/large/bx97642-zQQJl4hv4Prx.jpg","medium":"https://s4.anilist.co/file/anilistcdn/media/anime/cover/medium/bx97642-zQQJl4hv4Prx.jpg","small":"https://s4.anilist.co/file/anilistcdn/media/anime/cover/small/bx97642-zQQJl4hv4Prx.jpg","color":"#a17835"},"bannerImage":"https://s4.anilist.co/file/anilistcdn/media/anime/banner/97642-9NEjVO4JLd2e.jpg","genres":["Comedy","Drama","Fantasy"],"synonyms":null,"averageScore":80,"meanScore":80,"favourites":331,"popularity":15829,"trending":1,"tags":[{"id":87,"name":"Family Life","isMediaSpoiler":false},{"id":391,"name":"Philosophy","isMediaSpoiler":false},{"id":208,"name":"Mythology","isMediaSpoiler":false},{"id":82,"name":"Male Protagonist","isMediaSpoiler":false},{"id":321,"name":"Urban Fantasy","isMediaSpoiler":false},{"id":433,"name":"Animals","isMediaSpoiler":false},{"id":595,"name":"Urban","isMediaSpoiler":false},{"id":772,"name":"Shapeshifting","isMediaSpoiler":false},{"id":233,"name":"Youkai","isMediaSpoiler":false},{"id":164,"name":"Tsundere","isMediaSpoiler":false},{"id":494,"name":"Twins","isMediaSpoiler":false}],"relations":[{"id":17909,"title":{"english":"The Eccentric Family","native":"有頂天家族","romaji":"Uchouten Kazoku","userPreferred":"Uchouten Kazoku"},"type":"ANIME"},{"id":88499,"title":{"english":"The Eccentric Family","native":"有頂天家族","romaji":"Uchouten Kazoku","userPreferred":"Uchouten Kazoku"},"type":"MANGA"}],"characters":[{"id":80945,"name":"Yasaburou Shimogamo"},{"id":80947,"name":"Yaichirou Shimogamo"},{"id":80949,"name":"Yajirou Shimogamo"},{"id":80951,"name":"Yashirou Shimogamo"},{"id":87819,"name":"Nyoigatake Yakushibo"},{"id":80953,"name":"Tousen Shimogamo"},{"id":80955,"name":"Benten"},{"id":87824,"name":"Kaisei Ebisugawa"},{"id":87820,"name":"Souun Ebisugawa"},{"id":87821,"name":"Kinkaku Ebisugawa"},{"id":87822,"name":"Ginkaku Ebisugawa"},{"id":87823,"name":"Choutarou Yodogawa"},{"id":131402,"name":"Nidaime"},{"id":131403,"name":"Gyokuran Nanzenji"},{"id":131404,"name":"Tenmaya"},{"id":131408,"name":"Souichirou Shimogamo"},{"id":252127,"name":"Kureichirou Ebisugawa"}],"staff":[{"id":104346,"name":"Masayuki Yoshihara"},{"id":97662,"name":"Kouji Kumeta"},{"id":108775,"name":"Tomihiko Morimi"},{"id":118915,"name":"fhána"},{"id":108369,"name":"Ryou Higaki"},{"id":103102,"name":"Yuusuke Takeda"},{"id":116505,"name":"Yoshiaki Fujisawa"},{"id":116503,"name":"Harumi Okamoto"},{"id":128664,"name":"Satoshi Namiki"},{"id":103074,"name":"Jin Aketagawa"},{"id":146865,"name":"Ayumu Takahashi"},{"id":116501,"name":"Kousuke Kawatsura"},{"id":219679,"name":"Shouji Souma"},{"id":230218,"name":"Kenji Ebato"},{"id":146229,"name":"Katsue Inoue"},{"id":153776,"name":"Yasuhiro Nakajima"},{"id":148174,"name":"Terushige Yoshie"},{"id":147822,"name":"Shunji Inoue"},{"id":104675,"name":"Kenji Horikawa"},{"id":147827,"name":"Shigeru Saitou"},{"id":142374,"name":"Tomo Shioda"},{"id":142247,"name":"Takanori Aki"},{"id":168608,"name":"Tooru Komakine"},{"id":149704,"name":"Yuusuke Muranaka"},{"id":165201,"name":"Mitsuhito Tsuji"}],"studios":[{"id":132,"name":"P.A. Works","isAnimationStudio":true}],"isFavourite":false,"isAdult":false,"isLocked":false,"nextAiringEpisode":null,"airingSchedule":[{"airingAt":1491742800,"timeUntilAiring":-214558692,"episode":1},{"airingAt":1492347600,"timeUntilAiring":-213953892,"episode":2},{"airingAt":1492952400,"timeUntilAiring":-213349092,"episode":3},{"airingAt":1493557200,"timeUntilAiring":-212744292,"episode":4},{"airingAt":1494162000,"timeUntilAiring":-212139492,"episode":5},{"airingAt":1494766800,"timeUntilAiring":-211534692,"episode":6},{"airingAt":1495371600,"timeUntilAiring":-210929892,"episode":7},{"airingAt":1495976400,"timeUntilAiring":-210325092,"episode":8},{"airingAt":1496581200,"timeUntilAiring":-209720292,"episode":9},{"airingAt":1497186000,"timeUntilAiring":-209115492,"episode":10},{"airingAt":1497790800,"timeUntilAiring":-208510692,"episode":11},{"airingAt":1498395600,"timeUntilAiring":-207905892,"episode":12}],"trends":[{"date":1474124400,"trending":19,"popularity":null,"inProgress":null},{"date":1474210800,"trending":12,"popularity":null,"inProgress":null},{"date":1474297200,"trending":2,"popularity":null,"inProgress":null},{"date":1474470000,"trending":6,"popularity":null,"inProgress":null},{"date":1474556400,"trending":3,"popularity":null,"inProgress":null},{"date":1474642800,"trending":3,"popularity":null,"inProgress":null},{"date":1474729200,"trending":6,"popularity":null,"inProgress":null},{"date":1474988400,"trending":3,"popularity":null,"inProgress":null},{"date":1475161200,"trending":2,"popularity":null,"inProgress":null},{"date":1475247600,"trending":2,"popularity":null,"inProgress":null},{"date":1475593200,"trending":2,"popularity":null,"inProgress":null},{"date":1476025200,"trending":2,"popularity":null,"inProgress":null},{"date":1478876400,"trending":2,"popularity":null,"inProgress":null},{"date":1482246000,"trending":2,"popularity":null,"inProgress":null},{"date":1483801200,"trending":2,"popularity":null,"inProgress":null},{"date":1484838000,"trending":3,"popularity":null,"inProgress":null},{"date":1485010800,"trending":2,"popularity":null,"inProgress":null},{"date":1487775600,"trending":3,"popularity":null,"inProgress":null},{"date":1487862000,"trending":2,"popularity":null,"inProgress":null},{"date":1487948400,"trending":2,"popularity":null,"inProgress":null},{"date":1488207600,"trending":3,"popularity":null,"inProgress":null},{"date":1488294000,"trending":2,"popularity":null,"inProgress":null},{"date":1488380400,"trending":4,"popularity":null,"inProgress":null},{"date":1488639600,"trending":3,"popularity":null,"inProgress":null},{"date":1488726000,"trending":2,"popularity":null,"inProgress":null}],"externalLinks":["http://uchoten2-anime.com/","https://twitter.com/Uchoten2_Anime","http://www.crunchyroll.com/the-eccentric-family-2"],"streamingEpisodes":[{"title":"Episode 1 - The Nidaime's Homecoming","thumbnail":"https://img1.ak.crunchyroll.com/i/spire2-tmb/61748ad7eac90a23b3f7b0afcea72b581491741295_full.jpg","url":"http://www.crunchyroll.com/the-eccentric-family-2/episode-1-the-nidaimes-homecoming-734181","site":"Crunchyroll"},{"title":"Episode 2 - The Conjurer Tenmaya","thumbnail":"https://img1.ak.crunchyroll.com/i/spire3-tmb/e8f38ab45cece98d18cfb57b97a041de1491860224_full.jpg","url":"http://www.crunchyroll.com/the-eccentric-family-2/episode-2-the-conjurer-tenmaya-734183","site":"Crunchyroll"},{"title":"Episode 3 - The Scent of Europe","thumbnail":"https://img1.ak.crunchyroll.com/i/spire4-tmb/785ba06e5b67f1a9a968551dffed8f631492936307_full.jpg","url":"http://www.crunchyroll.com/the-eccentric-family-2/episode-3-the-scent-of-europe-734185","site":"Crunchyroll"},{"title":"Episode 4 - The Tanuki Shogi Tournament","thumbnail":"https://img1.ak.crunchyroll.com/i/spire2-tmb/2e607be5a41558743abd789e561fc8bf1493145814_full.jpg","url":"http://www.crunchyroll.com/the-eccentric-family-2/episode-4-the-tanuki-shogi-tournament-734187","site":"Crunchyroll"},{"title":"Episode 5 - Daimonji Luxury Liner Battle Continued","thumbnail":"https://img1.ak.crunchyroll.com/i/spire4-tmb/ec7145305445a656c68924acbc99a8ca1494147743_full.jpg","url":"http://www.crunchyroll.com/the-eccentric-family-2/episode-5-daimonji-luxury-liner-battle-continued-734189","site":"Crunchyroll"},{"title":"Episode 6 - Arima Hell","thumbnail":"https://img1.ak.crunchyroll.com/i/spire4-tmb/3e831dcd5ba17b94413d50117be82b261494744057_full.jpg","url":"http://www.crunchyroll.com/the-eccentric-family-2/episode-6-arima-hell-734191","site":"Crunchyroll"},{"title":"Episode 7 - The Friday Club Once More","thumbnail":"https://img1.ak.crunchyroll.com/i/spire4-tmb/48279217d21d03255b0ffed91dbe75c21495325847_full.jpg","url":"http://www.crunchyroll.com/the-eccentric-family-2/episode-7-the-friday-club-once-more-734193","site":"Crunchyroll"},{"title":"Episode 8 - Ebisugawa Kaisei's Secret","thumbnail":"https://img1.ak.crunchyroll.com/i/spire3-tmb/5f589d9ccae230907cf78f1e63f428071495950766_full.jpg","url":"http://www.crunchyroll.com/the-eccentric-family-2/episode-8-ebisugawa-kaiseis-secret-734195","site":"Crunchyroll"},{"title":"Episode 9 - The Various Nidaime","thumbnail":"https://img1.ak.crunchyroll.com/i/spire2-tmb/eca0affc6db4440bb82296e40a1d35061496562480_full.jpg","url":"http://www.crunchyroll.com/the-eccentric-family-2/episode-9-the-various-nidaime-734197","site":"Crunchyroll"},{"title":"Episode 10 - The Day the Trick Magister Is Chosen","thumbnail":"https://img1.ak.crunchyroll.com/i/spire4-tmb/fa5a7711c11a191741144bb4ee681ca61497171712_full.jpg","url":"http://www.crunchyroll.com/the-eccentric-family-2/episode-10-the-day-the-trick-magister-is-chosen-734199","site":"Crunchyroll"},{"title":"Episode 11 - The Blood of the Tengu, the Blood of the Fool","thumbnail":"https://img1.ak.crunchyroll.com/i/spire4-tmb/8f7b02141c1f10e6c7d5200f5318e6cf1497750773_full.jpg","url":"http://www.crunchyroll.com/the-eccentric-family-2/episode-11-the-blood-of-the-tengu-the-blood-of-the-fool-734201","site":"Crunchyroll"},{"title":"Episode 12 - The Red String of Fate","thumbnail":"https://img1.ak.crunchyroll.com/i/spire4-tmb/c18ed6d08cc38009d884d1df2f1db2921498248898_full.jpg","url":"http://www.crunchyroll.com/the-eccentric-family-2/episode-12-the-red-string-of-fate-734203","site":"Crunchyroll"}],"rankings":[{"rank":243,"type":"RATED","context":"highest rated all time","year":null,"season":null},{"rank":12,"type":"RATED","context":"highest rated","year":2017,"season":null},{"rank":97,"type":"POPULAR","context":"most popular","year":2017,"season":null},{"rank":3,"type":"RATED","context":"highest rated","year":2017,"season":"SPRING"},{"rank":28,"type":"POPULAR","context":"most popular","year":2017,"season":"SPRING"}],"mediaListEntry":null,"reviews":[{"id":5011,"score":80,"summary":"With its extremely sophisticated writing, this series is special in a way that no other anime is.","body":"“Anime writing” is a derisive term, invoking one-dimensional characters and dead-simple exposition, but ”The Eccentric Family” is an exception to the conventions of TV anime. It helps that it’s based on a series of novels of the non-light variety. Its characters speak in formalities — what they say is rarely what they mean. This gives every dialog layers of meaning, painting a portrait of Kyōto that goes deeper than its iconic exterior.\n\n_Uchouten Kazoku_ reveals a rich interior world; a tapestry of families, clans, and clubs, all with their own culture of traditions, titles, ceremonies and protocol. Our protagonist, part of a family of shapeshifting tanuki, penetrates these hidden societal layers through his myriad connections, at one point landing in literal Hell (_Jigoku_), revealed as simply a realm where demons live and work; he tries his best to fit in. As the “fool” of the series, he inadvertently or deliberately sows chaos, and disrupts the best-laid plans of evildoers who count on the clockwork rhythm of Kyōtoan society to sway in their favor.\n\nEach scene and conversation exists within a hierarchy of societal context, and the dialog serves as a critical guide, communicating the relationship between characters and their affiliations through degrees of formality. To my gaijin noggin, this seems not just an extrapolation of Kyōtoan culture (which is steeped in tradition and exclusivity, e.g. with geisha), but of Japanese society itself, and the way its language is built to serve it.\n\nTo the anime’s credit, one doesn’t need to know Japanese to pick up on that, at least I don’t think. But its writing does put the audience in a very different mindset — a more active level of engagement — than the average anime. And for that, along with its many other superb aspects (storyboarding, design, animation), _Uchouten Kazoku_ is a TV anime of rare sophistication. \n\n~!__-- End of review.__ But as AniList has a character minimum, here are some additional, scattered thoughts. The second season is more exciting than the first in terms of story, but the first has better visuals with veteran Toshiyuki Inoue descending from the divine plane to grace its episodes with movie-caliber animated setpieces. The loss of Inoue in S2 is tangible. (He was probably busy with P.A. Works' _Maquia_ film at the time.)!~"}],"siteUrl":"https://anilist.co/anime/97642","autoCreateForumThread":false,"modNotes":null,"stats":{"scoreDistribution":[{"score":10,"amount":18},{"score":20,"amount":5},{"score":30,"amount":20},{"score":40,"amount":38},{"score":50,"amount":147},{"score":60,"amount":276},{"score":70,"amount":1032},{"score":80,"amount":2006},{"score":90,"amount":1819},{"score":100,"amount":664}],"statusDistribution":[{"status":"CURRENT","amount":631},{"status":"PLANNING","amount":6403},{"status":"COMPLETED","amount":8151},{"status":"DROPPED","amount":218},{"status":"PAUSED","amount":426}]},"isRecommendationBlocked":false,"recommendations":[{"mediaRecommendation":{"id":5300,"title":{"romaji":"Zoku Natsume Yuujinchou","english":"Natsume's Book of Friends 2","native":"続 夏目友人帳","userPreferred":"Zoku Natsume Yuujinchou"},"type":"ANIME"}},{"mediaRecommendation":{"id":20487,"title":{"romaji":"Gatchaman Crowds insight","english":"Gatchaman Crowds insight","native":"ガッチャマン クラウズ インサイト","userPreferred":"Gatchaman Crowds insight"},"type":"ANIME"}},{"mediaRecommendation":{"id":19703,"title":{"romaji":"Kyousougiga (TV)","english":"Kyousougiga","native":"京騒戯画 (TV)","userPreferred":"Kyousougiga (TV)"},"type":"ANIME"}},{"mediaRecommendation":{"id":5681,"title":{"romaji":"Summer Wars","english":"Summer Wars","native":"サマーウォーズ","userPreferred":"Summer Wars"},"type":"ANIME"}},{"mediaRecommendation":{"id":10357,"title":{"romaji":"Jinrui wa Suitai Shimashita","english":"Humanity Has Declined","native":"人類は衰退しました","userPreferred":"Jinrui wa Suitai Shimashita"},"type":"ANIME"}},{"mediaRecommendation":{"id":2251,"title":{"romaji":"Baccano!","english":"Baccano!","native":"バッカーノ！","userPreferred":"Baccano!"},"type":"ANIME"}}]}