{"id":97665,"idMal":34126,"title":{"romaji":"Rewrite 2nd Season","english":"Rewrite: Moon and Terra","native":"Rewrite 2ndシーズン","userPreferred":"Rewrite 2nd Season"},"format":"TV","status":"FINISHED","episodes":11,"description":"Second season of Rewrite, covering the Moon and Terra routes.","startDate":{"year":2017,"month":1,"day":14},"endDate":{"year":2017,"month":3,"day":25},"season":"WINTER","seasonYear":2017,"duration":24,"countryOfOrigin":"JP","isLicensed":true,"source":"VISUAL_NOVEL","hashtag":"#rewrite_tv","trailer":"https://www.youtube.com/watch?v=176H7zAb3Vs","updatedAt":1706270502,"coverImage":{"large":"https://s4.anilist.co/file/anilistcdn/media/anime/cover/large/bx97665-QkYpSTjEaz57.jpg","medium":"https://s4.anilist.co/file/anilistcdn/media/anime/cover/medium/bx97665-QkYpSTjEaz57.jpg","small":"https://s4.anilist.co/file/anilistcdn/media/anime/cover/small/bx97665-QkYpSTjEaz57.jpg","color":"#5dd6e4"},"bannerImage":null,"genres":["Action","Drama","Mystery","Romance","Supernatural"],"synonyms":["リライト　／　2ndシーズン Moon編／Terra編","Rewrite 2nd Season Moon-Hen/Terra-Hen"],"averageScore":68,"meanScore":68,"favourites":274,"popularity":20909,"trending":0,"tags":[{"id":85,"name":"Tragedy","isMediaSpoiler":true},{"id":82,"name":"Male Protagonist","isMediaSpoiler":false},{"id":96,"name":"Time Manipulation","isMediaSpoiler":true},{"id":86,"name":"Primarily Female Cast","isMediaSpoiler":false},{"id":93,"name":"Post-Apocalyptic","isMediaSpoiler":true},{"id":66,"name":"Super Power","isMediaSpoiler":false},{"id":34,"name":"Military","isMediaSpoiler":false},{"id":779,"name":"Kuudere","isMediaSpoiler":false}],"relations":[{"id":21382,"title":{"english":null,"native":"Rewrite","romaji":"Rewrite","userPreferred":"Rewrite"},"type":"ANIME"},{"id":112535,"title":{"english":null,"native":"Rewrite:Side-Terra","romaji":"Rewrite:Side-Terra","userPreferred":"Rewrite:Side-Terra"},"type":"MANGA"}],"characters":[{"id":46723,"name":"Kotarou Tennouji"},{"id":70463,"name":"Kagari"},{"id":55381,"name":"Haruhiko Yoshino"},{"id":70465,"name":"Sakuya Ohtori"},{"id":70467,"name":"Touka Nishikujou"},{"id":37486,"name":"Kotori Kanbe"},{"id":40816,"name":"Shizuru Nakatsu"},{"id":40501,"name":"Akane Senri"},{"id":40814,"name":"Chihaya Ohtori"},{"id":40812,"name":"Lucia Konohana"}],"staff":[{"id":118966,"name":"Kazuhiro Inoue"},{"id":118966,"name":"Kazuhiro Inoue"},{"id":122609,"name":"Tomoko Fukunaga"},{"id":100671,"name":"Itaru Hinoue"},{"id":116471,"name":"Motoki Tanaka"},{"id":114291,"name":"Tatsuya Takahashi"},{"id":100347,"name":"Shinji Orito"},{"id":97347,"name":"Jun Maeda"},{"id":109271,"name":"Takayo Ikami"},{"id":116471,"name":"Motoki Tanaka"},{"id":110239,"name":"Romeo Tanaka"},{"id":103837,"name":"Takashi Aoshima"},{"id":97885,"name":"Key"},{"id":110239,"name":"Romeo Tanaka"},{"id":126801,"name":"Kai"},{"id":126801,"name":"Kai"},{"id":106340,"name":"Maon Kurosaki"},{"id":95658,"name":"Aoi Tada"},{"id":126211,"name":"Hiromi Nakagawa"}],"studios":[{"id":4418,"name":"8-bit","isAnimationStudio":true},{"id":17,"name":"Aniplex","isAnimationStudio":false},{"id":143,"name":"Mainichi Broadcasting System","isAnimationStudio":false},{"id":203,"name":"Visual Arts","isAnimationStudio":false},{"id":166,"name":"Movic","isAnimationStudio":false},{"id":306,"name":"Magic Capsule","isAnimationStudio":false},{"id":681,"name":"ASCII Media Works","isAnimationStudio":false},{"id":775,"name":"Bushiroad","isAnimationStudio":false},{"id":6259,"name":"TOKYO MX","isAnimationStudio":false},{"id":6616,"name":"BS11","isAnimationStudio":false},{"id":6430,"name":"Lawson Entertainment","isAnimationStudio":false}],"isFavourite":false,"isAdult":false,"isLocked":false,"nextAiringEpisode":null,"airingSchedule":[{"airingAt":1484404200,"timeUntilAiring":-221897200,"episode":1},{"airingAt":1485009000,"timeUntilAiring":-221292400,"episode":2},{"airingAt":1485613800,"timeUntilAiring":-220687600,"episode":3},{"airingAt":1486218600,"timeUntilAiring":-220082800,"episode":4},{"airingAt":1486823400,"timeUntilAiring":-219478000,"episode":5},{"airingAt":1487428200,"timeUntilAiring":-218873200,"episode":6},{"airingAt":1488033000,"timeUntilAiring":-218268400,"episode":7},{"airingAt":1488637800,"timeUntilAiring":-217663600,"episode":8},{"airingAt":1489242600,"timeUntilAiring":-217058800,"episode":9},{"airingAt":1489847400,"timeUntilAiring":-216454000,"episode":10},{"airingAt":1490452200,"timeUntilAiring":-215849200,"episode":11}],"trends":[{"date":1474729200,"trending":27,"popularity":null,"inProgress":null},{"date":1474815600,"trending":23,"popularity":null,"inProgress":null},{"date":1474902000,"trending":11,"popularity":null,"inProgress":null},{"date":1474988400,"trending":8,"popularity":null,"inProgress":null},{"date":1475074800,"trending":2,"popularity":null,"inProgress":null},{"date":1475161200,"trending":2,"popularity":null,"inProgress":null},{"date":1475247600,"trending":5,"popularity":null,"inProgress":null},{"date":1475334000,"trending":5,"popularity":null,"inProgress":null},{"date":1475420400,"trending":4,"popularity":null,"inProgress":null},{"date":1475506800,"trending":3,"popularity":null,"inProgress":null},{"date":1475679600,"trending":3,"popularity":null,"inProgress":null},{"date":1475766000,"trending":3,"popularity":null,"inProgress":null},{"date":1475852400,"trending":2,"popularity":null,"inProgress":null},{"date":1475938800,"trending":2,"popularity":null,"inProgress":null},{"date":1476284400,"trending":3,"popularity":null,"inProgress":null},{"date":1476975600,"trending":2,"popularity":null,"inProgress":null},{"date":1477148400,"trending":2,"popularity":null,"inProgress":null},{"date":1477666800,"trending":2,"popularity":null,"inProgress":null},{"date":1477753200,"trending":2,"popularity":null,"inProgress":null},{"date":1478271600,"trending":2,"popularity":null,"inProgress":null},{"date":1478790000,"trending":3,"popularity":null,"inProgress":null},{"date":1478962800,"trending":2,"popularity":null,"inProgress":null},{"date":1479308400,"trending":2,"popularity":null,"inProgress":null},{"date":1479826800,"trending":2,"popularity":null,"inProgress":null},{"date":1480258800,"trending":3,"popularity":null,"inProgress":null}],"externalLinks":["http://www.rewrite-anime.tv/","https://twitter.com/rewrite_tv","http://www.crunchyroll.com/rewrite"],"streamingEpisodes":[{"title":"Episode 1 - The World or Myself?","thumbnail":"https://img1.ak.crunchyroll.com/i/spire3-tmb/679a419c731e727b2d36156c2d91124a1467461827_full.jpg","url":"http://www.crunchyroll.com/rewrite/episode-1-the-world-or-myself-715007","site":"Crunchyroll"},{"title":"Episode 2 - Where Youth Begins","thumbnail":"https://img1.ak.crunchyroll.com/i/spire2-tmb/739327a489ceb45ed5df2f88ac5163151468002256_full.jpg","url":"http://www.crunchyroll.com/rewrite/episode-2-where-youth-begins-715009","site":"Crunchyroll"},{"title":"Episode 3 - Welcome, Supernatural Phenomena","thumbnail":"https://img1.ak.crunchyroll.com/i/spire4-tmb/3474c45aa11ef0a2b0de27ebb17c39481468607005_full.jpg","url":"http://www.crunchyroll.com/rewrite/episode-3-welcome-supernatural-phenomena-715011","site":"Crunchyroll"},{"title":"Episode 4 - Until We Return to Those Days","thumbnail":"https://img1.ak.crunchyroll.com/i/spire2-tmb/9f2ffb47f6648cf3282ec99855117d771469132527_full.jpg","url":"http://www.crunchyroll.com/rewrite/episode-4-until-we-return-to-those-days-715013","site":"Crunchyroll"},{"title":"Episode 5 - Asahi Haruka","thumbnail":"https://img1.ak.crunchyroll.com/i/spire3-tmb/5c2df432301b23ea496f3b7b7dc0ffe61469828784_full.jpg","url":"http://www.crunchyroll.com/rewrite/episode-5-asahi-haruka-715015","site":"Crunchyroll"},{"title":"Episode 6 - Occult Club Activity Log","thumbnail":"https://img1.ak.crunchyroll.com/i/spire4-tmb/2558bc0da5bc0951e2b3adeb52943ea21470420825_full.jpg","url":"http://www.crunchyroll.com/rewrite/episode-6-occult-club-activity-log-715017","site":"Crunchyroll"},{"title":"Episode 7 - A Place Lost","thumbnail":"https://img1.ak.crunchyroll.com/i/spire3-tmb/c2ab90db72aaf2accd3e8118c535e6101470941300_full.jpg","url":"http://www.crunchyroll.com/rewrite/episode-7-a-place-lost-715019","site":"Crunchyroll"},{"title":"Episode 8 - My Name Is Kagari-chan","thumbnail":"https://img1.ak.crunchyroll.com/i/spire3-tmb/63d04bddf10d56c26874c8bd370a08801471653753_full.jpg","url":"http://www.crunchyroll.com/rewrite/episode-8-my-name-is-kagari-chan-715021","site":"Crunchyroll"},{"title":"Episode 9 - Fate Begins to Turn","thumbnail":"https://img1.ak.crunchyroll.com/i/spire2-tmb/a7d015ff829df0cbf755ebea91e4eca01472236848_full.jpg","url":"http://www.crunchyroll.com/rewrite/episode-9-fate-begins-to-turn-715023","site":"Crunchyroll"},{"title":"Episode 10 - Simply, As Friends","thumbnail":"https://img1.ak.crunchyroll.com/i/spire1-tmb/61a6cfce0356f1137e8e0ef3800215da1472751949_full.jpg","url":"http://www.crunchyroll.com/rewrite/episode-10-simply-as-friends-715025","site":"Crunchyroll"},{"title":"Episode 11 - Countdown","thumbnail":"https://img1.ak.crunchyroll.com/i/spire4-tmb/4e34efbfd5ff4c86bdb7160555c3e06c1473500264_full.jpg","url":"http://www.crunchyroll.com/rewrite/episode-11-countdown-715027","site":"Crunchyroll"},{"title":"Episode 12 - The Song of Destruction","thumbnail":"https://img1.ak.crunchyroll.com/i/spire3-tmb/4b3e994e671037f06be3fe228629b0851474098093_full.jpg","url":"http://www.crunchyroll.com/rewrite/episode-12-the-song-of-destruction-715029","site":"Crunchyroll"},{"title":"Episode 13 - The Promise I Made With You","thumbnail":"https://img1.ak.crunchyroll.com/i/spire2-tmb/bdf087bdc438a303a05a238ea4c188841474658457_full.jpg","url":"http://www.crunchyroll.com/rewrite/episode-13-the-promise-i-made-with-you-715031","site":"Crunchyroll"},{"title":"Episode 14 - Three Cups of Coffee","thumbnail":"https://img1.ak.crunchyroll.com/i/spire4-tmb/d5398b89d8aee0a67591e268747a61d41484390169_full.jpg","url":"http://www.crunchyroll.com/rewrite/episode-14-three-cups-of-coffee-728981","site":"Crunchyroll"},{"title":"Episode 15 - Honeymoon Over a Silent Ocean","thumbnail":"https://img1.ak.crunchyroll.com/i/spire3-tmb/33e643ed5a0d589b89d03abde58a0f741484938835_full.jpg","url":"http://www.crunchyroll.com/rewrite/episode-15-honeymoon-over-a-silent-ocean-728983","site":"Crunchyroll"},{"title":"Episode 16 - The Truth Nobody Knows","thumbnail":"https://img1.ak.crunchyroll.com/i/spire4-tmb/136a31fc8e1dcc5abe489ece748c29191485594326_full.jpg","url":"http://www.crunchyroll.com/rewrite/episode-16-the-truth-nobody-knows-728985","site":"Crunchyroll"},{"title":"Episode 17 - Earth-Saving Hunter","thumbnail":"https://img1.ak.crunchyroll.com/i/spire1-tmb/d527aee82e8141d3be5e386bd1fc84e11486205130_full.jpg","url":"http://www.crunchyroll.com/rewrite/episode-17-earth-saving-hunter-728987","site":"Crunchyroll"},{"title":"Episode 18 - Superhuman Qualities","thumbnail":"https://img1.ak.crunchyroll.com/i/spire4-tmb/c065ac51b2e7721fb9b334b562d2eec11486811099_full.jpg","url":"http://www.crunchyroll.com/rewrite/episode-18-superhuman-qualities-728989","site":"Crunchyroll"},{"title":"Episode 19 - The Forest of Tragedy","thumbnail":"https://img1.ak.crunchyroll.com/i/spire2-tmb/a6abf910284abb6bb79b27f4d704c9871487411091_full.jpg","url":"http://www.crunchyroll.com/rewrite/episode-19-the-forest-of-tragedy-728991","site":"Crunchyroll"},{"title":"Episode 20 - Moving On From a Standstill","thumbnail":"https://img1.ak.crunchyroll.com/i/spire1-tmb/d3e5b7819e6459d9a19c79baeba6218a1487989744_full.jpg","url":"http://www.crunchyroll.com/rewrite/episode-20-moving-on-from-a-standstill-728993","site":"Crunchyroll"},{"title":"Episode 21 - Reunion","thumbnail":"https://img1.ak.crunchyroll.com/i/spire2-tmb/e9b67cd77ec2cb6a058d4ed3bcdbd1651488621232_full.jpg","url":"http://www.crunchyroll.com/rewrite/episode-21-reunion-728995","site":"Crunchyroll"},{"title":"Episode 22 - Battle Behind the Scenes","thumbnail":"https://img1.ak.crunchyroll.com/i/spire4-tmb/7e1821171489c30b64142ee7cc5864391489206639_full.jpg","url":"http://www.crunchyroll.com/rewrite/episode-22-battle-behind-the-scenes-728997","site":"Crunchyroll"},{"title":"Episode 23 - Follower of the Lodestar","thumbnail":"https://img1.ak.crunchyroll.com/i/spire3-tmb/9021b55dfef5ff38ca1edef8f1a757831489803780_full.jpg","url":"http://www.crunchyroll.com/rewrite/episode-23-follower-of-the-lodestar-732775","site":"Crunchyroll"},{"title":"Episode 24 - A Promise Fulfilled with You","thumbnail":"https://img1.ak.crunchyroll.com/i/spire3-tmb/14d34d7f01fe1ca01adebd8a98e6d0be1490393538_full.jpg","url":"http://www.crunchyroll.com/rewrite/episode-24-a-promise-fulfilled-with-you-732777","site":"Crunchyroll"}],"rankings":[{"rank":68,"type":"RATED","context":"highest rated","year":2017,"season":null},{"rank":91,"type":"POPULAR","context":"most popular","year":2017,"season":null},{"rank":16,"type":"RATED","context":"highest rated","year":2017,"season":"WINTER"},{"rank":22,"type":"POPULAR","context":"most popular","year":2017,"season":"WINTER"}],"mediaListEntry":null,"reviews":null,"siteUrl":"https://anilist.co/anime/97665","autoCreateForumThread":false,"modNotes":null,"stats":{"scoreDistribution":[{"score":10,"amount":130},{"score":20,"amount":135},{"score":30,"amount":257},{"score":40,"amount":433},{"score":50,"amount":809},{"score":60,"amount":1457},{"score":70,"amount":2359},{"score":80,"amount":1843},{"score":90,"amount":1023},{"score":100,"amount":653}],"statusDistribution":[{"status":"CURRENT","amount":772},{"status":"PLANNING","amount":5342},{"status":"COMPLETED","amount":13401},{"status":"DROPPED","amount":812},{"status":"PAUSED","amount":582}]},"isRecommendationBlocked":false,"recommendations":[{"mediaRecommendation":{"id":118419,"title":{"romaji":"Kamisama ni Natta Hi","english":"The Day I Became a God","native":"神様になった日","userPreferred":"Kamisama ni Natta Hi"},"type":"ANIME"}},{"mediaRecommendation":{"id":132528,"title":{"romaji":"Kaginado","english":"KAGINADO","native":"かぎなど","userPreferred":"Kaginado"},"type":"ANIME"}}]}