{"id":97769,"idMal":34445,"title":{"romaji":"Yuuki Yuuna wa Yuusha de Aru: Yuusha no Shou","english":"Yuki Yuna is a Hero: The Hero Chapter","native":"結城友奈は勇者である -勇者の章-","userPreferred":"Yuuki Yuuna wa Yuusha de Aru: Yuusha no Shou"},"format":"TV","status":"FINISHED","episodes":6,"description":"The second season of <i>Yuuki Yuuna wa Yuusha de Aru</i>.<br>\n<br>\nHaving fulfilled their destiny during the events of Yuuki Yuuna wa Yuusha de Aru, Sanshu Middle School's Hero Club—consisting of Yuuna Yuuki, Karin Miyoshi, and siblings Fuu and Itsuki Inubouzaki—is back in full swing, helping out those in need wherever they can. They have also gained a new member, a hero from the past named Sonoko Nogi. But eventually they notice that someone who should be among them, Mimori Tougou, is missing; any trace of her existence is completely gone, save for the girls' memories.<br>\n<br>\nWith no leads on Tougou's whereabouts, the girls regain the ability to transform and begin the desperate search for their lost friend. But what they find is more shocking than any of them could ever have imagined, and the consequences of their actions begin to change life as they know it.<br>\n<br>\n(Source: MAL Rewrite)","startDate":{"year":2017,"month":11,"day":25},"endDate":{"year":2018,"month":1,"day":6},"season":"FALL","seasonYear":2017,"duration":24,"countryOfOrigin":"JP","isLicensed":true,"source":"ORIGINAL","hashtag":"#yuyuyu","trailer":"https://www.youtube.com/watch?v=e22zpoIgDvI","updatedAt":1706270400,"coverImage":{"large":"https://s4.anilist.co/file/anilistcdn/media/anime/cover/large/bx97769-q6mu5EiniVZe.png","medium":"https://s4.anilist.co/file/anilistcdn/media/anime/cover/medium/bx97769-q6mu5EiniVZe.png","small":"https://s4.anilist.co/file/anilistcdn/media/anime/cover/small/bx97769-q6mu5EiniVZe.png","color":"#f1bb28"},"bannerImage":"https://s4.anilist.co/file/anilistcdn/media/anime/banner/97769-omjSxfE8wiTx.jpg","genres":["Action","Drama","Fantasy","Mahou Shoujo","Psychological","Slice of Life"],"synonyms":null,"averageScore":76,"meanScore":76,"favourites":262,"popularity":12592,"trending":0,"tags":[{"id":29,"name":"Magic","isMediaSpoiler":false},{"id":98,"name":"Female Protagonist","isMediaSpoiler":false},{"id":99,"name":"Henshin","isMediaSpoiler":false},{"id":253,"name":"Gods","isMediaSpoiler":false},{"id":86,"name":"Primarily Female Cast","isMediaSpoiler":false},{"id":93,"name":"Post-Apocalyptic","isMediaSpoiler":true},{"id":84,"name":"School Club","isMediaSpoiler":false},{"id":365,"name":"Memory Manipulation","isMediaSpoiler":true},{"id":46,"name":"School","isMediaSpoiler":false},{"id":1091,"name":"Religion","isMediaSpoiler":false},{"id":92,"name":"Cute Girls Doing Cute Things","isMediaSpoiler":false},{"id":446,"name":"Primarily Child Cast","isMediaSpoiler":false},{"id":90,"name":"CGI","isMediaSpoiler":false}],"relations":[{"id":20800,"title":{"english":"Yuki Yuna is a Hero","native":"結城友奈は勇者である","romaji":"Yuuki Yuuna wa Yuusha de Aru","userPreferred":"Yuuki Yuuna wa Yuusha de Aru"},"type":"ANIME"},{"id":104764,"title":{"english":null,"native":"結城友奈は勇者である その後の園子","romaji":"Yuuki Yuuna wa Yuusha de Aru: Sonogo no Sonoko","userPreferred":"Yuuki Yuuna wa Yuusha de Aru: Sonogo no Sonoko"},"type":"MANGA"},{"id":122292,"title":{"english":"Yuki Yuna is a Hero: The Great Mankai Chapter","native":"結城友奈は勇者である-大満開の章-","romaji":"Yuuki Yuuna wa Yuusha de Aru: Dai-Mankai no Shou","userPreferred":"Yuuki Yuuna wa Yuusha de Aru: Dai-Mankai no Shou"},"type":"ANIME"},{"id":100676,"title":{"english":null,"native":"楠芽吹は勇者である","romaji":"Kusunoki Mebuki wa Yuusha de Aru","userPreferred":"Kusunoki Mebuki wa Yuusha de Aru"},"type":"MANGA"}],"characters":[{"id":88636,"name":"Yuuna Yuuki"},{"id":88640,"name":"Karin Miyoshi"},{"id":88637,"name":"Mimori Tougou"},{"id":88638,"name":"Fuu Inubouzaki"},{"id":88639,"name":"Itsuki Inubouzaki"},{"id":88641,"name":"Sonoko Nogi"},{"id":130893,"name":"Aki"}],"staff":[{"id":101909,"name":"Seiji Kishi"},{"id":101929,"name":"Makoto Uezu"},{"id":123200,"name":"Daiki Fukuoka"},{"id":121585,"name":"Keiichi Okabe"},{"id":112785,"name":"BUNBUN"},{"id":126619,"name":"Kanata Nakamura"},{"id":106359,"name":"Suzuko Mimori"},{"id":121585,"name":"Keiichi Okabe"},{"id":95185,"name":"Kana Hanazawa"},{"id":154774,"name":"Kuniyuki Takahashi"},{"id":109161,"name":"Haruka Terui"},{"id":106661,"name":"Tomoyo Kurosawa"},{"id":106784,"name":"Yumi Uchiyama"},{"id":121585,"name":"Keiichi Okabe"},{"id":107737,"name":"Juri Nagatsuma"},{"id":106423,"name":"Takahiro"},{"id":106423,"name":"Takahiro"},{"id":106423,"name":"Takahiro"},{"id":101929,"name":"Makoto Uezu"},{"id":154774,"name":"Kuniyuki Takahashi"},{"id":110481,"name":"MONACA"},{"id":317330,"name":"Shoutarou Seo"},{"id":111233,"name":"Keigo Hoashi"}],"studios":[{"id":418,"name":"Studio Gokumi","isAnimationStudio":true}],"isFavourite":false,"isAdult":false,"isLocked":false,"nextAiringEpisode":null,"airingSchedule":[{"airingAt":1511542500,"timeUntilAiring":-194759224,"episode":1},{"airingAt":1512147300,"timeUntilAiring":-194154424,"episode":2},{"airingAt":1512752100,"timeUntilAiring":-193549624,"episode":3},{"airingAt":1513356900,"timeUntilAiring":-192944824,"episode":4},{"airingAt":1513961700,"timeUntilAiring":-192340024,"episode":5},{"airingAt":1515171300,"timeUntilAiring":-191130424,"episode":6}],"trends":[{"date":1477148400,"trending":9,"popularity":null,"inProgress":null},{"date":1477234800,"trending":7,"popularity":null,"inProgress":null},{"date":1477321200,"trending":7,"popularity":null,"inProgress":null},{"date":1477407600,"trending":3,"popularity":null,"inProgress":null},{"date":1477494000,"trending":2,"popularity":null,"inProgress":null},{"date":1477753200,"trending":2,"popularity":null,"inProgress":null},{"date":1478012400,"trending":4,"popularity":null,"inProgress":null},{"date":1478098800,"trending":4,"popularity":null,"inProgress":null},{"date":1479222000,"trending":2,"popularity":null,"inProgress":null},{"date":1483369200,"trending":2,"popularity":null,"inProgress":null},{"date":1484406000,"trending":2,"popularity":null,"inProgress":null},{"date":1484924400,"trending":3,"popularity":null,"inProgress":null},{"date":1488639600,"trending":2,"popularity":null,"inProgress":null},{"date":1489244400,"trending":2,"popularity":null,"inProgress":null},{"date":1490972400,"trending":2,"popularity":null,"inProgress":null},{"date":1491836400,"trending":3,"popularity":null,"inProgress":null},{"date":1497366000,"trending":2,"popularity":null,"inProgress":null},{"date":1500476400,"trending":2,"popularity":null,"inProgress":null},{"date":1502463600,"trending":2,"popularity":null,"inProgress":null},{"date":1503846000,"trending":3,"popularity":null,"inProgress":null},{"date":1503932400,"trending":2,"popularity":null,"inProgress":null},{"date":1504278000,"trending":2,"popularity":null,"inProgress":null},{"date":1504450800,"trending":2,"popularity":null,"inProgress":null},{"date":1504537200,"trending":2,"popularity":null,"inProgress":null},{"date":1504796400,"trending":2,"popularity":null,"inProgress":null}],"externalLinks":["https://twitter.com/anime_yukiyuna","http://yuyuyu.tv/","https://www.amazon.com/gp/video/detail/B07663FM16","https://www.hidive.com/tv/yuki-yuna-is-a-hero-the-hero-chapter"],"streamingEpisodes":[],"rankings":[{"rank":28,"type":"RATED","context":"highest rated","year":2017,"season":null},{"rank":10,"type":"RATED","context":"highest rated","year":2017,"season":"FALL"},{"rank":30,"type":"POPULAR","context":"most popular","year":2017,"season":"FALL"}],"mediaListEntry":null,"reviews":[{"id":13925,"score":100,"summary":"Yuuki Yuuna wa Yuusha de Aru: Yuusha no Shou - O sacrifico de uma heroína","body":"<a>__~~~OS SENTIMENTOS CONFLITANTES DE UMA HEROÍNA~~~__</a>\n<a>~~~ _Contem spoilers_~~~ </a>\n⠀⠀⠀⠀⠀\n~~~img620(https://i.imgur.com/jIzFRge.gif)~~~\n\n-----------\n\n _O texto abaixo vai ser sobre os sentimentos e pensamentos que eu sentia enquanto eu assistia o anime e me colocava no lugar da protagonista. Uma pessoa que era alegre, tão alegre que era contagiante. Uma pessoa que sacrificaria o seu próprio corpo, em meio a tantas duvidas, para proteger as suas amigas e o mundo, enquanto enfrentava um grande medo em resposta a sua vontade de viver._\n\n-----------\n\n\n Dor, algo no seu peito dói, muito, mas não pode contar... a alegria que todos estão vivenciando, as suas vidas voltando ao normal, contar isso apenas entregaria tudo, apenas aguente.\n~~~img620(https://i.imgur.com/YkaTTf4.png)~~~\n\n Dói, né? O seu corpo dói, aumenta a cada dia, mas todos estão bem... Você tem ficar bem, não pode deixar elas se preocuparem.\n~~~img620(https://i.imgur.com/AO1vVy1.png)~~~\n\n Está estranha, vai lá, desabafa. O que pode dar errado? Você não precisa guardar todo esse peso sozinha, é só falar. \n Não poder contar, agonizante? Ver que se você fazer isso suas amigas mais queridas vão sofrer? Por sua causa, por você ter falado, ela foi atropelada!\n~~~img620(https://i.imgur.com/sWSwnZX.png)~~~\n\n Aguente, você não não merece esse inferno, você não fez nada de errado, você não quer morrer. O peso de tentar se abrir dói, você ainda sente que as coisas foram estragadas por sua culpa, mas no fim é você que mais sofre.\n~~~img620(https://i.imgur.com/FdEQopC.png)~~~\n\n Tente ser feliz, força os alimentos, se divirta ao máximo, mas não ferre ainda mais elas... mas e você, está bem?\n~~~img620(https://i.imgur.com/kCJlE3g.png)~~~\n\n Tentar proteger alguém é doloroso, muitos vão ficar chateados por isso, é frustrante isso né? Não conseguir se abrir, compartilhar o peso que você está carregando. Mas além de machucar os outros, você que está se destruindo.\n~~~img620(https://i.imgur.com/AqviiOz.png)~~~\n\n Existe uma maneira de se livrar do seu sofrimento... não, se livrar do destino terrível da humanidade, para seguir a regra do clube. Você tem que fazer isso pelos outros!\n Medo. Medo de morrer? Você quer viver. Mas não pode, o seu sacrifício vai salvar  toda a humanidade. __Você está com medo?__\n~~~img620(https://i.imgur.com/gBl5jlX.png)~~~\n\n Aceite, é o único jeito de todos serem felizes, o seu medo, seu desespero, tudo vai sumir rápido, enquanto os outros poderão aproveitar mais uma primavera.\n~~~img620(https://i.imgur.com/Iv8HSlr.png)~~~\n\n Eles sabem do seu segredo, de todo o fardo que você carrega, mas eles não entendem... ou você não entende? Você apenas não quer ver eles sofreram, então saia, desabafar apenas vai prejudicar elas.\n~~~img620(https://i.imgur.com/QpqcnSU.png)~~~\n\n Está quase tudo pronto, logo você vai salvar o mundo! A sua amiga esta perto, quer que você viva, não quer te deixar. Mas você não quer ser salva, não é? A única solução que você enxerga é a que você morre... você quer morrer? Ficar longe dos outros, das suas amigas... e do clube dos heróis? Tudo isso pra mostrar que você é uma heroína?\n~~~img620(https://i.imgur.com/VG6Trpa.png)~~~\n\n É errado você querer viver? Um mundo que necessita de sacrifícios vai ser um bom mundo? Se você é uma heroína, você vai salvar todo mundo, inclusive você.\n~~~img620(https://i.imgur.com/fR7raxN.png)~~~\n\n<a>~~~__E então, está feliz?__~~~</a>\n~~~img620(https://i.imgur.com/m51xefD.png)~~~\n\n----\n\n\n _Espero ter conseguido expressar os meus sentimentos enquanto eu assistia o anime, no lugar da protagonista. Tudo isso que eu descrevi foi realmente como eu me sentia enquanto assistia ela, foi muito imersivo!_"},{"id":15725,"score":86,"summary":"Hero Club FIGHT! For Yuuna!","body":"So I just finished Yuuki Yuuna wa Yuusha de Aru: Yuusha no Shou and here i am to make my personal review\nSo before i star i need to say 2 things:\n\n~~~Spoiler above in this review so be carefull\nMy English Skills are a bit rusty so I apologize in advance\nSO LET'S JUST BEGIN!\n(At the end i will put the list of how to watch yuuki yuuna)\n~~~\n______________\nBefore we begin what is Yuuki Yuuna wa Yuusha de Aru: Yuusha no Shou?\n~~~img300(https://i.postimg.cc/Wz98WbRq/bx97769-q6mu5-Eini-VZe.png)~~~\nThe second season of Yuuki Yuuna wa Yuusha de Aru.\n\nHere the Plot:Having fulfilled their destiny during the events of Yuuki Yuuna wa Yuusha de Aru, Sanshu Middle School's Hero Club—consisting of Yuuna Yuuki, Karin Miyoshi, and siblings Fuu and Itsuki Inubouzaki—is back in full swing, helping out those in need wherever they can. They have also gained a new member, a hero from the past named Sonoko Nogi. But eventually they notice that someone who should be among them, Mimori Tougou, is missing; any trace of her existence is completely gone, save for the girls' memories.\n\nWith no leads on Tougou's whereabouts, the girls regain the ability to transform and begin the desperate search for their lost friend. But what they find is more shocking than any of them could ever have imagined, and the consequences of their actions begin to change life as they know it.\n____\nAs you have just read, it is nothing more than the second season of Yuuki Yuuna.\nLet's start from the beginning: It all starts with the disappearance and forgetfulness of one of the 6 heroes: Tougou, no one remembered her and it was as if she had been completely erased from that illusory world. We learn that in reality Tougou is in a dimension where only the souls of a few people access, being used as a sacrifice to the gods of fire, being aware of it for having caused the breaking of the wall and trying to atone for his faults.\nBeing so consumed and marked by this curse Yuuna decides to save her friend as she saves her in the first season.\n~~~img300(https://i.postimg.cc/hvJsYRKC/fomMYQu.jpghttps://i.postimg.cc/hvJsYRKC/fomMYQu.jpg)~~~\nOnce saved, Yuuna is branded in place of Tougou and takes his place as a sacrifice. This brand acts as a real curse consuming its life and if it somehow tries to talk about it, it will be transmitted lightly to other people as well. So Yuuna becomes a real sacrifice, as well as marked throughout the body and soul, the only way to try to break it is to make the Shinkon, a marriage between a hero and the sacred treeYuuna decides to sacrifice herself for the good of all, but at that moment the gods of the world of flames arrive trying to destroy everything and this is where the final battle takes place\n____\nTougou fails to save Yuuna and it is at that moment that ALL the souls of the past heroes arrive even that of their friend Gin, thus helping her to save Yuuna. The battle ends with the final transformation of Yuuna with the glove of infinity defeating the gods of the world of flames, thus restoring peace and thus freeing this illusory world and transforming it into a real world with few sources.\n~~~webm(https://files.catbox.moe/apspmx.mp4)~~~\nA fantastic battle both from the point of view of history but also graphically and from the crazy audio department. Final opinions: I really enjoyed this second season and I have a lot of expectations for the next one, of course I will also read the side stories of the previous heroes.\n____\n~~~HERE'S THE GUIDE TO WATCH YUUKI YUUNA\nimg3000(https://i.postimg.cc/MGjRPRWB/yuyuyu-order.png)~~~"}],"siteUrl":"https://anilist.co/anime/97769","autoCreateForumThread":false,"modNotes":null,"stats":{"scoreDistribution":[{"score":10,"amount":26},{"score":20,"amount":24},{"score":30,"amount":56},{"score":40,"amount":118},{"score":50,"amount":265},{"score":60,"amount":504},{"score":70,"amount":1010},{"score":80,"amount":1246},{"score":90,"amount":977},{"score":100,"amount":703}],"statusDistribution":[{"status":"CURRENT","amount":449},{"status":"PLANNING","amount":4878},{"status":"COMPLETED","amount":6889},{"status":"DROPPED","amount":175},{"status":"PAUSED","amount":201}]},"isRecommendationBlocked":false,"recommendations":[{"mediaRecommendation":{"id":9756,"title":{"romaji":"Mahou Shoujo Madoka☆Magica","english":"Puella Magi Madoka Magica","native":"魔法少女まどか☆マギカ","userPreferred":"Mahou Shoujo Madoka☆Magica"},"type":"ANIME"}},{"mediaRecommendation":{"id":1932,"title":{"romaji":"Yes! Precure 5","english":"Yes! Pretty Cure 5","native":"Yes! プリキュア5","userPreferred":"Yes! Precure 5"},"type":"ANIME"}},{"mediaRecommendation":{"id":20615,"title":{"romaji":"selector infected WIXOSS","english":"selector infected WIXOSS","native":"selector infected WIXOSS","userPreferred":"selector infected WIXOSS"},"type":"ANIME"}},{"mediaRecommendation":{"id":2001,"title":{"romaji":"Tengen Toppa Gurren Lagann","english":"Gurren Lagann","native":"天元突破グレンラガン","userPreferred":"Tengen Toppa Gurren Lagann"},"type":"ANIME"}},{"mediaRecommendation":{"id":21340,"title":{"romaji":"Mahou Shoujo Ikusei Keikaku","english":"Magical Girl Raising Project","native":"魔法少女育成計画","userPreferred":"Mahou Shoujo Ikusei Keikaku"},"type":"ANIME"}},{"mediaRecommendation":{"id":1534,"title":{"romaji":"Futari wa Precure: Splash☆Star","english":null,"native":"ふたりはプリキュア Splash☆Star","userPreferred":"Futari wa Precure: Splash☆Star"},"type":"ANIME"}},{"mediaRecommendation":{"id":21673,"title":{"romaji":"Senki Zesshou Symphogear XV","english":"Symphogear XV","native":"戦姫絶唱シンフォギアＸＶ","userPreferred":"Senki Zesshou Symphogear XV"},"type":"ANIME"}},{"mediaRecommendation":{"id":949,"title":{"romaji":"Top wo Nerae! GunBuster","english":"Gunbuster","native":"トップをねらえ! GunBuster","userPreferred":"Top wo Nerae! GunBuster"},"type":"ANIME"}},{"mediaRecommendation":{"id":155389,"title":{"romaji":"SHY","english":"SHY","native":"SHY","userPreferred":"SHY"},"type":"ANIME"}}]}