{"id":97979,"idMal":34580,"title":{"romaji":"Nana Maru San Batsu","english":"Fastest Finger First","native":"ナナマル サンバツ","userPreferred":"Nana Maru San Batsu"},"format":"TV","status":"FINISHED","episodes":12,"description":"Bunzou High School is welcoming its new first-year students. One of them, Koshiyama Shiki, is chosen to participate against his will in an impromptu fast-buzzing quiz meet by the president of the Quiz Bowl Circle. As a quiet boy who loves reading and doesn't want to stand out, Shiki is overwhelmed, but his classmate, Fukami Mari, is able to hit the buzzer and answer questions before the full question is given. As he watches her, Shiki realizes that there's a point in each question where the answer becomes certain.\n<br><br>\n(Source: Crunchyroll)","startDate":{"year":2017,"month":7,"day":5},"endDate":{"year":2017,"month":9,"day":20},"season":"SUMMER","seasonYear":2017,"duration":23,"countryOfOrigin":"JP","isLicensed":true,"source":"MANGA","hashtag":"#ナナマルサンバツ #7o3x","trailer":"https://www.youtube.com/watch?v=g8oLeRQLIxU","updatedAt":1706292582,"coverImage":{"large":"https://s4.anilist.co/file/anilistcdn/media/anime/cover/large/bx97979-H318A31npNCh.png","medium":"https://s4.anilist.co/file/anilistcdn/media/anime/cover/medium/bx97979-H318A31npNCh.png","small":"https://s4.anilist.co/file/anilistcdn/media/anime/cover/small/bx97979-H318A31npNCh.png","color":null},"bannerImage":"https://s4.anilist.co/file/anilistcdn/media/anime/banner/97979-Vo5Eqj66Xywm.jpg","genres":["Comedy","Slice of Life","Sports"],"synonyms":["7o3x"],"averageScore":63,"meanScore":63,"favourites":56,"popularity":16831,"trending":0,"tags":[{"id":84,"name":"School Club","isMediaSpoiler":false},{"id":140,"name":"Educational","isMediaSpoiler":false},{"id":636,"name":"Cosmic Horror","isMediaSpoiler":false},{"id":46,"name":"School","isMediaSpoiler":false},{"id":50,"name":"Seinen","isMediaSpoiler":false},{"id":308,"name":"Video Games","isMediaSpoiler":false},{"id":97,"name":"Otaku Culture","isMediaSpoiler":false}],"relations":[{"id":53165,"title":{"english":"7O3X","native":"ナナマル サンバツ","romaji":"Nana Maru San Batsu","userPreferred":"Nana Maru San Batsu"},"type":"MANGA"}],"characters":[{"id":42591,"name":"Gakuto Sasajima"},{"id":42589,"name":"Shiki Koshiyama"},{"id":42590,"name":"Mari Fukami"},{"id":42592,"name":"Daisuke Inoue"},{"id":42599,"name":"Chisato Mikuriya"},{"id":50253,"name":"Jinko Sasajima"},{"id":42598,"name":"Yousuke Ashiya"},{"id":42593,"name":"Chiaki Sonohara"},{"id":42597,"name":"Hajime Sasaki"},{"id":42595,"name":"Yuki Koudzuki"},{"id":42596,"name":"Takumi Niina"},{"id":123573,"name":"Akira Sonohara"}],"staff":[{"id":98244,"name":"Iqura Sugimoto"},{"id":105950,"name":"Masaharu Okuwaki"},{"id":110655,"name":"Yuuko Kakihara"},{"id":121405,"name":"Makoto Takahoko"},{"id":142142,"name":"Mrs. GREEN APPLE"}],"studios":[{"id":73,"name":"TMS Entertainment","isAnimationStudio":true}],"isFavourite":false,"isAdult":false,"isLocked":false,"nextAiringEpisode":null,"airingSchedule":[{"airingAt":1499187540,"timeUntilAiring":-207114097,"episode":1},{"airingAt":1499792340,"timeUntilAiring":-206509297,"episode":2},{"airingAt":1500397140,"timeUntilAiring":-205904497,"episode":3},{"airingAt":1501001940,"timeUntilAiring":-205299697,"episode":4},{"airingAt":1501606740,"timeUntilAiring":-204694897,"episode":5},{"airingAt":1502211540,"timeUntilAiring":-204090097,"episode":6},{"airingAt":1502816340,"timeUntilAiring":-203485297,"episode":7},{"airingAt":1503421140,"timeUntilAiring":-202880497,"episode":8},{"airingAt":1504025940,"timeUntilAiring":-202275697,"episode":9},{"airingAt":1504630740,"timeUntilAiring":-201670897,"episode":10},{"airingAt":1505235540,"timeUntilAiring":-201066097,"episode":11},{"airingAt":1505840340,"timeUntilAiring":-200461297,"episode":12}],"trends":[{"date":1482246000,"trending":4,"popularity":null,"inProgress":null},{"date":1482332400,"trending":2,"popularity":null,"inProgress":null},{"date":1482850800,"trending":2,"popularity":null,"inProgress":null},{"date":1488380400,"trending":3,"popularity":null,"inProgress":null},{"date":1488466800,"trending":4,"popularity":null,"inProgress":null},{"date":1488553200,"trending":3,"popularity":null,"inProgress":null},{"date":1489849200,"trending":3,"popularity":null,"inProgress":null},{"date":1490454000,"trending":2,"popularity":null,"inProgress":null},{"date":1493564400,"trending":2,"popularity":null,"inProgress":null},{"date":1494428400,"trending":2,"popularity":null,"inProgress":null},{"date":1494860400,"trending":2,"popularity":null,"inProgress":null},{"date":1495033200,"trending":2,"popularity":null,"inProgress":null},{"date":1495724400,"trending":2,"popularity":null,"inProgress":null},{"date":1496156400,"trending":3,"popularity":null,"inProgress":null},{"date":1497106800,"trending":2,"popularity":null,"inProgress":null},{"date":1497193200,"trending":3,"popularity":null,"inProgress":null},{"date":1497366000,"trending":2,"popularity":null,"inProgress":null},{"date":1497538800,"trending":4,"popularity":null,"inProgress":null},{"date":1497711600,"trending":3,"popularity":null,"inProgress":null},{"date":1497798000,"trending":4,"popularity":null,"inProgress":null},{"date":1497884400,"trending":4,"popularity":null,"inProgress":null},{"date":1498057200,"trending":2,"popularity":null,"inProgress":null},{"date":1498143600,"trending":4,"popularity":null,"inProgress":null},{"date":1498230000,"trending":4,"popularity":null,"inProgress":null},{"date":1498316400,"trending":4,"popularity":null,"inProgress":null}],"externalLinks":["http://7o3x.com/","https://twitter.com/7o3x_anime","http://www.crunchyroll.com/fastest-finger-first"],"streamingEpisodes":[{"title":"Episode 1 - Don't You Want to Become a Quiz King?","thumbnail":"https://img1.ak.crunchyroll.com/i/spire3-tmb/725ab5fb892966af717f291b2da913af1499193604_full.jpg","url":"http://www.crunchyroll.com/fastest-finger-first/episode-1-dont-you-want-to-become-a-quiz-king-767185","site":"Crunchyroll"},{"title":"Episode 2 - A Matter of 0.01 Seconds?!","thumbnail":"https://img1.ak.crunchyroll.com/i/spire2-tmb/eefc69c1f6323c4e6f8189056131f0d71499784194_full.jpg","url":"http://www.crunchyroll.com/fastest-finger-first/episode-2-a-matter-of-001-seconds-767187","site":"Crunchyroll"},{"title":"Episode 3 - If You Want the Right to Answer /","thumbnail":"https://img1.ak.crunchyroll.com/i/spire4-tmb/a7c20797b39707cdf4ec60d4bdb07a071500384865_full.jpg","url":"http://www.crunchyroll.com/fastest-finger-first/episode-3-if-you-want-the-right-to-answer-767189","site":"Crunchyroll"},{"title":"Episode 4 - A Mysterious Beauty Appears,","thumbnail":"https://img1.ak.crunchyroll.com/i/spire1-tmb/1e130a6e2655f7f819b01b6b43efaecf1500939381_full.jpg","url":"http://www.crunchyroll.com/fastest-finger-first/episode-4-a-mysterious-beauty-appears-767193","site":"Crunchyroll"},{"title":"Episode 5 - Buzou vs Miyaura! Ding!","thumbnail":"https://img1.ak.crunchyroll.com/i/spire1-tmb/8ce2fa996900e6a04a5fdce14cf7ae821501537349_full.jpg","url":"http://www.crunchyroll.com/fastest-finger-first/episode-5-buzou-vs-miyaura-ding-767197","site":"Crunchyroll"},{"title":"Episode 6 - A. Maid B. Lieutenant Colonel C. Little Devil","thumbnail":"https://img1.ak.crunchyroll.com/i/spire4-tmb/1f9fb552080e4092d36a51cb449a71391502141861_full.jpg","url":"http://www.crunchyroll.com/fastest-finger-first/episode-6-a-maid-b-lieutenant-colonel-c-little-devil-767201","site":"Crunchyroll"},{"title":"Episode 7 - ...Their Past Quiz Questions","thumbnail":"https://img1.ak.crunchyroll.com/i/spire4-tmb/21cff4fcd7aed8286424c63b12d0fe4b1502795688_full.jpg","url":"http://www.crunchyroll.com/fastest-finger-first/episode-7-their-past-quiz-questions-767203","site":"Crunchyroll"},{"title":"Episode 8 - \\Greetings/ Asagaoka Regular Meet!","thumbnail":"https://img1.ak.crunchyroll.com/i/spire2-tmb/1b1e98500bc1cca9c6b5da0ad8f0a8b21503423207_full.jpg","url":"http://www.crunchyroll.com/fastest-finger-first/episode-8-greetings-asagaoka-regular-meet-767207","site":"Crunchyroll"},{"title":"Episode 9 - High Road x Low Road","thumbnail":"https://img1.ak.crunchyroll.com/i/spire4-tmb/26554b26664786999f3cc7e688c83e311504020440_full.jpg","url":"http://www.crunchyroll.com/fastest-finger-first/episode-9-high-road-x-low-road-767211","site":"Crunchyroll"},{"title":"Episode 10 - The Unparalleled Super Ace","thumbnail":"https://img1.ak.crunchyroll.com/i/spire3-tmb/94c5f1974d2e6838c51b71450cce39801504626545_full.jpg","url":"http://www.crunchyroll.com/fastest-finger-first/episode-10-the-unparalleled-super-ace-767213","site":"Crunchyroll"},{"title":"Episode 11 - Q: Why Do You Answer?","thumbnail":"https://img1.ak.crunchyroll.com/i/spire3-tmb/0bfb9146e6d6cfa1b6ffe3925d70aeef1505234547_full.jpg","url":"http://www.crunchyroll.com/fastest-finger-first/episode-11-q-why-do-you-answer-767217","site":"Crunchyroll"},{"title":"Episode 12 - A: Because the Question Is There!","thumbnail":"https://img1.ak.crunchyroll.com/i/spire2-tmb/bc03effdab7dae88c2ec9326ef42f0981505835879_full.jpg","url":"http://www.crunchyroll.com/fastest-finger-first/episode-12-a-because-the-question-is-there-767221","site":"Crunchyroll"}],"rankings":[{"rank":97,"type":"RATED","context":"highest rated","year":2017,"season":null},{"rank":95,"type":"POPULAR","context":"most popular","year":2017,"season":null},{"rank":20,"type":"RATED","context":"highest rated","year":2017,"season":"SUMMER"},{"rank":20,"type":"POPULAR","context":"most popular","year":2017,"season":"SUMMER"}],"mediaListEntry":null,"reviews":[{"id":20943,"score":80,"summary":"Jeopardy x Sports Anime","body":"__TLDR;__\nIf the quiz competition concept sounds interesting and/or you want a glimpse into the cultural \"canon\" of Japan, I would suggest you give this show a shot! It's not a masterpiece, but it's simple and fun.\n\n__As a preface:__\nThis show is very niche, and I happen to be exactly in that niche. I've played a decent amount of quiz bowl in highschool and college so I really like the competition in general. That's a pretty big factor in how much I enjoy this show, so take my review with a grain of salt.\n\n__Meat and Potatoes:__\nThis show mainly thrives on its concept. The plot and characters are competent for the type of show this is trying to be, it doesn't have the length necessary to really flesh out the characters that much when a big chunk of the airtime is taken up by the competition aspect (a problem most sports anime have). The main conflict of the show is handled well, and it's something that is very relatable to anyone who's taken any \"game\" seriously. If you've ever tried to convince a person to join a club, it's the focus of early episodes and I especially related to this aspect since I've been in the exact same spot back when I was in high school.\n\nSome of the dialogue/hijinks can be a little bit cringe-worthy at times, but mostly endearing so. The show has that simple happy shoujo energy. The female lead's voice is quite dividing, I enjoyed it, whether or not it rubs you the wrong way will affect how much you enjoy the show. Don't expect any deep character writing or complicated plots, it's a simple and well-focused show on the unique factor it brings.\n\nIf you're worried about the formula getting old, they pull out a variety of game formats that keeps the competition fresh. That was a part that I especially enjoyed.\n\nThe opening is pretty good!\n\nIf the idea of learning a little bit more through osmosis of the general cultural/historical canon of Japan interests you, the show sprinkles a lot of that in through the format of the competition. If the flavor of cultural relevance interests you, sort of like how Bungo Stray Dogs has literature-inspired \"flavor\" in the names of characters and abilities, you would probably enjoy this show as well.\n\nAnother way you could enjoy the show, if learning new stuff is interesting to you, is to note down things/names that are brought up and pull up their Wikipedia pages. This is how I watched the show, it's in the spirit of quizbowl to always be trying to pick up new tidbits of information that could help you in the future. It's always good fun as well to pause and see if you know the correct answer as well (though the questions can be quite hard at times).\n\nOverall, it's another one of those niche anime that puts all its eggs into the concept being fresh enough to draw an audience. The writing and characters are quite average, but I feel the story has a good theme and heart to it that can really endear you to the characters. It's a cool and fun glimpse into what Japanese people feel are culturally relevant/things you should/could know.\n\nPS:\nI rewrote this review almost a year later (5-16) so you get less of my fanboying over the sport and a more fair review of the show as it is. I could barely read what I had written before... damn really shows reviewing something right after you watch it can skew your perspective really hard."}],"siteUrl":"https://anilist.co/anime/97979","autoCreateForumThread":false,"modNotes":null,"stats":{"scoreDistribution":[{"score":10,"amount":69},{"score":20,"amount":65},{"score":30,"amount":194},{"score":40,"amount":376},{"score":50,"amount":896},{"score":60,"amount":1662},{"score":70,"amount":2034},{"score":80,"amount":951},{"score":90,"amount":328},{"score":100,"amount":124}],"statusDistribution":[{"status":"CURRENT","amount":796},{"status":"PLANNING","amount":4809},{"status":"COMPLETED","amount":8570},{"status":"DROPPED","amount":1996},{"status":"PAUSED","amount":660}]},"isRecommendationBlocked":false,"recommendations":[{"mediaRecommendation":{"id":9981,"title":{"romaji":"Phi Brain: Kami no Puzzle","english":"Phi Brain: Puzzle of God","native":"ファイ・ブレイン 神のパズル","userPreferred":"Phi Brain: Kami no Puzzle"},"type":"ANIME"}},{"mediaRecommendation":{"id":20575,"title":{"romaji":"Hanayamata","english":"HaNaYaMaTa","native":"ハナヤマタ","userPreferred":"Hanayamata"},"type":"ANIME"}},{"mediaRecommendation":{"id":99507,"title":{"romaji":"Ryuuou no Oshigoto!","english":"The Ryuo's Work is Never Done!","native":"りゅうおうのおしごと!","userPreferred":"Ryuuou no Oshigoto!"},"type":"ANIME"}},{"mediaRecommendation":{"id":20574,"title":{"romaji":"Hi Score Girl","english":"Hi Score Girl","native":"ハイスコアガール","userPreferred":"Hi Score Girl"},"type":"ANIME"}},{"mediaRecommendation":{"id":101903,"title":{"romaji":"Kaze ga Tsuyoku Fuiteiru","english":"Run with the Wind","native":"風が強く吹いている","userPreferred":"Kaze ga Tsuyoku Fuiteiru"},"type":"ANIME"}},{"mediaRecommendation":{"id":10800,"title":{"romaji":"Chihayafuru","english":"Chihayafuru","native":"ちはやふる","userPreferred":"Chihayafuru"},"type":"ANIME"}},{"mediaRecommendation":{"id":21854,"title":{"romaji":"Bernard-jou Iwaku.","english":"Miss Bernard said.","native":"バーナード嬢曰く。","userPreferred":"Bernard-jou Iwaku."},"type":"ANIME"}},{"mediaRecommendation":{"id":154965,"title":{"romaji":"Yamada-kun to Lv999 no Koi wo Suru","english":"My Love Story with Yamada-kun at Lv999","native":"山田くんとLv999の恋をする","userPreferred":"Yamada-kun to Lv999 no Koi wo Suru"},"type":"ANIME"}}]}