{"id":98144,"idMal":34745,"title":{"romaji":"Mahoujin Guru Guru (2017)","english":"MAGICAL CIRCLE GURU-GURU","native":"魔法陣グルグル","userPreferred":"Mahoujin Guru Guru (2017)"},"format":"TV","status":"FINISHED","episodes":24,"description":"A new adaptation of the Mahoujin Guru Guru manga.\n<br><br>\nThe seal that for hundreds of years had confined the demon king Giri has worn off. A young boy named Nike is chosen (against his will) as the hero. Together with Kukuri, a girl who is the lone survivor of the tribe that had used black magic to seal Giri, they set off to save the world, RPG style.\n<br><br>\n(Source: Anime News Network)","startDate":{"year":2017,"month":7,"day":12},"endDate":{"year":2017,"month":12,"day":20},"season":"SUMMER","seasonYear":2017,"duration":24,"countryOfOrigin":"JP","isLicensed":true,"source":"MANGA","hashtag":"#グルグル","trailer":"https://www.youtube.com/watch?v=hKMHvrDcNKU","updatedAt":1706269684,"coverImage":{"large":"https://s4.anilist.co/file/anilistcdn/media/anime/cover/large/nx98144-nmrzhflCbHoQ.jpg","medium":"https://s4.anilist.co/file/anilistcdn/media/anime/cover/medium/nx98144-nmrzhflCbHoQ.jpg","small":"https://s4.anilist.co/file/anilistcdn/media/anime/cover/small/nx98144-nmrzhflCbHoQ.jpg","color":"#aebbf1"},"bannerImage":"https://s4.anilist.co/file/anilistcdn/media/anime/banner/n98144-97imZ39x0q4W.jpg","genres":["Adventure","Comedy","Fantasy"],"synonyms":null,"averageScore":75,"meanScore":76,"favourites":172,"popularity":10010,"trending":0,"tags":[{"id":39,"name":"Parody","isMediaSpoiler":false},{"id":29,"name":"Magic","isMediaSpoiler":false},{"id":83,"name":"Slapstick","isMediaSpoiler":false},{"id":446,"name":"Primarily Child Cast","isMediaSpoiler":false},{"id":15,"name":"Demons","isMediaSpoiler":false},{"id":144,"name":"Meta","isMediaSpoiler":false},{"id":308,"name":"Video Games","isMediaSpoiler":false},{"id":179,"name":"Witch","isMediaSpoiler":false},{"id":281,"name":"Surreal Comedy","isMediaSpoiler":false},{"id":259,"name":"Monster Girl","isMediaSpoiler":false},{"id":209,"name":"Dancing","isMediaSpoiler":false},{"id":56,"name":"Shounen","isMediaSpoiler":false},{"id":253,"name":"Gods","isMediaSpoiler":false},{"id":96,"name":"Time Manipulation","isMediaSpoiler":true},{"id":1068,"name":"Angels","isMediaSpoiler":false},{"id":604,"name":"Dungeon","isMediaSpoiler":false},{"id":267,"name":"Chuunibyou","isMediaSpoiler":false},{"id":224,"name":"Dragons","isMediaSpoiler":false},{"id":1091,"name":"Religion","isMediaSpoiler":false}],"relations":[{"id":34080,"title":{"english":null,"native":"魔法陣グルグル","romaji":"Mahoujin Guru Guru","userPreferred":"Mahoujin Guru Guru"},"type":"MANGA"},{"id":331,"title":{"english":"Magical Circle Guru Guru","native":"魔法陣グルグル","romaji":"Mahoujin Guru Guru","userPreferred":"Mahoujin Guru Guru"},"type":"ANIME"},{"id":99582,"title":{"english":"Guru Guru Puchi Anime Gekijou","native":"グルグルぷちあにめ劇場","romaji":"Guru Guru Puchi Anime Gekijou","userPreferred":"Guru Guru Puchi Anime Gekijou"},"type":"ANIME"}],"characters":[{"id":19108,"name":"Nike"},{"id":14278,"name":"Kukuri"},{"id":23510,"name":"Juju"},{"id":23511,"name":"Gipple"},{"id":43206,"name":"Reido"},{"id":134862,"name":"Runrun"},{"id":170188,"name":"Unmei no Megami"}],"staff":[{"id":98901,"name":"Etou Hiroyuki"},{"id":119332,"name":"Ikuo Geso"},{"id":119480,"name":"Naoyuki Asano"},{"id":135556,"name":"Masakazu Sunagawa"},{"id":119110,"name":"Hiroyuki Hata"},{"id":136015,"name":"Shinji Itadaki"},{"id":119332,"name":"Ikuo Geso"},{"id":102561,"name":"Itsurou Kawasaki"},{"id":133644,"name":"Shin Wakabayashi"},{"id":113823,"name":"Susumu Mitsunaka"},{"id":125204,"name":"Shinya Segawa"},{"id":118951,"name":"Tomomi Kamiya"},{"id":130947,"name":"Kouji Komurakata"},{"id":134251,"name":"Masao  Kawase"},{"id":141190,"name":"Tetsuaki Watanabe"},{"id":141191,"name":"Akira Satou"},{"id":141189,"name":"Taku Yonebayashi"},{"id":141188,"name":"Kazuki Yokoyama"},{"id":141191,"name":"Akira Satou"},{"id":141192,"name":"Fumio Itou"},{"id":119332,"name":"Ikuo Geso"},{"id":141189,"name":"Taku Yonebayashi"},{"id":130947,"name":"Kouji Komurakata"},{"id":141188,"name":"Kazuki Yokoyama"},{"id":129077,"name":"Shintarou Itoga"}],"studios":[{"id":10,"name":"Production I.G","isAnimationStudio":true}],"isFavourite":false,"isAdult":false,"isLocked":false,"nextAiringEpisode":null,"airingSchedule":[{"airingAt":1499790900,"timeUntilAiring":-206510754,"episode":1},{"airingAt":1500395700,"timeUntilAiring":-205905954,"episode":2},{"airingAt":1501000500,"timeUntilAiring":-205301154,"episode":3},{"airingAt":1501605300,"timeUntilAiring":-204696354,"episode":4},{"airingAt":1502210100,"timeUntilAiring":-204091554,"episode":5},{"airingAt":1502814900,"timeUntilAiring":-203486754,"episode":6},{"airingAt":1503419700,"timeUntilAiring":-202881954,"episode":7},{"airingAt":1504024500,"timeUntilAiring":-202277154,"episode":8},{"airingAt":1504629300,"timeUntilAiring":-201672354,"episode":9},{"airingAt":1505234100,"timeUntilAiring":-201067554,"episode":10},{"airingAt":1505838900,"timeUntilAiring":-200462754,"episode":11},{"airingAt":1506443700,"timeUntilAiring":-199857954,"episode":12},{"airingAt":1507048500,"timeUntilAiring":-199253154,"episode":13},{"airingAt":1507653300,"timeUntilAiring":-198648354,"episode":14},{"airingAt":1508258100,"timeUntilAiring":-198043554,"episode":15},{"airingAt":1508862900,"timeUntilAiring":-197438754,"episode":16},{"airingAt":1509467700,"timeUntilAiring":-196833954,"episode":17},{"airingAt":1510072500,"timeUntilAiring":-196229154,"episode":18},{"airingAt":1510677300,"timeUntilAiring":-195624354,"episode":19},{"airingAt":1511282100,"timeUntilAiring":-195019554,"episode":20},{"airingAt":1511886900,"timeUntilAiring":-194414754,"episode":21},{"airingAt":1512491700,"timeUntilAiring":-193809954,"episode":22},{"airingAt":1513096500,"timeUntilAiring":-193205154,"episode":23},{"airingAt":1513701300,"timeUntilAiring":-192600354,"episode":24}],"trends":[{"date":1485270000,"trending":2,"popularity":null,"inProgress":null},{"date":1498834800,"trending":2,"popularity":null,"inProgress":null},{"date":1498921200,"trending":2,"popularity":null,"inProgress":null},{"date":1499785200,"trending":34,"popularity":null,"inProgress":42},{"date":1499871600,"trending":9,"popularity":null,"inProgress":null},{"date":1499958000,"trending":7,"popularity":null,"inProgress":null},{"date":1500044400,"trending":7,"popularity":null,"inProgress":null},{"date":1500130800,"trending":6,"popularity":null,"inProgress":null},{"date":1500303600,"trending":7,"popularity":null,"inProgress":null},{"date":1500390000,"trending":32,"popularity":null,"inProgress":76},{"date":1500476400,"trending":8,"popularity":null,"inProgress":null},{"date":1500562800,"trending":7,"popularity":null,"inProgress":null},{"date":1500649200,"trending":7,"popularity":null,"inProgress":null},{"date":1500735600,"trending":5,"popularity":null,"inProgress":null},{"date":1500822000,"trending":5,"popularity":null,"inProgress":null},{"date":1500908400,"trending":2,"popularity":null,"inProgress":null},{"date":1500994800,"trending":21,"popularity":null,"inProgress":93},{"date":1501081200,"trending":9,"popularity":null,"inProgress":null},{"date":1501167600,"trending":10,"popularity":null,"inProgress":null},{"date":1501254000,"trending":7,"popularity":null,"inProgress":null},{"date":1501340400,"trending":4,"popularity":null,"inProgress":null},{"date":1501426800,"trending":3,"popularity":null,"inProgress":null},{"date":1501513200,"trending":5,"popularity":null,"inProgress":null},{"date":1501599600,"trending":22,"popularity":null,"inProgress":103},{"date":1501686000,"trending":13,"popularity":null,"inProgress":null}],"externalLinks":["https://twitter.com/magical_grgr","http://guruguru-anime.jp/","http://www.crunchyroll.com/magical-circle-guru-guru"],"streamingEpisodes":[{"title":"Episode 1 - Departure! Boering Village!","thumbnail":"https://img1.ak.crunchyroll.com/i/spire4-tmb/3cc153158c81ec4f10d102e1c05b27f81499791383_full.jpg","url":"http://www.crunchyroll.com/magical-circle-guru-guru/episode-1-departure-boering-village-742215","site":"Crunchyroll"},{"title":"Episode 2 - Dance! North Town!","thumbnail":"https://img1.ak.crunchyroll.com/i/spire1-tmb/e0cab3241ea5e44bd9dbc025a8e0f5f81500384890_full.jpg","url":"http://www.crunchyroll.com/magical-circle-guru-guru/episode-2-dance-north-town-742379","site":"Crunchyroll"},{"title":"Episode 3 - Battle! On Saw Mountain!","thumbnail":"https://img1.ak.crunchyroll.com/i/spire4-tmb/269f6f6b1e7931fbf2c97d9a6acf31c91500938880_full.jpg","url":"http://www.crunchyroll.com/magical-circle-guru-guru/episode-3-battle-on-saw-mountain-742381","site":"Crunchyroll"},{"title":"Episode 4 - Off to the Training House!","thumbnail":"https://img1.ak.crunchyroll.com/i/spire4-tmb/74885e7bf1372871748ee3b96ed556191501537321_full.jpg","url":"http://www.crunchyroll.com/magical-circle-guru-guru/episode-4-off-to-the-training-house-742383","site":"Crunchyroll"},{"title":"Episode 5 - Rescue! Dohgma Village!","thumbnail":"https://img1.ak.crunchyroll.com/i/spire2-tmb/15f10ef2a5fb15069eb76f2b7036db041502141834_full.jpg","url":"http://www.crunchyroll.com/magical-circle-guru-guru/episode-5-rescue-dohgma-village-742385","site":"Crunchyroll"},{"title":"Episode 6 - A Rival Appears! Yondor Village!","thumbnail":"https://img1.ak.crunchyroll.com/i/spire4-tmb/db3ba85a00ae051555d6c6c2ea2871e01502795491_full.jpg","url":"http://www.crunchyroll.com/magical-circle-guru-guru/episode-6-a-rival-appears-yondor-village-742387","site":"Crunchyroll"},{"title":"Episode 7 - Discovery! The Fairy Forest!","thumbnail":"https://img1.ak.crunchyroll.com/i/spire2-tmb/6abd3757cffdd00ef781d7be398d46831503412294_full.jpg","url":"http://www.crunchyroll.com/magical-circle-guru-guru/episode-7-discovery-the-fairy-forest-742389","site":"Crunchyroll"},{"title":"Episode 8 - Reunion! Cattongue Valley!","thumbnail":"https://img1.ak.crunchyroll.com/i/spire4-tmb/aaeab01a34f152064421f13c749df7061504014725_full.jpg","url":"http://www.crunchyroll.com/magical-circle-guru-guru/episode-8-reunion-cattongue-valley-742391","site":"Crunchyroll"},{"title":"Episode 9 - Mystery! Ruins of the Migu Migu Clan!","thumbnail":"https://img1.ak.crunchyroll.com/i/spire1-tmb/a054c8e46b31cb519a0a09eaf81ea2e71504626530_full.jpg","url":"http://www.crunchyroll.com/magical-circle-guru-guru/episode-9-mystery-ruins-of-the-migu-migu-clan-742393","site":"Crunchyroll"},{"title":"Episode 10 - Clearing the Endless Tower!","thumbnail":"https://img1.ak.crunchyroll.com/i/spire2-tmb/d06a86add78b97a290e5ab9a4021ef821505215514_full.jpg","url":"http://www.crunchyroll.com/magical-circle-guru-guru/episode-10-clearing-the-endless-tower-742395","site":"Crunchyroll"},{"title":"Episode 11 - Apprenticeship! Copa's Forest!","thumbnail":"https://img1.ak.crunchyroll.com/i/spire4-tmb/d05c3523054adb11a10eb0eb93b572e31505431318_full.jpg","url":"http://www.crunchyroll.com/magical-circle-guru-guru/episode-11-apprenticeship-copas-forest-742397","site":"Crunchyroll"},{"title":"Episode 12 - Fight! Copahl Castle!","thumbnail":"https://img1.ak.crunchyroll.com/i/spire2-tmb/a7b83111f6dced1569acf59708fe9f2c1506404941_full.jpg","url":"http://www.crunchyroll.com/magical-circle-guru-guru/episode-12-fight-copahl-castle-742399","site":"Crunchyroll"},{"title":"Episode 13 - Legends! Tellum Village!","thumbnail":"https://img1.ak.crunchyroll.com/i/spire3-tmb/3866b7393cf5e6b22deea64db6f7474f1506968592_full.jpg","url":"http://www.crunchyroll.com/magical-circle-guru-guru/episode-13-legends-tellum-village-742401","site":"Crunchyroll"},{"title":"Episode 14 - Enigmatic! Alahabica!","thumbnail":"https://img1.ak.crunchyroll.com/i/spire1-tmb/8ffb60853c1b9e4ea9e529852484d7511507328716_full.jpg","url":"http://www.crunchyroll.com/magical-circle-guru-guru/episode-14-enigmatic-alahabica-749481","site":"Crunchyroll"},{"title":"Episode 15 - Love! In the Uncanny Lands!","thumbnail":"https://img1.ak.crunchyroll.com/i/spire1-tmb/87695b17a19ba8d926cd7f8bc09231041508256869_full.jpg","url":"http://www.crunchyroll.com/magical-circle-guru-guru/episode-15-love-in-the-uncanny-lands-749483","site":"Crunchyroll"},{"title":"Episode 16 - Defense! The Panfos Ruins!","thumbnail":"https://img1.ak.crunchyroll.com/i/spire4-tmb/81a084c6f961504d91da12fdd754d6391508860653_full.jpg","url":"http://www.crunchyroll.com/magical-circle-guru-guru/episode-16-defense-the-panfos-ruins-749485","site":"Crunchyroll"},{"title":"Episode 17 - Beat It! Erueru Village!","thumbnail":"https://img1.ak.crunchyroll.com/i/spire3-tmb/9f979bd47a781c8f52b5792375e2f54d1509412715_full.jpg","url":"http://www.crunchyroll.com/magical-circle-guru-guru/episode-17-beat-it-erueru-village-749487","site":"Crunchyroll"},{"title":"Episode 18 - Bloom! The Land of Flowers!","thumbnail":"https://img1.ak.crunchyroll.com/i/spire4-tmb/a336f0256ae07e12268c3d507f2f32d71510062306_full.jpg","url":"http://www.crunchyroll.com/magical-circle-guru-guru/episode-18-bloom-the-land-of-flowers-749489","site":"Crunchyroll"},{"title":"Episode 19 - Sing! The Tower of Batoha!","thumbnail":"https://img1.ak.crunchyroll.com/i/spire4-tmb/de453eaf5048f9b4fafe75821c3bd85b1510666902_full.jpg","url":"http://www.crunchyroll.com/magical-circle-guru-guru/episode-19-sing-the-tower-of-batoha-749491","site":"Crunchyroll"},{"title":"Episode 20 - Escape! Lef Island!","thumbnail":"https://img1.ak.crunchyroll.com/i/spire4-tmb/412694c822a70884d145ce2dabd2e7241511288700_full.jpg","url":"http://www.crunchyroll.com/magical-circle-guru-guru/episode-20-escape-lef-island-749493","site":"Crunchyroll"},{"title":"Episode 21 - Revived! Demon King Giri!","thumbnail":"https://img1.ak.crunchyroll.com/i/spire1-tmb/cef364e2d6c6c301f10d9c2b4cb8bd151511892396_full.jpg","url":"http://www.crunchyroll.com/magical-circle-guru-guru/episode-21-revived-demon-king-giri-749495","site":"Crunchyroll"},{"title":"Episode 22 - Sneaking in! The Jitari Ruins!","thumbnail":"https://img1.ak.crunchyroll.com/i/spire1-tmb/c21e9391f3a2fd5058c1fe8eff81ab741512488175_full.jpg","url":"http://www.crunchyroll.com/magical-circle-guru-guru/episode-22-sneaking-in-the-jitari-ruins-749497","site":"Crunchyroll"},{"title":"Episode 23 - Battle! Giri's Castle!","thumbnail":"https://img1.ak.crunchyroll.com/i/spire2-tmb/c79cf35ddb8acd833c5996918e7406261513091774_full.jpg","url":"http://www.crunchyroll.com/magical-circle-guru-guru/episode-23-battle-giris-castle-749499","site":"Crunchyroll"},{"title":"Episode 24 - Engaged! A Heart in Love!","thumbnail":"https://img1.ak.crunchyroll.com/i/spire3-tmb/759ee21fa725e44693cc44ba9732ceee1513626553_full.jpg","url":"http://www.crunchyroll.com/magical-circle-guru-guru/episode-24-engaged-a-heart-in-love-749501","site":"Crunchyroll"}],"rankings":[{"rank":31,"type":"RATED","context":"highest rated","year":2017,"season":null},{"rank":7,"type":"RATED","context":"highest rated","year":2017,"season":"SUMMER"},{"rank":29,"type":"POPULAR","context":"most popular","year":2017,"season":"SUMMER"}],"mediaListEntry":null,"reviews":null,"siteUrl":"https://anilist.co/anime/98144","autoCreateForumThread":false,"modNotes":null,"stats":{"scoreDistribution":[{"score":10,"amount":16},{"score":20,"amount":17},{"score":30,"amount":27},{"score":40,"amount":40},{"score":50,"amount":138},{"score":60,"amount":272},{"score":70,"amount":654},{"score":80,"amount":826},{"score":90,"amount":617},{"score":100,"amount":263}],"statusDistribution":[{"status":"CURRENT","amount":713},{"status":"PLANNING","amount":4498},{"status":"COMPLETED","amount":3289},{"status":"DROPPED","amount":731},{"status":"PAUSED","amount":779}]},"isRecommendationBlocked":false,"recommendations":[{"mediaRecommendation":{"id":21202,"title":{"romaji":"Kono Subarashii Sekai ni Shukufuku wo!","english":"KONOSUBA -God's blessing on this wonderful world!","native":"この素晴らしい世界に祝福を！","userPreferred":"Kono Subarashii Sekai ni Shukufuku wo!"},"type":"ANIME"}},{"mediaRecommendation":{"id":21261,"title":{"romaji":"Osomatsu-san","english":"Mr. Osomatsu","native":"おそ松さん","userPreferred":"Osomatsu-san"},"type":"ANIME"}},{"mediaRecommendation":{"id":107693,"title":{"romaji":"Mairimashita! Iruma-kun","english":"Welcome to Demon School! Iruma-kun","native":"魔入りました！入間くん","userPreferred":"Mairimashita! Iruma-kun"},"type":"ANIME"}},{"mediaRecommendation":{"id":534,"title":{"romaji":"Slayers","english":"The Slayers","native":"スレイヤーズ","userPreferred":"Slayers"},"type":"ANIME"}},{"mediaRecommendation":{"id":111428,"title":{"romaji":"Maou-jou de Oyasumi","english":"Sleepy Princess in the Demon Castle","native":"魔王城でおやすみ","userPreferred":"Maou-jou de Oyasumi"},"type":"ANIME"}},{"mediaRecommendation":{"id":101125,"title":{"romaji":"Merc Storia: Mukiryoku Shounen to Bin no Naka no Shoujo","english":"Merc StoriA: The Apathetic Boy and the Girl in a Bottle","native":"メルクストーリア - 無気力少年と瓶の中の少女 -","userPreferred":"Merc Storia: Mukiryoku Shounen to Bin no Naka no Shoujo"},"type":"ANIME"}},{"mediaRecommendation":{"id":112376,"title":{"romaji":"Dragon, Ie wo Kau.","english":"Dragon Goes House-Hunting","native":"ドラゴン、家を買う。","userPreferred":"Dragon, Ie wo Kau."},"type":"ANIME"}},{"mediaRecommendation":{"id":113717,"title":{"romaji":"Ousama Ranking","english":"Ranking of Kings","native":"王様ランキング","userPreferred":"Ousama Ranking"},"type":"ANIME"}},{"mediaRecommendation":{"id":103,"title":{"romaji":"Akazukin Chacha","english":"Red Riding Hood Chacha","native":"赤ずきんチャチャ","userPreferred":"Akazukin Chacha"},"type":"ANIME"}},{"mediaRecommendation":{"id":616,"title":{"romaji":"Nurse Angel Ririka SOS","english":null,"native":"ナースエンジェルりりかＳＯＳ","userPreferred":"Nurse Angel Ririka SOS"},"type":"ANIME"}},{"mediaRecommendation":{"id":1744,"title":{"romaji":"Wagamama☆Fairy Mirumo de Pon!","english":"Mirmo Zibang!","native":"わがまま☆フェアリー ミルモでポン!","userPreferred":"Wagamama☆Fairy Mirumo de Pon!"},"type":"ANIME"}},{"mediaRecommendation":{"id":21637,"title":{"romaji":"Uchuu Patrol Luluco","english":"Space Patrol Luluco","native":"宇宙パトロールルル子","userPreferred":"Uchuu Patrol Luluco"},"type":"ANIME"}},{"mediaRecommendation":{"id":721,"title":{"romaji":"Princess Tutu","english":"Princess Tutu","native":"プリンセスチュチュ","userPreferred":"Princess Tutu"},"type":"ANIME"}},{"mediaRecommendation":{"id":535,"title":{"romaji":"Slayers NEXT","english":"The Slayers Next","native":"スレイヤーズ NEXT","userPreferred":"Slayers NEXT"},"type":"ANIME"}},{"mediaRecommendation":{"id":98297,"title":{"romaji":"The Snack World","english":"SNACK WORLD","native":"スナックワールド","userPreferred":"The Snack World"},"type":"ANIME"}},{"mediaRecommendation":{"id":15751,"title":{"romaji":"Senyuu.","english":"Senyuu","native":"戦勇.","userPreferred":"Senyuu."},"type":"ANIME"}}]}