{"id":98385,"idMal":34984,"title":{"romaji":"Koi wa Ameagari no You ni","english":"After the Rain","native":"恋は雨上がりのように","userPreferred":"Koi wa Ameagari no You ni"},"format":"TV","status":"FINISHED","episodes":12,"description":"Akira Tachibana was once the ace of a track club, but an injury forced her to quell her passion for sports. Masami Kondou, a divorced father, had ambitions of being a writer and now manages a restaurant, where Akira works. It is the intersection of Akira and Masami’s seemingly disconnected lives that makes each of them reconsider and redefine everything about themselves.<br>\n<br>\n(Source: Sentai Filmworks)","startDate":{"year":2018,"month":1,"day":10},"endDate":{"year":2018,"month":3,"day":30},"season":"WINTER","seasonYear":2018,"duration":23,"countryOfOrigin":"JP","isLicensed":true,"source":"MANGA","hashtag":"#恋雨","trailer":"https://www.youtube.com/watch?v=3FvIUcLGOsI","updatedAt":1706299739,"coverImage":{"large":"https://s4.anilist.co/file/anilistcdn/media/anime/cover/large/bx98385-GYmOoxtwWVhz.jpg","medium":"https://s4.anilist.co/file/anilistcdn/media/anime/cover/medium/bx98385-GYmOoxtwWVhz.jpg","small":"https://s4.anilist.co/file/anilistcdn/media/anime/cover/small/bx98385-GYmOoxtwWVhz.jpg","color":"#35e46b"},"bannerImage":"https://s4.anilist.co/file/anilistcdn/media/anime/banner/n98385-fyGWkx3FbZSh.jpg","genres":["Drama","Romance","Slice of Life"],"synonyms":["KoiAme","Love is Like after the Rain","Depois da Chuva","Dopo la pioggia","Après la pluie","เส้นทางชีวิต ลิขิตหัวใจ","Después de la lluvia"],"averageScore":73,"meanScore":73,"favourites":1184,"popularity":72486,"trending":2,"tags":[{"id":98,"name":"Female Protagonist","isMediaSpoiler":false},{"id":50,"name":"Seinen","isMediaSpoiler":false},{"id":138,"name":"Age Gap","isMediaSpoiler":false},{"id":102,"name":"Coming of Age","isMediaSpoiler":false},{"id":311,"name":"Rehabilitation","isMediaSpoiler":true},{"id":145,"name":"Work","isMediaSpoiler":false},{"id":1045,"name":"Heterosexual","isMediaSpoiler":false},{"id":264,"name":"Athletics","isMediaSpoiler":false},{"id":227,"name":"Classic Literature","isMediaSpoiler":false},{"id":595,"name":"Urban","isMediaSpoiler":false},{"id":394,"name":"Writing","isMediaSpoiler":false},{"id":46,"name":"School","isMediaSpoiler":false},{"id":30,"name":"Martial Arts","isMediaSpoiler":false},{"id":335,"name":"Tanned Skin","isMediaSpoiler":true},{"id":139,"name":"Love Triangle","isMediaSpoiler":false},{"id":494,"name":"Twins","isMediaSpoiler":false}],"relations":[{"id":86639,"title":{"english":"After the Rain","native":"恋は雨上がりのように","romaji":"Koi wa Ameagari no You ni","userPreferred":"Koi wa Ameagari no You ni"},"type":"MANGA"}],"characters":[{"id":122212,"name":"Akira Tachibana"},{"id":122213,"name":"Masami Kondou"},{"id":130556,"name":"Ryousuke Kase"},{"id":130557,"name":"Takashi Yoshizawa"},{"id":130561,"name":"Yui Nishida"},{"id":130563,"name":"Chihiro Kujou"},{"id":130562,"name":"Yuuto Okajima"},{"id":130560,"name":"Ootsuka"},{"id":130559,"name":"Kayoko Kubo"},{"id":130558,"name":"Haruka Kyan"}],"staff":[{"id":119458,"name":"Jun Mayuzuki"},{"id":110643,"name":"Ayumu Watanabe"},{"id":104540,"name":"Hitomi Mieno"},{"id":124580,"name":"Yuka Shibata"},{"id":124581,"name":"Ryo Yoshimata"},{"id":107859,"name":"Aimer"},{"id":126807,"name":"CHiCO"},{"id":130540,"name":"Nobuyuki Mitani"},{"id":103110,"name":"Yasunori Ebina"},{"id":118964,"name":"Shunichirou Yoshihara"},{"id":132974,"name":"Kiyoshi Hirose"},{"id":145936,"name":"Ayako Kouno"},{"id":145938,"name":"Haruhi Gotou"},{"id":146863,"name":"HoneyWorks"},{"id":146863,"name":"HoneyWorks"},{"id":146863,"name":"HoneyWorks"},{"id":146863,"name":"HoneyWorks"},{"id":107859,"name":"Aimer"},{"id":118506,"name":"Kenji Tamai"},{"id":146979,"name":"Masahiro Tobinai"},{"id":146979,"name":"Masahiro Tobinai"},{"id":146392,"name":"Haruka Tanaka"},{"id":142605,"name":"Kaoru Aoki"},{"id":103075,"name":"Emi Chiba"},{"id":153126,"name":"Chiaki Kumakura"}],"studios":[{"id":858,"name":"Wit Studio","isAnimationStudio":true},{"id":53,"name":"Dentsu","isAnimationStudio":false},{"id":17,"name":"Aniplex","isAnimationStudio":false},{"id":169,"name":"Fuji TV","isAnimationStudio":false},{"id":376,"name":"Sentai Filmworks","isAnimationStudio":false}],"isFavourite":false,"isAdult":false,"isLocked":false,"nextAiringEpisode":null,"airingSchedule":[{"airingAt":1515513300,"timeUntilAiring":-190787394,"episode":1},{"airingAt":1516290900,"timeUntilAiring":-190009794,"episode":2},{"airingAt":1516895700,"timeUntilAiring":-189404994,"episode":3},{"airingAt":1517500500,"timeUntilAiring":-188800194,"episode":4},{"airingAt":1518105300,"timeUntilAiring":-188195394,"episode":5},{"airingAt":1518710100,"timeUntilAiring":-187590594,"episode":6},{"airingAt":1519314900,"timeUntilAiring":-186985794,"episode":7},{"airingAt":1519919700,"timeUntilAiring":-186380994,"episode":8},{"airingAt":1520524500,"timeUntilAiring":-185776194,"episode":9},{"airingAt":1521129300,"timeUntilAiring":-185171394,"episode":10},{"airingAt":1521734100,"timeUntilAiring":-184566594,"episode":11},{"airingAt":1522338900,"timeUntilAiring":-183961794,"episode":12}],"trends":[{"date":1521471600,"trending":4,"popularity":1880,"inProgress":1109},{"date":1488466800,"trending":7,"popularity":null,"inProgress":null},{"date":1488553200,"trending":8,"popularity":null,"inProgress":null},{"date":1488639600,"trending":3,"popularity":null,"inProgress":null},{"date":1488726000,"trending":3,"popularity":null,"inProgress":null},{"date":1488985200,"trending":2,"popularity":null,"inProgress":null},{"date":1489503600,"trending":2,"popularity":null,"inProgress":null},{"date":1489676400,"trending":4,"popularity":null,"inProgress":null},{"date":1497366000,"trending":2,"popularity":null,"inProgress":null},{"date":1506265200,"trending":2,"popularity":null,"inProgress":null},{"date":1508425200,"trending":2,"popularity":null,"inProgress":null},{"date":1509375600,"trending":3,"popularity":null,"inProgress":null},{"date":1509634800,"trending":17,"popularity":null,"inProgress":null},{"date":1509721200,"trending":3,"popularity":null,"inProgress":null},{"date":1509807600,"trending":5,"popularity":null,"inProgress":null},{"date":1509894000,"trending":2,"popularity":null,"inProgress":null},{"date":1509980400,"trending":9,"popularity":null,"inProgress":null},{"date":1510066800,"trending":3,"popularity":null,"inProgress":null},{"date":1510153200,"trending":4,"popularity":null,"inProgress":null},{"date":1510239600,"trending":3,"popularity":null,"inProgress":null},{"date":1510326000,"trending":7,"popularity":null,"inProgress":null},{"date":1510412400,"trending":3,"popularity":null,"inProgress":null},{"date":1510585200,"trending":3,"popularity":null,"inProgress":null},{"date":1510671600,"trending":3,"popularity":null,"inProgress":null},{"date":1510930800,"trending":5,"popularity":null,"inProgress":null}],"externalLinks":["http://www.koiame-anime.com/","https://twitter.com/koiame_anime","https://www.amazon.com/gp/video/detail/B078X1RBH5","https://www.hidive.com/tv/after-the-rain"],"streamingEpisodes":[],"rankings":[{"rank":44,"type":"RATED","context":"highest rated","year":2018,"season":null},{"rank":44,"type":"POPULAR","context":"most popular","year":2018,"season":null},{"rank":13,"type":"RATED","context":"highest rated","year":2018,"season":"WINTER"},{"rank":12,"type":"POPULAR","context":"most popular","year":2018,"season":"WINTER"}],"mediaListEntry":null,"reviews":[{"id":2406,"score":80,"summary":"Two people drawn together by intersecting circumstances in an unexpectedly wholesome coming-of-age story.","body":"Adapted from the seinen manga by Jun Mayuzuki, After the Rain (Koi wa Ameagari no You ni) is a tender-hearted romance about a bold high school sophomore, Akira Tachibana, who develops strong feelings for the charming middle-aged manager, Masami Kondou, at the restaurant where she works.\n\nA story that should've induced endless cringe was somehow realized into an uplifting slice of life. It certainly helps that Kondou, colorfully performed by the resonant Hiroaki Hirata, isn't the one doing the pursuing. When Tachibana's feelings for him become evident, he reacts responsibly. He's fully aware of the ramifications of dating a teenager at his age, and is understandably resistant to the idea.\n\n~~~img800(https://i.imgur.com/3sCB7zB.png)~~~\n\nTachibana, voiced with a quiet sharpness by Sayumi Watabe, is surprisingly insistent when it comes to what she wants, though guarded enough to not share everything about herself. Her apparent coldness frustrates Haruka Kyan, an old track partner who longs to rekindle the close camaraderie that they once had. Tachibana, who was—and still is—an exceptional runner, opts out of competition due to an injury, and seems quite content with spending the bulk of her social time pursuing Kondou. She distances herself from Kyan, perhaps because they've grown apart, or because Kyan brings back memories that she wants to forget.\n\nInitially, I didn't quite understand why Tachibana would be attracted to someone as old as Kondou. It wasn't until around the fifth episode, when we get a glimpse of Kondou's personal life, that it started to make sense to me. Outside of work, Kondou lives a modest life as a bibliophile and single father. He's a caring parent to his young son, Yuuto, and maintains a comfortable home when the two of them are together. Tachibana likely sensed this kindness from her time with him, and thus sought him as a refuge after losing motivation for most everything else. \n\nDirector Ayumu Watanabe, who also helmed the anime classic Space Brothers, brings an understated sophistication to the performances and atmosphere. After the Rain doesn't fear placidity. Scenes often break from the commotion to dwell with the surroundings, which are typically dressed with a relaxing ambience and rain covered petals.\n\n~~~img800(https://i.imgur.com/p9xAPZR.png)~~~\n\nThe biggest negative for me was Ryousuke Kase, a character who appears in the fourth episode. In total contrast with Kondou, Kase has a lustful and self-serving interest in teenage girls. With near supernatural ability, he finds a way to interject himself into Tachibana's life, and even gain leverage over her. Thankfully, the adapters realized that this character was about to break everything with contrived drama, and they quickly pushed him to the side; we don't see much of him thereafter.\n\nThere was a moderate amount of what some academics have snidely deemed as \"male gaze\", where the imagery is seemingly framed from a straight-male perspective. In the case of this anime, the camera occasionally gives the viewer an alluring close-up of Tachibana's modelesque demeanor. Seeing as this is a seinen targeted to teen and adult males—or anyone who appreciates a nice story—some light fanservice should be expected. Personally, I felt that these visuals aptly supplemented the sexual undertones of the material.\n\n~~~img800(https://i.imgur.com/u00BXDF.png)~~~\n\nAnimated with dazzling finesse by Wit Studio, After the Rain is a portrait of two people, initially separated by a generation, who are drawn together by intersecting circumstances. The overall emphasis, for better or worse, is more on the everyday character situations than on the romance. Ultimately, the story is an exploration of the efforts that we take to reconcile the loss of the things that we cherish—whether it's an old friend, or the dreams that we strive for. If you're looking for something sweet and innocuous with a dash of poetry, you may find satisfaction with After the Rain."},{"id":2492,"score":92,"summary":"A show about life and love, but perhaps not the kind of love you were expecting.","body":"[Indirectly spoils the ending, and possibly other elements of the show.  This is the sort of thing that's hard to avoid in reviews, and which I don't think should necessarily be avoided.  Consider yourself forewarned.]\n\nToday, I want to write about love.  It's no coincidence that this show is about love and writing, and the love of writing, among other things, because I don't often write in the first place.  From time to time, I find that there are some shows which evoke certain feelings, or thoughts, that I have to write about them.  This is one of those shows.\n\nThere are many kinds of love.  The advertising for this show, and its OP/ED, focus largely on the romantic kind.  It's almost a shame, because the show focuses mostly on the love of hobbies or work.  Akira and Masami are the kind of people who have lost sight of their passions for one reason or another.  Akira gave up on running due to an injury.  Masami gave up on writing because of a lack of success and the hardship it brought on his family.\n\nIt's frequently difficult to pursue these passions.  It's also not easy giving up on a thing you feel so strongly about, or dealing with the regret of having done so.  That said, wouldn't you be happier doing the former, given that it's a thing you enjoy anyway?  It's a hard question for a lot of people, and like most real-world problems, there isn't one right answer for everyone.  There's a catch to this dilemma, though.  A person who doesn't really want to give up and walk away from his dream simply shouldn't.  He might still do it, though, for one reason or another.  In this case, wouldn't someone who encouraged him to follow his dreams be making his life demonstrably better?  In that case, isn't it better to be with that person?\n\nThis is the essence of human relationships, in the end.  \"Romantic love\" is something that mostly exists only in fiction, and this show isn't interested in perpetuating the fantasy.  However, love itself is real enough, and this show sets out to explore it.  In this case, it starts out in what's basically the most straightforward way.  Akira is physically attracted to Masami.  I consider this much to be clear, though many things in the show are presented nonverbally, and thus up to interpretation.  It's less clear how Masami feels about Akira, especially at first.  I got a similar impression from him that I got from Kyon.  Namely, that he's prone to self-deception.  That's why it's so refreshing that Akira is so honest about how she feels about most things.  This is why it tears at my heart to see her lie to herself, and to others, about the most important one.\n\nYou see, this was a very emotional show for me.  I cried at the finale, which is already rare enough, but it was a different kind of cry.  These were tears of joy; the joy of experiencing something truly beautiful.  I don't consider this to be an accident.  Where many shows would generally be content to tell you what their characters are feeling, or use some kind of established visual shorthand, this show tries to make those emotions visually apparent, and to impart certain feelings onto the viewer.  Nonverbal communication is inherently risky, and I've always admired shows that rely on it and succeed.  This show likes its metaphors, visual and otherwise.  I've long known that Wit Studio has some talented animators, and has a passion for making visually beautiful shows.  It's wonderful to see them take that energy and talent, and use it for a clear purpose.  I'd also like to credit the background artists, because their work is stellar, but I know almost nothing about this element of anime production.  It's also no coincidence that the music is very good; I've often considered this to be the most emotional part of the experience of watching anime.  Even what I thought might be a flaw, that the music is somewhat repetitive, may in fact be a motif, which again serves a purpose.\n\nI love this show.  It really speaks to me.  It fits my ideals for what an anime should be, and its theme and some of its trappings appeal to me personally.  Its ending exceeded whatever hopes I might have had for it.  It's not very interesting to talk about its personal appeal to me, since the reader's life experience and situation will certainly be different than mine, but it's there.  That said, I feel confident that this show's more objective merits are strong enough that I could recommend it to anyone.  I hope you love it as much as I do, because in the end, we're better off being happy.  (Sorry, Chihiro!  No poison today.)"},{"id":4179,"score":80,"summary":"Love and passion. Similar but not synonymous, yet After the Rain touches both gracefully.","body":"Love is like After the Rain. In the midst of stormy conditions you can either comfortably wait inside until the weather dies down or choose to face it head-on, pressing forward through the torrent and seeing where it takes you. Similarly, passion is like after the rain; once drowned out it can leave you confounded and lost with grey clouds hanging overhead. What once before had consumed one’s lifestyle is suddenly pulled away, no longer part of who they are and now must come to terms with this. In After the Rain we are shown two characters, each on the surface seem completely different to one another but upon closer inspection share a comparable suffering – they are both burdened with the feelings of a lost passion.\n\nimg800(https://www.animefeminist.com/wp-content/uploads/2018/02/ATR123-27.png)\n\nHigh-school sophomore Akira Tachibana is obliged to give up track-and-field after suffering a torn Achilles tendon. Up until this point, running had been part of her life since her earliest memories, almost becoming an instinctual part of her. Now having been ripped away from her passion she finds herself detached from her past world; stumbling along mere sidewalks by her lonesome self, enveloped in a constant downpour that doesn’t appear to let up anytime soon. Akira as shown on numerous occasions is very emotionally-driven, her feelings never bottled up and always fuelling her actions. Now facing the reality of her situation alone, she is at the lowest she has ever been. But one day, whilst sitting inside a family restaurant staring out at the rain, the manager approaches her with a cup of coffee on the house, performs a cute magic trick before saying to her:\n\n_“It’s boring when you’re just waiting for the rain to stop. I’m sure it’ll stop raining soon.”_\n\nimg800(https://www.animefeminist.com/wp-content/uploads/2018/02/ATR123-3.png)\n\nThis alongside his act of kindness captures her heart and results in Akira developing a childlike crush on the man, subconsciously filling the void her injury left with an almost unhealthy love for Masami Kondo, the manager over twice her own age. Going so far as working under him at that very restaurant, becoming more and more committed in confessing her feelings to the man. Considering the subject matter, this series walks on very thin ice with focusing on an implied romance between a young girl and a middle-aged man, even testing the waters at times with her confession leading to a date between the two. But where many other series would have faltered, After the Rain handles this relationship with a level of grace and tactfulness rarely found in anime. It evolves from a simple age-gap romance generally considered taboo to deliver on a tale that focuses on the couple as individuals, each having lost something integral to themselves in the past and are both still learning to cope with.\n\nMasami Kondo may seem a typical kind man on first impression but his life up to this point has been far from what he once hoped for. He is constantly burdened by what could have been – an avid writer in his youth whose material unfortunately never gained popularity and coupled with a failed marriage, leaves him with an attitude of complacency. His adoration for writing heavily implied as the driving force behind his divorce and losing custody of their child, a tragic turn of events that left his family broken and eventually caused him to abandon his writing. Now whenever his past career work is challenged, he simply blames it on age and sees any serious attempt to change such is inconsequential. He is content in reminiscing about the love he once had bitter-sweetly, afraid of potentially tainting the memories he still cherishes.\n\nimg800(https://i.ibb.co/yQYPyxj/After-the-Rain-kondo.png)\n\nBoth our main characters have felt the pain their passions led them to, Akira physically with a severe injury and Kondo emotionally with his family fractured in the process. Both are pushed away from what they lost and have grown fearful of the hole left in their place, afraid of ever returning to them. Kondo is fine reading the words of others and scribbling down notes when working, but at his desk with pen in hand he can only stare at the sheet in front of him, his thoughts never put to paper. Alongside being reminded of his past failings in the form of his highly-successful college friend, he is unable to take that step towards rekindling his passion. Akira is still willing to talk with her friends on the track team, but now doing so is coupled with a feeling of disconnect and angst, stranded alone and forced to watch their practice from the sidelines. Every time she tries to run she’s left injured in the process by her lost love, akin to an abusive relationship she just cannot seem to overcome. \n\nOn that day when Kondo offered her coffee they were only strangers, unaware of what has happened in the other person’s life. What Kondo did know however was the look in her eyes; the longing gaze of someone who’s lost and mourning something important to them. He knows it because it’s the look he shows whenever alone. Staring into the rain at night with cigarette in hand, reflecting on what he once had, his position in life and how he ended up there. Despite the difference in age Kondo is able to empathize with Akira, birthing a stronger connection between the pair from the parallels of their situations. A crush from the teenage girl does initially result from this and while there are moments throughout the show that hint towards romantic feelings being returned by Kondo, the overall approach is cautious and thoughtful. Her fondness for Kondo is illustrated as simply infatuation born out of immaturity and never becomes a path to shape her future. Not only are her feelings never taken advantage of by the older man, but what began as a school-girl affection morphs into a deep mutual respect and understanding between two damaged people.\n\nimg800(https://beneaththetangles.files.wordpress.com/2018/01/koi-1j.png?w=1088)\n\nLove is like After the Rain, but not in a romantic sense. Instead it aspires to depict the rekindling of a lost love that has plagued both Akira and Kondo’s lives. Here lies a story of two people with their own problems that are able to help each other work through them. Allusions are a core aspect of the series used to convey the issues each main character faces, both visually and metaphorically. When referring to the short story “Rashomon”, Kondo suggests he is too far gone to try writing once again, claiming he does not possess the energy and determination required for it. In response Akira tells him that his regrets aren’t something to wallow in, instead use them as motivation to return to that love that constantly spurred him on. For Akira, her fears of running again are finally addressed when having a conversation around a swallow that had trouble leaving the nest. Asked if the bird could have been happy staying behind in the nest, Kondo asserts that while there might be happiness found, it would forever look up and long for the skies. These moments end up being the push both needed to take the next step forward in their lives. Both have realised they each have a lot to work on as individuals and neither are ready to give up on the dreams they hold dearly in their hearts yet. And so, they each go their separate ways.\n\nyoutube(https://www.youtube.com/watch?v=05eBh1SaQjU)\n\nAs the end credits roll, a melancholic theme plays set to a race track flooded with rain, only to transform into a bright one as the sun breaks through the clouds whilst the tune meets its climax. It’s a gorgeous representation for how the series closes with both Akira and Kondo coming out of the storm stronger than before, ready to face their passions once more. No matter how long darkness and feelings of uncertainty loom over, there will surely be a light that follows. Amidst the rain seeds of romance were planted, but now that the rain is over do they have the chance to flourish. Whether their relationship still holds romantic love or not remains to be seen. But from a year praised as one of the best for anime, I know there’s at least one show from that year I still hold great fondness for."},{"id":4241,"score":65,"summary":"A melancholic character drama which ultimately falls flat on its romantic themes.","body":"There's a lot of praise that can be thrown around for a good concept. As much as we can say that books aren't judged by their covers, we know better. Everyone judges a book by its cover, because with so artistic visions out there, if we can't take a cover at face value, we'll never be able to follow any journey. The key behind the cliché is that if we do judge a book based on its cover, we have to hope that it delivers on what is being sold, trusting that the text is wearing its heart literally on its sleeve. \n\nAnd that's unfortunately what After the Rain was not able to do. Because while it is a fantastically beautiful character drama of two very confused, complicated souls, it does not truly follow-through on its broader ambition. \n\nimg(https://gifimage.net/wp-content/uploads/2018/10/after-the-rain-gif-5.gif)\n\nAfter the Rain's general premise is the sort of thing to raise eyebrows: a romance between a seventeen year old track star and a forty-five year old manager grinding his middle-adulthood working at a simple, no fluff restaurant. Two unique individuals who, under the circumstance of working at the same place, have sparks fly, have love bloom, and have a deepening bond together. The age factor is obviously the more controversial portion of this, and will certainly turn many off out-of-hand by the implications. \n\nBut if one is willing to suspend their disbelief for a moment around the concept, it is the lack of commitment toward that vision that would both keep those more prudish among us around to continue watching, and is likely also ultimately the downfall of After the Rain. \n\nimg(https://pa1.narvii.com/6744/1b27c774704b2ab383ca9a80890386a200540fd7_hq.gif)\n\nThe big issue with After the Rain is that is fails to truly execute on its romantic narrative that is built up from the very beginning. The female lead Tachibana is stern, a little hard-headed, a little naive, and a lot of socially awkward. She very quickly realizes she has brooding feelings of romance for her manager, and seems so head-over-heels by the proposition that admitting her feelings to him seems like the most logical option. Kondou is more level-headed, having already had his time in the spotlight for teen romance, almost viewing his time as over, having passed long ago with his youth, yet with a vague, underlying notion that he deserves happiness even when he doubts he should attain it. \n\nAnd this sounds like a fantastic premise for a romance, yes? Two people who want something, are horrible at acting on it, who will inevitably end up together. The issue here is that their romance is plodding, to say the least. The show emphasizes their growth as individuals, allowing their coy but ultimately platonic interactions to balance out their own personal woes. They each learn lessons, learn more about themselves in the process, and grow both closer to each other as well as closer to their own understanding of their ideals. But the speed at which this is executed is drastically slow. While the interactions feel legitimate and natural, you're essentially left on the edge of your seat the entire viewing internally screaming JUST KISS ALREADY. Will they or won't they? Will they get out of their ruts or won't they? It's an eternal question riding a wave through the entire series. \n\nimg(https://i.redd.it/03efjpqdnig21.gif)\n\nWhich comes to where the show does excel, which is on its aspect of character drama. As the show continually institutes new characters, adding complexity to the narrative, different threads that will eventually be handled or otherwise strummed for emotional payoff, After the Rain spends its time analyzing the characters, their thoughts, their ambitions, and how they all interrelate. And it's quite skilled at this! After the Rain frequently takes a quieter approach to things, allowing scenes to play slowly and breathe, while also not going out of their way to bore you. Instead, small scenes of silence speak larger volumes. From simple shots of a pensive, love yearning, teenage girl gazing at the ceiling from bed, to more stupendous shots of sharing a literary quote while staring at the full moon, these scenes along with their gorgeous artwork highlight the subtle storytelling at play. Of particular note are the various dream-like sequences, which heighten emotional thoughts or climaxes with filters and sound-effects that give an emotional resonance, allowing the largely spoken-word screenplay to pull you around. As a character drama, After the Rain excels, with a fair if frequently somber and melodramatic emotional payoff by the end. But c'mon, if you're reading this far, you already know that this is a heightened melodrama. \n\nimg(https://66.media.tumblr.com/af0a9fb93485ff3d1af59e7c6267e438/tumblr_p2rwvhIx9d1wt5xqro2_540.gif)\n\nIt's when that character-analyzing melodrama ricochets over the more prominent romantic arc where things get tangled. After the Rain is inherently about Tachibana and Kondou, but because the show strings along the romantic aspect of the show, it ends up spending more time solving their personal problems without tying together their romantic disparities. It's the equivalent of going to see some shooting stars, but the sky is overcast; sure, maybe you can see glimpses through breaks in the clouds, but the payoff seems lackluster if your expectations were set on a more complete package. \n\nWhat can't be faulted is the artistry on display. The subtle yet lush animation delivered by Wit Studio is great, and a very big diversion from their typical Attack on Titan flair, leaning more in line with the quiet, almost magical prominence of something like Ancient Magus' Bride, with less of the overt fantasy overtones. The animation features straightforward but earnest visual metaphors to balance out the narrative itself, and harnesses some of the sleekiest animation in the industry for some really enthralling shots. Meanwhile, while the music is also enjoyable, its quite forgettable, beyond the stunning ED Re:frain by Aimer, which you would be a fool to skip at the end of every episode. \n\nimg(https://66.media.tumblr.com/607978dd76f462a93e4f5d2c6d407a94/tumblr_p6d6i9UZlB1v1hotuo2_500.gif)\n\nIf we are to judge a book by its cover, then how would one judge After the Rain after experiencing what it has to offer? While the premise is intriguing, the follow-through can leave a lot to be desired. While there is fantastic drama and realism within After the Rain, there is a lack of romantic bonding and execution on some of the narrative's core themes. And while After the Rain is certainly not a bad viewing experience, it might leave those who have high expectations leaving ultimately disappointed, not because the experience itself is unenjoyable, but because the execution was not as enlivening as it could have been under different circumstances. "},{"id":4602,"score":97,"summary":"After the Rain is perhaps one of the most beautiful hidden gems of last year.","body":"After the Rain is perhaps one of the most beautiful hidden gems of last year. A deviation from the battle-heavy Attack on Titan and the fantasy settings of The Ancient Magus' Bride, this latest Wit Studio offering is a subtle yet gripping take on rediscovering yourself.\n\nStory: 100/100\n\nThis series has a strange premise: A 17-year-old high school student falls in love with a 45-year-old single father who's also her restaurant manager. But the romance is actually the tip of the iceberg. What unravels throughout the series is a journey of rediscovery. Akira has been injured and thus lost her love for running, while Masami felt inferior after his old friend became more successful than he is and decided to be a typical salaryman. These two are on a heart-gripping journey to finding their love for their crafts once again and hopefully patch things up and move on from the past.\n\nThis analysis alone makes After the Rain all the more worthy of your viewership, especially if you have been in the same boat as both Akira and Masami. This series spoke to me on a personal level. Koiame reminded me of how I became Akira that lost her love for the things that she used to love, and finding that Masami that somehow helped her to love them once again. It's such an unspeakable personal connection, and one I could never, ever forget.\n\nAnimation and art: 90/100\n\nAll those bokehs make the series cute while being mesmerizing at the same time. There were also beautiful shots and scenes from this series, especially the bedroom scene at episode 7 and the final shot at episode 12. This just proves that Wit Studio can not just do Attack on Titan, but be flexible enough to do a romantic drama as well.\n\nMusic: 100/100\n\nThe moment I heard Furui Shiori ~Shizuku no Yukue~ play on the very first episode of the series, I fell in love with everything about it. How the music was used throughout the entire series was phenomenal. The aforementioned 7th episode bedroom scene which used an instrumental version of the ending Ref:rain, arranged by Masahiro Tobinai, was such a perfect track for an emotionally-charged yet subtle scene. The rest of the tracks were beautifully arranged as well, so props to Ryo Yoshimata for composing the score.\n\nOverall enjoyment: 100/100\n\nAs I've said earlier, this series spoke to me on a personal level. From the story to the music to the animation, it's such an underrated masterpiece. I just can't get enough of raving about this series.\n\nOverall score: 97/100.\n\nThis is one of the best that 2018 has to offer. If you're looking for a beautifully written drama that's not A Place Further than The Universe or Violet Evergarden, this one is a good find, and perhaps Wit Studio's best work so far."},{"id":7167,"score":84,"summary":"\"After the rain\" es una pequeña pieza de arte que sabe hacer llegar un mensaje claro ante una premisa poco usual","body":"#~~~__Opinión sin spoiler__~~~\n~~~~~~\n\"After the rain\" es un anime que se basa en una premisa poco habitual y que, frente a lo complicado  de manejarla, es capaz de navegar a través de los personajes y las circunstancias para dejar una  pequeña pieza muy disfrutable.\n\nEn esta ocasión, se presenta el enamoramiento que sufre una adolescente por un hombre divorciado y con un hijo, y cómo esta relación se desarrolla teniendo en cuenta  las circunstancias de cada personaje.\n\nCreo que esta trama, con su drama, situaciones y naturales complicaciones, se maneja de una manera muy satisfactoria, dejando un final que puede ser o no del gusto del espectador, pero del que se puede extraer mucha reflexión.\n~~~~~~\n~~~~~~\n#~~~__Opinión con spoiler__~~~\n~~~~~~\nLo primero que salta a la vista al empezar a ver esta serie es su animación, que no se encuentra en lo habitual (cuerpos muy estilizados, ojos muy grandes) y hace hincapié en el juego de luces y las texturas de elementos líquidos, sobre todo, y como se comentará más adelante, de la lluvia.  Esto  prepara un contexto muy adecuado  para la temática de la serie y consigue un aspecto visual muy atractivo.\n\nMetiéndose de lleno en la trama, la serie comienza presentando la problemática descrita. Desde el minuto 1, sin más explicación, se nota en todos los gestos de Akira el enamoramiento que tiene por Kondou. Esto, unido al hecho del estilo de dibujo (no parece que Kondou tenga 45 años ni de lejos), inclinan mucho al espectador a aceptar y esperar  la declaración de intenciones de Akira, que no tarda mucho en llegar.\n\nEn esta ocasión, no se pierde tiempo con insinuaciones, la serie quiere llegar a transmitir un mensaje y sabe que para lograrlo debe dar tiempo y desarrollo, y éste es el  detonante de todo. La escena de la declaración es absolutamente preciosa, y por supuesto, el espectador medio se involucra y simpatiza con Akira.\n\nPero, empiezan a surgir  los problemas, como no podía ser de otra manera. Me parece muy meritorio como se van desarrollando subtramas paralelamente; la lesión de Akira se presenta a la vez que el hecho de correr por primera vez  en mucho tiempo significa unos sentimientos intensos hacia Kondou. La creciente lejanía con sus antiguas compañeras de  equipo de atletismo se va haciendo más evidente, a la  vez que por otra parte se revelan más detalles de la vida de Kondou, mientras que en el trabajo se desarrollan relaciones entre los empleados...\n\nEl hecho de que Akira se interese tanto por Kondou hace que ambos empiecen a investigar emociones e intereses que creían perdidos. El hecho de interactuar entre ellos hace que avancen en sus antiguos miedos e inseguridades, retomando amistades y proyectos que ya daban por perdidos. Precisamente esta suave transición de unos  primeros capítulos muy intensos emocionalmente a la exploración más personal y calmada de los protagonistas es lo que distingue esta obra.\n\nLa evolución de esa primera exaltación sentimental (el estar enamorada, y sentirse otra vez joven a través de las palabras de una chica adolescente) desemboca en una relación en la que se va aceptando la frugalidad de esa intensidad inicial. Los personajes se van separando y dándose cuenta de que el significado de su encuentro no es otro que el de superar sus baches y retomar con fuerza proyectos de vida, algo que en un principio ninguno de ellos se esperaba.\n\nAquí llega el final que puede no gustarle a todo el mundo. Tras una lenta separación, que también podría llamarse evolución hacia puntos diferentes, los protagonistas continúan su camino con el recuerdo y el impulso que se han proporcionado el uno al otro. A cierto tipo de espectador podría molestarle que los personajes no acaben juntos, pero en este caso creo que es lo correcto y que algo diferente no encajaría en la historia, además de ser un final muy satisfactorio para ambos.\nLógicamente, esta no es la única relación que importa. Destacan la relación de Akira con Haruka y la de Kondou con Chihiro, que se estabilizan recalcando la importancia de vivir la mejor versión de tu vida y de tus proyectos personales.\n\nEsta obra me ha dejado deseando que Akira y Kondou consigan realizar sus proyectos y llegar a ser la  mejor versión de si mismos, y lo recomiendo a cualquier persona moderadamente interesada en el género o que esté pasando por un ligero (o no) bache en su vida.\n\n*Lo más importante es siempre creer en uno mismo, pero una pequeña ayuda de los demás es una bendición*\n\n¡Gracias por llegar hasta aquí! Un saludo de SiegmAer, de Catarina."},{"id":7625,"score":86,"summary":"Amazing Love Story that fell Victim to the Infamous Final Arc.","body":"Koi wa Ameagari no You ni or After The Rain, is an anime done by Wit Studios, and aired in the Winter 2018 season with a 23min/ep runtime for 12 episodes. \n\nThis review will be broken down into 3 different sections\n\n\n# The 2018 Winter Season.\n- KoiAme aired in the Winter of 2018. And when you click on the other shows that aired in the same time, holy shit was that season a monster in every aspect.  If you were craving Action, there's __Devilman Crybaby__, __Nanatsu no Taiza__i and the sequel to the then ultra-popular __Overlord__.\n- In the Drama department lies __Citrus__ and __ReLIFE's__ long awaited conclusion.\n- Comedy? __Takagi San__ and __Saiki Kusuo__ is more than enough to sate your thirst.\n- Last but not Least, Winter 2018 had some disgusting Originals. __Violet Evergarden, Maquia and Yorimo__i stand atop all the other anime that season with __VE __being one of the most popular animes of recent times.\n- So why watch KoiAme when there are tons of other beasts in this season? __Well, for one, I think that KoiAme is worthy of being compared to the Big Dogs. In the midst of these Monstrous Originals and Big Sequels lies a very well made adaptation that flew under the radar of many.__\n\n# Wit Studios' Accomplishments with KoiAme.\n- Let me get this out of the way, KoiAme, if you're not aware by now, is a Drama/Romance SoL. And in case you're still unclear, Wit Studios( __AOT, Owari no Seraph, Kabaneri, Vinland Saga and Magus Bride__)  were the animators of this. I do not know the intention behind picking up KoiAme when they are known for literally so many Big Action Animes, but boy did Wit outdo themselves with this adaptation. I am not familiar with Wit but the staff they assigned to this project were basically perfect.\n\n# Koi wa Ameagari no You ni\n- KoiAme is an anime about \"Forbidden Love\". Our main cast consists of schoolgirl Tachibana Akira (17), who falls madly in love with Masami Kondo (45), her manager at the restaurant she works in. What follows is the tale of 2 people who were never meant to be together.\n\n- __Story__\n  - KoiAme has an amazing story. Story wise, straight up, episodes 1-6 were pure 10/10s. Every single moment and plot point was planned in advance and calculated to a T. Watching it blind is, simply put, one of the best experiences I've had watching anime. With that being said, its a shame that only the first 6 episodes were of that quality. While episode 7 and 8 still held up to the quality of the previous 6, episodes 9-12 completely fell flat and derailed far off what anyone was expecting and hoping for. This is not the fault of the studio but rather the source material. However, the studio managed to salvage this by having Directors so good it saved the show. I will mention this later.\n\n- Characters\n - Not much to go off on other than our Main Cast, each have their own motivation and are very clear and vocal in what they want to do.\n\n- Visuals/Animation\n - One of the Standouts of the Anime. The little details in the detailed backgrounds are so fucking pleasing to the eye. Absolutely beautiful.\n\n- Music\n - I still don't pay enough attention to OSTs but the ED for this anime was sang by Aimer (my favourite artist), so it automatically gets a pass from me.\n\n- # DIRECTION\n - OH BOY this is the meat of the adaptation. The direction of KoiAme is hands down the best direction I've seen in Anime, ever. Director [Ayumu Watanabe](https://anilist.co/staff/110643/Ayumu-Watanabe) is amazing. He single-handedly   elevated the anime in its good moments and pulled it out of the mud in its bad moments. I cannot stress enough how impactful his direction contributes to the overall quality of the anime. \n - While Watanabe is listed as the only director on Anilist, I did some more digging and found out that there was another director brought in specifically for one episode. [__Kaburagi Hiro__](https://myanimelist.net/people/8461/Hiro_Kaburagi) directed and wrote the storyboard for episode 6 of the anime. \n #And these were my thoughts for ep6 : __When consumed in moderation, simply fantastic. Virtually no flaws. 5 whole minutes of telling a story through almost complete silence is more than just bold. There are simple story directions, there are complicated story directions, there are bold story directions, and then there's this blend of all three. Credit to the director for pulling off so many different styles of story-telling. The whole episode felt like a fever dream - from the foreshadowing start all the way to the perfect end-cut__. __What Hiro has done with Episode 6 of KoiAme changed how I viewed the importance of direction in anime. Episode 6 of KoiAme, is by far one of the best standalone episodes of Anime, ever. (Similar to VE Episode 10)__\n\n# Conclusion\n- In the midst of the giants of Winter 2018 lies a simple anime about Love that is executed so damn well. If you have the slightest interest in a good, solid love story that only gave way in its Final Arcc, give this anime a chance."},{"id":8026,"score":85,"summary":"Two people help each other find what is truly important in their lives","body":"<center>img700(https://i.imgur.com/C0kahEV.jpg)</center>\n-\nWith 2018 being done and over with, there were a few anime in my back catalog from the previous year that I haven’t gotten around to finishing yet. Whether it is because they fell through the cracks of my schedule, I lost interest in them over time, or because I just didn’t think the subject matter of the show would appeal to me altogether, and one of these shows that I have finally gotten around to completing is __After the Rain__.\n\n<center>img500(https://media.giphy.com/media/7T2Su6qZ5jp8Z0cRb9/giphy.gif)</center>\n-\nThis show starts out with the basic surface level premise being that, this 17-year-old high school student falls in love at her part-time job with her 45-year-old manager who has been divorced and has a child. Now at the beginning like most people who see this social taboo being executed, I too felt uncomfortable with this premise of a teenage girl falling in love with a grown man, but as the show goes on you realize this isn’t really what the show is about, and thankfully this original premise eventually falls to the sidelines of the plot, to make way for what the show is really about, which is personal growth and coming to terms with the promises you’ve made. The show basically implies that the romance that started between the 2 characters was just a materialization of the frustration each of them felt after losing sight of what they really wanted to do in life. And by leaning on each other to find this lost motivation, they individually found in each other the motivation to keep pushing forward towards their goal.\n\n<center>img500(https://66.media.tumblr.com/607978dd76f462a93e4f5d2c6d407a94/tumblr_p6d6i9UZlB1v1hotuo2_500.gif)</center>\n-\nOverall, I really liked how the show handled this premise, from how they didn’t make their connection explicitly romantic, to how they made the manager a semi-responsible adult who understood the gravity of the situation when one of his teenage employees tells him they are in love with him. The way he handled the situation by showing her that there is more to life than her small young view of the world, was really interesting to see, and by her showing him the drive and dedication that comes with being young he realizes that it is too soon to give up on his lifelong goal. Because of this, I am really glad that I finally got around to watching this show, because while on the surface I thought I wouldn’t like this series, after finally giving it a chance, I’ve learned that this show had much more to say than just the surface premise you see in the first few episodes.\n\nIn the end, I would rate __After the Rain__ an 85/100 because I really liked the ending message of the show, and how this series actually tells a complete story within the 12 episode runtime, unlike (unfortunately) the majority of anime that come out nowadays, this show ends with a satisfying conclusion, and I can get behind that&#128522;&#128522;&#128522;\n\n<center>img700(https://i.imgur.com/SHJcRLy.gif)</center>"},{"id":9241,"score":45,"summary":"Forcing yourself on your love interest until they feel sorry for you: The anime.","body":"__This review will contain spoilers.__\n__---------------------------------------------------------------__\n\nThe series main conflict, just going by the premise alone, would seem to be the age gap between the main couple we will follow, but once you finish watching this show you will realize that is the least problematic thing about it. Honestly, I feel disappointed because I thought I would love this show and had it on my list for what feels like an eternity, yet it reminded me of why I don't like romance anime. After the Rain is a show with stunning visuals and a gorgeous color palette, filled with fluid animation and accompanied by a beautiful soundtrack, but the writing makes everything go downhill.\n\nOur Protagonist is a 17-year-old girl named __Tachibana__. She used to be the star of the tracking club at her school before she got injured. She works at a Café and has a crush on her 45-year-old manager, __Kondou__. These two lack chemistry and it has nothing to do with their ages. Tachibana is young, and I don't know how much I can blame her actions on her age since many people act differently no matter how old they are, but she is incredibly childish compared to her appearance. She legitimately got pissed at the fact that her, again, __45-year-old manager__, had a son. Did she ever think about the possibility that her manager could be married or divorced, or had a girlfriend or anything at all? she looks like the smart character you would find in any other anime, but she isn't. I still don't know if that is a good or bad thing.\n\nIn episode 3, we get a love confession and it is extremely awkward. It is also from this point onwards that I started to completely lose any sort of empathy towards this girl. All the steps she took after and the way she treated those around her made me utterly dislike her. There was hope on my part that the show would at some point, try to show how the way she acts is not okay, but it never happened. There are many types of love, however, it would be an insult to call whatever she has going on with the manager love. If the love you feel for someone, is affecting or otherwise hindering your performance, and it consumes all your time, that is not healthy. Not for you, nor the person you are crushing on. Tachibana very clearly needs a hobby. Yes, she got injured. Yes, she probably feels depressed after \"__losing__\" what she enjoyed, running, but this is partly on her. A relationship is not the same thing as therapy. Getting a boyfriend or girlfriend will not solve your problems and people don't exist to take care of your mental health. That's on you. \n\nAfter her embarrassing confession, the manager wasn't able to turn her down for whatever reason, and she managed to get a date with him. Now, I am not 45, but I can imagine being confessed by a teenager could have made him uncomfortable. Why go on a date with her anyway? especially when we were never given any hints in the beginning that he looked at her any different than any other employee? Just like this, the relationship between Tachibana and the manager continues on a thorny road, and it is always Tachibana forcing her way or making Kondou uncomfortable in order to get what she wants out of him. She is pushy and has no self-awareness. In order to get closer to the manager, she continuously lies about her interests to appear to have things in common with him ( __asking about books and setting up a date to a book fair when at best her interest in books is minimum.__), tries to monopolize him (__getting angry when the other employees started warming up to the manager about a hamster he had gotten__.), shows up uninvited to his house, in the middle of a damn storm, even after another coworker told her she probably was forcing herself on the manager, tried to guilt-trip the person she quote, \"__loves__\" even though said person was sick with the flu and had a fever, overall she is obsessed and the least she should be doing is trying to date anyone. This girl doesn't deserve anyone's pity or consideration (__except in episode 4 when the chef harassed her and forced her to go on a date with him. That was terrible and I hate him__).\n\nTachibana is what is mostly wrong with the anime. She put first her \"relationship\" with the manager rather than her relationship with her childhood friend Haruka. How are you going to drop the bond you have had with someone over years, for a shaky friendship you've started having with a man you've known for a little and who you know nothing about? this is insanity. Even nearing the end of the show, Tachibana makes no attempts to call out to Haruka and try to talk things through, but she sure has enough time to be setting up \"friendship\" dates with the manager. She does nothing to fix her friendship with Haruka until the last episode and even then it is underwhelming because she does it over text. Amazing. \n\nIn episode 10, Tachibana asks the manager what happens if a swallow can't fly like the others, clearly talking about herself and the injury she got. The only reason this fails to add to her character or make me feel sorry for her is that it isn't that she can't fly, it is that she doesn't want to. You cannot force someone to do things, they have to want to do them on their own. Tachibana doesn't want to try, she just stays stagnant. Even her friend, Haruka, tried telling her to come back to the team, which resulted terribly since Tachibana wasn't up to it yet. She was mostly just happy over probably being able to see the manager more if she worked her shift every day. The only reason, the way I interpreted it going by what the anime showed,  that she decided to make an effort was because she heard the manager was going to. After teaching Yuuto, the manager's son, how to run better, he said his dad had made a promise to himself and that he was going to try harder. When Tachibana heard this, her eyes lit up. So if the manager had decided to stay the same and make no improvements to his life, you would have done the same? this is depressing.\n\nIf the main protagonist, Tachibana, is this bad and unlikeable, then the other protagonist might be better in comparison right? well....not completely. He is an adult so I am going to blame most of the childish acts that Tachibana does on him. Kondou lets her literally get away with murder. If you don't like this girl in any romantic way, but rather want her to grow and not stay depressed as you did for many years, then set boundaries. Don't spoil her. He has the same issues as Tachibana and this is mostly the fault of the author for writing them this way. Yes, you can get interested in life and hobbies with the help of others, but the way Tachibana and Kondou bounce of each other and behave with one another is not the way to go about this.  He was more interesting than her, so I'd probably have enjoyed this show a bit more if it focused on his life and not hers.\n\nThis was probably supposed to be, rather than a romance story, one where two characters help each other grow but unfortunately other than finally trying to get back into their hobbies, the bad habits the characters have are not worked upon and neither Tachibana nor Kondou should be in a relationship with anyone. The show looks gorgeous, but this wasn't anything other than a disappointment. I may need to not watch \"romance\" anime for a while."},{"id":11532,"score":88,"summary":"Dopo la pioggia, ma anche prima e durante (no spoiler)","body":"Mai mi sarei aspettato di scrivere una recensione su uno dei generi all'interno del mondo degli anime che più difficilmente digerisco: le commedie romantiche (o più semplicemente RomCom). Non posso negare infatti da parte mia una certo distacco, specialmente emotivo, da questo genere di storie, solitamente molto legate ad una ristretta cerchia di battute ricorrenti, alterante da amori giovanili molto gonfiati e affini a sé stessi. Senza nulla togliere al genere in sé, non sono mai riuscito a trovare dietro alla mera sdolcinata e intricata storia d'amore dei protagonisti una vera ragione per sentirmi invogliato a vedere lo show, finendo così per annoiarmi e disilludermi. Poi ho visto After The Rain, e ora mi ritrovo a dover chiedere scusa ad un intero genere che per anni ho guardato con superficialità\n\n~~~img(https://www.animebambu.it/wp-content/uploads/2018/05/Dopo-la-pioggia-copertina.jpg)\n~~~\nLa storia parla di Akira Tachibana, una ragazza di 17 anni, che in seguito ad un infortunio alla gamba abbandona il club di atletica e inizia a lavorare part-time in un ristorante, finendo per innamorarsi perdutamente del suo manager, Masami Kondou, un uomo di 45 anni dal carattere gentile e arrendevole. Attraverso una relazione impossibile e proibita, After The Rain racconta di due persone in un punto di svolta della loro vita, ancorate dai drammi del loro passato e in cerca di sé stessi.\nI protagonisti, così simili ma diametralmente opposti, riescono ad enfatizzare i propri flussi di pensiero ed emozioni ogni singola volta che ce n'è bisogno attraverso il loro contrasto, ma anche attraverso le proprie personalità squisitamente sviluppate, dimostrandosi veramente azzeccati, soprattutto Akira, che non smette mai di stupire per quanto realisticamente venga dipinta e rappresentata. Il ritratto di una tipica ragazza in preda all'eccitazione del primo amore è così commovente e ben costruito da riuscire comunque a non ridurla ad una macchietta stereotipata all'interno della narrazione.\nPurtroppo non si può esattamente dire lo stesso per quanto riguarda i personaggi secondari, che per la quasi totalità si limitano ad essere semplici comparse o figure ricorrenti con ben poca influenza sugli avvenimenti e la trama, escluse un paio di eccezioni, centrali per lo sviluppo dei drammi personali dei protagonisti. In ogni caso l'attenzione non si sposta mai dai due attori principali, risultando così in un cast semplice ed essenziale, con ben pochi momenti, anche se molto ben fatti, per svilupparli e dargli uno degno senso di esistere. Una scelta, tutto sommato, giusta per una serie corta come questa.\n\n~~~img(https://otakuusamagazine.com/wp-content/uploads/2018/02/raintourism.jpg)\n~~~\nGraficamente l'anime riesce a mantenere una qualità davvero invidiabile, sfoggiando colori vividi e saggiamente in risalto tra loro, e alternandoli invece a colori più spenti e pesanti, in grado nel primo caso di far sentire le scene vive e in perfetto equilibrio, mentre, nel secondo, rispecchiare lo stato emotivo dei protagonisti. Il character design, abbastanza spigoloso e  longilineo, enfatizza non poco la fisionomia slanciata e delicata di Akira e le altre ragazze, dando un filtro molto più da manga shojo all'opera in certi momenti. I primi piani la fanno da padrone e non si vergognano di enfatizzare ancora di più gli sguardi magnetici e i piccoli movimenti del corpo dei personaggi, assecondando uno story telling molto focalizzato su ciò che non viene detto piuttosto che sugli effettivi scambi di battute dei due protagonisti.\nIl comparto sonoro è semplicemente impeccabile, dal doppiaggio, alle musiche, fino ai suoni ambientali, distendendo il ritmo narrativo e risultando sempre azzeccato per ogni situazione. Piccola pecca sono probabilmente alcune scelte registiche e una minore attenzione per i fondali, che a causa dei continui primi piani sono spessi sfocati o molto minimali, mentre altre volte, specialmente in alcune sequenze degli ultimi episodi, sfoggiano una cura maniacale da lasciare senza parole.\n\nimg(https://www.mangaforever.net/wp-content/uploads/2018/01/after-the-rain-anime.jpg)\n\nTuttavia, ciò che davvero mi ha conquistato di questo capolavoro è senza dubbio la sua capacità di veicolare un messaggio. Un buon racconto d'amore, dopotutto, è quello che usa l'amore come mezzo per raccontare una storia in cui sia possibile empatizzare, immedesimarsi o perdersi in scenari tanto improbabili e fantastici quanto comuni e vicini a noi. Da questo punto di vista il lavoro svolto da After The Rain è semplicemente magnifico, mantenendosi in un delicato equilibrio tra eleganza e buon gusto. I lunghi silenzi, gli sguardi intensi e le reazioni innocenti dei protagonisti riescono ad incantare e raccontare molto di più di quanto non facciano invece le loro timide parole. Il percorso interiore alla ricerca del proprio luogo a cui appartenere sarà ciò che accomunerà due persone così diverse, specialmente per quanto riguarda la loro età. Il tema infatti della \"pederastia\" (per quanto sia errato usare questo termine in questo contesto) è alquanto insolito nel mondo dell'animazione, o almeno per quanto concerne contesti e discussioni serie; a tal proposito lo show rinuncia a sviluppare una discussione sul loro rapporto proibito, magari visto tramite gli occhi della società o di terze parti, e cerca di dipingere un amore più puro ed incontaminato, non risultante da perversioni particolari o creato come escamotage comico, ma bensì un genuino ed ingenuo interesse che parte per altro proprio da Akira e mostra più volte come la cotta della ragazza comporti delle conseguenze e delle limitazioni di cui questa si rende ben conto. Nonostante sarebbe stato certamente più apprezzabile un ulteriore approfondimento su questi temi, ed in generale su tutto ciò che riguarda il lato più drammatico e psicanalitico della serie, il risultato finale non delude e, anzi, è promosso pienamente, aiutato soprattutto da una narrazione lenta e spesso dai toni malinconici.\n\nimg(https://www.nerdplanet.it/wp-content/uploads/2018/04/koi-wa-ameagari-no-you-ni-apres-la-pluie.jpg)\n\nAfter The Rain è una commovente storia che non si lascia legare dai vincoli amorosi e racconta coraggiosamente di due persone smarrite nel percorso della proprio vita e alla costante ricerca di ciò che hanno perduto, accompagnate e guidate proprio da quell'amore irrealizzabile che le accomuna. Si tratta perciò di un prodotto estremamente consigliato sia per gli amanti del genere, sia per chi, come me, nutre invece grossi problemi ad approcciarsi ad una tipologia di anime a cui non è abituato. Sicuramente un anime in grado di trasformare la propria semplicità in pura e semplice magia."},{"id":11636,"score":89,"summary":"El amor, la tormenta y un mensaje hermoso.","body":"#~~~__El amor comenzará después de la lluvia__~~~\n~~~_Pero, ¿qué amor? ¿Amor por qué o quién? \n__Esta reseña contiene spoilers, leer a discreción__._~~~\n\nLo primero que suele llamar la atención de esta historia, es el __age gap__ (_la diferencia de edad entre los protagonistas_), sobretodo cuando se tiene en cuenta que contiene el género de \"_romance_\". Sin embargo, cabe aclarar que ese factor no está relacionado a un morbo, sino a la esencia final que da la autora con su obra. El hecho es que un adulto de 45 años ha vivido muchas más experiencias y puede, por ende, comprender los sentimientos de una adolescente de 17 años que se encuentra \"__bajo la tormenta__\". Algo que él ha vivido, y sabe reconocer, al mismo tiempo que trata de protegerla al no darle falsas esperanzas y siempre establecer límites claros. Uno de los momentos más emotivos, es el abrazo que le da, luego de que ella llore al creer que su amor (además de no correspondido) es una molestia para él. Él, comprende que abrazarla puede que la confunda, pero también quiere comprenderla en un momento de agobio como el que ella siente ___\"En este momento, cerraré mi paraguas y me mojaré en tu tormenta\"___, piensa. Y es que ese paraguas, está dado por la experiencia que nos prepara para las futuras tormentas que nos lleguen. Similar al exámen psicológico del _\"Hombre bajo la lluvia\"_ que mide las defensas ante la adversidad de un posible paciente, Kondou representa ese hombre ya preparado que decide por un momento, estar igual de indefenso que Akira con sus sentimientos. Dicho esto, volveré a mencionar, que en ningún momento el age gap es un factor de morbo, sino que es necesario para el mensaje final que mencionaré más adelante. \n\nEn el aspecto técnico, el diseño (sobretodo de Akira) es muy lindo, con un gran uso de la paleta de colores acorde a las emociones del momento. Tiene muchos detalles en la imagen, y no abusa de la chibización de los personajes. Lo cual, también, le otorga un tono más serio. Los personajes están bien definidos, y el foco está muy claro en los protagonistas. Aunque, a medida que avanza la historia, se va a enfocar también en los dos mejores amigos de cada uno, y su relación con ellos _(y con sus sueños particulares)_. En ambos, el rol del amigo más cercano, es el reflejo de aquello que ellos no son porque no se animan, porque se han rendido o porque simplemente decidieron alejarse de ese sueño en común. Y esto cobra mucha más importancia en los últimos capítulos. Tanto el opening como el ending son preciosos, a nivel música y animaciones. Y van acorde también al sentir de toda la serie, particularmente el Ending, que mezcla la nostalgia de Kondou con la tristeza de Akira.\n\nLa obra en general, tiene dos tópicos. El amor como un sentimiento intenso, pasional y confuso, sobretodo en la juventud. Y la pasión personal por una meta o un sueño a cumplir. Esto segundo es algo que ambos protagonistas han dejado de lado, cada uno por una circunstancia que le es propia, y que vuelven a cuestionarse cuando su relación se vuelve más cercana __(amigos)__. Akira ve en Kondou una sabiduría respecto al presente y el futuro que ella no posee, acompañado por su carácter amable que hace que ella sienta ese amor (que uno puede relacionar con aquél que sentimos alguna vez por un profesor/a que nos pareciera muy interesante o admiráramos). Ella no lo sabe, pero ese amor probablemente sea algo pasajero, Kondou sí lo sabe. Y es por eso también que no toma ninguna iniciativa con esa chica que le repite una y otra vez que gusta de él. Porque, además de tener en cuenta su lugar como adulto, también comprende ese sentimiento mejor incluso que Akira. Y por eso, quiere protegerla. Y le aconseja y la alienta con sus cosas, pero siempre manteniendo una distancia prudencial. Cada uno ha tenido su propio fracaso con sus pasiones, Akira con el atletismo, Kondou con la escritura. En una conversación sobre la naturaleza de las golondrinas (que arman su nido en lugares dónde la lluvia no pueda mojarlos) Kondou reflexiona __\"La golondrina sabe que cualquier lugar que la proteja de la lluvia, la privará también del sol\"__. Esta metáfora aplica a ambos y su postura frente a ese sueño frustrado que han decidido no retomar, el que no apuesta no pierde, pero tampoco gana. En conversación con su mejor amigo de la universidad, ahora un escritor famoso, con el que se ha reencontrado luego de 10 años, éste le dice __\"Estás en medio de tu propio camino\"__. Vos sos tu propio obstáculo. Esto puede aplicar a muchas cosas, pero es particularmente interesante verlo aplicado en una historia sobre el amor. A uno mismo, especialmente."}],"siteUrl":"https://anilist.co/anime/98385","autoCreateForumThread":false,"modNotes":null,"stats":{"scoreDistribution":[{"score":10,"amount":133},{"score":20,"amount":87},{"score":30,"amount":186},{"score":40,"amount":404},{"score":50,"amount":1275},{"score":60,"amount":2813},{"score":70,"amount":7276},{"score":80,"amount":7717},{"score":90,"amount":3822},{"score":100,"amount":1457}],"statusDistribution":[{"status":"CURRENT","amount":3723},{"status":"PLANNING","amount":30171},{"status":"COMPLETED","amount":33507},{"status":"DROPPED","amount":2707},{"status":"PAUSED","amount":2378}]},"isRecommendationBlocked":false,"recommendations":[{"mediaRecommendation":{"id":16782,"title":{"romaji":"Kotonoha no Niwa","english":"The Garden of Words","native":"言の葉の庭","userPreferred":"Kotonoha no Niwa"},"type":"ANIME"}},{"mediaRecommendation":{"id":634,"title":{"romaji":"Koi Kaze","english":null,"native":"恋風","userPreferred":"Koi Kaze"},"type":"ANIME"}},{"mediaRecommendation":{"id":109020,"title":{"romaji":"Yesterday wo Utatte","english":"SING \"YESTERDAY\" FOR ME","native":"イエスタデイをうたって","userPreferred":"Yesterday wo Utatte"},"type":"ANIME"}},{"mediaRecommendation":{"id":21827,"title":{"romaji":"Violet Evergarden","english":"Violet Evergarden","native":"ヴァイオレット・エヴァーガーデン","userPreferred":"Violet Evergarden"},"type":"ANIME"}},{"mediaRecommendation":{"id":20599,"title":{"romaji":"Soredemo Sekai wa Utsukushii","english":"The World is Still Beautiful","native":"それでも世界は美しい","userPreferred":"Soredemo Sekai wa Utsukushii"},"type":"ANIME"}},{"mediaRecommendation":{"id":13585,"title":{"romaji":"Natsuyuki Rendezvous","english":"Natsuyuki Rendezvous","native":"夏雪ランデブー","userPreferred":"Natsuyuki Rendezvous"},"type":"ANIME"}},{"mediaRecommendation":{"id":105018,"title":{"romaji":"Kimi to, Nami ni Noretara","english":"Ride Your Wave","native":"きみと、波にのれたら","userPreferred":"Kimi to, Nami ni Noretara"},"type":"ANIME"}},{"mediaRecommendation":{"id":114232,"title":{"romaji":"Hige wo Soru. Soshite Joshikousei wo Hirou.","english":"Higehiro: After Being Rejected, I Shaved and Took in a High School Runaway","native":"ひげを剃る。そして女子高生を拾う。","userPreferred":"Hige wo Soru. Soshite Joshikousei wo Hirou."},"type":"ANIME"}},{"mediaRecommendation":{"id":114840,"title":{"romaji":"Koi to Yobu ni wa Kimochi Warui","english":"Koikimo","native":"恋と呼ぶには気持ち悪い","userPreferred":"Koi to Yobu ni wa Kimochi Warui"},"type":"ANIME"}},{"mediaRecommendation":{"id":6045,"title":{"romaji":"Kimi ni Todoke","english":"Kimi ni Todoke: From Me to You","native":"君に届け","userPreferred":"Kimi ni Todoke"},"type":"ANIME"}},{"mediaRecommendation":{"id":5984,"title":{"romaji":"Ristorante Paradiso","english":"Ristorante Paradiso","native":"リストランテ・パラディーゾ","userPreferred":"Ristorante Paradiso"},"type":"ANIME"}},{"mediaRecommendation":{"id":20954,"title":{"romaji":"Koe no Katachi","english":"A Silent Voice","native":"聲の形","userPreferred":"Koe no Katachi"},"type":"ANIME"}},{"mediaRecommendation":{"id":122807,"title":{"romaji":"Taisou Zamurai","english":"The Gymnastics Samurai","native":"体操ザムライ","userPreferred":"Taisou Zamurai"},"type":"ANIME"}},{"mediaRecommendation":{"id":133965,"title":{"romaji":"Komi-san wa, Komyushou desu.","english":"Komi Can’t Communicate","native":"古見さんは、コミュ症です。","userPreferred":"Komi-san wa, Komyushou desu."},"type":"ANIME"}},{"mediaRecommendation":{"id":21703,"title":{"romaji":"Fune wo Amu","english":"The Great Passage","native":"舟を編む","userPreferred":"Fune wo Amu"},"type":"ANIME"}},{"mediaRecommendation":{"id":98202,"title":{"romaji":"Tsuki ga Kirei","english":"Tsukigakirei","native":"月がきれい","userPreferred":"Tsuki ga Kirei"},"type":"ANIME"}},{"mediaRecommendation":{"id":136192,"title":{"romaji":"Fruits Basket: prelude","english":"Fruits Basket -prelude-","native":"フルーツバスケット -prelude-","userPreferred":"Fruits Basket: prelude"},"type":"ANIME"}},{"mediaRecommendation":{"id":322,"title":{"romaji":"Paradise Kiss","english":null,"native":"パラダイス・キス","userPreferred":"Paradise Kiss"},"type":"ANIME"}},{"mediaRecommendation":{"id":1689,"title":{"romaji":"Byousoku 5 Centimeter","english":"5 Centimeters per Second","native":"秒速５センチメートル","userPreferred":"Byousoku 5 Centimeter"},"type":"ANIME"}},{"mediaRecommendation":{"id":102425,"title":{"romaji":"Yeonae Haru Jeon","english":"A Day Before Us","native":"연애하루전","userPreferred":"Yeonae Haru Jeon"},"type":"ANIME"}},{"mediaRecommendation":{"id":20596,"title":{"romaji":"Ao Haru Ride","english":"Blue Spring Ride","native":"アオハライド","userPreferred":"Ao Haru Ride"},"type":"ANIME"}},{"mediaRecommendation":{"id":325,"title":{"romaji":"Peach Girl","english":"Peach Girl: Super Pop Love Hurricane","native":"ピーチガール","userPreferred":"Peach Girl"},"type":"ANIME"}},{"mediaRecommendation":{"id":104372,"title":{"romaji":"Yeonae Haru Jeon ZERO","english":"A Day Before Us ZERO","native":"연애하루전 ZERO","userPreferred":"Yeonae Haru Jeon ZERO"},"type":"ANIME"}},{"mediaRecommendation":{"id":16,"title":{"romaji":"Hachimitsu to Clover","english":"Honey and Clover","native":"ハチミツとクローバー","userPreferred":"Hachimitsu to Clover"},"type":"ANIME"}},{"mediaRecommendation":{"id":1142,"title":{"romaji":"Hachimitsu to Clover II","english":"Honey and Clover II","native":"ハチミツとクローバー II","userPreferred":"Hachimitsu to Clover II"},"type":"ANIME"}}]}