{"id":98436,"idMal":35062,"title":{"romaji":"Mahoutsukai no Yome","english":"The Ancient Magus' Bride","native":"魔法使いの嫁","userPreferred":"Mahoutsukai no Yome"},"format":"TV","status":"FINISHED","episodes":24,"description":"Chise Hatori has lived a life full of neglect and abuse, devoid of anything resembling love. Far from the warmth of family, she has had her share of troubles and pitfalls. Just when all hope seems lost, a fateful encounter awaits her. When a man with the head of a beast, wielding strange powers, obtains her through a slave auction, Chise's life will never be the same again.\n<br><br>\n(Source: Seven Seas Entertainment)","startDate":{"year":2017,"month":10,"day":8},"endDate":{"year":2018,"month":3,"day":25},"season":"FALL","seasonYear":2017,"duration":25,"countryOfOrigin":"JP","isLicensed":true,"source":"MANGA","hashtag":"#まほよめ #mahoyome","trailer":"https://www.youtube.com/watch?v=W9KZgJgo-x0","updatedAt":1706299738,"coverImage":{"large":"https://s4.anilist.co/file/anilistcdn/media/anime/cover/large/bx98436-n7sK6POCd0XV.png","medium":"https://s4.anilist.co/file/anilistcdn/media/anime/cover/medium/bx98436-n7sK6POCd0XV.png","small":"https://s4.anilist.co/file/anilistcdn/media/anime/cover/small/bx98436-n7sK6POCd0XV.png","color":"#e4bb50"},"bannerImage":"https://s4.anilist.co/file/anilistcdn/media/anime/banner/98436-mipAtJXRUCgx.jpg","genres":["Drama","Fantasy","Romance","Slice of Life","Supernatural"],"synonyms":["Mahou Tsukai no Yome","Mahoyome","Невеста чародея"],"averageScore":78,"meanScore":78,"favourites":5664,"popularity":176978,"trending":6,"tags":[{"id":29,"name":"Magic","isMediaSpoiler":false},{"id":98,"name":"Female Protagonist","isMediaSpoiler":false},{"id":1455,"name":"Fairy","isMediaSpoiler":false},{"id":208,"name":"Mythology","isMediaSpoiler":false},{"id":499,"name":"Skeleton","isMediaSpoiler":false},{"id":321,"name":"Urban Fantasy","isMediaSpoiler":false},{"id":165,"name":"Teacher","isMediaSpoiler":false},{"id":1090,"name":"Monster Boy","isMediaSpoiler":false},{"id":1045,"name":"Heterosexual","isMediaSpoiler":false},{"id":224,"name":"Dragons","isMediaSpoiler":false},{"id":85,"name":"Tragedy","isMediaSpoiler":false},{"id":198,"name":"Foreign","isMediaSpoiler":false},{"id":391,"name":"Philosophy","isMediaSpoiler":false},{"id":138,"name":"Age Gap","isMediaSpoiler":false},{"id":109,"name":"Primarily Adult Cast","isMediaSpoiler":false},{"id":772,"name":"Shapeshifting","isMediaSpoiler":false},{"id":250,"name":"Rural","isMediaSpoiler":false},{"id":774,"name":"Chimera","isMediaSpoiler":false},{"id":94,"name":"Gore","isMediaSpoiler":true},{"id":1046,"name":"Suicide","isMediaSpoiler":false},{"id":1310,"name":"Travel","isMediaSpoiler":false},{"id":247,"name":"Slavery","isMediaSpoiler":true},{"id":1433,"name":"Marriage","isMediaSpoiler":true},{"id":56,"name":"Shounen","isMediaSpoiler":false},{"id":123,"name":"Male Harem","isMediaSpoiler":false},{"id":324,"name":"Chibi","isMediaSpoiler":false},{"id":179,"name":"Witch","isMediaSpoiler":false},{"id":335,"name":"Tanned Skin","isMediaSpoiler":false}],"relations":[{"id":21688,"title":{"english":"The Ancient Magus' Bride: Those Awaiting a Star","native":"魔法使いの嫁 星待つひと","romaji":"Mahoutsukai no Yome: Hoshi Matsu Hito","userPreferred":"Mahoutsukai no Yome: Hoshi Matsu Hito"},"type":"ANIME"},{"id":85435,"title":{"english":"The Ancient Magus' Bride","native":"魔法使いの嫁","romaji":"Mahoutsukai no Yome","userPreferred":"Mahoutsukai no Yome"},"type":"MANGA"},{"id":100256,"title":{"english":null,"native":"まほよめ","romaji":"Mahoyome","userPreferred":"Mahoyome"},"type":"ANIME"},{"id":124337,"title":{"english":null,"native":"魔法使いの嫁 学院篇","romaji":"Mahoutsukai no Yome: Gakuin-hen ","userPreferred":"Mahoutsukai no Yome: Gakuin-hen "},"type":"ANIME"},{"id":130713,"title":{"english":"The Ancient Magus' Bride: The Boy from the West and the Knight of the Blue Storm","native":"魔法使いの嫁 西の少年と青嵐の騎士","romaji":"Mahoutsukai no Yome: Nishi no Shounen to Seiran no Kishi","userPreferred":"Mahoutsukai no Yome: Nishi no Shounen to Seiran no Kishi"},"type":"ANIME"}],"characters":[{"id":88344,"name":"Chise Hatori"},{"id":121430,"name":"Elias Ainsworth"},{"id":124153,"name":"Titania"},{"id":124155,"name":"Oberon"},{"id":125915,"name":"Silky"},{"id":125916,"name":"Ruth"},{"id":126974,"name":"Simon Callum"},{"id":129384,"name":"Lindel"},{"id":129385,"name":"Cartaphilus"},{"id":161251,"name":"Ethan Barklem"},{"id":161252,"name":"Chika Hatori"},{"id":161253,"name":"Yuuki Hatori"},{"id":161254,"name":"Joel Garland"},{"id":161256,"name":"Seth Noel"},{"id":161257,"name":"Redcurrant"},{"id":161258,"name":"Nevin"},{"id":161259,"name":"Fumiki Hatori"},{"id":161260,"name":"Mikhail Renfred"},{"id":161261,"name":"Stella Barklem"},{"id":161262,"name":"Hugo"},{"id":161263,"name":"Spriggan"},{"id":161264,"name":"Angelica Barley"},{"id":161265,"name":"Alice Swayne"},{"id":161266,"name":"Jade Ariel"},{"id":161270,"name":"Adolf Stroud"}],"staff":[{"id":118727,"name":"Kore Yamazaki"},{"id":118406,"name":"Norihiro Naganuma"},{"id":118406,"name":"Norihiro Naganuma"},{"id":119175,"name":"Aya Takaha"},{"id":118405,"name":"Hirotaka Katou"},{"id":123119,"name":"JUNNA"},{"id":123239,"name":"Junichi Matsumoto"},{"id":101731,"name":"May'n"},{"id":109335,"name":"Akino"},{"id":128973,"name":"Bonny Clinkenbeard"},{"id":120066,"name":"Shouji Hata"},{"id":139359,"name":"Yuumi Kawai"},{"id":139359,"name":"Yuumi Kawai"},{"id":102031,"name":"Takashi Nakamura"},{"id":127038,"name":"Takahiko Abiru"},{"id":127038,"name":"Takahiko Abiru"},{"id":156717,"name":"Daichi Takenaka"},{"id":134286,"name":"Kotringo"},{"id":118406,"name":"Norihiro Naganuma"},{"id":115024,"name":"Ryoutarou Makihara"},{"id":151871,"name":"Takuma Suzuki"},{"id":133412,"name":"Noriyuki Nomata"},{"id":141892,"name":"Takashi Sano"},{"id":139242,"name":"Yoshiki Kitai"},{"id":128821,"name":"Michiru Itabisashi"}],"studios":[{"id":858,"name":"Wit Studio","isAnimationStudio":true},{"id":10,"name":"Production I.G","isAnimationStudio":true},{"id":6421,"name":"Crunchyroll","isAnimationStudio":false}],"isFavourite":false,"isAdult":false,"isLocked":false,"nextAiringEpisode":null,"airingSchedule":[{"airingAt":1507393800,"timeUntilAiring":-198907957,"episode":1},{"airingAt":1507998600,"timeUntilAiring":-198303157,"episode":2},{"airingAt":1508603400,"timeUntilAiring":-197698357,"episode":3},{"airingAt":1509208200,"timeUntilAiring":-197093557,"episode":4},{"airingAt":1509813000,"timeUntilAiring":-196488757,"episode":5},{"airingAt":1510417800,"timeUntilAiring":-195883957,"episode":6},{"airingAt":1511022600,"timeUntilAiring":-195279157,"episode":7},{"airingAt":1511627400,"timeUntilAiring":-194674357,"episode":8},{"airingAt":1512232200,"timeUntilAiring":-194069557,"episode":9},{"airingAt":1512837000,"timeUntilAiring":-193464757,"episode":10},{"airingAt":1513441800,"timeUntilAiring":-192859957,"episode":11},{"airingAt":1514046600,"timeUntilAiring":-192255157,"episode":12},{"airingAt":1515256200,"timeUntilAiring":-191045557,"episode":13},{"airingAt":1515861000,"timeUntilAiring":-190440757,"episode":14},{"airingAt":1516465800,"timeUntilAiring":-189835957,"episode":15},{"airingAt":1517070600,"timeUntilAiring":-189231157,"episode":16},{"airingAt":1517675400,"timeUntilAiring":-188626357,"episode":17},{"airingAt":1518280200,"timeUntilAiring":-188021557,"episode":18},{"airingAt":1518885000,"timeUntilAiring":-187416757,"episode":19},{"airingAt":1519489800,"timeUntilAiring":-186811957,"episode":20},{"airingAt":1520094600,"timeUntilAiring":-186207157,"episode":21},{"airingAt":1520699400,"timeUntilAiring":-185602357,"episode":22},{"airingAt":1521304200,"timeUntilAiring":-184997557,"episode":23},{"airingAt":1521909000,"timeUntilAiring":-184392757,"episode":24}],"trends":[{"date":1521471600,"trending":14,"popularity":5410,"inProgress":3352},{"date":1489071600,"trending":21,"popularity":null,"inProgress":null},{"date":1489158000,"trending":34,"popularity":null,"inProgress":null},{"date":1489244400,"trending":26,"popularity":null,"inProgress":null},{"date":1489330800,"trending":6,"popularity":null,"inProgress":null},{"date":1489417200,"trending":4,"popularity":null,"inProgress":null},{"date":1489503600,"trending":3,"popularity":null,"inProgress":null},{"date":1489590000,"trending":3,"popularity":null,"inProgress":null},{"date":1489676400,"trending":6,"popularity":null,"inProgress":null},{"date":1489762800,"trending":3,"popularity":null,"inProgress":null},{"date":1489849200,"trending":5,"popularity":null,"inProgress":null},{"date":1489935600,"trending":3,"popularity":null,"inProgress":null},{"date":1490022000,"trending":2,"popularity":null,"inProgress":null},{"date":1490108400,"trending":4,"popularity":null,"inProgress":null},{"date":1490194800,"trending":3,"popularity":null,"inProgress":null},{"date":1490281200,"trending":3,"popularity":null,"inProgress":null},{"date":1490367600,"trending":4,"popularity":null,"inProgress":null},{"date":1490454000,"trending":4,"popularity":null,"inProgress":null},{"date":1490540400,"trending":6,"popularity":null,"inProgress":null},{"date":1490626800,"trending":4,"popularity":null,"inProgress":null},{"date":1490713200,"trending":3,"popularity":null,"inProgress":null},{"date":1490799600,"trending":3,"popularity":null,"inProgress":null},{"date":1490972400,"trending":2,"popularity":null,"inProgress":null},{"date":1491058800,"trending":6,"popularity":null,"inProgress":null},{"date":1491145200,"trending":4,"popularity":null,"inProgress":null}],"externalLinks":["http://mahoyome.jp/","https://twitter.com/mahoyomeproject","http://www.crunchyroll.com/the-ancient-magus-bride","https://www.instagram.com/mahoyomeproject/"],"streamingEpisodes":[{"title":"Episode 24 - The show must go on. I","thumbnail":"https://img1.ak.crunchyroll.com/i/spire4-tmb/d9edb3ccd4859e6ce29a5d2949a5c2f11703159442_full.jpg","url":"http://www.crunchyroll.com/the-ancient-magus-bride/episode-24-the-show-must-go-on-i-911586","site":"Crunchyroll"},{"title":"Episode 23 - Of two evils choose the less.","thumbnail":"https://img1.ak.crunchyroll.com/i/spire2-tmb/9cae97537cfacbbb493e8ad12705d4851702560546_full.jpg","url":"http://www.crunchyroll.com/the-ancient-magus-bride/episode-23-of-two-evils-choose-the-less-911585","site":"Crunchyroll"},{"title":"Episode 22 - Give a thief enough rope and he'll hang himself.","thumbnail":"https://img1.ak.crunchyroll.com/i/spire2-tmb/61d12cc2fa888ecb1d53ed0a29cd20541701957107_full.jpg","url":"http://www.crunchyroll.com/the-ancient-magus-bride/episode-22-give-a-thief-enough-rope-and-hell-hang-himself-911584","site":"Crunchyroll"},{"title":"Episode 21 - A burnt child dreads the fire.","thumbnail":"https://img1.ak.crunchyroll.com/i/spire3-tmb/f8c31a12f692031d95d224acddc7ec281701350703_full.jpg","url":"http://www.crunchyroll.com/the-ancient-magus-bride/episode-21-a-burnt-child-dreads-the-fire-911583","site":"Crunchyroll"},{"title":"Episode 20 - Even a worm will turn.","thumbnail":"https://img1.ak.crunchyroll.com/i/spire3-tmb/3d7971c05d0a9679c2289c36d722c6ec1700691379_full.jpg","url":"http://www.crunchyroll.com/the-ancient-magus-bride/episode-20-even-a-worm-will-turn-911582","site":"Crunchyroll"},{"title":"Episode 19 - Man's extremity is God's opportunity.","thumbnail":"https://img1.ak.crunchyroll.com/i/spire1-tmb/65009fade687b35b1fe12af6fcdae3181700130254_full.jpg","url":"http://www.crunchyroll.com/the-ancient-magus-bride/episode-19-mans-extremity-is-gods-opportunity-911581","site":"Crunchyroll"},{"title":"Episode 18 - Coming events cast their shadows before.","thumbnail":"https://img1.ak.crunchyroll.com/i/spire2-tmb/92bf3078b3c297896645f1b446ace43d1699524129_full.jpg","url":"http://www.crunchyroll.com/the-ancient-magus-bride/episode-18-coming-events-cast-their-shadows-before-911580","site":"Crunchyroll"},{"title":"Episode 17 - Gather ye rosebuds while ye may.","thumbnail":"https://img1.ak.crunchyroll.com/i/spire4-tmb/2fbb6cf2e455252f54a11d6c3d6981e51698932896_full.jpg","url":"http://www.crunchyroll.com/the-ancient-magus-bride/episode-17-gather-ye-rosebuds-while-ye-may-911579","site":"Crunchyroll"},{"title":"Episode 16 - Needs must when the devil drives. II","thumbnail":"https://img1.ak.crunchyroll.com/i/spire3-tmb/c6a44488227ba43216482cbc779a1c181698324549_full.jpg","url":"http://www.crunchyroll.com/the-ancient-magus-bride/episode-16-needs-must-when-the-devil-drives-ii-911578","site":"Crunchyroll"},{"title":"Episode 15 - Needs must when the devil drives. I","thumbnail":"https://img1.ak.crunchyroll.com/i/spire1-tmb/4844491e3a13b683aa9890671d6bddf21697726463_full.jpg","url":"http://www.crunchyroll.com/the-ancient-magus-bride/episode-15-needs-must-when-the-devil-drives-i-911577","site":"Crunchyroll"},{"title":"Episode 14 - Nothing venture, nothing have. II","thumbnail":"https://img1.ak.crunchyroll.com/i/spire2-tmb/552cbf13b4669a713dd18fb477bdbe5e1697120688_full.jpg","url":"http://www.crunchyroll.com/the-ancient-magus-bride/episode-14-nothing-venture-nothing-have-ii-911576","site":"Crunchyroll"},{"title":"Episode 13 - Nothing venture, nothing have. I","thumbnail":"https://img1.ak.crunchyroll.com/i/spire2-tmb/3abc38c2b190d418421c7edced8ae1c01696517061_full.jpg","url":"http://www.crunchyroll.com/the-ancient-magus-bride/episode-13-nothing-venture-nothing-have-i-895285","site":"Crunchyroll"},{"title":"Episode 12 - A small leak will sink a great ship. II","thumbnail":"https://img1.ak.crunchyroll.com/i/spire4-tmb/e7f6723c1e7e585b742e259f3c1ce3861687442020_full.jpg","url":"http://www.crunchyroll.com/the-ancient-magus-bride/episode-12-a-small-leak-will-sink-a-great-ship-ii-895284","site":"Crunchyroll"},{"title":"Episode 11 - The small leak will sink a great ship. I","thumbnail":"https://img1.ak.crunchyroll.com/i/spire2-tmb/591c5f3e10deed828e28e3c66ce05c4b1686837617_full.jpg","url":"http://www.crunchyroll.com/the-ancient-magus-bride/episode-11-the-small-leak-will-sink-a-great-ship-i-895283","site":"Crunchyroll"},{"title":"Episode 10 - Conscience does make cowards of us all. II","thumbnail":"https://img1.ak.crunchyroll.com/i/spire4-tmb/7a495d8716f47a9c56532a3c5f512b521686233659_full.jpg","url":"http://www.crunchyroll.com/the-ancient-magus-bride/episode-10-conscience-does-make-cowards-of-us-all-ii-895282","site":"Crunchyroll"},{"title":"Episode 9 - Conscience does make cowards of us all.","thumbnail":"https://img1.ak.crunchyroll.com/i/spire2-tmb/56eeb4d06b0411fb83b72a5c8a3114c31685631557_full.jpg","url":"http://www.crunchyroll.com/the-ancient-magus-bride/episode-9-conscience-does-make-cowards-of-us-all-895281","site":"Crunchyroll"},{"title":"Episode 8 - Slow and sure. II","thumbnail":"https://img1.ak.crunchyroll.com/i/spire1-tmb/e527aa6e0bc0e443ca46de2d86ddc6151685026935_full.jpg","url":"http://www.crunchyroll.com/the-ancient-magus-bride/episode-8-slow-and-sure-ii-895280","site":"Crunchyroll"},{"title":"Episode 7 - Slow and Sure","thumbnail":"https://img1.ak.crunchyroll.com/i/spire2-tmb/f9a5ea8dc66d9ba6b6b115cbeb9ac1af1684421407_full.jpg","url":"http://www.crunchyroll.com/the-ancient-magus-bride/episode-7-slow-and-sure-895279","site":"Crunchyroll"},{"title":"Episode 6 - Better bend than break.","thumbnail":"https://img1.ak.crunchyroll.com/i/spire3-tmb/e9b53f44ad6249f8bea91560307711b71683815707_full.jpg","url":"http://www.crunchyroll.com/the-ancient-magus-bride/episode-6-better-bend-than-break-895278","site":"Crunchyroll"},{"title":"Episode 5 - First impressions are the most lasting.","thumbnail":"https://img1.ak.crunchyroll.com/i/spire1-tmb/50081e87c369f15789e510e3668f6d081683212493_full.jpg","url":"http://www.crunchyroll.com/the-ancient-magus-bride/episode-5-first-impressions-are-the-most-lasting-895277","site":"Crunchyroll"},{"title":"Episode 4 - The cowl does not make the monk.","thumbnail":"https://img1.ak.crunchyroll.com/i/spire2-tmb/0b95ca71e4db7a851f512b666fe5cb3a1682598351_full.jpg","url":"http://www.crunchyroll.com/the-ancient-magus-bride/episode-4-the-cowl-does-not-make-the-monk-895276","site":"Crunchyroll"},{"title":"Episode 3 - Birds of a feather flock together. II","thumbnail":"https://img1.ak.crunchyroll.com/i/spire3-tmb/56034bc113ffdef742813ca4563a33571682002408_full.jpg","url":"http://www.crunchyroll.com/the-ancient-magus-bride/episode-3-birds-of-a-feather-flock-together-ii-895275","site":"Crunchyroll"},{"title":"Episode 2 - Birds of a feather flock together","thumbnail":"https://img1.ak.crunchyroll.com/i/spire2-tmb/6d1a81cbaec96c7c89d9780af9f600f01681391833_full.jpg","url":"http://www.crunchyroll.com/the-ancient-magus-bride/episode-2-birds-of-a-feather-flock-together-895274","site":"Crunchyroll"},{"title":"Episode 1 - Live and let live. II","thumbnail":"https://img1.ak.crunchyroll.com/i/spire2-tmb/e42929c837868cebea876076cf2e8a571680792811_full.jpg","url":"http://www.crunchyroll.com/the-ancient-magus-bride/episode-1-live-and-let-live-ii-895273","site":"Crunchyroll"}],"rankings":[{"rank":361,"type":"RATED","context":"highest rated all time","year":null,"season":null},{"rank":175,"type":"POPULAR","context":"most popular all time","year":null,"season":null},{"rank":18,"type":"RATED","context":"highest rated","year":2017,"season":null},{"rank":10,"type":"POPULAR","context":"most popular","year":2017,"season":null},{"rank":7,"type":"RATED","context":"highest rated","year":2017,"season":"FALL"},{"rank":2,"type":"POPULAR","context":"most popular","year":2017,"season":"FALL"}],"mediaListEntry":null,"reviews":[{"id":2427,"score":40,"summary":"A lukewarm experience of a halfassed anime. Spoilers included.","body":"##~~~Intro:~~~\nThe anime starts off as extremely promising and engaging but then quickly starts losing momentum and turns into a generic mediocre-at-best animu in the end. Many people mindlessly praise this anime and some go even as far as calling it the anime of the season. I think it's greatly overrated and I can't help it but to point out some of its many flaws and shortcomings.\n~~~__SPOILERS INCLUDED.__~~~\n\n~~~_(Disclaimer: I did not read the manga.)_~~~\n\n~~~_inhales..._ BOI.~~~\n\n\n##~~~Characters~~~\nLet's start off with my biggest issue with this anime, the characters. The way the show introduces characters doesn't feel fleshed out and they have minimal backstories which feel horribly rushed. \n\nThey kept dropping in so many interesting characters in the most spontaneous way who were many times more interesting than the actual main storydriven characters and I think they did not give them enough backstory/introduction. It was as if they were just checking off tick-boxes for the quota of characters that they would need to ex-machina-the-story further.\nThey needed someone to help craft Chise a magical staff/wand. So they introduced Lindel, the ancient dragon-keeper mage. Lindel has also known Elias for ages. Sounds pretty interesting, right?\nWell, Lindel helped her make the staff in one episode and was shown in Elias' one-episode-backstory and was never relevant in another episode again, excluding the maybe 60 seconds where they showed the kidnapping of the dragonling. That's it.\nEven worse with Rahab, the mage/mentor/teacher to Elias and Lindel. She seems like a super interesting character who could really shed some light on the whole mystery behind Elias, right? Well, she got maybe 5 minutes of screentime at most.\n\nWhy bother introducing characters that feel interesting and relevant to the story when you just sweep them under the rug in the next episode. It's really disappointing and this trend kept repeating.\n\nNow let's look at Elias, one of the two main characters. He was obviously the most interesting character and we did not find out shit about him in the end. I can't help but hate the fact that they left Elias without a proper backstory.\nAs for Chise, I really liked how they introduced her and I kind of liked her backstory in the first episodes, but in the end it boiled down to her being a whiny suicidal brat. They then tried to make her super compassionate and whatnot, but that just didn't sell. She felt really shallow no matter what the show tried to make of her and I could not find a single aspect which I would like about the character.\n\n##~~~Art~~~\n\nThe art is very inconsistent. At some points they use beautifully drawn top-tier backgrounds (e.g. some forest scenes etc.) and in contrast to that they sometimes butcher it with the most generic nondescript smudged rock-n-grass/wall-n-one-piece-of-furniture backgrounds you can think of. Vibrant and detailed vs. empty and nondescript. I really hated how it alternated between said designs. You could easily notice this with static scenes and moving scenes, where a static scene would look incomparably better.\nI know it was most likely because of budget constraints, but that is not an excuse in my eyes. You should try to make your art look consistent throughout the whole show.\nSidenote: The chibi parts which were supposed to act as comic relief felt out of place and didn't belong into the anime which is trying this hard to be a drama.\n\n##~~~Soundtrack/Effects~~~\n\nI will try to make this section very brief. I will also disregard the opening and ending songs.\nThe music and effects were the redeeming qualities of this anime. I loved how they fleshed out the birds and whatnot in the forest scenes, the background music was really decent and it all managed to fit together really well, especially with the whole celtic/anglosaxon/gaelic music themes during fairy scenes for example.\n\n##~~~Verdict~~~\n\nAs previously stated, the anime is very engaging at first and then goes into very mediocre levels. The main characters are half-decent.\nElias' story is feels heavily neglected and I doubt I'm the only one who would love to know what turned him into a skullheaded thornmonster.\nChise's character barely experiences any growth or personality change throughout the whole anime and she seems like a whiny spineless burden to the whole story and finally grows as a character in the last couple episodes, essentially making you sit through maybe 18 out of 24 episodes of watching a unstable teenage girl wading through pools of her own tears, just like Shinji Akari who atleast had the balls to rub one out to a comatose girl.\n\nTLDR:\nThis anime lacked consistency, had too many time and budget constraints, felt rushed, the story was all over the place, the drama was forced at times, it could not make the main grill likeable and left too many questions unanswered and story points unfinished.\n\n##~~~Should you watch it?~~~\nOnly if you have nothing better to do."},{"id":2438,"score":80,"summary":"Great visuals and soundtrack. Characterisation could do with some improvements. Lackluster ending.","body":"_Spoiler alert_\n\nGreat visuals and soundtrack. Characterisation could do with some improvements. At times it seems unbelievable, especially since Chise apparently was abused, yet she seemed open to others, trusting. But it's forgivable, especially since it tries to provide some reasons for why this is so. Eventhough it doesnt come under scrunity in the context of normal human behaviour, I think it's safe to say Chise is far from normal. Mage dude's attitude was also more pleasant than expected, especially given his background. It would perhaps have made more sense to the viewer to provide these justifications for how and why the characters moved beyond their past to overcome their environment. As the viewer we miss these scenes, and it detracts away from the realism, and becomes a shoddy imitation of the human psyche. \n\nI really liked the ending where Chise drew a moral equivalence between her self and others. Violence towards one self, in her so called self sacrifice that was inherently selfish, and the sudden realisation of it was a nice touch. However the major flaw was that it wasnt drawn out. Chise knew it was wrong, but how she would end this conundrum wasnt delved into. In fact the ending was lackluster. There were a lot of loose ends that needed tying up. It almost seems like there will have to be a 2nd season just to resolve everything. If there isnt, the score will have to be lower. I'd still give it a 8 however, because one of the greatest strengths of the anime is the wealth of research that has lovingly gone into the myths and legends. The animation and the music score are top tier as well, and I'm a sucker for atmosphere, regardless of the storyline."},{"id":2612,"score":90,"summary":"Serene, imaginative, quiet, and emotional, you'll love it by the time you're finished","body":"I’d call Mahoutsukai no Yome a very wholesome anime. It contains loads of different genres that are normally incompatible, but here are all beautifully melded together to create a work of art. There are aspects of drama, horror, comedy, slice-of-life, adventure, and even romance. And of course, it’s set in a fantasy world.\n\nIt has a unique pace; sometimes large amounts of screen-time are dedicated to small details and sometimes the anime will almost disjointedly jump from one scene to another. This can be quite disconcerting and takes some getting used to. However it is resolved several episodes in, and the anime begins to feel much more like a proper story. Or maybe you do just get used to it after a while. In any case, the second half of the series reveals the actual plot, and from there on the anime changes and becomes more focussed story-wise instead of staying events and environment based. I do also think the quality of the anime improves enormously from this point on.\n\nThe majority of the first cour is essentially what I’d call standalone episodes, you don’t generally need to have seen the previous one to understand. Chise is introduced to various characters and magical creatures, and helps them out of difficulties whilst simultaneously bonding with Elias. The fantasy world is explored minimally; information is provided on a need-to-know basis and exposition is scarce. Rather than being a source of frustration, this actually adds to the sense of mystery. It’s a bit like the Harry Potter Universe, so much remained unexplained even at the end but that just made it more intriguing.\nThe second half deals much more with the main antagonist. The anime delves into backstories in depth, explores the meaning of relationships and dependency, and brings a lot of the seemingly unconnected elements in the first half together. There are a lot more emotional moments and a lot more action scenes, leading up to a thrilling climax that will leave you on the edge of your seat and then a wonderful conclusion. Not exactly what you’d expect given the tranquillity of the first half.\n\nThe art and animation are breath-taking. The scenery is stunning, the character’s faces show their emotions brilliantly (except for Elias, obviously), and the chibi moments are quite cute and add a sense of light-heartedness.\n\nThe music is absolutely phenomenal. All of it. The openings, endings, OSTs were all literally music to my ears. The first opening theme (as well as being one of the best I’ve ever heard), perfectly encapsulates the tone of the series.\n\nBut the characters are where it really gets interesting. Both the MCs actually grow massively throughout the series. Chise changes from a listless, withdrawn individual into a person who’s not afraid to speak her mind and will go to any lengths to help a friend. Elias develops from a stone-hearted and lonely individual into a being who starts to realise what kindness, friendship and selflessness actually are. Both of them still have a long way to go – Elias has only just begun to understand emotions after all – but watching such brilliant character development is immensely satisfying.\n\nIt’s done realistically too. Neither of them change overnight, they clearly grow as a result of the challenges they struggle through. Painful backstories, dependency, loss and betrayal; each of these things leaves an impact. Chise, in particular, agonises over some aspects of her life but eventually makes the decision to either accept them or change them. Others help show her the way, but she ultimately decides for herself. \n\nThe majority of the supporting characters are memorable and a fair amount of them also have a good level of development. Insights into Lindel’s, Silky’s and of course Ruth’s pasts bring a lot more depth to them. Cartaphilus’ backstory and subsequent actions after it was revealed managed to completely alter my opinion of him (and secured him a place in my list of famed villains), and characters like Oberon and Titania were just enjoyable to watch. I couldn’t help feeling excited every time I saw them pop up (whether they were bringing bad news or good).\n\n~!Now to open up the can of worms. \nAs for the complaints circulating around the internet that this glorifies human trafficking – I guess I can see why people think that way, even if I personally don’t. But if all human trafficking worked like this – ‘victim’ gets taken by their own choice, given good food, a warm place to stay with their own room and their own space when they need it, a loyal companion who cares about them, the opportunity to study and practice medicine and magic from a brilliant teacher, and the ability to leave and go off by themselves if they actually wanted to badly enough, I think the world would be a much better place. This is nothing like actual human trafficking, it’s an anime about magic and MCs almost always have tragic pasts. Yes, both of them are far too dependent on each other, but this anime isn’t going for a model relationship. It’s about emotionally damaged people slowly bonding.  \nAnd as for becoming his bride, the vibe we get from the story is that Elias wouldn’t make Chise do anything she was really against unless it was for her own good (cos she’s selfless enough to risk her life for basically anyone who asks for help), so even that would end up being consensual or just not happen. Sure she’s underage now, but a) he’s not human b) he’s not planning to marry her for a while. It’s hard to talk about age gaps and glorifying paedophilia when one of the love interests is immortal and the other is doomed to die young. Besides, everyone has their own view on what a competent adult is anyway. Chise isn’t portrayed as a child; she’s more mature than most of the actual adults in the anime. \nI’m not going to discuss this in any more detail, at the end of the day there will always be people who interpret things differently. (It’s one of the things that makes life so interesting, after all.)\n!~\nSo what did I think of this anime? I liked it tremendously, but took a while to get there. I thought it was good from the beginning, but only really got invested in it about halfway through. I’d definitely say it was a worthwhile watch though. \n\nIt’s probably one to go for if you’re in the mood for something that’s serene, quiet, and emotional, but does show a sense of adventure from time to time. XD \n\n"},{"id":2713,"score":50,"summary":"A promising anime that, while delivering fantastic visuals, it fails at every other aspect","body":"_This review was taken from my reviews blog, [link to the original here](https://haxoscript.wordpress.com/2018/07/04/review-mahoutsukai-no-yome/)_\n\nI was really excited for this anime. I really wanted to love it. But there's a limit at the amount of bad elements that you can ignore. While the premise was very interesting, it failed to deliver any expectations that I could have.\n\n__Story__: _The Ancient Magus' Bride_ tells us a story about a girl named Chise who, after living a life of abandon, gets adopted by a mysterious mage called Elias. The story will be about that pair getting closer to each other while discovering all the magic elements that exist in their world.\n\n__Plot__: That's one of the points that fails the most. I admit it, the first half of the story (ep. 1-12) was great, as it presents more interesting  characters that will stay with the main ones, tells us about the rules of that world, and bases the conflicts that the story will have to resolve. But then the second part arrives, and for some reason it proceeds to ignore all what they build in the first part. The pacing gets messed up, those episodes get repetitive, in them they try to resolve conflicts that apparently were already solved, and it just throws the characters into trivial situations that won't matter for the plot, the character building, or the message. And in the end, the most important conflicts get suddenly resolved without previous building for it. Another point is the \"funny moments\", they constantly make little scenes with the characters looking chibi and saying something funny in an attempt to make some comedy, and sometimes it works, but on other occasions they just insert them in the middle of a serious situation and it just breaks the mood.\n\n__Characters__: Another aspect where it fails miserably. If i had to define all the characters with one word, it would be _inconsistent_. The main characters act differently from one situation to another, and this just ruins all the building they could have. Additionaly, some of the most misterious characters' past or motivations are never revealed, so at the end they seem lackluster. Regarding the side characters, they're used in a terrible way. Major part of them just show up for one episode and won't be seen again for a long time, and when they appear again they have a trivial role on the conflict. And yes, some of them are an attempt to develop the main characters, but it's worthless if that development is continuously ignored.\n\n__Visuals__: The best aspect of the show. The artstyle, the colors and the animation are truly beautiful. Wonderful landscapes, original looking character designs, and effects that really makes the world look \"magic\".\n\n__Sound__: Another good aspect. The first opening is excellent, and a few tracks are really great and they improve those \"magic\" moments along with the great art. The rest is forgettable but it does its job.\n\nAt the end, this show tries to make several points without reaching any of them. If you decide to watch this show, do it for the visual aspect, because regarding the plot and characters it leaves a lot to desire.\n\nOverall score: 5/10"},{"id":2855,"score":93,"summary":"Uma verdadeira obra prima... ","body":"***\n~~~img220(https://i.imgur.com/oJprkmG.png)~~~\n***\nSENSACIONAL.. Uma verdadeira obra prima... Ele realmente possui cenas q são de arrepiar (no bom sentido) e q fazem VC chorar de alegria e de insanidade.. É de uma simplicidade q VC chega a duvidar da qualidade.\n***\n~~~img220(https://i.imgur.com/4YVMrG5.jpg)~~~\n  _A história dele é muito boa, N possui oscilações de qualidade (oq é muito bom para qualquer obra), ele continua bom e só melhora. Tem momentos q as emoções vão a flor da pele, e VC se vê em meio a uma felicidade momentânea sensacional gerada por cenas lindas.  Ele tem um ótimo desenvolvimento, N se torna chato por causa q até as partes mais chatas possuem uma ótima animação q transmite calma.._ _O Final do Anime foi espetacular..... Realmente eu torcia para aquilo.. tenho certeza q VC também irá torcer para q aquilo aconteça..._\n\n _Os personagens são bem carismáticos, até os q N pronunciam palavras são legais. N há muitos personagens primários, porém os q tem, dão conta do recado... A Chise e o Elias são os principais mas eles recebem ajuda secundaria, ( Oq é muito interessante), mostrando uma correlação entre todos os personagens._\n\n>#PONTOS FORTES\n - __Animação e Trilha sonora:__  Ela é simplesmente sensacional, N em qualidade desenho (O q também é excelente), mas em termos de emoções transmitidas pelas cenas. A trilha sonora é excelente, muito condizente com as cenas do Anime. Juntamente com isso, a trilha e a Animação, desenvolvem um papel exemplar em termos de transmissão de sensações. Elas são realmente muito boas.\n - __Final:__ Para ser direto, ele foi INCRÍVEL, realmente era oq eu mais esperava q acontecesse (dentre todo o anime VC vai sentir falta disso, e só no final vai se deliciar com esse acontecimento) no Anime, por causa q eu sentia falta disso... E como de costume, foi seguido de cenas lindas para finalizar com chave de ouro.. \n - __Humor:__ Ele N é tão focado em \"piadas\" mas percebe-se seu lado cômico, ele é bem legal, serve mais para um quebra de ritmo do que para forçar um humor. Acho bem legal o estilo de desenho utilizado nessa cenas \"Comicas\":\n~~img220(https://i.imgur.com/4tAD90T.jpg) img220(https://i.imgur.com/ImJuvrQ.jpg)~~\n\n\n>#PONTOS FRACOS\n - __Troca de temas (EP):__ Ele tem uma troca de tema meio estranha, os EPs terminam de um jeito N esperado, tanto pelo contesto quanto pela estilo de animação utilizado, um estilo mais Dark finalizado calmamente e com um final bonito (N condizente) .\n\n\nEu recomendo fortemente esse anime.. Para quem gosta do tema \"Magia\" com um pouco de sensações boas ele é uma ótima obra... Digna de se chamar de \"obra prima\".. \n~~~img220(https://i.imgur.com/2nLBlqh.jpg)~~~"},{"id":3147,"score":75,"summary":"Mahoutsukai no Yome is leaps and bounds above its modern contemporaries, even if it feels a bit withered in places","body":"Life is a wonderful, horrible, fascinating, disturbing, and complicated concept to experience.\n\nThe idea of existing is fascinating, as you get to have experiences that leave memories that you take with you and leave behind as you live your days in your world. No matter what twisted and painful situations occur in someone’s life, the idea of happiness, and memories worth cherishing, is nigh-universal. Everyone wants to have happy memories before they die. Death is a sad, chilling reality we must face, so we must cherish the life we have as much as we can, with people who will make us feel happy about living and having them in our lives.\n\nMahoutsukai no Yome serves as a brilliant reminder of this, with death looming as an intense shadow over everyone, characters whose lives were so devoid of meaning or love until they found someone who showed them any semblance of warmth that made them depend on said person and find meaning in their own life, and a world and atmosphere that is otherwise fascinating and majestic. It truly shows off a sense of life not many shows nowadays can, and in many ways, acts like a puzzle, slowly piecing itself together. Despite minor logical errors such as walking on water with nothing supernatural to back that up given the fantasy world (among other things that require explanation), Mahoutsukai as a fantasy, is leaps and bounds above its modern contemporaries, ignoring the occasionally photorealistic-esque CGI flowers and grass, and how the visuals for both openings largely consist of footage from the show itself.\n\nBit by bit, with each passing episode, we learn more and more about Mahoutsukai’s world, its creatures, magic, rules, and civilizations. The creatures we learn about have lovely, inviting designs that make you want to leap into the screen and explore nature to interact with them. We constantly learn about these fictional cultures and how they “interact” with each other and human societies. Not revelation about magic and this world feels believable, but most of them do. To have such large discoveries consistently make sense and feel even remotely like a powerful revelation, is a testament to the fantastic world-building this series showcases, as it is easily the show’s crowning aspect, partially thanks to WIT Studio, and partially thanks to the original mangaka's writing.\n\nRevelations about Elias, other major recurring characters such as the show’s first antagonist, and about characters with their own stories to tell in miniature arcs, and even Chise herself, are all methodical and placed in such a way where they feel like a major highlight of any given episode. Given that you get one in every episode, sometimes upwards to three, it can be a nigh-overwhelming experience at times, if the emotional climaxes to many of these miniscule arcs fail to bring you to your knees as is. At least, that’s the idea, for you see, the series can feel quite droll at times, and the occasionally jarring and unwarranted comedy does not help with that. The color palette getting dreary to the point of mandating a monumental shift in brightness settings only adds to the occasional mundanity of this series, to the point where some revelations and episode-defining moments fail to be as earth-shattering as others. Thankfully, the humor can still land fairly well when inserted properly, the atmosphere is often wonderful, and the emotional and chilling moments shine intensely at conveying their mood.\n\nA majority of the characters are perfectly fine as they are, with their own emotional arcs that Chise wanders through and helps resolve, with some humorous banter and sweet moments to boot, even if they aren’t necessarily too entertaining. However, Chise, an emotionally detached person desperately looking for some real meaning and warmth in her life, is one of the more compelling protagonists of the year. On top of that, Elias is interesting to see get pieced together as distrust looms stronger in the air by the episode. It is nice seeing their relationship develop, and especially how Chise develops as a person. Additionally, Silky is the most precious thing and Ruth, while arguably the weakest of the main tetrad, is still an entertaining character to have around. The main antagonist, Cartaphilus, can be rather unnerving, with how childishly detached he is, how nonchalant he is about using and killing people, how he constantly questions himself abruptly, and how his body is merely a husk that can be destroyed and replaced casually. On top of what we learn about him, he’s utterly disconcerting to watch, intentionally so; he is easily one of the best villains of these past years. Other characters such as Lindel are fine too, though sometimes no one is truly enough to sustain a truly compelling viewing experience, notably in the second quarter of the show. Additionally, the best episodes of the early are the ones that really bring out the most of life and death, and/or reach for those delicate heartstrings, such as episodes 3 and 5, while after somewhat of a slump in the second quarter, the show truly picks up back to the best of what it was before.\n\nSome of the music has been largely carried over from the OVA, namely some of the more melodic, instrumental pieces. Thankfully, there are a variety of new, often emotional tracks added to the mix. There are some nice vocal tracks as well that play in the midst of emotional moments (such as Kimi no Yuke), even if they never get played again. Both Openings, \"Here\" by JUNNA (OP 1), and \"You\" by May'n (OP 2), are rather memorable for different reasons, for better or worse. The former is a nice song that truly captures the feel of the song, with instruments like the spanish guitar being used to excellent effect and the vocals by JUNNA being wonderful. The latter feels like it stumbled into this show by mistake and the animators tried to dress it up as much as possible. On top of being the weakest May’n song I’ve heard, it just doesn’t fit; they should have used the former song for all 24 episodes. ED 1, \"Wa -cycle- (環-cycle-)\" by Hana Itoki (糸奇はな), is irritating to listen to thanks to the way the wind instruments are used, particularly in the beginning; even afterwards, the song isn’t memorable. ED 2, \"Tsuki no mou Hanbun (月のもう半分)\" by AIKI & AKINO from bless4, is a vast improvement, being a slow buildup to a wonderfully emotional and fitting climax that pays off brilliantly. It is one of the few good ending themes of the season. \n\nUltimately, while not as magical as anticipated, Mahoutsukai no Yome is a charming, calming, and occasionally sweet and somber series, showing some of the wonders in life, with the shadow of death ever so ubiquitous. It is certainly one of the better anime out there nowadays, especially for the anime fantasy genre. It can certainly be understood why so many have been enchanted to such a spell-binding series, even if it feels a bit withered in places."},{"id":3886,"score":50,"summary":"An interesting premise but fails to really do much with it and ends up being just a plain and bland show.","body":"One of the most hyped up shows from last year, not just by the community but by me personally because I like everyone else watched the 3 prequel OVAs which were truly amazing in story telling, artwork, sound, and the sense of wonder and magic you feel when you watch it. It's basically a flashback story of an orphan girl (our hero Chise) who can see monsters and spirits and is at first scared and tries to run away from them but in the process discovers a magical library in the forest where she can find refuge and comfort under the care of the librarian along with other docile magical creatures. The story of the OVA actually has nothing to do with the anime and so can be watched before or after the anime. Considering how much I liked the OVA I went into the anime brimming with expectations.\n\nNow for the anime where all my expectations slowly turned into sadness. The show has NONE of the vibe of the OVA which contrasted the bright cheery side of the magical world with the dark scary side really well. The anime is pretty much all happy go lucky, with Chise meeting humans,dragons,fairies,sorcerers etc after being taken in my Elias and learning about the magical world through some loosely connected short stories. \nSomewhere in here is the origin of my main issue with the show. It's really boring. The anime is really difficult to take seriously most of the time which just negates the drama aspects which is one major reason why it felt really painful to finish. Some of the side stories are just cheesy romances with a supernatural twist. The relationship of the 2 main characters is a very weird one since it's basically some sort of pedophillia/necrophillia but it's they managed to normalize it enough to forget about it after a few episodes. But if this is supposed to be a romance that part also feels very bland and just unnatural and the anime as a whole feels very pretentious as if it's a lot deeper,meaningful and emotional than it really is. The character development while being there for Chise is close to  zero for the rest of the cast. No I don't count Elias learning a few human feelings as development.  \nThe main antagonist in the show is kind of decent and only when he shows up did I feel the show to be worth watching.\n\nConclusion, I would give the anime a skip unless it's REALLY your cup of tea kind of show. I would fully recommend people to just watch the OVA even though you would probably be left wanting more."},{"id":19132,"score":90,"summary":"A mythology fan's paradise!","body":"Firstly, this is not a series that I'll recommend to anyone or something that I think everyone will enjoy, but a series that I want everyone to at least give a try once. I also would like to mention that I categorize this more as an appreciation essay than a review for many reasons. With that being said, on to the essay!\n \nFrom the beginning, this series felt like one of those worlds where I could simply get lost in. The world and magic of this anime induce that sense of awe and wonder in me. It has folklore and mythologies from Celtic, Irish, Christianity, British, Shakespear, Russia, Japanese and probably from all around the world at this point. Ever since I was young, I've adored mythologies and folklore from all over the world. Even though I do not believe in the supernatural, I've always loved watching and reading about these mystical and supernatural stories that have been a part of all of our cultures for centuries. So being such a mythos and folklore nerd, one of the most irritating parts about this medium is how it likes to butcher those already amazing stories into cliches or obnoxious rubbish. The West is a bit more respectful most times, but not every one of them managed to capture me. Some of those series that did manage to capture me would be those little book/ film series called Harry Potter and The Lord of the Rings. But even compared to those massively popular cliches, this feels better written and more authentic.\n                                                                                                 \nNot only the mythos but the magic and alchemy too is beautiful. In a medium swept of fantasy MMO RPG worlds with your usual NPCs, your usual class systems and your usual elemental, buff, debuff magic systems you don't really see anything new being made. Because of that, every world and story has become oddly familiar. And no matter how good the story or characters are, the worlds have gotten stale. Or as Garnt said, \"Magic ceases to be Magical\". So compared to all of those The Ancient Magus' Bride (or MahoYome for short) feels or rather is a breath of fresh air. Magic of this world isn't something that only exists for destruction, it's something beautiful yet frighting and mysterious at the same time. It's never fully explained or understood and that's the beauty of it. The supernatural isn't painted black or white either. It's a phenomenon that can be good, evil or even both depending on various circumstances. Only the bare minimum information that's required is given. We don't learn everything about the world and its magic nor do the characters know about them. Even though beings who've lived for centuries exists in this world, they are still nowhere near understanding everything it has to offer. It's simply a world that exists and has existed for a very long time. Just like our real world. Exploring and learning about that world beyond my understanding is part of what makes MahoYome so compelling and fascinating.\n \nThe well-detailed world only complements that marvellous magic in the series. Kore Yamazaki, the original mangaka has managed to craft a world that not only feels fresh but somewhat familiar too. The amazing attention to detail that has gone into the series from the architecture to the food and even to the bloody patterns in the train seats! These subtle things are what makes this world feels real and so captivating. One of the worst things a manga could do is to have an English setting with a traditional British cottage and someone eating a piece of Onigiri or a bowl of ramen in the middle of it. A lot of research and care has gone into crafting this little gem and a lot of praise should be given to both the mangaka and the animation studio for it.\n \nThe magic and world-building are what captured me at first but that's not all there is to this fairytale. Tossed into this mystical world with no magical knowledge and with the help of her \"mentor\" character, our protagonist Chise Hatori learns more about the world and to appreciate the fantastical elements of it. Which does happen but later on in the story, you'll realize those were more of a surface level backdrop to the story, a pit of quicksand that looks solid until you start to walk into it. It's kind of tough, cause while some Anitubers and reviewers did break this series down to the bone and explain its amazing plot and characters, I kind of don't want to. If I were to do that, I'd reveal many things that initially you aren't supposed to know that will somewhat ruin the fun. But I will mention simple things such as a lot of the character designs in this series are very unique. The designs and character names all have mythological value to them, that reveal either backstories or parts of their characterization. The plot is somewhat monster of the week esque but it's crafted in a way that with happiness, sorrow follows. So it feels well balanced and will always leave you at the edge of your seat.\n \nWit studio most certainly did a magnificent job with this title. They proved that not only can they do action-packed titles like AoT but they can handle some emotional and beautiful titles like MahoYome as well. With gorgeous animation that was followed by some magnificent music, the manga panels were truly brought to life. The inserts complement the animation and the mood of the story very well. Though I'm not one to watch OPs or EDs, this was one of the few instances that I did not skip them in a single episode. It's also mind-boggling that this exceptional production was made by a group of newbies. From the director to the composer are all new names to these titles. \n \nWould I recommend this to the general anime fans? Aye, this series became one of my favourite anime of all time. How it handles mythologies and folklore in my opinion, is the best. Another nerdy thing I loved about this world is its mages, witches and sorcerers. Usually, most series only have one of these magic-user types and the one they do have would be either butchered or twisted in an odd way. The fact that three different magic-user types existed in the same world and they all have their intricately detailed features and abilities that differentiate them from one another, which is also very much how folklore had described them over the years blew my mind. Kore Yamazaki is a mythos nerd and it very much shows, which is such a delight for someone like me. Though as great the manga is I think this is one of the rare instances where I prefer the anime over the manga. While I do like the very expressive and detailed drawings of Yamazaki sensei, the excellent animation, soundtrack and voice acting stands tall over its source material. If I somehow managed to pique your interest in this show with this overly long essay then I'd highly recommend you try the OVAs first before watching the series. Though chronologically they should come right after the end of the first cour, the OVAs are what first sold me on the series. Finally, with clamming the 8th spot in my favourite anime of all time, I rate The Ancient Magus' Bride a 9/10."},{"id":20272,"score":70,"summary":"A truly enchanting journey to lose yourself in if you can work around it's pacing problems and other inconsistencies.","body":"<center>https://anilist.co/anime/98436/The-Ancient-Magus-Bride/\n<hr></center>\n~~~img330(https://i.imgur.com/bo8iHGr.jpeg)~~~\nWhat catches the eyes of many bidders are not the fantastical creatures as mermaids or fairies, but a human, a frail girl for she has the eyes and body to witness and endure the magical, a sleigh beggy who contracted to sell herself just to have a place to return to, 'Chise Hatori', a bird yearning for a cage. Then appears a mysterious tall man in a black suit who bids five times higher than the original bid, a skull-faced creature who quickly alerts everyone, a lone mage, 'Elias Ainsworth', a mystery as bleak as the dark. While Chise ponders why someone of her demeanor was bought for such a hefty price, the man-monster casts a spell that quickly transports them from the gloomy auction house to a colorful flower garden in front of a country house. As he unbinds her from the chains around her neck, Elias welcomes his apprentice, his _puppy_ to his home.\nWhat wonders will await Chise, and what mysterious relationship does Elias seek from her?\n\n#<a><center>Fantasy and Wonder</a>\n~~~img330(https://imgur.com/Qd989Sf.gif)~~~\nThanks to the oversaturation of isekai and the magic elements, the fantasy setting became boring, like predictably boring. You need spells and spelled weapons like some sort of game, you need a demon lord or a villain to defeat, you need a harem to cock tease (bonus if it has a slavery tag), and of course, you need a generic, uninteresting, bland protagonist to project and escape the reality. Many fantasies Anime are using their fantastical elements to give a window to escape our reality, not a window to explore another. I think, this is where Magus Bride shines.\n\"The Ancient Magus Bride\" is a magical and spellbinding audiovisual work of art.\nEvery episode will introduce you to something unfamiliar about the world, as you tag along with our protagonist gradually warming up to her new world and people. Every new 'neighbor' she interacts with and every place she visits, evokes a sense of wonder and mystery that begs for a separate episode. The show never holds back to showcase its colorful world and characters that you can just lose yourself in, thanks to the gorgeous animation, colorful backgrounds, and a perfectly fitting soundtrack. The soundtrack is definitely my favorite element of the Anime. And while the world and its depiction can be fairytale-like, it's still a fundamentally human story.\n\n~~~img330(https://i.imgur.com/u7e8PpT.jpeg)~~~\nChise's trauma derives from her mother's rejection of her birth and her mother's subsequent suicide. With this combined with her capacity 'to see' terrifying things, Chise is shunned by everyone around her and ultimately learns to despise herself. Her interactions with Elias, and everything and everyone else, will assist her in learning to love herself. As time passes, she gradually gains a better understanding of Elias. Similar goes for Elias, who initially displays of a dark and selfish attitude towards Chise, starts an inner conflict that, while haven't reached its complete arc yet, still adds an interesting element to his character.\nThere are many mini episodes with their own distinct message, but they are missing something crucial to get generate a powerful emotional response. Time.\n\n~~~img330(https://i.imgur.com/H8whqHI.jpeg)~~~\nWhen the plot focuses on anyone other than the main characters, the emotional response intended becomes superficial. The human message it attempts to deliver only reaches the brain and not the heart, owing to pacing issues. It's directed well enough, and there are several scenes that I am absolutely amazed at how well they were shot, but none of it compensates for the drop in narrative quality. While the show understands its sensitive issue well enough not to misappropriate it, it frequently attempts to make things too sentimental. Another thing that often bothers me, is how easily Elias and many let Chise her own, despite the potential danger she is. Most conflicts around her, is simply the story using her instability as an advantage to throw her into problems, while also making giving the characters some convenient logic to keep away from her. The Anime heavily relies on its world building to engage but misses on its direction of story.\n\nI would generally recommend watching the 2016 OVAs after watching 2017 Anime, because the OVA story, while a flashback, takes place in the middle of the 2017 Anime, and also spoils a little about Chise's found family.\n~~~img330(https://i.imgur.com/z3OpVUh.jpeg)\n##### My favorite quote from the show. ~~~\n____\n#<a><center>Conclusion</a>\n A must-watch for every fantasy fan. Granted the fantasy is more about the wonder than logic.\nIt misses in having an engaging story or characters, but has an engaging fantasy world to experience, and not to escape.\n~~~img330(https://i.imgur.com/CFn13oq.jpeg)~~~"},{"id":20864,"score":100,"summary":"Magus Bride has something for everyone. What I got though was my own unique experience..","body":"I glance previews sometimes and I thought this be charming to watch. It did deliver on this but it also scratches an itch for maybe the individual that craves a place of belonging. (Disclosure, this did take me six months to watch. I'm lousy with time and I get lost in the things I can do. So yeah.)\n\n__Titbit__: I want to talk about the first scene first you see in the show because I think its an interesting indicator  to who the character Chise is at the start of the show and how she sees her sense of  self. It opens up in an action house where there's a form on a table between the auctioner (you learn his name is Seth later on) and Chise, Seth asks her literally \"You are not going to regret this later right?\" Maybe they just wanted reassurance or just curious but in this inference Chise responds with \"no\" and it is pretty certain. Soon after she signs. What you glean here is that she has no attachments to the world and no sense of self. Even the collar that follows shortly after does not seem to faze her. But yeah she's brought by a magician called Elias that breaks the collar off her when they leave the auction.  And that's when the story introduces you to magic. Thankfully for us Chise is unfamiliar with this or what her existence means to the magic world. So we both get to learn about magic and the mysteries that are in this world too.  \n\n__Magic__: I don't really want to focus too hard on the magic system or its rules but how magic phenomenon has a weird concurrence with a theme in wanting to belong. Just like the humans of the world, monsters and magical creatures seem to want a place to belong to as well. One example is Silky, a faery. They used to be a different kind of fairy too but they go through a magical transformation that is only caused from wanting to belong somewhere. And she's one of the only magical characters that does that in the story so that's interesting. Anyway there's a bunch of magic things in this show that make me think everyone wants a place to belong. Even the relationship between familiar and magicians are another example of wanting to belong. It's basically a symbiosis of one and the other getting something from it and working together. And as far as I know they only do this if they like each other. In literal terms they are friends I think. And I love this. \n\n__Characters__: I love the cast in this show. Its a lot of fun honestly. But let me ask you something. What does Chise, Elias, Cartaphilus, Silky, Ruth and Lindel have in common? They have magic, this is true. But what I wanted to get at from this question is that they all want a place to belong to.\n\n_Elias_:\n\nNo one knows what they are. And when you learn about him its his struggle with fitting in. He's constantly imitating others. And he hates it when people fear him as a monster. He runs away to be alone whenever he's caught in an awkward social situation where another character sees him as this scary entity. He just wants a place to belong guys. \n\n_Cartaphilus_:\n\nThey are like the antagonist of the show? I couldn't hate them even with the extreme cruelties they had done to others. They are just really old, sad, and pitiful really. I actually really like them as a character. More so in season 2 because they are retired from being evil? I don't know. Anyway they do all this bad stuff because they want someone to feel the pain they do. The kind you get from living for a long time and just being miserable for the whole of it maybe? Chise is probably the closest they call as a friend? Not that they would admit it. \n\n_Chise_:\n\nI really liked Chise. They start out as being hollow and purposeless but each episode you see them grow. Sure they make mistakes but they learn from it and take on advice from others. And what she's been through. I love how the show does not wash over that. Some stories like to have a great change in a character via struggles but never mention it again. Like a story arc that's sealed away. In this when they grow they make inferences about their past too. Chise when she realises that she can belong here with Elias still finds herself later on with the same questions like \"Do I belong here?\", \"Do I have the right to live?\" But every time there's a bit of growth. More leniency in just happily being there in the moment. She sort of starts to look for the future.\n\n__My send-off?__: I think there's something for anyone in this show. I mean its fun, it has a compelling story, and a  believable magic system. Usually those combinations make me think a bit about the world-building and  what I personally got was a fictional world that pulled me in because I related to feeling lost and wanting a place to belong to and that's what I got out of this experience.  There's a cast of characters that they themselves are trying to find a place to belong to. Some have found their answer, others are still looking for it. And the message I got from the anime is that its okay to be in either boat.  This does not necessarily mean you will have the same experience as I but I want this review to mean something for you. Something to think about and infer from your own experience, so that you can think about what you got from Magus Bride."},{"id":22162,"score":85,"summary":"Compelling fantasy setting and atmosphere","body":"~~~img350(https://64.media.tumblr.com/7a7dc379dda8f3b4b65def4eeee1a6cd/74c32077bca22883-e0/s640x960/a821d5270879961aef213964ab9115ccb76739a8.gif)~~~\n\n~~~__MINOR SPOILER__~~~\n\n-------------------------\n\nNow I rewatched The Ancient Magus Bride, before I started the new season and it was as magical as I remember on the first watch.\n\nMahoYome has a great world building and a fantastic setting, which is the most outstanding element for me in this series and the art and animation of WIT studio is conveying the magical atmosphere of the series in a wonderful way.\nI've been curious about this anime since I have seen the first opening that is one of my favorites in general and the song and how fitting the sound of the song is to the culture in this world and all, is a little masterpiece on its own.\nThe whole world feels magical and Chise is a \"fish out of the water\"-character that is brought as an apprentice into this. She has seen creatures her whole life and has been scared for her life, but nobody believed her. She eventually learns to appreciate and deal with the creatures she originally has been scared of and with her magic ability that caused her pain and depression for most of her life.\n\nIt's also pretty awesome to see actual Fae folk in an anime or in general in media, not the modern depiction of fairies or similar beings that were made out of the original faes. I always really love a fantasy world that is doing something differently than all the copy-paste-worlds we often see in isekais and some other fantasy stories that aren't putting much effort into their world building or to create a fantastical and creative setting. So the interesting setting in MahoYome and the impression and feeling the animation creates really something magical and makes you love fantasy like you just discovered the genre yesterday, even tho the genre could feel worn out sometimes. At least I get the impression. I absolutely love fantasy, but sometimes it feels all the same and worn out, if there is nothing new or special to it.\n\nSometimes we see \"regular\" or well-known fantasy creatures like dragons for example as well, but there is something new and magical added to them as well.\nAlso I liked the little details in this setting a lot, that added to this wonderful atmosphere too.\nThe Faes are often described in their very own way and with their special mindset that seem to be a bit inhuman on purpose. If you are familar with the trope of \"blue and orange\"-mentality, aka a moral compass that seems a bit inhuman for most people and is outside of the typical white and black-compass, I think you could describe lot of the Faes we see that way.\nIt's really interesting to see what makes them tic and how they are different than humans in some way.\n\nAt first I too have been sceptical about the age gap between Chise and Elias as well and I still would prefer if Chise had been at least 18 or in her early 20s, but ultimatively you already can see in the first episode that Elias isn't some creep, who harasses the girl. He felt lonely and wanted some kind of partner on his side, but since he isn't human and almost never interacts with humans, he didn't really understand the implicaton of marriage or having a bride.\nHe also didn't really intend to buy a slave since he sets her free as soon as she comes into his home. That also has been symbolically beautiful that she is free from her metaphorical handcuffs from now on as well and could leave or stay, but can start to leave her past behind.\n\nFor most part we see Chise struggling with depression and I appreciate that she just doesn't get rid of it after some episodes of character development, but on the other hand it gets a bit repetitive that Elias and everyone else has to prove over and over again to her that she is worth something and that Elias really wants her to stay with him.\nI still liked her character development over the two season cour and how she gained some confidence in herself.\n\nApart from the two main characters and their developing relationship, I really like the friendship between Chise and Ruth as well, as much as I liked other characters in this series because they have been interesting.\n\nAs I already said before the opening is a little masterpiece on its own and the art and animation are wonderful, they are also really adding to the atmosphere."}],"siteUrl":"https://anilist.co/anime/98436","autoCreateForumThread":false,"modNotes":null,"stats":{"scoreDistribution":[{"score":10,"amount":273},{"score":20,"amount":190},{"score":30,"amount":518},{"score":40,"amount":1019},{"score":50,"amount":2491},{"score":60,"amount":4612},{"score":70,"amount":11280},{"score":80,"amount":18337},{"score":90,"amount":15022},{"score":100,"amount":8622}],"statusDistribution":[{"status":"CURRENT","amount":16115},{"status":"PLANNING","amount":57264},{"status":"COMPLETED","amount":82611},{"status":"DROPPED","amount":9201},{"status":"PAUSED","amount":11787}]},"isRecommendationBlocked":false,"recommendations":[{"mediaRecommendation":{"id":4081,"title":{"romaji":"Natsume Yuujinchou","english":"Natsume's Book of Friends","native":"夏目友人帳","userPreferred":"Natsume Yuujinchou"},"type":"ANIME"}},{"mediaRecommendation":{"id":97986,"title":{"romaji":"Made in Abyss","english":"Made in Abyss","native":"メイドインアビス","userPreferred":"Made in Abyss"},"type":"ANIME"}},{"mediaRecommendation":{"id":21858,"title":{"romaji":"Little Witch Academia (TV)","english":"Little Witch Academia (TV)","native":"リトルウィッチアカデミア (TV)","userPreferred":"Little Witch Academia (TV)"},"type":"ANIME"}},{"mediaRecommendation":{"id":14349,"title":{"romaji":"Little Witch Academia","english":"Little Witch Academia","native":"リトルウィッチアカデミア","userPreferred":"Little Witch Academia"},"type":"ANIME"}},{"mediaRecommendation":{"id":99457,"title":{"romaji":"Sayonara no Asa ni Yakusoku no Hana wo Kazarou","english":"Maquia: When the Promised Flower Blooms","native":"さよならの朝に約束の花をかざろう","userPreferred":"Sayonara no Asa ni Yakusoku no Hana wo Kazarou"},"type":"ANIME"}},{"mediaRecommendation":{"id":20981,"title":{"romaji":"Bakemono no Ko","english":"The Boy and The Beast","native":"バケモノの子","userPreferred":"Bakemono no Ko"},"type":"ANIME"}},{"mediaRecommendation":{"id":101316,"title":{"romaji":"Irozuku Sekai no Ashita kara","english":"IRODUKU: The World in Colors","native":"色づく世界の明日から","userPreferred":"Irozuku Sekai no Ashita kara"},"type":"ANIME"}},{"mediaRecommendation":{"id":20770,"title":{"romaji":"Akatsuki no Yona","english":"Yona of the Dawn","native":"暁のヨナ","userPreferred":"Akatsuki no Yona"},"type":"ANIME"}},{"mediaRecommendation":{"id":21827,"title":{"romaji":"Violet Evergarden","english":"Violet Evergarden","native":"ヴァイオレット・エヴァーガーデン","userPreferred":"Violet Evergarden"},"type":"ANIME"}},{"mediaRecommendation":{"id":108354,"title":{"romaji":"Totsukuni no Shoujo","english":"The Girl From the Other Side: Siúil, a Rún","native":"とつくにの少女","userPreferred":"Totsukuni no Shoujo"},"type":"ANIME"}},{"mediaRecommendation":{"id":431,"title":{"romaji":"Howl no Ugoku Shiro","english":"Howl‘s Moving Castle","native":"ハウルの動く城","userPreferred":"Howl no Ugoku Shiro"},"type":"ANIME"}},{"mediaRecommendation":{"id":108617,"title":{"romaji":"Somali to Mori no Kamisama","english":"Somali and the Forest Spirit","native":"ソマリと森の神様","userPreferred":"Somali to Mori no Kamisama"},"type":"ANIME"}},{"mediaRecommendation":{"id":14713,"title":{"romaji":"Kamisama Hajimemashita","english":"Kamisama Kiss","native":"神様はじめました","userPreferred":"Kamisama Hajimemashita"},"type":"ANIME"}},{"mediaRecommendation":{"id":97682,"title":{"romaji":"Zero kara Hajimeru Mahou no Sho","english":"Grimoire of Zero","native":"ゼロから始める魔法の書","userPreferred":"Zero kara Hajimeru Mahou no Sho"},"type":"ANIME"}},{"mediaRecommendation":{"id":721,"title":{"romaji":"Princess Tutu","english":"Princess Tutu","native":"プリンセスチュチュ","userPreferred":"Princess Tutu"},"type":"ANIME"}},{"mediaRecommendation":{"id":21258,"title":{"romaji":"Akagami no Shirayuki-hime 2nd Season","english":"Snow White with the Red Hair Season 2","native":"赤髪の白雪姫 2ndシーズン","userPreferred":"Akagami no Shirayuki-hime 2nd Season"},"type":"ANIME"}},{"mediaRecommendation":{"id":21519,"title":{"romaji":"Kimi no Na wa.","english":"Your Name.","native":"君の名は。","userPreferred":"Kimi no Na wa."},"type":"ANIME"}},{"mediaRecommendation":{"id":108268,"title":{"romaji":"Honzuki no Gekokujou: Shisho ni Naru Tame ni wa Shudan wo Erandeiraremasen","english":"Ascendance of a Bookworm","native":"本好きの下剋上 司書になるためには手段を選んでいられません","userPreferred":"Honzuki no Gekokujou: Shisho ni Naru Tame ni wa Shudan wo Erandeiraremasen"},"type":"ANIME"}},{"mediaRecommendation":{"id":124337,"title":{"romaji":"Mahoutsukai no Yome: Gakuin-hen ","english":null,"native":"魔法使いの嫁 学院篇","userPreferred":"Mahoutsukai no Yome: Gakuin-hen "},"type":"ANIME"}},{"mediaRecommendation":{"id":112609,"title":{"romaji":"Majo no Tabitabi","english":"Wandering Witch: The Journey of Elaina","native":"魔女の旅々","userPreferred":"Majo no Tabitabi"},"type":"ANIME"}},{"mediaRecommendation":{"id":630,"title":{"romaji":"Mahou Tsukai Tai! (TV)","english":"Magic User's Club! (TV)","native":"魔法使いTai! (TV)","userPreferred":"Mahou Tsukai Tai! (TV)"},"type":"ANIME"}},{"mediaRecommendation":{"id":199,"title":{"romaji":"Sen to Chihiro no Kamikakushi","english":"Spirited Away","native":"千と千尋の神隠し","userPreferred":"Sen to Chihiro no Kamikakushi"},"type":"ANIME"}},{"mediaRecommendation":{"id":123802,"title":{"romaji":"Seijo no Maryoku wa Bannou desu","english":"The Saint's Magic Power is Omnipotent","native":"聖女の魔力は万能です","userPreferred":"Seijo no Maryoku wa Bannou desu"},"type":"ANIME"}},{"mediaRecommendation":{"id":5300,"title":{"romaji":"Zoku Natsume Yuujinchou","english":"Natsume's Book of Friends 2","native":"続 夏目友人帳","userPreferred":"Zoku Natsume Yuujinchou"},"type":"ANIME"}},{"mediaRecommendation":{"id":114535,"title":{"romaji":"Fumetsu no Anata e","english":"To Your Eternity","native":"不滅のあなたへ","userPreferred":"Fumetsu no Anata e"},"type":"ANIME"}}]}