{"id":98479,"idMal":35183,"title":{"romaji":"Gurazeni","english":"Gurazeni: Money Pitch","native":"グラゼニ","userPreferred":"Gurazeni"},"format":"TV","status":"FINISHED","episodes":12,"description":"The \"baseball money survival\" story focuses on a baseball team that operates as a highly-stratified society, where the player's performance determines his annual salary. The story follows an eight-year relief pitcher with an odd left-handed side-arm throw as he fights to survive under the team's strict system.\n<br><br>\n(Source: Anime News Network)","startDate":{"year":2018,"month":4,"day":6},"endDate":{"year":2018,"month":6,"day":22},"season":"SPRING","seasonYear":2018,"duration":24,"countryOfOrigin":"JP","isLicensed":true,"source":"MANGA","hashtag":"#グラゼニ","trailer":"https://www.dailymotion.com/video/x6e96yp","updatedAt":1706269433,"coverImage":{"large":"https://s4.anilist.co/file/anilistcdn/media/anime/cover/large/nx98479-YteIiMYKnVP3.jpg","medium":"https://s4.anilist.co/file/anilistcdn/media/anime/cover/medium/nx98479-YteIiMYKnVP3.jpg","small":"https://s4.anilist.co/file/anilistcdn/media/anime/cover/small/nx98479-YteIiMYKnVP3.jpg","color":"#5daee4"},"bannerImage":"https://s4.anilist.co/file/anilistcdn/media/anime/banner/98479-BCnglozOlch3.jpg","genres":["Comedy","Drama","Sports"],"synonyms":["Money Diamond"],"averageScore":56,"meanScore":56,"favourites":10,"popularity":3432,"trending":0,"tags":[{"id":145,"name":"Work","isMediaSpoiler":false},{"id":109,"name":"Primarily Adult Cast","isMediaSpoiler":false},{"id":149,"name":"Baseball","isMediaSpoiler":false},{"id":50,"name":"Seinen","isMediaSpoiler":false},{"id":82,"name":"Male Protagonist","isMediaSpoiler":false},{"id":88,"name":"Primarily Male Cast","isMediaSpoiler":false}],"relations":[{"id":69757,"title":{"english":null,"native":"グラゼニ","romaji":"Gurazeni","userPreferred":"Gurazeni"},"type":"MANGA"},{"id":102974,"title":{"english":"Gurazeni: Money Pitch 2","native":"グラゼニ 2","romaji":"Gurazeni 2","userPreferred":"Gurazeni 2"},"type":"ANIME"}],"characters":[{"id":133029,"name":"Natsunosuke Bonda"},{"id":133030,"name":"Tokunaga"},{"id":133031,"name":"Akira Shibuya"},{"id":133032,"name":"Tanabe"},{"id":133033,"name":"Sakota"},{"id":133034,"name":"Yuki"},{"id":133035,"name":"Kozato"},{"id":133036,"name":"Hideo Matsumoto"},{"id":287929,"name":"Beat Takeshi"}],"staff":[{"id":104819,"name":"Yuuji Moritaka"},{"id":113173,"name":"Keiji Adachi"},{"id":110643,"name":"Ayumu Watanabe"},{"id":123981,"name":"Hideo Takayashiki"},{"id":123020,"name":"Kenichi Oonuki"}],"studios":[{"id":37,"name":"Studio DEEN","isAnimationStudio":true}],"isFavourite":false,"isAdult":false,"isLocked":false,"nextAiringEpisode":null,"airingSchedule":[{"airingAt":1523021400,"timeUntilAiring":-183279436,"episode":1},{"airingAt":1523626200,"timeUntilAiring":-182674636,"episode":2},{"airingAt":1524231000,"timeUntilAiring":-182069836,"episode":3},{"airingAt":1524835800,"timeUntilAiring":-181465036,"episode":4},{"airingAt":1525440600,"timeUntilAiring":-180860236,"episode":5},{"airingAt":1526045400,"timeUntilAiring":-180255436,"episode":6},{"airingAt":1526650200,"timeUntilAiring":-179650636,"episode":7},{"airingAt":1527255000,"timeUntilAiring":-179045836,"episode":8},{"airingAt":1527859800,"timeUntilAiring":-178441036,"episode":9},{"airingAt":1528464600,"timeUntilAiring":-177836236,"episode":10},{"airingAt":1529069400,"timeUntilAiring":-177231436,"episode":11},{"airingAt":1529674200,"timeUntilAiring":-176626636,"episode":12}],"trends":[{"date":1489849200,"trending":3,"popularity":null,"inProgress":null},{"date":1489935600,"trending":2,"popularity":null,"inProgress":null},{"date":1490022000,"trending":3,"popularity":null,"inProgress":null},{"date":1518361200,"trending":2,"popularity":null,"inProgress":null},{"date":1519570800,"trending":4,"popularity":null,"inProgress":null},{"date":1521039600,"trending":2,"popularity":null,"inProgress":null},{"date":1521730800,"trending":2,"popularity":71,"inProgress":11},{"date":1521903600,"trending":3,"popularity":76,"inProgress":13},{"date":1522076400,"trending":1,"popularity":80,"inProgress":14},{"date":1522162800,"trending":1,"popularity":81,"inProgress":14},{"date":1522422000,"trending":2,"popularity":88,"inProgress":19},{"date":1522508400,"trending":3,"popularity":92,"inProgress":20},{"date":1522594800,"trending":1,"popularity":94,"inProgress":20},{"date":1522767600,"trending":2,"popularity":99,"inProgress":21},{"date":1522854000,"trending":2,"popularity":102,"inProgress":24},{"date":1522940400,"trending":1,"popularity":108,"inProgress":26},{"date":1523026800,"trending":46,"popularity":108,"inProgress":26},{"date":1523113200,"trending":18,"popularity":117,"inProgress":35},{"date":1523199600,"trending":9,"popularity":136,"inProgress":59},{"date":1523286000,"trending":6,"popularity":147,"inProgress":69},{"date":1523372400,"trending":1,"popularity":151,"inProgress":73},{"date":1523458800,"trending":4,"popularity":152,"inProgress":74},{"date":1523545200,"trending":2,"popularity":157,"inProgress":80},{"date":1523631600,"trending":27,"popularity":157,"inProgress":80},{"date":1523718000,"trending":9,"popularity":166,"inProgress":83}],"externalLinks":["https://www.bs-sptv.com/gurazeni/","https://twitter.com/sptv_gurazeni","http://www.crunchyroll.com/gurazeni-money-pitch"],"streamingEpisodes":[{"title":"Episode 1 - My Workplace / Spot Starter","thumbnail":"https://img1.ak.crunchyroll.com/i/spire2-tmb/7d57092e6129101126b53fcb760969e51523011857_full.jpg","url":"http://www.crunchyroll.com/gurazeni-money-pitch/episode-1-my-workplace-spot-starter-768687","site":"Crunchyroll"},{"title":"Episode 2 - Tendency / Buddies","thumbnail":"https://img1.ak.crunchyroll.com/i/spire4-tmb/4eb8740410dbc2f0f2662c5a2c6348d31523630693_full.jpg","url":"http://www.crunchyroll.com/gurazeni-money-pitch/episode-2-tendency-buddies-768689","site":"Crunchyroll"},{"title":"Episode 3 - Prefecture Clique","thumbnail":"https://img1.ak.crunchyroll.com/i/spire4-tmb/b512c7c5b0e46c2b798f400a4eb142381524214606_full.jpg","url":"http://www.crunchyroll.com/gurazeni-money-pitch/episode-3-prefecture-clique-768691","site":"Crunchyroll"},{"title":"Episode 4 - Railroad to Retirement / The Man Who Couldn't Make Pro","thumbnail":"https://img1.ak.crunchyroll.com/i/spire1-tmb/d527bf6ee1009587d0c180006e5867571524697119_full.jpg","url":"http://www.crunchyroll.com/gurazeni-money-pitch/episode-4-railroad-to-retirement-the-man-who-couldnt-make-pro-768693","site":"Crunchyroll"},{"title":"Episode 5 - Safe Bets, Risky Bets","thumbnail":"https://img1.ak.crunchyroll.com/i/spire4-tmb/56773af7558a4623977e8c6c11fb94cc1525435319_full.jpg","url":"http://www.crunchyroll.com/gurazeni-money-pitch/episode-5-safe-bets-risky-bets-768695","site":"Crunchyroll"},{"title":"Episode 6 - Multiplier","thumbnail":"https://img1.ak.crunchyroll.com/i/spire4-tmb/c7688ac434e04bf4e18166a58276e7031526044497_full.jpg","url":"http://www.crunchyroll.com/gurazeni-money-pitch/episode-6-multiplier-768697","site":"Crunchyroll"},{"title":"Episode 7 - A Minor League Player in the Majors","thumbnail":"https://img1.ak.crunchyroll.com/i/spire4-tmb/b87b5a22c10c98c565334fa2dc8f99dd1526645785_full.jpg","url":"http://www.crunchyroll.com/gurazeni-money-pitch/episode-7-a-minor-league-player-in-the-majors-768699","site":"Crunchyroll"},{"title":"Episode 8 - The Commute to the Stadium","thumbnail":"https://img1.ak.crunchyroll.com/i/spire4-tmb/5578ba64591d52099a03159817fecba61527249900_full.jpg","url":"http://www.crunchyroll.com/gurazeni-money-pitch/episode-8-the-commute-to-the-stadium-768701","site":"Crunchyroll"},{"title":"Episode 9 - Teacher or Cautionary Tale?","thumbnail":"https://img1.ak.crunchyroll.com/i/spire4-tmb/78650539fe17011d747d973122ab6b0a1527857700_full.jpg","url":"http://www.crunchyroll.com/gurazeni-money-pitch/episode-9-teacher-or-cautionary-tale-768703","site":"Crunchyroll"},{"title":"Episode 10 - High School Recruit, College Recruit","thumbnail":"https://img1.ak.crunchyroll.com/i/spire2-tmb/c9c78528ae20fc8db83de4328872ba8b1528466096_full.jpg","url":"http://www.crunchyroll.com/gurazeni-money-pitch/episode-10-high-school-recruit-college-recruit-768705","site":"Crunchyroll"},{"title":"Episode 11 - No Pitch to Throw","thumbnail":"https://img1.ak.crunchyroll.com/i/spire2-tmb/d4286f19040da0fecd2d71e7233dd6951565387973_full.jpg","url":"http://www.crunchyroll.com/gurazeni-money-pitch/episode-11-no-pitch-to-throw-768707","site":"Crunchyroll"},{"title":"Episode 12 - The Lonely Gourmet","thumbnail":"https://img1.ak.crunchyroll.com/i/spire2-tmb/6d47ef77e34512e823de6ed2c4928baf1529672010_full.jpg","url":"http://www.crunchyroll.com/gurazeni-money-pitch/episode-12-the-lonely-gourmet-768709","site":"Crunchyroll"},{"title":"Episode 13 - Back in the Majors","thumbnail":"https://img1.ak.crunchyroll.com/i/spire4-tmb/a97f118291c2c18bd87cbcc1a63a123b1538746243_full.jpg","url":"http://www.crunchyroll.com/gurazeni-money-pitch/episode-13-back-in-the-majors-777664","site":"Crunchyroll"},{"title":"Episode 14 - The Softy","thumbnail":"https://img1.ak.crunchyroll.com/i/spire4-tmb/94c6efa5aaf05728d25ac0ef3d6db4e11539349782_full.jpg","url":"http://www.crunchyroll.com/gurazeni-money-pitch/episode-14-the-softy-777665","site":"Crunchyroll"},{"title":"Episode 15 - Rising to First","thumbnail":"https://img1.ak.crunchyroll.com/i/spire3-tmb/9df22d223b90c550c60a3a68696ffb1d1539949096_full.jpg","url":"http://www.crunchyroll.com/gurazeni-money-pitch/episode-15-rising-to-first-777666","site":"Crunchyroll"},{"title":"Episode 16 - Celebrate! The League Pennant!","thumbnail":"https://img1.ak.crunchyroll.com/i/spire2-tmb/b3df3c7a3cadb8e47e943770ecd888521540536526_full.jpg","url":"http://www.crunchyroll.com/gurazeni-money-pitch/episode-16-celebrate-the-league-pennant-777667","site":"Crunchyroll"},{"title":"Episode 17 - Just Between Us","thumbnail":"https://img1.ak.crunchyroll.com/i/spire4-tmb/ca6aaf08107463203ece7556bc58a6141541137849_full.jpg","url":"http://www.crunchyroll.com/gurazeni-money-pitch/episode-17-just-between-us-777668","site":"Crunchyroll"},{"title":"Episode 18 - Lonely Season","thumbnail":"https://img1.ak.crunchyroll.com/i/spire4-tmb/a3d0e7208d608f5fca565c9651201c811541751130_full.jpg","url":"http://www.crunchyroll.com/gurazeni-money-pitch/episode-18-lonely-season-777669","site":"Crunchyroll"},{"title":"Episode 19 - Declared for Assignment","thumbnail":"https://img1.ak.crunchyroll.com/i/spire3-tmb/f64dad03359d177859e966a35d0d297f1542278588_full.jpg","url":"http://www.crunchyroll.com/gurazeni-money-pitch/episode-19-declared-for-assignment-777670","site":"Crunchyroll"},{"title":"Episode 20 - Fan Appreciation Day","thumbnail":"https://img1.ak.crunchyroll.com/i/spire1-tmb/9109f351cde7bcfaba9411a477d97aa71542978886_full.jpg","url":"http://www.crunchyroll.com/gurazeni-money-pitch/episode-20-fan-appreciation-day-777671","site":"Crunchyroll"},{"title":"Episode 21 - Marrying While Unemployed?!","thumbnail":"https://img1.ak.crunchyroll.com/i/spire3-tmb/31535208757c7a74437fdb4bbc440ddd1543585809_full.jpg","url":"http://www.crunchyroll.com/gurazeni-money-pitch/episode-21-marrying-while-unemployed-777672","site":"Crunchyroll"},{"title":"Episode 22 - Sudden Turnaround!","thumbnail":"https://img1.ak.crunchyroll.com/i/spire1-tmb/2e4f026d2e7b768402459183bcaad9d31544105221_full.jpg","url":"http://www.crunchyroll.com/gurazeni-money-pitch/episode-22-sudden-turnaround-777673","site":"Crunchyroll"},{"title":"Episode 23 - Contract Renewals, Part One","thumbnail":"https://img1.ak.crunchyroll.com/i/spire4-tmb/5bf9f5de0a1090c6df998e83d959488f1544790858_full.jpg","url":"http://www.crunchyroll.com/gurazeni-money-pitch/episode-23-contract-renewals-part-one-777674","site":"Crunchyroll"},{"title":"Episode 24 - Contract Renewals, Part Two","thumbnail":"https://img1.ak.crunchyroll.com/i/spire2-tmb/e54f72fd542882fffeeb1590c21737311545318143_full.jpg","url":"http://www.crunchyroll.com/gurazeni-money-pitch/episode-24-contract-renewals-part-two-777675","site":"Crunchyroll"}],"rankings":[],"mediaListEntry":null,"reviews":[{"id":2919,"score":5,"summary":"The absolute worst series about baseball. Gurazeni doesn't even deserve to be called a sports series.","body":"~~~img440(https://i.imgur.com/5coqO5w.png)~~~\n\nGurazeni is a thrilling and no holds barred struggle for survival as the protagonist Bonda Natsunouske engages all out war as the pitcher of the Spiders. For he knows every single one of his pitches will determine how much money he takes home. If the Spiders lose, if his pitches get hit, he loses the money he stood to earn.\n\nThis show is baseball gambling at its simplest. And the strongest aspect of it certainly is the protagonist Bonda and his reality warping pitches. Singlehandedly, he destroys entire rival teams and walks away richer every--\n\nimg440(https://i.imgur.com/YBKnpfg.gif)\n\nOh. Oh no. That’s… that’s the wrong show. That’s the wrong show. There aren’t even any similarities between that show and Gurazeni. How did this mix-up even happen? Somebody’s getting fired for this one.\n\nOkay, no for real this time. Gurazeni is a slice of life baseball series.\n\nimg440(https://i.imgur.com/I9Aoko7.gif)\n\n...No, that’s it. That’s literally it. That's...\n\n_Can't I just review [One Outs](https://anilist.co/anime/5040/One-Outs/) instead? Come on._\n___\n\n#Failure Pitch#\n\nimg440(https://i.imgur.com/aahxgk7.png)\n\nI guess we're really doing this. Right away I just have to state that Gurazeni was __a complete and utter waste of time__ (brought to us by [Studio DEEN](https://anilist.co/studio/37/Studio-DEEN)). As a sports series, there's no clear or set goal through the entire thing. We're never given like an idea of what point in their season they're in, so basically there never feels like a point to any of the games. It's just one after another. And Bonda never improves throughout the entire thing. To be fair in that respect, there ARE three different Gurazeni manga series apparently, but with what this anime has given us in the span of twelve episodes, I have absolutely no interest or desire in seeing where this goes.\n\nNot to mention there are multiple episodes where it's not even about Bonda. Which I wouldn't have a problem with if they were actually building up the team.  But despite entire episodes being about Bonda's teammates or even one of the goddamned commentators (_WHO GIVES A FUCK ABOUT THE COMMENTATOR_), all of the Spiders excluding Bonda may as well have been nameless and faceless. Even the ones the show spent time on were completely forgettable.\n\n...I'm getting ahead of myself here. We can't skirt past the elephant in the room. The Anilist and MAL descriptions of this show are as follows:\n\n#ANILIST#\n> The \"baseball money survival\" story focuses on a baseball team that operates as a highly-stratified society, where the player's performance determines his annual salary. The story follows an eight-year relief pitcher with an odd left-handed side-arm throw as he fights to survive under the team's strict system.\n\n#MAL#\n> This is the story of Natsunosuke Honda, a pro baseball player—a relief pitcher who has been playing pro in a team called Spiders for 8 years. The team operates as a highly-stratified society, where the player's performance determines his annual salary. Natsunosuke is one of the highest paid players in the game. He measures how good players are by how much money they make, and he intends to be on top and stay there, and as such is always looking for players to challenge and does everything to insure that he is better than they are.\n\nI've seen it described as \"baseball money survival\" elsewhere as well. Also, I just want to make a quick note on the MAL description: Natsunosuke is FAR from the highest paid players in the show. Like if anything he's like average or towards BELOW AVERAGE. Like holy shit, I WOULD HAVE LOVED TO SEE THE VERSION THE MAL DESCRIPTION IS DESCRIBING. But no, he never improves, and he never gets his salary raised beyond his starting 18 million yen per year.\n\nimg440(https://i.imgur.com/7NHJxr9.png)\n\nTo further stretch the blatant attempt to try and sell this as One Outs, they even got the [same guy](https://anilist.co/staff/123981/Hideo-Takayashiki) who did One Outs' script for Gurazeni. And I... don't know why. I guess probably just because both are baseball series. There is absolutely no survival element or gambling element or any stakes to this series in what this season gave us WHATSOEVER. All Bonda does is just ramble on and on about other players' contracts, and the constant and unending narration almost immediately got old and made me hate Bonda.\n\n~~~img440(https://i.imgur.com/zxUiQws.png) img440(https://i.imgur.com/mmNm1G8.png)~~~ ~~~img440(https://i.imgur.com/AR9vCZw.png) img440(https://i.imgur.com/ZS7xiNW.png)~~~\n\n\"This guy makes this much! That guy makes that much! This guy is worth literally ten of me! Ten entire Bonda's! Wow!\"\n\nNobody. And I mean, \n\n#___NOBODY___# \n\ngives a flying fuck about the players' contracts unless it's like crazy over the top like the one One Outs is centered around. __I would rather fucking see an entire series about the people who maintain and prepare the goddamned FIELD than a guy just rambling on internally about how much more the other players make than him.__ Even Gurazeni itself shows that the contracts don't matter, as even goddamned worthless Bonda can still sometimes triumph over the guy who makes five times or however much as him. Bonda even says it himself that him thinking this way is stupid or silly _YET HE STILL DOES IT._\n\n~~~img440(https://i.imgur.com/D9rtXP3.png) img440(https://i.imgur.com/mZO9pxa.png)~~~\n\n\"Oh wow. It's almost like my contract being smaller than this didn't necessarily guarantee that I would lose to him. It's almost like there are factors much more important that determine a player's skill other than THEIR GODDAMNED BANK ACCOUNTS.\"\n\n...And it was borderline embarrassing when the fifth episode was just an episode about a manga artist starts going to the Spiders' games because he wants to do a baseball series about an average relief pitcher. So... the manga artist character in Gurazeni wants to make... Gurazeni? Wow, how masturbatory. \n\nimg440(https://i.imgur.com/neLtNKI.png)\n\nLike wow what a wonderful idea, a sport series about a dull average character who not only cares about money, but the amount of money OTHER people are making. Wow, what a great series to get people interested in the sport of baseball!\n\nWhat else was there to mention? Oh yeah. \n\nimg440(https://i.imgur.com/ySZ9fFL.png)\n\nYou can't have a sport series without at least one female character, right? There's gotta be at least one in there. Well, we see Gurazeni's right away in the OP like three times. Then, the entire ED is just her, and I think it's her singing the ED as well. You may be wondering, well, when is she actually introduced though? She's throughout the OP and she's the entire ED... so surely, she's a supporting character, right? But I'm on like episode three and there's been no sighting of her whatsoever...\n\n~~~img440(https://i.imgur.com/cyMpSd1.png) img440(https://i.imgur.com/OCYS8p7.png)~~~\n\n...She's introduced episode 12. The very final episode of Gurazeni. The entire episode is about her going to a Spiders game, rooting for the other team, and then hating the absolute shit out of Bonda. Her and Bonda barely interact and she does not recognize him as a professional baseball player because of how absolutely average he is. Really, the entire purpose of her episode is to establish that Bonda in fact has a love interest. Said love interest is just completely unaware of him. Like literally does not know who he is apart from some other customer that comes to the diner and unbeknownst to her, is constantly staring at her from afar.\n\n_But... but in the ED, she's shown to be wearing a Spiders cap though. She appears multiple times in the OP! SHE'S IN THE GODDAMNED COVER IMAGE. I THOUGHT THERE WOULD BE A SINGLE SUPPORTING CHARACTER THAT MATTERED._\n\nimg440(https://i.imgur.com/wa1zhYP.png)\n\n_LET ME DANCE WITH YOUR SHADOW MONSTER TONI--wait shadow monster? WHAT THE FUCK IS A SHADOW MONSTER. WHY IS THE ED FOR THIS BASEBALL SERIES REFERENCING SHADOW MONSTERS._\n\nYes well, we'll probably have to wait until the fourth season of Gurazeni for her to even make the realization who Bonda even is. That is to say if she even appears in other parts of Gurazeni. I'm just kind of giving this series that little credit and assuming she is. And I probably shouldn't, because like every character a single episode focuses on, they either never appear again in another episode or are just complete bit players. As a matter of fact, I think the only character I can remember seeing again after an episode focused on them was the commentator guy.\n\nimg440(https://i.imgur.com/zI39ucV.jpg)\n\n...I feel like bringing up the terrible CG and the fact that the actual baseball scenes are usually a slog to watch is basically shoveling dirt onto the coffin of this show. Like the shoddy and cheap animation kind of fucking pales in comparison to the fact that at multiple points this show felt insulting to the sport of baseball itself. There's an episode where like the managers of a team that the Spiders are playing against want their old fan favorite player to lose against Bonda because they want him to retire because his contract is costing them too much money.\n\nimg440(https://i.imgur.com/eS9conx.png)\n\nAnd I guess like it's supposed to be funny but... that's terrible? You would rather your whole team to lose and the fans' favorite player completely retire rather than just renegotiate his contract. Like in One Outs, the whole thing is the owner of the team wants the star player to do terrible because they agreed on an insane and ridiculous contract. But in One Outs, the team owner is an over the top villainous asshole.\n\nAgain, wow. I can really feel the spirit of baseball in this series. \"This old bastard is costing us too much money and therefore is preventing us from hiring some new young players with potential! ___WE NEED HIM TO RETIRE RIGHT AWAY.___\"\n\nimg440(https://i.imgur.com/0mlR6cU.png)\n\n___\n\n#A Foregone Conclusion#\n\n...If we take masochism off of the table, there's absolutely no situation in which I would ever recommend anybody watch Gurazeni. Like the fact that they tried to sell this as One Outs is fucking baffling in every single regard. \n\nOne Outs is from 2008. Gurazeni is from 2018. Ten years between these two, and One Outs is a billion times more fun to watch and is fucking way better looking, and while One Outs is certainly about the money that the protagonist is earning from the sport, I never thought it was insulting to the sport of baseball.\n\nimg440(https://i.imgur.com/9K1Arwc.png)\n\n...I'm honestly not even sure if I'm going to continue into the already confirmed [second season](https://anilist.co/anime/102974/Gurazeni-Money-Pitch-2/). Almost feel like I have to just to see if this aimless and worthless series is just going to continue on episodically forever or if it ever actually obtains a purpose or a point.\n\nThat's neither here nor there, though. I give the first season of Gurazeni a __5 out of 100__. I think it's probably safe to call it the absolute worst baseball series despite the fact the original manga series has ~~somehow~~ won awards. ~~The [other major contender](https://anilist.co/anime/21702/Battery/) in my opinion I guess you could at least say it's more a drama than an actual sports series.~~\n\n_Gurazeni is probably one of the worst sports series period, actually. But I haven't watched enough of them to feel confident enough to outright make that claim. It's absolutely the worst of the ones I HAVE watched, though._\n\n~~~img440(https://i.imgur.com/C48iFV6.png)~~~"},{"id":2921,"score":75,"summary":"It's not even a sports anime.\nRealistic workplace comedy on the life of a professional baseball player.\n","body":"There is a reason why anime protagonist are rarely adults. As the thing that matter the most to adults is very likely __money__ ~~also responsibility~~. It sounds pretty lame right? Even in the richer part of the world, people are working everyday just to stay alive, even if you are a professional baseball player.\n\n__Sports anime?__\nYou can tell from the cover art that Gurazeni is not your normal sports anime. In fact it is a workplace comedy anime about the daily struggles of our protagonist Natsunosuke Bonda and his acquaintances from different walks of life. This anime is not going to give you awesome matches, a lot of the matches are lame on purpose to create hilarious situation. Being a rather realistic sports anime is kind of lame, but it's also funny at the same time.\n\n__Money, Responsibility, Opportunities and Interpersonal Relationship__\nThe anime name \"Gurazeni (グラゼニ)\" is actually the combination of the words \"ground (グラウンド)\" and \"money (ゼニ)\" in Japanese. It is a reference to the famous quote \"money is hidden under the pitching ground (グラウンドにはゼニが落ちている)\" by former Japanese baseball pro Tsuruoka Kazuto. This quote is a thing because professional baseball player can be one of the highest-paid job in the world. However, this only applies to the top athletes. Average athletes not only have to calculate how much they earn, spent and left for retirement. They care about baseball only because they care about their salary. \n\nAnd here is our protagonist Natsunosuke Bonda, who is probably the biggest salary nerd in the professional baseball scene. This anime follows Natsunosuke's daily life, showing you how the economic and social environment of Japan is when it comes to money, with his twisted values and confidence in a humorous manner. While the MC maybe playing baseball on the pitch, he is dealing with all kinds of financial and interpersonal problems as a professional baseball player at the same time. This is what I consider the biggest appeal of Gurazeni. \n\n__Side characters__\nAnother charm of this series is the side characters. I mentioned that the anime follows the life of Natsunosuke. However, most of the time, this anime only tells stories through Natsunosuke. The stories themselves are about the people around Natsunosuke (e.g. top baseball player, ex-player, busts, bad player, commentator, manga artist). Each of them has their own situation, and difficulties in surviving. \n\n__Downside__\nAnimation quality is bad, and CGI is used. \nCharacters design are not aesthetic at all, no pretty boys.\n\n__Conclusion__\nAs long as you understand what you are watching, you're going to have fun with it. Animation took away some points, but overall an awesome Slice of Life comedy. "}],"siteUrl":"https://anilist.co/anime/98479","autoCreateForumThread":false,"modNotes":null,"stats":{"scoreDistribution":[{"score":10,"amount":42},{"score":20,"amount":32},{"score":30,"amount":81},{"score":40,"amount":137},{"score":50,"amount":242},{"score":60,"amount":266},{"score":70,"amount":272},{"score":80,"amount":136},{"score":90,"amount":44},{"score":100,"amount":20}],"statusDistribution":[{"status":"CURRENT","amount":250},{"status":"PLANNING","amount":887},{"status":"COMPLETED","amount":1304},{"status":"DROPPED","amount":835},{"status":"PAUSED","amount":156}]},"isRecommendationBlocked":false,"recommendations":[{"mediaRecommendation":{"id":21702,"title":{"romaji":"Battery","english":"BATTERY the animation","native":"バッテリー","userPreferred":"Battery"},"type":"ANIME"}},{"mediaRecommendation":{"id":139804,"title":{"romaji":"TRIBE NINE","english":"Tribe Nine","native":"トライブナイン","userPreferred":"TRIBE NINE"},"type":"ANIME"}},{"mediaRecommendation":{"id":5040,"title":{"romaji":"One Outs","english":"One Outs","native":"ワンナウツ","userPreferred":"One Outs"},"type":"ANIME"}}]}