{"id":98501,"idMal":35220,"title":{"romaji":"Youkai Apartment no Yuuga na Nichijou","english":"Elegant Yokai Apartment Life","native":"妖怪アパートの幽雅な日常","userPreferred":"Youkai Apartment no Yuuga na Nichijou"},"format":"TV","status":"FINISHED","episodes":26,"description":"Yuushi Inaba, a 16-year-old boy whose parents died three years ago. He moved into his uncle's house, but resolved to move into a dormitory in high school. Plans changed when that dormitory burned down. He eventually finds a cheap apartment, but discovers too late that the apartment is home to supernatural creatures such as ghosts, youkai, and mononoke, and his daily life becomes embroiled in the eccentric apartment.\n<br><br>\n(Source: Anime News Network)","startDate":{"year":2017,"month":7,"day":3},"endDate":{"year":2017,"month":12,"day":25},"season":"SUMMER","seasonYear":2017,"duration":24,"countryOfOrigin":"JP","isLicensed":true,"source":"LIGHT_NOVEL","hashtag":"#妖アパ","trailer":"https://www.youtube.com/watch?v=_ND7zwBBCwM","updatedAt":1706274626,"coverImage":{"large":"https://s4.anilist.co/file/anilistcdn/media/anime/cover/large/bx98501-R8MfGaRczV2k.jpg","medium":"https://s4.anilist.co/file/anilistcdn/media/anime/cover/medium/bx98501-R8MfGaRczV2k.jpg","small":"https://s4.anilist.co/file/anilistcdn/media/anime/cover/small/bx98501-R8MfGaRczV2k.jpg","color":"#e4c91a"},"bannerImage":"https://s4.anilist.co/file/anilistcdn/media/anime/banner/98501-fxD74Z0Ajf3i.jpg","genres":["Mystery","Slice of Life","Supernatural"],"synonyms":null,"averageScore":66,"meanScore":66,"favourites":112,"popularity":12242,"trending":0,"tags":[{"id":233,"name":"Youkai","isMediaSpoiler":false},{"id":82,"name":"Male Protagonist","isMediaSpoiler":false},{"id":281,"name":"Surreal Comedy","isMediaSpoiler":false},{"id":147,"name":"Afterlife","isMediaSpoiler":false},{"id":102,"name":"Coming of Age","isMediaSpoiler":false},{"id":321,"name":"Urban Fantasy","isMediaSpoiler":false},{"id":220,"name":"Ghost","isMediaSpoiler":false},{"id":85,"name":"Tragedy","isMediaSpoiler":false}],"relations":[{"id":78271,"title":{"english":null,"native":"妖怪アパートの幽雅な日常","romaji":"Youkai Apartment no Yuuga na Nichijou","userPreferred":"Youkai Apartment no Yuuga na Nichijou"},"type":"MANGA"},{"id":61497,"title":{"english":"Elegant Yokai Apartment Life","native":"妖怪アパートの幽雅な日常","romaji":"Youkai Apartment no Yuuga na Nichijou","userPreferred":"Youkai Apartment no Yuuga na Nichijou"},"type":"MANGA"}],"characters":[{"id":64123,"name":"Inaba Yuushi"},{"id":122661,"name":"Mizuki Hase"},{"id":122662,"name":"Akine Kuga"},{"id":144333,"name":"Naomi Chiaki"},{"id":160862,"name":"Reimei Isshiki"},{"id":160863,"name":"Kuri"},{"id":178373,"name":"Haruka Aoki"},{"id":178374,"name":"Akane"},{"id":178375,"name":"Chokmah"},{"id":178376,"name":"Eriko"},{"id":178377,"name":"Egami"},{"id":178379,"name":"Fujiyuki"},{"id":178380,"name":"Akira Fukase"},{"id":178378,"name":"Fool"},{"id":178381,"name":"Furuhonya"},{"id":178382,"name":"Hanako"},{"id":178383,"name":"Keiji Hase"},{"id":178384,"name":"Migiwa Hase"},{"id":178385,"name":"Mizuwa Hase"},{"id":178386,"name":"Hatsu"},{"id":178387,"name":"Hiroshi"},{"id":178388,"name":"Hiroyuki Ishii"},{"id":178389,"name":"Jin"},{"id":178391,"name":"Yui Kakiuchi"},{"id":178392,"name":"Rui Kamiya"}],"staff":[{"id":109561,"name":"Hinowa Kouzuki"},{"id":119818,"name":"Yasunori Yamada"},{"id":122072,"name":"Mitsuo Hashimoto"},{"id":121952,"name":"Tomomi Shimazaki"},{"id":127646,"name":"Lozareena"}],"studios":[{"id":247,"name":"Shin-Ei Animation","isAnimationStudio":true}],"isFavourite":false,"isAdult":false,"isLocked":false,"nextAiringEpisode":null,"airingSchedule":[{"airingAt":1499090400,"timeUntilAiring":-207211284,"episode":1},{"airingAt":1499695200,"timeUntilAiring":-206606484,"episode":2},{"airingAt":1500300000,"timeUntilAiring":-206001684,"episode":3},{"airingAt":1500904800,"timeUntilAiring":-205396884,"episode":4},{"airingAt":1501509600,"timeUntilAiring":-204792084,"episode":5},{"airingAt":1502114400,"timeUntilAiring":-204187284,"episode":6},{"airingAt":1502719200,"timeUntilAiring":-203582484,"episode":7},{"airingAt":1503324000,"timeUntilAiring":-202977684,"episode":8},{"airingAt":1503928800,"timeUntilAiring":-202372884,"episode":9},{"airingAt":1504533600,"timeUntilAiring":-201768084,"episode":10},{"airingAt":1505138400,"timeUntilAiring":-201163284,"episode":11},{"airingAt":1505743200,"timeUntilAiring":-200558484,"episode":12},{"airingAt":1506348000,"timeUntilAiring":-199953684,"episode":13},{"airingAt":1506952800,"timeUntilAiring":-199348884,"episode":14},{"airingAt":1507557600,"timeUntilAiring":-198744084,"episode":15},{"airingAt":1508162400,"timeUntilAiring":-198139284,"episode":16},{"airingAt":1508767200,"timeUntilAiring":-197534484,"episode":17},{"airingAt":1509372000,"timeUntilAiring":-196929684,"episode":18},{"airingAt":1509976800,"timeUntilAiring":-196324884,"episode":19},{"airingAt":1510581600,"timeUntilAiring":-195720084,"episode":20},{"airingAt":1511186400,"timeUntilAiring":-195115284,"episode":21},{"airingAt":1511791200,"timeUntilAiring":-194510484,"episode":22},{"airingAt":1512396000,"timeUntilAiring":-193905684,"episode":23},{"airingAt":1513000800,"timeUntilAiring":-193300884,"episode":24},{"airingAt":1513605600,"timeUntilAiring":-192696084,"episode":25}],"trends":[{"date":1490194800,"trending":9,"popularity":null,"inProgress":null},{"date":1490281200,"trending":9,"popularity":null,"inProgress":null},{"date":1490367600,"trending":6,"popularity":null,"inProgress":null},{"date":1490454000,"trending":8,"popularity":null,"inProgress":null},{"date":1490540400,"trending":6,"popularity":null,"inProgress":null},{"date":1490626800,"trending":3,"popularity":null,"inProgress":null},{"date":1491058800,"trending":2,"popularity":null,"inProgress":null},{"date":1491145200,"trending":2,"popularity":null,"inProgress":null},{"date":1491577200,"trending":3,"popularity":null,"inProgress":null},{"date":1491750000,"trending":2,"popularity":null,"inProgress":null},{"date":1493823600,"trending":4,"popularity":null,"inProgress":null},{"date":1494428400,"trending":2,"popularity":null,"inProgress":null},{"date":1494514800,"trending":2,"popularity":null,"inProgress":null},{"date":1494774000,"trending":3,"popularity":null,"inProgress":null},{"date":1495378800,"trending":3,"popularity":null,"inProgress":null},{"date":1495724400,"trending":3,"popularity":null,"inProgress":null},{"date":1495897200,"trending":4,"popularity":null,"inProgress":null},{"date":1496156400,"trending":2,"popularity":null,"inProgress":null},{"date":1496588400,"trending":4,"popularity":null,"inProgress":null},{"date":1496674800,"trending":2,"popularity":null,"inProgress":null},{"date":1497106800,"trending":2,"popularity":null,"inProgress":null},{"date":1497366000,"trending":3,"popularity":null,"inProgress":null},{"date":1497452400,"trending":2,"popularity":null,"inProgress":null},{"date":1497538800,"trending":4,"popularity":null,"inProgress":null},{"date":1497711600,"trending":2,"popularity":null,"inProgress":null}],"externalLinks":["http://youapa-anime.jp/","https://twitter.com/YouapaAnime","http://www.crunchyroll.com/elegant-yokai-apartment-life"],"streamingEpisodes":[{"title":"Episode 1 - Yushi and Kotobuki-so","thumbnail":"https://img1.ak.crunchyroll.com/i/spire2-tmb/6fd9d25ab1e3151c372437e991af51bd1499083823_full.jpg","url":"http://www.crunchyroll.com/elegant-yokai-apartment-life/episode-1-yushi-and-kotobuki-so-768153","site":"Crunchyroll"},{"title":"Episode 2 - The Residents of the Yokai Apartments","thumbnail":"https://img1.ak.crunchyroll.com/i/spire1-tmb/45c5bb528348da13233f316ac47124fd1499383679_full.jpg","url":"http://www.crunchyroll.com/elegant-yokai-apartment-life/episode-2-the-residents-of-the-yokai-apartments-768155","site":"Crunchyroll"},{"title":"Episode 3 - Kuri and Shiro","thumbnail":"https://img1.ak.crunchyroll.com/i/spire2-tmb/972ae1245e00917b712ef66ccee287381500284886_full.jpg","url":"http://www.crunchyroll.com/elegant-yokai-apartment-life/episode-3-kuri-and-shiro-768161","site":"Crunchyroll"},{"title":"Episode 4 - This Side","thumbnail":"https://img1.ak.crunchyroll.com/i/spire4-tmb/277df107c07c5cbbfe901ad59b25cb711500862175_full.jpg","url":"http://www.crunchyroll.com/elegant-yokai-apartment-life/episode-4-this-side-768163","site":"Crunchyroll"},{"title":"Episode 5 - A Place to Call Home","thumbnail":"https://img1.ak.crunchyroll.com/i/spire3-tmb/db09d091cd3f3a28f5607353168c52051501474831_full.jpg","url":"http://www.crunchyroll.com/elegant-yokai-apartment-life/episode-5-a-place-to-call-home-768167","site":"Crunchyroll"},{"title":"Episode 6 - Petit Hierozoicon","thumbnail":"https://img1.ak.crunchyroll.com/i/spire2-tmb/8831658cb8bf906437c3f24efc428de21502087516_full.jpg","url":"http://www.crunchyroll.com/elegant-yokai-apartment-life/episode-6-petit-hierozoicon-768169","site":"Crunchyroll"},{"title":"Episode 7 - I'm in Training","thumbnail":"https://img1.ak.crunchyroll.com/i/spire4-tmb/f02ec951a29c85851fe739aa687955da1502696198_full.jpg","url":"http://www.crunchyroll.com/elegant-yokai-apartment-life/episode-7-im-in-training-768173","site":"Crunchyroll"},{"title":"Episode 8 - Bookmaster","thumbnail":"https://img1.ak.crunchyroll.com/i/spire1-tmb/f71d614248ca1c8012d9d617bdeb609e1503298568_full.jpg","url":"http://www.crunchyroll.com/elegant-yokai-apartment-life/episode-8-bookmaster-768177","site":"Crunchyroll"},{"title":"Episode 9 - New Term","thumbnail":"https://img1.ak.crunchyroll.com/i/spire1-tmb/61b5cda717f01f338f1bb21763c034661503886648_full.jpg","url":"http://www.crunchyroll.com/elegant-yokai-apartment-life/episode-9-new-term-768181","site":"Crunchyroll"},{"title":"Episode 10 - School Ghost Stories?","thumbnail":"https://img1.ak.crunchyroll.com/i/spire4-tmb/aa4bcfc4699bbaed897fbb2e08c8fb7d1504505277_full.jpg","url":"http://www.crunchyroll.com/elegant-yokai-apartment-life/episode-10-school-ghost-stories-768187","site":"Crunchyroll"},{"title":"Episode 11 - The Worst Possible Meeting","thumbnail":"https://img1.ak.crunchyroll.com/i/spire1-tmb/42668b21dcb746d353ee14c3f53a13241505121112_full.jpg","url":"http://www.crunchyroll.com/elegant-yokai-apartment-life/episode-11-the-worst-possible-meeting-768189","site":"Crunchyroll"},{"title":"Episode 12 - I'm Going to the Future","thumbnail":"https://img1.ak.crunchyroll.com/i/spire3-tmb/d5bb804286fcac30eee57a97a7f988091505326635_full.jpg","url":"http://www.crunchyroll.com/elegant-yokai-apartment-life/episode-12-im-going-to-the-future-768193","site":"Crunchyroll"},{"title":"Episode 13 - Metamorphosis","thumbnail":"https://img1.ak.crunchyroll.com/i/spire3-tmb/9b75e7b57bc6e8c34166a4bbeb31251f1506331906_full.jpg","url":"http://www.crunchyroll.com/elegant-yokai-apartment-life/episode-13-metamorphosis-768199","site":"Crunchyroll"},{"title":"Episode 14 - Late Night at the Yokai Apartments","thumbnail":"https://img1.ak.crunchyroll.com/i/spire2-tmb/1d2efdbadba9b57048a208aa086b808d1506954726_full.jpg","url":"http://www.crunchyroll.com/elegant-yokai-apartment-life/episode-14-late-night-at-the-yokai-apartments-768203","site":"Crunchyroll"},{"title":"Episode 15 - A New Teacher Arrives","thumbnail":"https://img1.ak.crunchyroll.com/i/spire2-tmb/a5f4d8feb43eaa742debf0a54b0c2ab71507061773_full.jpg","url":"http://www.crunchyroll.com/elegant-yokai-apartment-life/episode-15-a-new-teacher-arrives-768207","site":"Crunchyroll"},{"title":"Episode 16 - Look at the Full Moon and Jump","thumbnail":"https://img1.ak.crunchyroll.com/i/spire2-tmb/38e8429b3f3524d58e8142c8bc10e8a81508141427_full.jpg","url":"http://www.crunchyroll.com/elegant-yokai-apartment-life/episode-16-look-at-the-full-moon-and-jump-768213","site":"Crunchyroll"},{"title":"Episode 17 - The Road to Hell Is Paved With Good Intentions","thumbnail":"https://img1.ak.crunchyroll.com/i/spire2-tmb/17f94e0c237ad162e0387094bb9794571508732210_full.jpg","url":"http://www.crunchyroll.com/elegant-yokai-apartment-life/episode-17-the-road-to-hell-is-paved-with-good-intentions-768215","site":"Crunchyroll"},{"title":"Episode 18 - Words From Deep Within Your Body","thumbnail":"https://img1.ak.crunchyroll.com/i/spire1-tmb/b980195d0e6a514eac7b802d9ee9c1451509341799_full.jpg","url":"http://www.crunchyroll.com/elegant-yokai-apartment-life/episode-18-words-from-deep-within-your-body-768217","site":"Crunchyroll"},{"title":"Episode 19 - Let's Communication","thumbnail":"https://img1.ak.crunchyroll.com/i/spire2-tmb/943fa737e1ca0967e2224def9fdb1fd31509939727_full.jpg","url":"http://www.crunchyroll.com/elegant-yokai-apartment-life/episode-19-lets-communication-768221","site":"Crunchyroll"},{"title":"Episode 20 - Under the Gilt","thumbnail":"https://img1.ak.crunchyroll.com/i/spire2-tmb/bb59d1192ef47c3ae7bee5a14764c8991510538300_full.jpg","url":"http://www.crunchyroll.com/elegant-yokai-apartment-life/episode-20-under-the-gilt-768223","site":"Crunchyroll"},{"title":"Episode 21 - It Isn't a Manga!","thumbnail":"https://img1.ak.crunchyroll.com/i/spire1-tmb/9f2b1b88b0358cd15dbb214ff2e980e41511173972_full.jpg","url":"http://www.crunchyroll.com/elegant-yokai-apartment-life/episode-21-it-isnt-a-manga-768227","site":"Crunchyroll"},{"title":"Episode 22 - Burning Student Assembly!","thumbnail":"https://img1.ak.crunchyroll.com/i/spire2-tmb/bf621a1e9916f9c6871b7f342f5a9a851511298849_full.jpg","url":"http://www.crunchyroll.com/elegant-yokai-apartment-life/episode-22-burning-student-assembly-768233","site":"Crunchyroll"},{"title":"Episode 23 - Do You Like Other Faces? Or Not?","thumbnail":"https://img1.ak.crunchyroll.com/i/spire3-tmb/581b234dc22b08254390248504ff4f661512390075_full.jpg","url":"http://www.crunchyroll.com/elegant-yokai-apartment-life/episode-23-do-you-like-other-faces-or-not-768237","site":"Crunchyroll"},{"title":"Episode 24 - The Storm Before the Storm","thumbnail":"https://img1.ak.crunchyroll.com/i/spire1-tmb/a98ccf8aa396ef37a0d5ec6ecb085bab1512993366_full.jpg","url":"http://www.crunchyroll.com/elegant-yokai-apartment-life/episode-24-the-storm-before-the-storm-768243","site":"Crunchyroll"},{"title":"Episode 25 - A Great Storm Blows","thumbnail":"https://img1.ak.crunchyroll.com/i/spire4-tmb/055c5ee79ef960918281c05fb98f59031513594621_full.jpg","url":"http://www.crunchyroll.com/elegant-yokai-apartment-life/episode-25-a-great-storm-blows-768247","site":"Crunchyroll"},{"title":"Episode 26 - Elegant Yokai Apartment Life","thumbnail":"https://img1.ak.crunchyroll.com/i/spire2-tmb/1f8bfe01c14fb323be707cf92e7cb2c21514175513_full.jpg","url":"http://www.crunchyroll.com/elegant-yokai-apartment-life/episode-26-elegant-yokai-apartment-life-768249","site":"Crunchyroll"}],"rankings":[{"rank":83,"type":"RATED","context":"highest rated","year":2017,"season":null},{"rank":16,"type":"RATED","context":"highest rated","year":2017,"season":"SUMMER"},{"rank":25,"type":"POPULAR","context":"most popular","year":2017,"season":"SUMMER"}],"mediaListEntry":null,"reviews":[{"id":4522,"score":20,"summary":"Zero to W.T.F. in Half a Season","body":"When I sat down and took a look at the offerings for the Summer anime line-up, Elegant Yōkai Apartment Life seemed like it would have plenty of potential to be a feel-good type of show. While I was hoping that it would be reminiscent of Natsume’s Book of Friends, I always remained realistic in the sense that it wouldn’t be quite as extraordinary as Natsume’s. However… I never anticipated that the show would turn into a colossal and incoherent waste of my time.\n\nThe series revolves around a kid named Inaba Yūshi. After his parents die, he moves in with his Uncle. But feeling like a huge burden to them, he decides that when it’s time to go to high school, he’s going to move into the school’s dorm to make life easier for his family. As middle-school graduation approaches and he prepares to make the big move, the dorm that Inaba originally planned to shift into ends up burning down. Desperate to find a place to crash for the next six months as the dorm’s rebuilt, Inaba exhausts all avenues available to him, until one evening a mysterious looking kid offers him a suggestion. This leads to Inaba finding residence in a room within an old and gloomy looking house that turns out to be the home of numerous kinds of yōkai, or supernatural creatures and people.\n\nMy first impression of the anime was that it felt a bit unoriginal to me, but there were charming characters and some minor plot development that had me intrigued. My biggest question after sitting down and watching thirteen episodes of this is: what the hell happened to those characters and where did the plot go?\n\nThe first couple of episodes for the series, shows us Inaba as he moves into the apartment and begins to get situated with the yōkai occupants of his new residence. The humour was awkward and sometimes a bit forced, but the different supernatural characters with their anecdotes on life felt genuine and feel-good; exactly what I was hoping for. Yet, regardless of this small fluffy quality, the show is laced with predictable tropes, one right after another.\n\nUpon living at the haunted apartment, he moves into the school dorm when its finished. But soon after moving out, Inaba misses the camaraderie and homey atmosphere that came with living with the yōkai. Predictable. When an altercation with some schoolmates occurs, he realises what he gave up and moves back. Predictable. There are many more instances of it. My excitement plummeted very quickly, being replaced with boredom. \n\nIn spite of being unimaginative and boring, that wasn’t where the show went wrong. Early in the series there is a vague mentioning of the main character having supernatural abilities, which piqued my interest even more. I felt that it would offer more depth to the seemingly straightforward and somewhat bland nature of the story. But aside from a quick reference to it at the end of an episode, we don’t see anything else pertaining to his “abilities” until four or five episodes later. This is where shit starts to hit the fan.\n\nFor the sake of not giving any major spoilers, all I can really say is that the anime begins to severely deviate from the original concept into a whole other type of story. Instead of it being about a guy living with yōkai and learning from them, growing and maturing as an individual, it ends up being some kid who now has to learn to train and manage powers that have manifested out of nowhere. The yōkai turn into more of a background atmosphere than anything else. The transition from point A to point B was jarring, unexpected, painfully forced, and utterly terrible.\n\nThe climax that arises as a contrast to Inaba’s fresh powers was horribly written and entangled in disjointed storytelling. While I was watching, I honestly felt as if each episode was written on the fly without much thought or consideration for the overall narrative at all; as if the writers themselves didn’t quite understand or know what they wanted to do with the anime.\n\nI mentioned earlier that we had charming characters. As Inaba struggles with his abilities and what he’s supposed to do with them, these charming characters are only seen a handful of times. Whenever they are shown, I will admit, were the moments that I found most pleasant. Their humour and on-screen presence was much more gratifying than dealing with Inaba.\n\nAnother facet that annoyed me immensely was the pointless scene where Inaba’s cousin drops by to visit him. It’s pretty obvious from the first episode that his uncle’s family feel Inaba is somewhat of a burden to them. His female cousin is always depicted with having a mean, sour attitude. Nonetheless, one afternoon she hunts him down and has a breakdown about how Inaba doesn’t visit the family any more and about how she’s always cared for him. This scene doesn’t trigger or address anything else in the series up to the present episode. I don’t know if it will be addressed later, but it was a complete and total useless scene that had absolutely nothing to do with narrative. I felt (only slightly) that it’s a set-up for a future romance, however, Inaba has another person who’s quite open about them possibly being a couple. Did I mention that this scene came out of nowhere with no context to it whatsoever?\n\nAfter watching episode 13, and seeing that the series would be continuing onwards through the Autumn season, I decided to drop it. I wasn’t enjoying it and found myself to be wholeheartedly frustrated with everything that was going on. I suspect Elegant Yōkai Apartment Life is the reason I fell into an anime slump to begin with.\n\nAside from the writing, the animation quality was pretty decent during the first half of the season. There wasn’t anything extravagant or special about it, but it was aesthetically pleasing enough and consistent. Yet as more episodes released, I noticed a significant dip in the details of the artwork. Characters had uneven eyes, certain design details would be missing from one scene to the next–it all took on a seemingly rushed appeal that made it even more challenging to enjoy.\n\nOne of the main reasons I don’t watch as much anime as I used to is because the severe lack of originality makes it difficult for me enjoy many titles. I have been learning to appreciate certain tropes when utilised with unique traits, because I know that some tropes are worth watching. It also keeps me engaged with the medium, which is what I really hoped for with Elegant Yōkai Apartment Life. But alas, it just didn’t happen. Storytelling-wise this was one of the worst damn shows. Granted I didn’t watch too many simulcasts during Summer, but trust me… it goes from zero to what-the-fuck very quickly.\n\n__2 rice balls outta 10.__"}],"siteUrl":"https://anilist.co/anime/98501","autoCreateForumThread":false,"modNotes":null,"stats":{"scoreDistribution":[{"score":10,"amount":69},{"score":20,"amount":28},{"score":30,"amount":87},{"score":40,"amount":243},{"score":50,"amount":518},{"score":60,"amount":759},{"score":70,"amount":1255},{"score":80,"amount":697},{"score":90,"amount":414},{"score":100,"amount":200}],"statusDistribution":[{"status":"CURRENT","amount":902},{"status":"PLANNING","amount":3779},{"status":"COMPLETED","amount":5094},{"status":"DROPPED","amount":1701},{"status":"PAUSED","amount":766}]},"isRecommendationBlocked":false,"recommendations":[{"mediaRecommendation":{"id":101277,"title":{"romaji":"Wakaokami wa Shougakusei!","english":null,"native":"若おかみは小学生！","userPreferred":"Wakaokami wa Shougakusei!"},"type":"ANIME"}},{"mediaRecommendation":{"id":107201,"title":{"romaji":"Kyokou Suiri","english":"In/Spectre","native":"虚構推理","userPreferred":"Kyokou Suiri"},"type":"ANIME"}},{"mediaRecommendation":{"id":4081,"title":{"romaji":"Natsume Yuujinchou","english":"Natsume's Book of Friends","native":"夏目友人帳","userPreferred":"Natsume Yuujinchou"},"type":"ANIME"}},{"mediaRecommendation":{"id":21643,"title":{"romaji":"Fukigen na Mononokean","english":"The Morose Mononokean","native":"不機嫌なモノノケ庵","userPreferred":"Fukigen na Mononokean"},"type":"ANIME"}},{"mediaRecommendation":{"id":11665,"title":{"romaji":"Natsume Yuujinchou Shi","english":"Natsume's Book of Friends 4","native":"夏目友人帳 肆","userPreferred":"Natsume Yuujinchou Shi"},"type":"ANIME"}},{"mediaRecommendation":{"id":21631,"title":{"romaji":"Udon no Kuni no Kiniro Kemari","english":"Poco's Udon World","native":"うどんの国の金色毛鞠","userPreferred":"Udon no Kuni no Kiniro Kemari"},"type":"ANIME"}},{"mediaRecommendation":{"id":21355,"title":{"romaji":"Re:Zero kara Hajimeru Isekai Seikatsu","english":"Re:ZERO -Starting Life in Another World-","native":"Re:ゼロから始める異世界生活","userPreferred":"Re:Zero kara Hajimeru Isekai Seikatsu"},"type":"ANIME"}},{"mediaRecommendation":{"id":100500,"title":{"romaji":"Kakuriyo no Yadomeshi","english":"Kakuriyo -Bed & Breakfast for Spirits-","native":"かくりよの宿飯","userPreferred":"Kakuriyo no Yadomeshi"},"type":"ANIME"}}]}